{"type":"FeatureCollection","features":[{"type":"Feature","properties":{"slug":"ropczycko-sedziszowski","name":"powiat ropczycko-sędziszowski","bdlUnitId":"061813515000","voivodeship":"podkarpackie"},"geometry":{"type":"Polygon","coordinates":[[[21.8034,50.1514],[21.8033,50.14],[21.7925,50.1198],[21.779,50.1142],[21.7888,50.0973],[21.8124,50.0975],[21.8223,50.0866],[21.8202,50.0809],[21.7985,50.0723],[21.7955,50.0602],[21.803,50.045],[21.7969,50.0438],[21.8215,50.0308],[21.8118,50.0235],[21.8078,50.0086],[21.7969,50.0004],[21.7995,49.9985],[21.7828,49.9973],[21.7738,49.9896],[21.7757,49.9798],[21.7482,49.9689],[21.7291,49.97],[21.7206,49.9652],[21.6913,49.9631],[21.6973,49.9528],[21.6933,49.9419],[21.6779,49.9363],[21.6725,49.9253],[21.595,49.921],[21.5569,49.9063],[21.5558,49.8996],[21.5415,49.8872],[21.518,49.8977],[21.5093,49.9097],[21.514,49.9141],[21.5074,49.9152],[21.5012,49.9438],[21.4816,49.952],[21.4679,49.9673],[21.4673,49.978],[21.4747,49.9804],[21.465,49.9889],[21.4699,50.0005],[21.4842,50.0049],[21.4873,50.011],[21.5139,50.0075],[21.5116,50.0113],[21.5225,50.0142],[21.5071,50.0227],[21.515,50.0226],[21.5191,50.0279],[21.5297,50.0254],[21.5248,50.029],[21.526,50.0387],[21.5111,50.0375],[21.4978,50.05],[21.4996,50.0636],[21.4956,50.0686],[21.5018,50.0768],[21.5401,50.0788],[21.5421,50.0819],[21.5341,50.0872],[21.5416,50.0863],[21.5396,50.0947],[21.5461,50.1106],[21.5659,50.1133],[21.5632,50.1216],[21.5673,50.1299],[21.5445,50.1321],[21.5532,50.1395],[21.5104,50.1654],[21.551,50.1641],[21.557,50.1669],[21.552,50.1704],[21.609,50.1777],[21.6023,50.1848],[21.6072,50.1935],[21.6019,50.1961],[21.6027,50.2091],[21.6132,50.2016],[21.631,50.2009],[21.6415,50.1934],[21.6194,50.1807],[21.6953,50.1786],[21.7071,50.1759],[21.716,50.1673],[21.7306,50.1672],[21.7434,50.1577],[21.771,50.1729],[21.7963,50.1693],[21.8056,50.161],[21.8034,50.1514]]]}},{"type":"Feature","properties":{"slug":"losicki","name":"powiat łosicki","bdlUnitId":"071427110000","voivodeship":"mazowieckie"},"geometry":{"type":"Polygon","coordinates":[[[22.7187,52.334],[22.7374,52.3305],[22.7407,52.3439],[22.7311,52.3538],[22.7298,52.3623],[22.7156,52.3639],[22.7217,52.3726],[22.7257,52.3667],[22.7325,52.3675],[22.7343,52.3767],[22.7427,52.3824],[22.7612,52.3824],[22.7722,52.3709],[22.7932,52.3741],[22.8495,52.3586],[22.8616,52.3645],[22.8859,52.3636],[22.9227,52.3745],[22.9622,52.3661],[22.9765,52.3468],[22.9894,52.3454],[22.9861,52.3393],[22.9956,52.3319],[23.0062,52.3364],[23.0426,52.3267],[23.0589,52.3041],[23.0483,52.2915],[23.0514,52.2854],[23.0755,52.2821],[23.1123,52.3001],[23.1284,52.2878],[23.1042,52.2654],[23.11,52.2613],[23.1024,52.2536],[23.0948,52.2565],[23.0781,52.2349],[23.0666,52.2368],[23.0313,52.2165],[23.0319,52.1984],[23.0397,52.1839],[23.0694,52.1748],[23.0715,52.1704],[23.0348,52.1784],[23.0294,52.1782],[23.0292,52.174],[22.977,52.1722],[22.9859,52.1589],[22.9437,52.1452],[22.9457,52.1404],[22.939,52.1426],[22.9331,52.1365],[22.9682,52.1154],[22.9501,52.1022],[22.928,52.1116],[22.9225,52.1068],[22.9026,52.1103],[22.893,52.102],[22.8979,52.1014],[22.8875,52.092],[22.8942,52.0913],[22.8983,52.0794],[22.9074,52.077],[22.9021,52.0635],[22.866,52.064],[22.8657,52.0724],[22.8499,52.0656],[22.8375,52.0799],[22.8307,52.0814],[22.8063,52.0792],[22.7871,52.0681],[22.765,52.0814],[22.7625,52.0898],[22.7539,52.095],[22.7266,52.097],[22.6985,52.1082],[22.6987,52.1175],[22.6693,52.1056],[22.6483,52.0909],[22.5996,52.1217],[22.5987,52.133],[22.5774,52.1371],[22.5618,52.1466],[22.5667,52.1527],[22.5764,52.1526],[22.5855,52.1648],[22.5794,52.1692],[22.59,52.1807],[22.6289,52.1721],[22.6318,52.1821],[22.6286,52.199],[22.645,52.1992],[22.6474,52.2191],[22.6326,52.222],[22.636,52.2385],[22.7008,52.2407],[22.699,52.2477],[22.6752,52.2461],[22.6665,52.2723],[22.6821,52.2784],[22.6845,52.2716],[22.7238,52.2804],[22.7217,52.2864],[22.7262,52.286],[22.722,52.2967],[22.7296,52.304],[22.6737,52.3199],[22.675,52.325],[22.6832,52.3265],[22.7158,52.3243],[22.7227,52.3289],[22.7187,52.334]]]}},{"type":"Feature","properties":{"slug":"piaseczynski","name":"powiat piaseczyński","bdlUnitId":"071413018000","voivodeship":"mazowieckie"},"geometry":{"type":"Polygon","coordinates":[[[21.165,52.1447],[21.2075,52.1037],[21.2142,52.0894],[21.2167,52.0831],[21.2051,52.0623],[21.2243,52.0414],[21.2245,51.9997],[21.2344,51.9902],[21.2609,51.979],[21.2813,51.9581],[21.2711,51.9408],[21.239,51.9164],[21.2359,51.9078],[21.2391,51.9016],[21.2298,51.8985],[21.2333,51.8929],[21.2271,51.8916],[21.2211,51.8965],[21.2275,51.888],[21.2208,51.8895],[21.2195,51.8964],[21.2006,51.898],[21.1939,51.8924],[21.2065,51.9124],[21.1883,51.9127],[21.1837,51.928],[21.1582,51.9274],[21.1549,51.9348],[21.1264,51.9319],[21.0869,51.9396],[21.0449,51.9278],[21.0283,51.937],[21.0263,51.9296],[21.0059,51.9269],[21.0015,51.9216],[20.9879,51.9189],[20.9844,51.9124],[20.9671,51.9078],[20.9524,51.9101],[20.9644,51.9167],[20.9523,51.9186],[20.9559,51.926],[20.9451,51.9277],[20.9399,51.9221],[20.9258,51.9367],[20.9033,51.9333],[20.9037,51.922],[20.9001,51.9214],[20.8998,51.9293],[20.8933,51.9325],[20.8625,51.9285],[20.8381,51.9309],[20.8311,51.9335],[20.8274,51.9459],[20.8155,51.9459],[20.8021,51.9584],[20.7712,51.9469],[20.7623,51.949],[20.7578,51.9434],[20.7498,51.9454],[20.7538,51.9495],[20.7101,51.9436],[20.7032,51.9453],[20.7024,51.9515],[20.6903,51.9486],[20.6919,51.9531],[20.6854,51.9563],[20.6982,51.9601],[20.6929,51.9664],[20.6979,51.9815],[20.7346,51.9851],[20.753,51.9822],[20.7504,51.9873],[20.7603,51.9959],[20.7804,52.0017],[20.785,52.0084],[20.8121,52.0221],[20.8108,52.0361],[20.8347,52.0343],[20.8328,52.0393],[20.8097,52.0515],[20.811,52.0602],[20.8265,52.067],[20.8292,52.0589],[20.8326,52.0631],[20.8565,52.0632],[20.854,52.0724],[20.867,52.074],[20.8615,52.078],[20.8656,52.0826],[20.8589,52.0876],[20.8616,52.09],[20.8916,52.091],[20.9022,52.1023],[20.9153,52.1002],[20.9111,52.1121],[20.9283,52.1198],[20.9437,52.1188],[20.9537,52.1106],[20.9643,52.1191],[20.9864,52.1176],[20.9845,52.1056],[20.9916,52.1031],[21.0355,52.1062],[21.0437,52.113],[21.0801,52.0979],[21.1035,52.1058],[21.1003,52.1084],[21.1088,52.1146],[21.1296,52.1272],[21.1347,52.1234],[21.1531,52.1425],[21.165,52.1447]]]}},{"type":"Feature","properties":{"slug":"radomski","name":"powiat radomski","bdlUnitId":"071422725000","voivodeship":"mazowieckie"},"geometry":{"type":"Polygon","coordinates":[[[21.2055,51.5887],[21.2329,51.5843],[21.2588,51.5656],[21.2908,51.5575],[21.3057,51.5584],[21.3106,51.557],[21.3116,51.5503],[21.3312,51.5451],[21.4123,51.533],[21.4169,51.5361],[21.4386,51.5144],[21.4604,51.5277],[21.4572,51.5334],[21.4642,51.54],[21.4721,51.5369],[21.518,51.5577],[21.5285,51.5513],[21.5234,51.5482],[21.5387,51.5455],[21.5422,51.5378],[21.5497,51.5392],[21.5511,51.5333],[21.5582,51.5424],[21.5666,51.5242],[21.5632,51.5107],[21.5451,51.4905],[21.5471,51.4765],[21.537,51.4562],[21.5635,51.4252],[21.513,51.4123],[21.5085,51.4054],[21.4784,51.4079],[21.4722,51.3982],[21.4662,51.3971],[21.4641,51.387],[21.4475,51.385],[21.4451,51.3718],[21.4318,51.3542],[21.3972,51.3479],[21.3885,51.356],[21.3852,51.3549],[21.3932,51.3471],[21.3739,51.3349],[21.3516,51.3311],[21.3559,51.3209],[21.3616,51.3198],[21.3596,51.3135],[21.3672,51.2937],[21.3592,51.2914],[21.3583,51.2836],[21.3508,51.2781],[21.3255,51.2727],[21.3433,51.2638],[21.3432,51.2583],[21.3366,51.2571],[21.3532,51.2496],[21.3478,51.2461],[21.3362,51.2503],[21.3362,51.2432],[21.346,51.2369],[21.3448,51.2323],[21.3373,51.2338],[21.335,51.2292],[21.349,51.2293],[21.3487,51.2232],[21.3632,51.2229],[21.3635,51.2292],[21.4213,51.2272],[21.4011,51.2135],[21.4081,51.204],[21.3938,51.2059],[21.4018,51.194],[21.4148,51.1952],[21.4251,51.1844],[21.4188,51.1766],[21.3988,51.1846],[21.3837,51.1738],[21.3839,51.1829],[21.3618,51.1832],[21.3617,51.1759],[21.3443,51.1762],[21.3284,51.1488],[21.3363,51.1464],[21.3215,51.1263],[21.3309,51.1251],[21.3244,51.1219],[21.3165,51.099],[21.3127,51.0989],[21.3111,51.0842],[21.1528,51.0803],[21.1558,51.0862],[21.1519,51.087],[21.1509,51.0995],[21.153,51.1037],[21.1602,51.1022],[21.154,51.1255],[21.1641,51.1285],[21.1395,51.1256],[21.1424,51.1285],[21.1342,51.1285],[21.1282,51.1409],[21.0903,51.1564],[21.1168,51.1797],[21.1199,51.1887],[21.1079,51.1932],[21.1106,51.2008],[21.07,51.2114],[21.0684,51.2069],[21.0558,51.2098],[21.0172,51.2346],[21.014,51.2585],[21.0174,51.2655],[21.0018,51.2759],[21.0309,51.2817],[21.0384,51.2895],[21.0318,51.2991],[21.0188,51.293],[21.0159,51.2957],[21.0368,51.303],[21.0227,51.3077],[21.0317,51.318],[21.0313,51.3297],[21.0155,51.334],[21.0012,51.3462],[20.9736,51.3591],[20.9221,51.36],[20.9135,51.3675],[20.8906,51.3649],[20.8977,51.3525],[20.8827,51.3495],[20.8846,51.3398],[20.8765,51.3321],[20.8545,51.3432],[20.8534,51.35],[20.8617,51.3595],[20.8404,51.3562],[20.8382,51.3642],[20.8563,51.3734],[20.8566,51.3789],[20.8476,51.3815],[20.8482,51.3849],[20.8726,51.3919],[20.8869,51.4027],[20.886,51.4092],[20.8511,51.4219],[20.8365,51.4149],[20.8193,51.4154],[20.8153,51.4085],[20.7953,51.4192],[20.7705,51.4168],[20.7647,51.4197],[20.7824,51.4474],[20.7573,51.4529],[20.7613,51.4609],[20.7925,51.4589],[20.7843,51.4626],[20.7853,51.4793],[20.7939,51.4857],[20.7903,51.4938],[20.7987,51.5117],[20.8135,51.5164],[20.8429,51.5225],[20.8473,51.5153],[20.8907,51.5151],[20.8948,51.5224],[20.9428,51.5249],[20.9327,51.5007],[20.983,51.4992],[20.9891,51.4895],[20.9967,51.4884],[20.9843,51.502],[21.001,51.5021],[20.9984,51.5178],[21.0288,51.5191],[21.0339,51.5253],[21.0284,51.5256],[21.025,51.5345],[21.0721,51.5415],[21.0764,51.5521],[21.0705,51.5611],[21.0913,51.5656],[21.0892,51.5769],[21.1176,51.586],[21.1309,51.5759],[21.131,51.5833],[21.1665,51.5914],[21.2055,51.5887]],[[21.2564,51.4317],[21.2496,51.4373],[21.2581,51.4418],[21.2276,51.4489],[21.1983,51.4646],[21.1793,51.4856],[21.1774,51.48],[21.1622,51.4786],[21.1596,51.4726],[21.1446,51.4648],[21.1451,51.4599],[21.1194,51.4514],[21.1179,51.4348],[21.1265,51.4369],[21.1278,51.418],[21.1166,51.4205],[21.105,51.4079],[21.0585,51.3986],[21.067,51.388],[21.0624,51.3777],[21.0532,51.3749],[21.0533,51.3698],[21.0691,51.3689],[21.0599,51.3624],[21.0762,51.3614],[21.0795,51.3584],[21.0722,51.3535],[21.0819,51.3498],[21.1361,51.358],[21.165,51.3566],[21.1947,51.3486],[21.2198,51.3708],[21.2149,51.3747],[21.2169,51.3824],[21.2339,51.3894],[21.232,51.3935],[21.214,51.3952],[21.2151,51.3987],[21.2017,51.4027],[21.2044,51.4122],[21.2185,51.4176],[21.2197,51.424],[21.2426,51.432],[21.2564,51.4317]]]}},{"type":"Feature","properties":{"slug":"sierpecki","name":"powiat sierpecki","bdlUnitId":"071427027000","voivodeship":"mazowieckie"},"geometry":{"type":"Polygon","coordinates":[[[19.4447,52.939],[19.4449,52.9475],[19.4577,52.9418],[19.4847,52.944],[19.487,52.9403],[19.5289,52.9364],[19.5408,52.9484],[19.5825,52.9569],[19.5861,52.963],[19.5827,52.9683],[19.5593,52.9791],[19.5547,52.9901],[19.624,52.9772],[19.6361,52.9698],[19.6457,52.9709],[19.6546,52.9613],[19.6716,52.9556],[19.6811,52.9565],[19.688,52.9651],[19.6999,52.9651],[19.698,52.9738],[19.717,52.9653],[19.7341,52.9673],[19.7698,52.9592],[19.7897,52.9416],[19.8116,52.932],[19.8222,52.9325],[19.817,52.9207],[19.8216,52.9188],[19.84,52.9206],[19.8693,52.9039],[19.888,52.9094],[19.9147,52.9052],[19.9569,52.8906],[19.964,52.8824],[19.9549,52.8592],[19.9688,52.8465],[19.9592,52.8306],[19.9711,52.826],[19.9805,52.8291],[19.9858,52.825],[20.001,52.8256],[19.9986,52.8077],[19.9861,52.8079],[19.9824,52.8122],[19.9702,52.8098],[19.9698,52.7984],[19.9627,52.7925],[19.9723,52.7821],[19.9622,52.782],[19.9507,52.7633],[19.926,52.766],[19.9053,52.7607],[19.8953,52.7462],[19.8732,52.7482],[19.8625,52.7429],[19.8605,52.732],[19.8537,52.7334],[19.8481,52.728],[19.816,52.7353],[19.8165,52.7317],[19.7957,52.7255],[19.801,52.7232],[19.7938,52.7186],[19.791,52.7082],[19.7784,52.7056],[19.7755,52.6947],[19.7709,52.6988],[19.7531,52.6928],[19.743,52.6963],[19.7436,52.7011],[19.7371,52.7049],[19.7261,52.6926],[19.7126,52.6943],[19.7113,52.6903],[19.6979,52.69],[19.6918,52.6833],[19.6534,52.6769],[19.64,52.6785],[19.6209,52.6918],[19.6029,52.6895],[19.6026,52.686],[19.5767,52.6875],[19.5807,52.6936],[19.5768,52.6958],[19.5186,52.6922],[19.5185,52.7006],[19.5271,52.7062],[19.5033,52.7135],[19.5025,52.7227],[19.5069,52.7238],[19.4984,52.7325],[19.5191,52.7419],[19.5231,52.7486],[19.4975,52.7495],[19.5036,52.7551],[19.4977,52.7606],[19.5063,52.7609],[19.5003,52.7636],[19.5042,52.7677],[19.4909,52.7743],[19.4928,52.7797],[19.4674,52.7865],[19.463,52.7948],[19.4657,52.8045],[19.453,52.8046],[19.4377,52.8147],[19.4238,52.8156],[19.4312,52.8235],[19.4234,52.83],[19.4257,52.8408],[19.444,52.8374],[19.4735,52.8503],[19.4634,52.8559],[19.475,52.8654],[19.489,52.8668],[19.5158,52.8602],[19.4586,52.9067],[19.4645,52.9158],[19.4719,52.9172],[19.4508,52.9254],[19.4447,52.939]]]}},{"type":"Feature","properties":{"slug":"szydlowiecki","name":"powiat szydłowiecki","bdlUnitId":"071422730000","voivodeship":"mazowieckie"},"geometry":{"type":"Polygon","coordinates":[[[20.8545,51.3432],[20.8785,51.3313],[20.8865,51.3457],[20.8827,51.3495],[20.8977,51.3525],[20.8906,51.3649],[20.9135,51.3675],[20.9221,51.36],[20.9736,51.3591],[21.0012,51.3462],[21.0155,51.334],[21.0313,51.3297],[21.0317,51.318],[21.0227,51.3077],[21.0368,51.303],[21.0159,51.2957],[21.0188,51.293],[21.0318,51.2991],[21.0384,51.2895],[21.0309,51.2817],[21.0018,51.2759],[21.0174,51.2655],[21.014,51.2585],[21.0172,51.2346],[21.0503,51.2125],[21.0684,51.2069],[21.0749,51.1986],[21.0698,51.1741],[21.0566,51.1571],[21.0229,51.1586],[21.019,51.1547],[21.0243,51.1504],[20.9985,51.1445],[20.9932,51.152],[21.0008,51.1596],[20.9207,51.1953],[20.9111,51.1892],[20.9082,51.1783],[20.9049,51.1795],[20.8798,51.1544],[20.8537,51.1729],[20.8216,51.1785],[20.8091,51.1612],[20.8217,51.1578],[20.813,51.1458],[20.7877,51.1528],[20.7822,51.1453],[20.7708,51.1485],[20.7662,51.1499],[20.7712,51.157],[20.7184,51.1727],[20.6974,51.149],[20.6855,51.1512],[20.6887,51.1588],[20.6848,51.1725],[20.702,51.182],[20.7003,51.196],[20.6893,51.198],[20.6868,51.2027],[20.6908,51.2055],[20.6834,51.204],[20.6774,51.2096],[20.633,51.2234],[20.6103,51.2422],[20.6143,51.2425],[20.6145,51.2498],[20.6347,51.25],[20.6399,51.2552],[20.6398,51.2641],[20.6521,51.2629],[20.6525,51.2515],[20.667,51.2516],[20.6817,51.266],[20.6958,51.2655],[20.707,51.2698],[20.7045,51.2717],[20.7136,51.2627],[20.728,51.2586],[20.7483,51.2689],[20.7587,51.2649],[20.7759,51.286],[20.784,51.2858],[20.779,51.2883],[20.7777,51.2981],[20.7726,51.2989],[20.7702,51.2933],[20.7611,51.2961],[20.7668,51.3107],[20.7761,51.3122],[20.7744,51.3166],[20.7795,51.3192],[20.8015,51.3137],[20.8163,51.3164],[20.8181,51.3227],[20.8235,51.3199],[20.8313,51.3305],[20.8545,51.3432]],[[20.623,51.2342],[20.6234,51.2351],[20.6225,51.2351],[20.6223,51.2343],[20.623,51.2342]],[[20.6211,51.2349],[20.6221,51.2398],[20.6277,51.2399],[20.6174,51.2437],[20.6211,51.2349]]]}},{"type":"Feature","properties":{"slug":"wegrowski","name":"powiat węgrowski","bdlUnitId":"071427133000","voivodeship":"mazowieckie"},"geometry":{"type":"Polygon","coordinates":[[[21.773,52.6649],[21.7906,52.675],[21.8081,52.6711],[21.8205,52.6846],[21.8415,52.6932],[21.8699,52.6993],[21.882,52.6934],[21.8958,52.703],[21.9217,52.6879],[21.92,52.6699],[21.912,52.6576],[21.9311,52.6578],[21.926,52.6498],[21.9322,52.6479],[21.9283,52.6427],[21.944,52.6509],[21.9995,52.647],[22.0008,52.6375],[21.995,52.6305],[22.0026,52.6305],[21.9998,52.6219],[21.9741,52.6093],[21.9904,52.6098],[21.9781,52.5947],[21.9981,52.5894],[22.0066,52.5698],[22.0148,52.5699],[22.0151,52.5744],[22.0397,52.5739],[22.0393,52.5673],[22.0618,52.5643],[22.0636,52.561],[22.0417,52.5478],[22.0505,52.5379],[22.086,52.5316],[22.0965,52.5153],[22.0956,52.505],[22.1108,52.5065],[22.1315,52.5002],[22.124,52.4863],[22.132,52.4861],[22.1345,52.4761],[22.1569,52.4828],[22.1822,52.4606],[22.15,52.4655],[22.1643,52.4461],[22.1448,52.4347],[22.1391,52.4358],[22.1428,52.431],[22.1355,52.4254],[22.0903,52.4099],[22.0818,52.3885],[22.1156,52.3766],[22.1336,52.3597],[22.1071,52.3433],[22.0638,52.3348],[22.0815,52.3264],[22.0922,52.3143],[22.0659,52.302],[22.0696,52.2974],[22.0424,52.2932],[22.0423,52.2753],[22.0478,52.2753],[22.0498,52.2673],[22.0549,52.2659],[22.0527,52.255],[22.0641,52.2478],[22.0617,52.2437],[22.0768,52.2395],[22.0724,52.2254],[22.0507,52.2274],[22.0488,52.2095],[22.0263,52.2101],[22.0216,52.2164],[22.0053,52.2195],[22.0067,52.2156],[21.9675,52.2209],[21.9469,52.2195],[21.9479,52.2162],[21.9214,52.2173],[21.9243,52.2311],[21.9208,52.2311],[21.9213,52.2374],[21.9136,52.2376],[21.9058,52.2328],[21.8994,52.2352],[21.8905,52.2277],[21.8939,52.2231],[21.8857,52.2275],[21.877,52.2234],[21.869,52.2111],[21.8601,52.2154],[21.8609,52.2261],[21.8742,52.2332],[21.8578,52.2396],[21.8591,52.2437],[21.8433,52.2442],[21.8475,52.2564],[21.8339,52.2589],[21.8277,52.2504],[21.8166,52.2584],[21.7927,52.2631],[21.7954,52.2899],[21.7684,52.2913],[21.7843,52.3077],[21.7382,52.3137],[21.7422,52.3237],[21.7295,52.3226],[21.7238,52.3268],[21.7335,52.3348],[21.7624,52.3323],[21.8036,52.3431],[21.7966,52.3533],[21.754,52.3584],[21.7532,52.3669],[21.7437,52.3715],[21.7318,52.395],[21.7291,52.3872],[21.7042,52.39],[21.7203,52.405],[21.71,52.4165],[21.7079,52.4312],[21.6862,52.4538],[21.6655,52.4643],[21.6683,52.4671],[21.7091,52.4563],[21.7271,52.4615],[21.7266,52.4565],[21.7323,52.4542],[21.7381,52.4705],[21.7346,52.4823],[21.7178,52.5022],[21.7085,52.5016],[21.7064,52.5126],[21.6781,52.5145],[21.6781,52.5097],[21.6707,52.5073],[21.6358,52.5108],[21.598,52.5468],[21.599,52.5622],[21.5852,52.571],[21.587,52.5764],[21.5782,52.5842],[21.5862,52.5884],[21.5821,52.594],[21.5646,52.5974],[21.5848,52.605],[21.6205,52.6017],[21.617,52.6125],[21.6242,52.617],[21.6305,52.6114],[21.6472,52.6138],[21.6523,52.6036],[21.6596,52.6036],[21.6706,52.6125],[21.6559,52.6181],[21.6844,52.6215],[21.6735,52.6268],[21.6761,52.6306],[21.7071,52.6432],[21.713,52.6413],[21.7104,52.6346],[21.7148,52.6329],[21.7194,52.6405],[21.7297,52.6433],[21.7282,52.6529],[21.7324,52.6577],[21.7451,52.6568],[21.773,52.6649]]]}},{"type":"Feature","properties":{"slug":"gostyninski","name":"powiat gostyniński","bdlUnitId":"071427004000","voivodeship":"mazowieckie"},"geometry":{"type":"Polygon","coordinates":[[[19.2892,52.3927],[19.2905,52.3978],[19.2804,52.4055],[19.293,52.4112],[19.2966,52.4237],[19.2867,52.433],[19.2618,52.4357],[19.2592,52.4426],[19.2664,52.4483],[19.284,52.45],[19.2991,52.4453],[19.3191,52.4487],[19.3389,52.4798],[19.3581,52.4813],[19.355,52.4911],[19.3704,52.5067],[19.3957,52.5129],[19.4105,52.5106],[19.4127,52.5158],[19.4347,52.5234],[19.4999,52.526],[19.5181,52.5201],[19.5135,52.5113],[19.569,52.5063],[19.532,52.4972],[19.5342,52.4904],[19.5595,52.4833],[19.5531,52.467],[19.5636,52.4583],[19.5504,52.4535],[19.5639,52.4407],[19.565,52.4218],[19.5574,52.4078],[19.6009,52.4015],[19.6334,52.4056],[19.6267,52.4118],[19.6329,52.4161],[19.6665,52.411],[19.6626,52.3884],[19.6728,52.389],[19.6722,52.3832],[19.6966,52.384],[19.683,52.3797],[19.689,52.3554],[19.7201,52.3543],[19.7251,52.3471],[19.7239,52.337],[19.7376,52.3383],[19.7542,52.3522],[19.7786,52.3496],[19.7821,52.3553],[19.7986,52.3513],[19.797,52.3546],[19.8212,52.3706],[19.8147,52.3757],[19.8121,52.3916],[19.8527,52.3823],[19.8468,52.3707],[19.9038,52.3674],[19.9023,52.363],[19.907,52.3616],[19.8957,52.3618],[19.8967,52.3574],[19.9022,52.3527],[19.9177,52.3523],[19.913,52.3442],[19.9417,52.3418],[19.9337,52.3273],[19.9574,52.3276],[19.9808,52.3386],[19.9846,52.3357],[19.9446,52.3126],[19.9361,52.2997],[19.9155,52.2986],[19.9018,52.3039],[19.9026,52.3086],[19.8856,52.3098],[19.8617,52.2909],[19.8777,52.2877],[19.8475,52.2721],[19.8293,52.2746],[19.816,52.2839],[19.8051,52.2791],[19.7898,52.2798],[19.7929,52.2737],[19.7718,52.2642],[19.7371,52.2584],[19.7291,52.2682],[19.6994,52.2786],[19.684,52.2628],[19.6895,52.2595],[19.6483,52.2537],[19.6345,52.2562],[19.6322,52.262],[19.6238,52.264],[19.6344,52.2744],[19.6311,52.2778],[19.6137,52.2764],[19.616,52.2882],[19.5486,52.2941],[19.5361,52.3021],[19.538,52.3049],[19.5169,52.3051],[19.4915,52.3203],[19.5021,52.3333],[19.4632,52.3427],[19.4549,52.3501],[19.4476,52.3516],[19.4396,52.3398],[19.4261,52.3373],[19.4072,52.3389],[19.4059,52.3451],[19.3768,52.3406],[19.3222,52.3484],[19.3287,52.3607],[19.3234,52.369],[19.295,52.3691],[19.2906,52.3726],[19.2922,52.3773],[19.3089,52.3816],[19.308,52.3874],[19.2892,52.3927]]]}},{"type":"Feature","properties":{"slug":"grodziski-mazowieckie","name":"powiat grodziski","bdlUnitId":"071413005000","voivodeship":"mazowieckie"},"geometry":{"type":"Polygon","coordinates":[[[20.7722,52.0006],[20.7536,51.9906],[20.7501,51.9861],[20.753,51.9822],[20.7346,51.9851],[20.6979,51.9815],[20.6929,51.9664],[20.6982,51.9601],[20.6851,51.9589],[20.6826,51.942],[20.6639,51.9407],[20.6621,51.9449],[20.6527,51.9461],[20.6416,51.9428],[20.6439,51.9323],[20.6723,51.9311],[20.6711,51.9253],[20.6324,51.9331],[20.634,51.9473],[20.6147,51.9538],[20.6185,51.956],[20.6131,51.9585],[20.6165,51.9606],[20.605,51.965],[20.6084,51.9694],[20.5951,51.9667],[20.5993,51.9725],[20.5973,51.9787],[20.6101,51.9761],[20.6075,51.9812],[20.6127,51.9832],[20.6085,52.0095],[20.6138,52.0252],[20.6023,52.0373],[20.6141,52.0319],[20.6241,52.0398],[20.6202,52.05],[20.6124,52.0484],[20.6006,52.0539],[20.5549,52.0476],[20.522,52.0511],[20.5098,52.038],[20.4942,52.0326],[20.4622,52.042],[20.4732,52.0504],[20.4736,52.0596],[20.4555,52.0791],[20.4442,52.084],[20.4514,52.0885],[20.4395,52.0948],[20.4543,52.0983],[20.4384,52.1086],[20.4265,52.1088],[20.4328,52.1148],[20.4318,52.1216],[20.421,52.1213],[20.4142,52.1358],[20.4087,52.1369],[20.4131,52.1614],[20.3952,52.1635],[20.3971,52.1708],[20.4136,52.1951],[20.4183,52.1902],[20.4604,52.1868],[20.4855,52.1752],[20.4849,52.1838],[20.5141,52.2028],[20.5145,52.1982],[20.522,52.1964],[20.5158,52.1913],[20.5321,52.1895],[20.5352,52.194],[20.5349,52.182],[20.545,52.165],[20.5599,52.1664],[20.5549,52.163],[20.5954,52.1573],[20.6326,52.1652],[20.6698,52.1589],[20.6545,52.1503],[20.6732,52.1442],[20.6814,52.1358],[20.6786,52.1291],[20.7028,52.1368],[20.7138,52.1291],[20.7482,52.1269],[20.7462,52.1183],[20.7777,52.1151],[20.7808,52.0979],[20.7937,52.0916],[20.7846,52.0892],[20.7797,52.0974],[20.7541,52.0943],[20.7445,52.1107],[20.7148,52.1137],[20.7017,52.1252],[20.7016,52.1145],[20.6905,52.0969],[20.7154,52.0938],[20.7335,52.0847],[20.73,52.0678],[20.7334,52.0625],[20.7174,52.0432],[20.7409,52.0397],[20.7622,52.0181],[20.7722,52.0006]]]}},{"type":"Feature","properties":{"slug":"lukowski","name":"powiat łukowski","bdlUnitId":"060611211000","voivodeship":"lubelskie"},"geometry":{"type":"Polygon","coordinates":[[[22.6229,52.0187],[22.6175,52.011],[22.6265,51.9994],[22.6334,51.9991],[22.6358,51.9869],[22.6295,51.9824],[22.6335,51.9693],[22.6301,51.9672],[22.6212,51.974],[22.6156,51.9702],[22.5917,51.9726],[22.576,51.9678],[22.5689,51.9609],[22.5699,51.9535],[22.5604,51.9471],[22.5637,51.941],[22.5499,51.9341],[22.567,51.9291],[22.5718,51.896],[22.5652,51.8926],[22.5798,51.8804],[22.5687,51.8792],[22.5612,51.8902],[22.5267,51.8809],[22.5151,51.8735],[22.4903,51.8865],[22.4821,51.8561],[22.4701,51.8451],[22.4555,51.8424],[22.4226,51.8648],[22.3956,51.8537],[22.3862,51.8661],[22.3689,51.8593],[22.3738,51.8661],[22.3687,51.8733],[22.3583,51.8598],[22.3689,51.8546],[22.3564,51.8423],[22.3799,51.8349],[22.3665,51.8319],[22.3526,51.8134],[22.3662,51.8061],[22.3951,51.8016],[22.4008,51.7912],[22.3985,51.783],[22.4161,51.7703],[22.4366,51.7461],[22.4289,51.736],[22.4226,51.7364],[22.4109,51.7193],[22.4008,51.7196],[22.3969,51.7143],[22.3986,51.7058],[22.3682,51.6667],[22.3676,51.6578],[22.3429,51.6589],[22.34,51.642],[22.3359,51.6422],[22.3371,51.6499],[22.3246,51.6507],[22.321,51.6755],[22.316,51.6703],[22.3036,51.6719],[22.2989,51.6554],[22.2915,51.6542],[22.2872,51.6373],[22.2614,51.6408],[22.2616,51.647],[22.2295,51.6534],[22.2238,51.6447],[22.225,51.6481],[22.1867,51.6623],[22.1782,51.6546],[22.1821,51.6577],[22.1573,51.6679],[22.1656,51.678],[22.159,51.6819],[22.1624,51.6849],[22.1515,51.6858],[22.1396,51.6935],[22.139,51.7054],[22.1149,51.717],[22.119,51.7199],[22.0746,51.7287],[22.0644,51.7081],[22.0484,51.725],[22.0464,51.7325],[22.061,51.7288],[22.0659,51.7316],[22.0626,51.7379],[22.0498,51.739],[22.0493,51.7444],[22.0606,51.7501],[22.0587,51.7602],[22.0644,51.7802],[22.0765,51.7826],[22.0753,51.79],[22.034,51.7795],[21.9835,51.7854],[21.9529,51.7956],[21.9422,51.826],[21.9263,51.834],[21.9274,51.8379],[21.897,51.8366],[21.8946,51.8328],[21.8711,51.8355],[21.871,51.8297],[21.8606,51.8285],[21.8571,51.8396],[21.8453,51.8412],[21.8483,51.8508],[21.8904,51.8571],[21.8859,51.8604],[21.9001,51.8757],[21.8973,51.8834],[21.9128,51.8865],[21.9027,51.8968],[21.908,51.903],[21.8856,51.9119],[21.89,51.9284],[21.8664,51.9434],[21.8695,51.9536],[21.8768,51.9543],[21.8803,51.971],[21.9028,51.9805],[21.9216,51.9809],[21.934,51.9932],[21.9689,51.9892],[21.9977,52.0121],[22.0136,52.0106],[22.0305,52.0218],[22.0508,52.0206],[22.0766,52.0059],[22.1145,52.0015],[22.1386,52.0068],[22.1519,52.0284],[22.2537,52.0045],[22.286,52.0195],[22.2872,52.0279],[22.2948,52.0276],[22.2975,52.0374],[22.3227,52.0369],[22.3245,52.0229],[22.316,52.014],[22.3275,52.0028],[22.3444,51.996],[22.3719,52.007],[22.3804,52.0166],[22.4335,52.0175],[22.4443,52.0299],[22.456,52.0296],[22.4699,52.0541],[22.4811,52.0602],[22.4833,52.0672],[22.5054,52.0699],[22.5159,52.0684],[22.5281,52.0511],[22.5483,52.0506],[22.5475,52.0445],[22.5725,52.0381],[22.5864,52.0421],[22.5856,52.0374],[22.6083,52.037],[22.6087,52.0273],[22.6229,52.0187]]]}},{"type":"Feature","properties":{"slug":"tomaszowski-lubelskie","name":"powiat tomaszowski","bdlUnitId":"060611018000","voivodeship":"lubelskie"},"geometry":{"type":"Polygon","coordinates":[[[23.6229,50.684],[23.6534,50.6811],[23.6648,50.6832],[23.6705,50.6914],[23.6918,50.6892],[23.7214,50.7043],[23.7303,50.7022],[23.7027,50.6732],[23.7119,50.6624],[23.715,50.665],[23.7111,50.6725],[23.716,50.6728],[23.7187,50.6487],[23.7323,50.6375],[23.738,50.6362],[23.7451,50.6444],[23.773,50.6404],[23.7741,50.6338],[23.7578,50.6271],[23.7615,50.6177],[23.7534,50.5982],[23.7801,50.5883],[23.8125,50.5915],[23.8111,50.5876],[23.8496,50.5759],[23.8571,50.5527],[23.8626,50.5507],[23.8889,50.5569],[23.8942,50.5642],[23.9081,50.5642],[23.9199,50.578],[23.9702,50.5678],[23.9878,50.5485],[23.9827,50.5441],[23.9664,50.5486],[23.9578,50.5447],[23.958,50.5385],[23.9696,50.538],[23.9617,50.5332],[23.9586,50.5228],[23.9479,50.5208],[23.9405,50.5118],[23.9319,50.5136],[23.931,50.5052],[23.9191,50.5042],[23.9105,50.4879],[23.9019,50.4885],[23.9082,50.486],[23.9028,50.48],[23.8822,50.4811],[23.8757,50.4713],[23.9159,50.456],[23.9146,50.4515],[23.9378,50.4398],[23.9907,50.4317],[23.9936,50.4191],[23.9631,50.418],[23.9747,50.4129],[23.8034,50.4048],[23.727,50.388],[23.7031,50.3753],[23.6912,50.3534],[23.6863,50.3316],[23.6388,50.3205],[23.631,50.3048],[23.6116,50.2992],[23.581,50.266],[23.5479,50.2518],[23.5314,50.262],[23.5089,50.2613],[23.5139,50.2788],[23.5037,50.2804],[23.5011,50.2852],[23.5183,50.2899],[23.5199,50.2955],[23.4951,50.2997],[23.47,50.2936],[23.457,50.3032],[23.4285,50.3023],[23.4128,50.3076],[23.4034,50.3014],[23.4362,50.3454],[23.4125,50.3515],[23.4044,50.3586],[23.4053,50.3648],[23.3782,50.3689],[23.3739,50.377],[23.3828,50.3833],[23.3662,50.3888],[23.3667,50.3938],[23.3742,50.4013],[23.3841,50.3988],[23.3876,50.4054],[23.3581,50.4105],[23.3535,50.4019],[23.3176,50.3927],[23.3053,50.38],[23.2791,50.3762],[23.2507,50.3593],[23.2521,50.3653],[23.2275,50.3773],[23.2181,50.3839],[23.2187,50.3883],[23.2047,50.3875],[23.1838,50.396],[23.1413,50.3667],[23.048,50.4216],[23.0946,50.4565],[23.1157,50.4438],[23.1131,50.4407],[23.1228,50.4433],[23.1255,50.4472],[23.1166,50.4667],[23.1078,50.4716],[23.1207,50.4813],[23.1346,50.4758],[23.1544,50.4882],[23.1755,50.4816],[23.188,50.4873],[23.1768,50.4866],[23.1689,50.4921],[23.1715,50.4942],[23.1777,50.4913],[23.1796,50.4963],[23.1871,50.4877],[23.186,50.4912],[23.2153,50.5058],[23.2183,50.4984],[23.2363,50.4923],[23.2297,50.4874],[23.2449,50.4906],[23.26,50.4862],[23.2609,50.4794],[23.2676,50.4799],[23.2668,50.4748],[23.2789,50.478],[23.2842,50.4855],[23.2934,50.4812],[23.2968,50.4844],[23.292,50.4872],[23.2962,50.4905],[23.2893,50.4913],[23.2995,50.4935],[23.2963,50.4994],[23.3188,50.5031],[23.3187,50.5115],[23.3139,50.5188],[23.2947,50.5211],[23.2908,50.5264],[23.3131,50.5229],[23.3057,50.531],[23.3158,50.5282],[23.3195,50.5345],[23.3268,50.5352],[23.3199,50.5426],[23.2949,50.5475],[23.2986,50.5625],[23.3097,50.5751],[23.3112,50.6102],[23.3958,50.6089],[23.4049,50.5963],[23.4292,50.5917],[23.4888,50.593],[23.4931,50.6024],[23.5034,50.6032],[23.5049,50.5951],[23.5573,50.6006],[23.5563,50.5898],[23.5738,50.5908],[23.5842,50.5842],[23.5887,50.59],[23.5778,50.5961],[23.5755,50.6024],[23.5982,50.614],[23.5939,50.6278],[23.5983,50.6276],[23.6042,50.6425],[23.5998,50.6613],[23.5915,50.6599],[23.5911,50.6721],[23.5962,50.6788],[23.6197,50.676],[23.6229,50.684]]]}},{"type":"Feature","properties":{"slug":"brzeski-malopolskie","name":"powiat brzeski","bdlUnitId":"011212402000","voivodeship":"małopolskie"},"geometry":{"type":"Polygon","coordinates":[[[20.5111,50.1385],[20.538,50.1466],[20.5608,50.1405],[20.5697,50.1486],[20.5896,50.1402],[20.5899,50.1522],[20.6089,50.152],[20.6642,50.1952],[20.6786,50.1966],[20.6815,50.2008],[20.7066,50.1893],[20.702,50.1863],[20.6967,50.1637],[20.709,50.1545],[20.7462,50.1477],[20.7643,50.1301],[20.7531,50.1286],[20.7559,50.1206],[20.7345,50.1174],[20.744,50.1097],[20.7568,50.1117],[20.7608,50.1025],[20.7695,50.1027],[20.7813,50.0914],[20.7742,50.0879],[20.7825,50.0701],[20.7576,50.0527],[20.759,50.038],[20.755,50.0329],[20.7915,50.0276],[20.7982,50.0228],[20.782,50.0174],[20.7871,50.0166],[20.7859,50.0069],[20.7727,50.0075],[20.7797,50.0176],[20.769,50.0202],[20.7461,50.0074],[20.7573,49.999],[20.7649,49.9854],[20.7559,49.9738],[20.7556,49.9636],[20.793,49.9537],[20.7534,49.9394],[20.7596,49.9207],[20.7513,49.9177],[20.7769,49.9066],[20.7744,49.9038],[20.7689,49.9044],[20.7642,49.8978],[20.7385,49.9034],[20.7229,49.8989],[20.7365,49.8867],[20.7177,49.876],[20.7335,49.8674],[20.7362,49.8607],[20.733,49.8558],[20.7148,49.8511],[20.7099,49.8351],[20.6979,49.8365],[20.7012,49.8303],[20.7108,49.8281],[20.7132,49.8066],[20.6931,49.8069],[20.6872,49.8013],[20.6704,49.7996],[20.6663,49.8061],[20.6466,49.7994],[20.6461,49.7952],[20.6296,49.7963],[20.6295,49.7887],[20.6171,49.7876],[20.6131,49.7761],[20.5851,49.7619],[20.5739,49.7723],[20.5514,49.7771],[20.5184,49.7971],[20.5346,49.8144],[20.5211,49.8258],[20.5182,49.8341],[20.5785,49.8379],[20.5805,49.8462],[20.5628,49.861],[20.554,49.8812],[20.567,49.8987],[20.5664,49.9159],[20.5518,49.9133],[20.5499,49.9208],[20.5251,49.9353],[20.5245,49.9459],[20.5336,49.9539],[20.5504,49.9572],[20.5524,49.97],[20.5448,49.9607],[20.5469,49.9668],[20.5421,49.9708],[20.5523,49.9741],[20.5522,49.9943],[20.5781,49.9994],[20.5796,50.0115],[20.5838,50.0126],[20.5967,50.0459],[20.6088,50.0474],[20.6163,50.0434],[20.6321,50.0563],[20.6225,50.0666],[20.5996,50.0694],[20.5758,50.0795],[20.5288,50.0786],[20.5291,50.0995],[20.5083,50.1034],[20.5115,50.1179],[20.5005,50.1293],[20.5111,50.1385]]]}},{"type":"Feature","properties":{"slug":"zgierski","name":"powiat zgierski","bdlUnitId":"051011520000","voivodeship":"łódzkie"},"geometry":{"type":"Polygon","coordinates":[[[19.5622,52.0347],[19.5773,52.0321],[19.5919,52.037],[19.591,52.0299],[19.6207,52.0288],[19.6309,52.026],[19.6298,52.0198],[19.6338,52.0192],[19.6727,52.029],[19.7085,52.0213],[19.7378,52.0281],[19.736,52.022],[19.7195,52.0135],[19.7308,51.9967],[19.7862,51.9867],[19.8048,51.9745],[19.8319,51.9769],[19.84,51.952],[19.7646,51.9452],[19.7495,51.9366],[19.7243,51.9465],[19.7134,51.9401],[19.7058,51.9449],[19.7055,51.9313],[19.7099,51.9263],[19.6758,51.895],[19.6768,51.8913],[19.7043,51.8938],[19.7064,51.8793],[19.7123,51.8782],[19.6605,51.8538],[19.6223,51.8576],[19.6115,51.8646],[19.6101,51.8473],[19.5913,51.847],[19.586,51.8358],[19.568,51.8376],[19.5565,51.8484],[19.5515,51.8435],[19.5144,51.8498],[19.5065,51.8599],[19.4577,51.8488],[19.4452,51.8502],[19.454,51.8459],[19.4559,51.8363],[19.3991,51.8295],[19.3813,51.8215],[19.3844,51.8362],[19.3513,51.8385],[19.3515,51.8299],[19.3436,51.8305],[19.3438,51.8204],[19.3366,51.8202],[19.3421,51.8142],[19.3355,51.808],[19.321,51.8078],[19.3301,51.8015],[19.3291,51.7958],[19.3392,51.7963],[19.342,51.8009],[19.3572,51.7929],[19.3489,51.7847],[19.3245,51.7777],[19.3099,51.7796],[19.3102,51.7753],[19.2997,51.7714],[19.2852,51.7759],[19.2812,51.7717],[19.2659,51.7894],[19.2648,51.7844],[19.258,51.7859],[19.2401,51.7966],[19.2172,51.7982],[19.2011,51.7936],[19.2003,51.8042],[19.1618,51.8125],[19.1504,51.8226],[19.1386,51.8251],[19.1399,51.8353],[19.1549,51.8464],[19.1496,51.8497],[19.1556,51.8706],[19.183,51.8786],[19.1911,51.9121],[19.1875,51.9177],[19.1786,51.9165],[19.1736,51.9085],[19.1631,51.913],[19.1449,51.9057],[19.1357,51.9106],[19.1408,51.9259],[19.1363,51.928],[19.1517,51.9647],[19.139,51.9755],[19.1275,51.9777],[19.1307,51.9889],[19.1205,51.9911],[19.1288,52.0007],[19.122,52.0109],[19.1716,52.0092],[19.1825,52.0177],[19.22,52.014],[19.2255,52.0255],[19.2597,52.0261],[19.2588,52.0307],[19.2901,52.0364],[19.2937,52.0231],[19.3141,52.0171],[19.3452,52.0255],[19.3405,52.0283],[19.342,52.0323],[19.3571,52.0325],[19.3729,52.0255],[19.3622,52.0228],[19.3701,52.0097],[19.3797,52.009],[19.3804,52.0027],[19.4109,52.0056],[19.4256,52.0021],[19.4303,52.0138],[19.436,52.0147],[19.4377,52.0082],[19.4535,52.0066],[19.4512,51.9987],[19.4635,51.9966],[19.4795,52.0025],[19.4828,51.9985],[19.4908,52.0011],[19.4808,52.0221],[19.4862,52.0198],[19.4858,52.0143],[19.4964,52.0177],[19.5024,52.0153],[19.5051,52.0058],[19.514,52.0113],[19.5241,52.0021],[19.5406,52.0158],[19.5431,52.0265],[19.558,52.0217],[19.5622,52.0347]]]}},{"type":"Feature","properties":{"slug":"sulecinski","name":"powiat sulęciński","bdlUnitId":"020811307000","voivodeship":"lubuskie"},"geometry":{"type":"Polygon","coordinates":[[[15.4358,52.3756],[15.4049,52.3705],[15.3913,52.3766],[15.354,52.3795],[15.3491,52.3787],[15.3449,52.3659],[15.3174,52.3728],[15.3059,52.371],[15.3057,52.3779],[15.2996,52.3783],[15.2837,52.3721],[15.2574,52.3716],[15.2475,52.3478],[15.2406,52.3416],[15.2279,52.3417],[15.2427,52.3117],[15.2022,52.3098],[15.1999,52.297],[15.2278,52.2853],[15.2136,52.2805],[15.1795,52.2551],[15.1724,52.2576],[15.1746,52.2613],[15.1679,52.2661],[15.1462,52.255],[15.1579,52.2449],[15.1493,52.2338],[15.1317,52.2302],[15.1099,52.2341],[15.0963,52.2309],[15.0933,52.2256],[15.0862,52.227],[15.0876,52.2342],[15.0772,52.229],[15.0674,52.2328],[15.0462,52.2218],[15.0261,52.2238],[15.0239,52.2165],[14.9823,52.2189],[14.9609,52.2086],[14.9371,52.2111],[14.9233,52.2047],[14.9231,52.2087],[14.9133,52.2099],[14.8972,52.2402],[14.902,52.2411],[14.8843,52.253],[14.9015,52.2571],[14.9169,52.2529],[14.9171,52.2657],[14.9114,52.2645],[14.9095,52.2742],[14.9024,52.2743],[14.899,52.2812],[14.8805,52.2798],[14.8686,52.2906],[14.8802,52.3111],[14.9001,52.317],[14.906,52.3268],[14.8826,52.3332],[14.8807,52.342],[14.8748,52.3418],[14.8752,52.3623],[14.8891,52.3664],[14.8967,52.3616],[14.9195,52.3615],[14.9152,52.3644],[14.9204,52.3674],[14.9202,52.3883],[14.9281,52.399],[14.9465,52.4096],[14.9817,52.4032],[14.9831,52.3906],[15.0268,52.3914],[15.0354,52.413],[15.0245,52.4323],[15.0439,52.4411],[15.0407,52.4519],[14.9939,52.4589],[14.9856,52.4774],[14.9906,52.4909],[14.9748,52.4909],[14.9689,52.4977],[14.9722,52.5061],[14.9906,52.5138],[14.9943,52.5198],[14.929,52.5299],[14.901,52.5248],[14.8763,52.5118],[14.8456,52.5135],[14.8166,52.5072],[14.8055,52.5253],[14.8131,52.5391],[14.7805,52.5481],[14.77,52.5433],[14.7155,52.5457],[14.6473,52.5722],[14.6563,52.5802],[14.7044,52.5923],[14.7605,52.6039],[14.7846,52.6015],[14.8495,52.622],[14.8803,52.6154],[14.9353,52.6197],[14.9992,52.6403],[15.032,52.6434],[15.0565,52.6313],[15.0642,52.6211],[15.107,52.618],[15.1339,52.642],[15.1577,52.6521],[15.2061,52.6336],[15.1967,52.6261],[15.1984,52.6154],[15.211,52.6081],[15.2141,52.5944],[15.2096,52.5844],[15.306,52.5901],[15.3102,52.5439],[15.2763,52.541],[15.2753,52.5083],[15.2907,52.4982],[15.2651,52.4912],[15.2658,52.4852],[15.3042,52.4733],[15.2987,52.4618],[15.3221,52.455],[15.3174,52.4481],[15.3219,52.4408],[15.337,52.4363],[15.3338,52.4263],[15.35,52.4231],[15.3488,52.4177],[15.4191,52.4192],[15.416,52.4099],[15.4419,52.3949],[15.4387,52.3898],[15.4505,52.386],[15.4358,52.3756]]]}},{"type":"Feature","properties":{"slug":"lancucki","name":"powiat łańcucki","bdlUnitId":"061813510000","voivodeship":"podkarpackie"},"geometry":{"type":"Polygon","coordinates":[[[22.2335,50.2468],[22.2507,50.2308],[22.2686,50.2275],[22.2701,50.2177],[22.2819,50.2059],[22.3083,50.2021],[22.3214,50.1892],[22.3546,50.1772],[22.3722,50.1624],[22.3836,50.1593],[22.3857,50.157],[22.378,50.1529],[22.4093,50.1259],[22.4163,50.1312],[22.4313,50.1277],[22.4343,50.123],[22.4426,50.1276],[22.4521,50.1169],[22.4459,50.1132],[22.4492,50.1091],[22.4424,50.1108],[22.4463,50.106],[22.4353,50.1115],[22.4219,50.1094],[22.4222,50.1037],[22.4152,50.104],[22.4161,50.0907],[22.383,50.09],[22.378,50.0948],[22.3838,50.0689],[22.3748,50.0544],[22.3517,50.0517],[22.3497,50.0381],[22.3472,50.052],[22.3413,50.0524],[22.3479,50.0259],[22.3537,50.0252],[22.3487,50.0182],[22.3506,50.0081],[22.3098,49.9951],[22.3124,49.9909],[22.3044,49.9856],[22.3085,49.9824],[22.3034,49.9766],[22.3168,49.972],[22.308,49.9574],[22.319,49.9457],[22.292,49.9484],[22.2961,49.9338],[22.3043,49.93],[22.2827,49.9327],[22.2761,49.9265],[22.2601,49.9329],[22.2342,49.9315],[22.2112,49.9382],[22.2243,49.9442],[22.2255,49.9637],[22.23,49.9668],[22.2106,49.9712],[22.2126,49.9752],[22.2015,49.9796],[22.1837,50.0009],[22.1672,50.0054],[22.1484,50.0033],[22.1326,50.0174],[22.1287,50.0403],[22.123,50.0475],[22.1473,50.0607],[22.1568,50.0786],[22.1541,50.0802],[22.168,50.0834],[22.1685,50.0961],[22.1762,50.1009],[22.1551,50.1107],[22.1541,50.1149],[22.1448,50.1089],[22.1335,50.1101],[22.1281,50.1148],[22.1245,50.1322],[22.1181,50.1334],[22.1155,50.14],[22.1036,50.1414],[22.102,50.1499],[22.1109,50.1535],[22.0967,50.1568],[22.0992,50.1695],[22.0857,50.1711],[22.1223,50.1746],[22.1261,50.1829],[22.1399,50.1852],[22.1765,50.1741],[22.1836,50.1759],[22.176,50.1874],[22.1896,50.1977],[22.1802,50.1958],[22.1856,50.1971],[22.1814,50.2023],[22.1959,50.2056],[22.1922,50.2091],[22.1993,50.2153],[22.194,50.225],[22.1852,50.228],[22.1976,50.2337],[22.2266,50.2361],[22.2335,50.2468]]]}},{"type":"Feature","properties":{"slug":"brzeski-opolskie","name":"powiat brzeski","bdlUnitId":"031613101000","voivodeship":"opolskie"},"geometry":{"type":"Polygon","coordinates":[[[17.5437,50.9998],[17.56,50.9925],[17.5581,50.982],[17.575,50.978],[17.5716,50.9753],[17.5752,50.9735],[17.5883,50.9784],[17.592,50.9907],[17.6344,50.9781],[17.6525,50.9847],[17.6648,50.9789],[17.6659,50.9745],[17.6542,50.9632],[17.6768,50.9424],[17.6666,50.9282],[17.6789,50.9275],[17.692,50.919],[17.6835,50.9176],[17.6869,50.9149],[17.6835,50.9121],[17.6937,50.908],[17.6925,50.9017],[17.6868,50.8976],[17.6782,50.9023],[17.6741,50.8975],[17.6597,50.8993],[17.6501,50.8923],[17.6468,50.8829],[17.6499,50.8802],[17.6364,50.8777],[17.6434,50.8614],[17.6126,50.867],[17.601,50.86],[17.6112,50.8551],[17.5927,50.8541],[17.6071,50.8468],[17.6018,50.8338],[17.6142,50.8237],[17.6428,50.8183],[17.6573,50.8203],[17.6595,50.8115],[17.6708,50.8099],[17.6919,50.7963],[17.713,50.7968],[17.7229,50.7883],[17.7618,50.7798],[17.7605,50.7739],[17.7531,50.7761],[17.7541,50.7652],[17.7429,50.7666],[17.7415,50.7617],[17.7325,50.7615],[17.7405,50.7549],[17.7351,50.7519],[17.7396,50.7414],[17.738,50.7368],[17.727,50.7371],[17.745,50.7263],[17.7434,50.7232],[17.7355,50.7189],[17.7269,50.7241],[17.7244,50.7206],[17.7122,50.7219],[17.702,50.7143],[17.6766,50.7286],[17.6623,50.7108],[17.6676,50.7084],[17.6617,50.7091],[17.6645,50.7012],[17.6575,50.6953],[17.6698,50.6911],[17.6686,50.6873],[17.6471,50.6861],[17.6448,50.6816],[17.6066,50.7108],[17.6152,50.716],[17.6144,50.7201],[17.5813,50.7126],[17.5399,50.7206],[17.538,50.7321],[17.517,50.7294],[17.5042,50.7136],[17.5038,50.6962],[17.4782,50.6451],[17.4833,50.6382],[17.4761,50.6361],[17.4787,50.6279],[17.466,50.6147],[17.4098,50.6078],[17.4155,50.6333],[17.3951,50.645],[17.4208,50.6551],[17.3987,50.6568],[17.4054,50.6639],[17.4247,50.6624],[17.4239,50.6579],[17.4271,50.6613],[17.4187,50.6674],[17.374,50.6695],[17.3615,50.6521],[17.3596,50.6414],[17.3515,50.6434],[17.332,50.6315],[17.3295,50.6247],[17.3348,50.6152],[17.3213,50.614],[17.3028,50.6039],[17.2704,50.5996],[17.2795,50.5917],[17.2779,50.5835],[17.2489,50.5857],[17.2505,50.5822],[17.2431,50.5839],[17.2419,50.5788],[17.2065,50.5861],[17.217,50.6052],[17.2448,50.6197],[17.2427,50.628],[17.2343,50.6319],[17.2302,50.6407],[17.2389,50.6508],[17.2325,50.6551],[17.2389,50.6612],[17.2347,50.6811],[17.2472,50.6821],[17.2591,50.6905],[17.2202,50.7014],[17.2208,50.7137],[17.252,50.7177],[17.2632,50.7299],[17.2625,50.7391],[17.2756,50.7446],[17.2943,50.7376],[17.3011,50.743],[17.2914,50.7465],[17.2976,50.7533],[17.2695,50.7705],[17.2549,50.7733],[17.2712,50.7805],[17.2714,50.7861],[17.2859,50.7949],[17.3085,50.7878],[17.3451,50.7843],[17.3547,50.7948],[17.3502,50.8076],[17.3395,50.8083],[17.3183,50.8211],[17.3434,50.8294],[17.3282,50.8506],[17.3842,50.862],[17.3851,50.8756],[17.3951,50.8755],[17.3939,50.8878],[17.3979,50.8893],[17.3525,50.9007],[17.3704,50.9182],[17.3694,50.9257],[17.4002,50.9201],[17.4075,50.9107],[17.4272,50.9106],[17.4364,50.917],[17.4297,50.9238],[17.4395,50.9368],[17.4309,50.9459],[17.4314,50.9671],[17.464,50.9783],[17.4691,50.9719],[17.5016,50.9756],[17.5094,50.9694],[17.5149,50.9797],[17.4907,50.9882],[17.4992,50.9927],[17.5181,50.9872],[17.5384,50.9892],[17.5437,50.9998]]]}},{"type":"Feature","properties":{"slug":"ostrzeszowski","name":"powiat ostrzeszowski","bdlUnitId":"023015718000","voivodeship":"wielkopolskie"},"geometry":{"type":"Polygon","coordinates":[[[18.1773,51.5457],[18.2044,51.5329],[18.2298,51.5356],[18.2592,51.5469],[18.3187,51.5462],[18.3229,51.5419],[18.3586,51.5364],[18.3801,51.5182],[18.3828,51.4773],[18.3616,51.468],[18.3518,51.4698],[18.358,51.4665],[18.3562,51.4567],[18.3407,51.441],[18.3405,51.4301],[18.3263,51.4198],[18.2127,51.4543],[18.2149,51.4474],[18.1882,51.4412],[18.2058,51.433],[18.2105,51.4262],[18.2089,51.4181],[18.2041,51.4168],[18.2087,51.4059],[18.2062,51.401],[18.1897,51.3865],[18.1493,51.3914],[18.138,51.3781],[18.1351,51.3608],[18.1297,51.3621],[18.1265,51.3575],[18.0988,51.362],[18.0832,51.3836],[18.0632,51.378],[18.067,51.3809],[18.0565,51.3838],[18.061,51.3893],[18.0476,51.3934],[18.0053,51.3667],[18.0045,51.3531],[17.9941,51.3458],[17.9806,51.3551],[17.9574,51.3393],[17.9395,51.3462],[17.9229,51.3658],[17.9027,51.3484],[17.8864,51.3472],[17.8736,51.3536],[17.8769,51.3427],[17.8711,51.3385],[17.8539,51.3417],[17.8346,51.3307],[17.8492,51.321],[17.8274,51.3193],[17.8252,51.3086],[17.8343,51.3028],[17.8329,51.2973],[17.8255,51.2984],[17.8244,51.294],[17.8035,51.2931],[17.8007,51.2968],[17.805,51.3033],[17.7733,51.3053],[17.756,51.3113],[17.7649,51.3164],[17.7438,51.3287],[17.7396,51.3429],[17.7436,51.3465],[17.7329,51.3494],[17.723,51.3594],[17.7098,51.3589],[17.7043,51.3667],[17.7061,51.3717],[17.7155,51.3714],[17.72,51.3861],[17.7329,51.3873],[17.7291,51.3957],[17.7375,51.395],[17.7369,51.4],[17.7522,51.3985],[17.7559,51.4049],[17.7498,51.4115],[17.7494,51.4276],[17.7558,51.4368],[17.7703,51.4468],[17.8005,51.4553],[17.7845,51.4656],[17.7537,51.4634],[17.7428,51.4714],[17.7475,51.4751],[17.7416,51.4779],[17.7506,51.4828],[17.7482,51.4861],[17.7534,51.4851],[17.7523,51.4904],[17.7597,51.4889],[17.7643,51.4946],[17.7766,51.4868],[17.7836,51.4961],[17.8375,51.4792],[17.827,51.4992],[17.8334,51.503],[17.8472,51.496],[17.845,51.4882],[17.8491,51.4866],[17.8561,51.4934],[17.8624,51.4897],[17.8612,51.497],[17.8731,51.5077],[17.8748,51.518],[17.8899,51.5256],[17.9003,51.5377],[17.9326,51.5478],[17.9396,51.564],[17.9483,51.569],[17.9819,51.5632],[17.9851,51.5722],[17.9997,51.5823],[18.0045,51.5784],[17.9967,51.5691],[18.0212,51.5699],[18.013,51.5581],[18.0236,51.5562],[18.0465,51.5658],[18.0507,51.5585],[18.0607,51.558],[18.0684,51.5471],[18.0814,51.5487],[18.0789,51.5407],[18.1166,51.544],[18.131,51.5336],[18.1354,51.5231],[18.1505,51.5373],[18.1727,51.5383],[18.1773,51.5457]]]}},{"type":"Feature","properties":{"slug":"zyrardowski","name":"powiat żyrardowski","bdlUnitId":"071427338000","voivodeship":"mazowieckie"},"geometry":{"type":"Polygon","coordinates":[[[20.2519,52.1173],[20.2687,52.126],[20.2684,52.1461],[20.3118,52.1375],[20.3231,52.1562],[20.3242,52.1495],[20.3469,52.1512],[20.3476,52.1314],[20.377,52.1353],[20.3798,52.1298],[20.3937,52.1322],[20.3912,52.1373],[20.411,52.1403],[20.4087,52.1369],[20.4142,52.1358],[20.421,52.1213],[20.4318,52.1216],[20.4328,52.1148],[20.4265,52.1088],[20.4384,52.1086],[20.4543,52.0983],[20.4395,52.0948],[20.4514,52.0885],[20.4442,52.084],[20.4555,52.0791],[20.4736,52.0596],[20.4732,52.0504],[20.4622,52.042],[20.4764,52.0358],[20.4942,52.0326],[20.5098,52.038],[20.522,52.0511],[20.5549,52.0476],[20.6006,52.0539],[20.6124,52.0484],[20.6202,52.05],[20.6241,52.0398],[20.6141,52.0319],[20.6023,52.0373],[20.6138,52.0252],[20.6085,52.0095],[20.6127,51.9832],[20.6075,51.9812],[20.6101,51.9761],[20.5973,51.9787],[20.5993,51.9725],[20.5951,51.9667],[20.6084,51.9694],[20.605,51.965],[20.6165,51.9606],[20.6131,51.9585],[20.6185,51.956],[20.6147,51.9538],[20.6348,51.9461],[20.6324,51.9331],[20.6579,51.9255],[20.6671,51.9158],[20.6578,51.9121],[20.66,51.9024],[20.6438,51.9017],[20.6434,51.8515],[20.6243,51.8443],[20.5906,51.8494],[20.591,51.8606],[20.5857,51.8696],[20.5664,51.8763],[20.5708,51.888],[20.5101,51.8944],[20.4983,51.8895],[20.4794,51.9],[20.4909,51.9104],[20.4858,51.9205],[20.478,51.9202],[20.4755,51.9311],[20.4571,51.9332],[20.4394,51.9435],[20.4302,51.9381],[20.4201,51.9479],[20.4235,51.941],[20.4136,51.9304],[20.3971,51.9305],[20.3891,51.942],[20.3815,51.9425],[20.3707,51.9383],[20.3715,51.9338],[20.3779,51.9387],[20.3837,51.937],[20.3726,51.9236],[20.3598,51.9283],[20.3538,51.9197],[20.3239,51.922],[20.3182,51.9123],[20.2954,51.9123],[20.3116,51.9185],[20.3144,51.9241],[20.31,51.935],[20.2916,51.9397],[20.2687,51.9352],[20.2658,51.9309],[20.2435,51.9334],[20.2407,51.951],[20.294,51.9671],[20.2715,51.9713],[20.2722,51.9823],[20.2551,51.9956],[20.2624,52.0004],[20.2501,52.0062],[20.2432,51.9989],[20.2332,52.0019],[20.1987,52.0256],[20.2006,52.0301],[20.2059,52.028],[20.2531,52.0553],[20.2433,52.0731],[20.2458,52.0754],[20.2699,52.0771],[20.2689,52.1007],[20.2574,52.1063],[20.2519,52.1173]]]}},{"type":"Feature","properties":{"slug":"obornicki","name":"powiat obornicki","bdlUnitId":"023016116000","voivodeship":"wielkopolskie"},"geometry":{"type":"Polygon","coordinates":[[[16.7982,52.7951],[16.7756,52.8008],[16.7713,52.8145],[16.747,52.8142],[16.7501,52.8208],[16.7608,52.819],[16.7621,52.8224],[16.7279,52.8319],[16.722,52.8384],[16.7313,52.8501],[16.7153,52.8538],[16.7044,52.8511],[16.7027,52.8616],[16.7081,52.8664],[16.7316,52.8676],[16.7367,52.8754],[16.7401,52.8674],[16.7606,52.8657],[16.7741,52.8745],[16.7802,52.8888],[16.789,52.8823],[16.7881,52.869],[16.8004,52.8744],[16.7964,52.8649],[16.8079,52.8538],[16.8231,52.8621],[16.8214,52.8575],[16.8561,52.8532],[16.8669,52.8448],[16.8747,52.8471],[16.8817,52.8427],[16.8865,52.831],[16.9001,52.8314],[16.933,52.816],[16.973,52.8318],[17.007,52.8284],[17.0026,52.8056],[17.0064,52.7823],[17.0269,52.7794],[17.0282,52.7737],[17.0393,52.7778],[17.0695,52.7748],[17.0681,52.782],[17.0756,52.7836],[17.0776,52.7793],[17.1053,52.7818],[17.1031,52.7766],[17.1158,52.7858],[17.115,52.7743],[17.1094,52.7693],[17.1183,52.7537],[17.1293,52.7468],[17.1275,52.7405],[17.1325,52.7323],[17.1088,52.7243],[17.114,52.723],[17.1104,52.7206],[17.1136,52.7188],[17.1058,52.713],[17.1089,52.7072],[17.1059,52.7049],[17.1259,52.6797],[17.1191,52.6753],[17.1058,52.6886],[17.084,52.6818],[17.0443,52.6854],[17.037,52.6899],[17.0329,52.6762],[17.0198,52.6804],[17.0244,52.6781],[17.0195,52.6731],[16.9946,52.6696],[16.9965,52.6657],[16.9908,52.6674],[16.9718,52.6573],[16.968,52.6488],[16.9284,52.6546],[16.9181,52.6346],[16.9026,52.6347],[16.8934,52.6221],[16.9196,52.614],[16.9245,52.6064],[16.9431,52.5985],[16.9418,52.5953],[16.9353,52.5932],[16.9239,52.5991],[16.8993,52.5849],[16.8702,52.5792],[16.8639,52.5703],[16.8534,52.5717],[16.8507,52.5805],[16.8143,52.568],[16.7801,52.567],[16.7866,52.5567],[16.7855,52.5445],[16.7642,52.5456],[16.7599,52.5691],[16.7444,52.5707],[16.7426,52.5745],[16.7298,52.5661],[16.7094,52.5636],[16.6996,52.5728],[16.6728,52.567],[16.6757,52.5848],[16.6792,52.5856],[16.6545,52.5985],[16.6448,52.6107],[16.641,52.6278],[16.6522,52.6307],[16.6323,52.6292],[16.6227,52.6377],[16.6332,52.6446],[16.622,52.6483],[16.6112,52.6614],[16.6001,52.6667],[16.6036,52.672],[16.6134,52.6686],[16.6116,52.6728],[16.6282,52.6802],[16.6507,52.6776],[16.6367,52.6921],[16.58,52.7143],[16.5767,52.7301],[16.5833,52.7431],[16.6303,52.751],[16.7038,52.7498],[16.7041,52.7376],[16.6978,52.7287],[16.7385,52.7264],[16.7407,52.7372],[16.7623,52.7512],[16.7324,52.7495],[16.7328,52.7418],[16.7173,52.7384],[16.714,52.7469],[16.7198,52.7568],[16.7662,52.766],[16.7739,52.7746],[16.8001,52.7843],[16.7982,52.7951]]]}},{"type":"Feature","properties":{"slug":"leszczynski","name":"powiat leszczyński","bdlUnitId":"023015913000","voivodeship":"wielkopolskie"},"geometry":{"type":"Polygon","coordinates":[[[16.4264,51.9737],[16.4206,51.9653],[16.4395,51.9496],[16.4493,51.9473],[16.4629,51.9545],[16.4768,51.9523],[16.4792,51.9557],[16.4905,51.9534],[16.4866,51.9486],[16.4981,51.9411],[16.5037,51.9589],[16.5284,51.9601],[16.5334,51.9693],[16.5396,51.9572],[16.5488,51.9549],[16.5591,51.9642],[16.5748,51.9625],[16.5816,51.9677],[16.6045,51.9621],[16.6237,51.9645],[16.6282,51.9739],[16.6421,51.9645],[16.6892,51.9679],[16.7519,51.9573],[16.7671,51.9603],[16.7657,51.9535],[16.7778,51.9543],[16.7779,51.9482],[16.806,51.9497],[16.8067,51.9452],[16.8153,51.9442],[16.818,51.9348],[16.8309,51.9385],[16.834,51.9297],[16.8612,51.9266],[16.8606,51.9151],[16.8728,51.9094],[16.8731,51.8999],[16.8834,51.8916],[16.888,51.8808],[16.8994,51.8821],[16.8999,51.8711],[16.9043,51.8696],[16.8854,51.8574],[16.8664,51.8545],[16.8512,51.842],[16.8622,51.8133],[16.847,51.8067],[16.8493,51.7987],[16.8447,51.7951],[16.8011,51.7875],[16.8003,51.7945],[16.7904,51.7942],[16.7691,51.784],[16.7413,51.7923],[16.7338,51.776],[16.7249,51.7265],[16.7144,51.7201],[16.7013,51.7205],[16.6937,51.7102],[16.6824,51.7049],[16.6449,51.722],[16.6457,51.7287],[16.6394,51.733],[16.6479,51.7442],[16.6351,51.749],[16.6036,51.7451],[16.583,51.7508],[16.5767,51.7686],[16.5413,51.766],[16.5452,51.7801],[16.5418,51.7812],[16.4924,51.7814],[16.4492,51.788],[16.4098,51.7843],[16.4018,51.7899],[16.3938,51.7864],[16.3883,51.7933],[16.4018,51.8045],[16.4008,51.8142],[16.394,51.8197],[16.4005,51.8378],[16.3795,51.8389],[16.3871,51.8464],[16.3351,51.8711],[16.3515,51.8807],[16.3128,51.8864],[16.2868,51.9002],[16.2727,51.8951],[16.2574,51.8975],[16.2558,51.9022],[16.2481,51.9007],[16.2396,51.8838],[16.2149,51.8698],[16.2002,51.872],[16.1929,51.8851],[16.1862,51.8845],[16.188,51.8813],[16.1723,51.8834],[16.1616,51.8924],[16.0986,51.8942],[16.0997,51.9031],[16.1331,51.917],[16.1253,51.9198],[16.1381,51.927],[16.1262,51.9339],[16.1706,51.9359],[16.2012,51.9424],[16.2809,51.9292],[16.2881,51.9458],[16.3078,51.9614],[16.3165,51.9599],[16.3152,51.9731],[16.3326,51.987],[16.3537,51.9818],[16.3862,51.9952],[16.3842,51.9926],[16.3929,51.986],[16.3848,51.9845],[16.3865,51.988],[16.3813,51.9904],[16.3659,51.9844],[16.3827,51.9837],[16.3809,51.9771],[16.3924,51.9813],[16.4028,51.9751],[16.4068,51.9779],[16.4264,51.9737]],[[16.6088,51.8292],[16.6167,51.8419],[16.6141,51.854],[16.622,51.8557],[16.6243,51.8617],[16.6217,51.8714],[16.615,51.871],[16.6151,51.8815],[16.61,51.8718],[16.5976,51.8676],[16.5699,51.8734],[16.5516,51.868],[16.5567,51.8638],[16.5486,51.8557],[16.5369,51.8618],[16.5385,51.8482],[16.5349,51.8476],[16.547,51.8416],[16.5405,51.836],[16.5277,51.8354],[16.5293,51.831],[16.5385,51.8323],[16.5487,51.8179],[16.5428,51.8143],[16.5496,51.8067],[16.5677,51.8072],[16.566,51.8114],[16.572,51.8167],[16.5864,51.8104],[16.5858,51.8141],[16.6023,51.8167],[16.6088,51.8292]]]}},{"type":"Feature","properties":{"slug":"kolski","name":"powiat kolski","bdlUnitId":"023015809000","voivodeship":"wielkopolskie"},"geometry":{"type":"Polygon","coordinates":[[[18.6577,52.4236],[18.6699,52.4216],[18.6848,52.428],[18.6771,52.4176],[18.6832,52.4096],[18.6794,52.4008],[18.7152,52.3986],[18.7183,52.39],[18.7322,52.38],[18.7325,52.3736],[18.7399,52.3736],[18.7424,52.3647],[18.7532,52.3634],[18.7511,52.3463],[18.7558,52.3318],[18.7601,52.3364],[18.7786,52.3344],[18.7804,52.342],[18.8142,52.3524],[18.8356,52.3431],[18.8555,52.3484],[18.8771,52.3631],[18.8897,52.3595],[18.9125,52.3662],[18.9102,52.3783],[18.9289,52.3781],[18.9208,52.3989],[18.9244,52.3999],[18.953,52.379],[18.9718,52.3769],[18.98,52.3646],[18.9669,52.3612],[18.9694,52.3555],[18.9993,52.353],[19.0081,52.3493],[19.0053,52.3398],[19.029,52.3321],[19.0471,52.3328],[19.045,52.3185],[19.0312,52.318],[19.0363,52.3154],[19.0385,52.2993],[19.0457,52.2957],[19.0315,52.2698],[19.0743,52.2734],[19.1003,52.2659],[19.105,52.2415],[19.0805,52.2385],[19.0799,52.2307],[19.0709,52.2284],[19.0733,52.2228],[19.0821,52.2228],[19.0898,52.2067],[19.0776,52.2001],[19.0524,52.2126],[19.0202,52.2154],[18.9995,52.2111],[18.9922,52.2145],[18.972,52.2072],[18.9703,52.2026],[18.9657,52.2058],[18.9641,52.2024],[18.9636,52.2064],[18.951,52.1954],[18.9433,52.1994],[18.9241,52.1962],[18.9182,52.186],[18.9156,52.1608],[18.909,52.1538],[18.9096,52.1387],[18.9133,52.13],[18.9316,52.1232],[18.9425,52.1279],[18.9471,52.1247],[18.9498,52.1193],[18.944,52.1033],[18.9308,52.1043],[18.9251,52.0793],[18.9051,52.0796],[18.9001,52.0838],[18.8855,52.08],[18.8676,52.0875],[18.8569,52.0866],[18.8518,52.085],[18.8534,52.0814],[18.8421,52.0802],[18.8399,52.0717],[18.8278,52.0642],[18.8194,52.0651],[18.8162,52.0706],[18.7865,52.061],[18.7638,52.0675],[18.7528,52.0765],[18.7179,52.0657],[18.7146,52.0766],[18.693,52.0883],[18.6895,52.0949],[18.6918,52.1052],[18.6865,52.1138],[18.6863,52.1279],[18.6671,52.1354],[18.6526,52.13],[18.6547,52.1272],[18.6501,52.1242],[18.6201,52.1203],[18.6003,52.1277],[18.582,52.1257],[18.5267,52.1366],[18.511,52.1457],[18.4877,52.1509],[18.4696,52.1686],[18.4573,52.1738],[18.4597,52.2043],[18.4807,52.2064],[18.485,52.2101],[18.4842,52.2176],[18.5276,52.2392],[18.5365,52.2529],[18.5119,52.2655],[18.5024,52.2618],[18.4796,52.2731],[18.4906,52.2782],[18.494,52.2857],[18.4879,52.2875],[18.4853,52.2968],[18.5271,52.295],[18.5289,52.3098],[18.5484,52.309],[18.5601,52.3126],[18.5587,52.3155],[18.5754,52.3068],[18.5915,52.3082],[18.5912,52.3175],[18.6018,52.3346],[18.6296,52.34],[18.6098,52.3481],[18.6169,52.3584],[18.6124,52.3593],[18.6159,52.3666],[18.5975,52.372],[18.6101,52.3969],[18.596,52.397],[18.5982,52.4099],[18.5947,52.4175],[18.5899,52.4177],[18.6069,52.4182],[18.6227,52.4252],[18.6327,52.4178],[18.6577,52.4236]]]}},{"type":"Feature","properties":{"slug":"rawicki","name":"powiat rawicki","bdlUnitId":"023015922000","voivodeship":"wielkopolskie"},"geometry":{"type":"Polygon","coordinates":[[[17.1281,51.702],[17.1419,51.7008],[17.1384,51.6934],[17.154,51.6927],[17.1943,51.676],[17.2098,51.6821],[17.2233,51.6776],[17.2348,51.6686],[17.2405,51.6549],[17.2372,51.6523],[17.2399,51.6418],[17.2604,51.6404],[17.2448,51.6394],[17.2421,51.6298],[17.2341,51.6341],[17.2156,51.6296],[17.2083,51.6112],[17.2098,51.6027],[17.2155,51.5993],[17.2107,51.5897],[17.2147,51.5738],[17.2067,51.5671],[17.1992,51.5745],[17.188,51.5765],[17.1708,51.5698],[17.1255,51.5653],[17.1085,51.576],[17.0647,51.5664],[17.0702,51.5551],[17.0593,51.5517],[17.0598,51.5457],[17.0538,51.5452],[17.0461,51.556],[17.0116,51.5545],[17.0071,51.5493],[16.9817,51.5509],[16.9788,51.545],[16.9624,51.5447],[16.9646,51.5492],[16.9588,51.5524],[16.9279,51.5524],[16.8902,51.5803],[16.8536,51.5803],[16.8284,51.5722],[16.8156,51.5847],[16.7928,51.5905],[16.7954,51.5996],[16.8026,51.6008],[16.772,51.6136],[16.7661,51.6277],[16.7764,51.6313],[16.7833,51.641],[16.7691,51.6447],[16.7317,51.6426],[16.7276,51.6475],[16.7154,51.6486],[16.6814,51.6469],[16.685,51.6559],[16.6499,51.6578],[16.6388,51.6677],[16.6422,51.6835],[16.6637,51.6886],[16.6576,51.6892],[16.6595,51.6968],[16.6638,51.6988],[16.6763,51.6922],[16.6769,51.6993],[16.7013,51.7205],[16.7159,51.7206],[16.7378,51.74],[16.7759,51.739],[16.8033,51.7464],[16.8603,51.7339],[16.8587,51.714],[16.8815,51.7086],[16.8798,51.7027],[16.8907,51.6935],[16.9322,51.6958],[16.9388,51.699],[16.9386,51.7039],[16.9343,51.7037],[16.9373,51.7128],[16.9424,51.7133],[16.9838,51.7052],[16.9911,51.7001],[16.9875,51.6968],[16.9948,51.694],[17.0363,51.6984],[17.0329,51.7043],[17.0372,51.7139],[17.0791,51.7196],[17.1038,51.7102],[17.1027,51.7015],[17.1101,51.7052],[17.1183,51.7031],[17.1176,51.6991],[17.1281,51.702]]]}},{"type":"Feature","properties":{"slug":"slupecki","name":"powiat słupecki","bdlUnitId":"023015823000","voivodeship":"wielkopolskie"},"geometry":{"type":"Polygon","coordinates":[[[17.9346,52.0909],[17.8682,52.0831],[17.8527,52.0734],[17.8293,52.0793],[17.8235,52.0881],[17.7912,52.0986],[17.7832,52.1072],[17.768,52.112],[17.7667,52.1188],[17.7785,52.1295],[17.7848,52.1517],[17.8013,52.1562],[17.8225,52.1519],[17.8322,52.1918],[17.8001,52.191],[17.7785,52.1972],[17.7683,52.1933],[17.7631,52.206],[17.7455,52.2167],[17.7407,52.2249],[17.7765,52.2301],[17.7793,52.2339],[17.7703,52.2397],[17.7818,52.2472],[17.7657,52.258],[17.7038,52.2767],[17.694,52.2944],[17.6836,52.2994],[17.6871,52.3063],[17.6944,52.3009],[17.7054,52.3015],[17.7073,52.3059],[17.7289,52.3067],[17.7278,52.31],[17.7433,52.3145],[17.7393,52.3212],[17.7169,52.328],[17.7222,52.336],[17.7069,52.3398],[17.6974,52.3477],[17.6944,52.3626],[17.7006,52.3755],[17.7397,52.3767],[17.7756,52.3682],[17.7933,52.3786],[17.8208,52.3783],[17.8511,52.3866],[17.8513,52.4055],[17.8601,52.4133],[17.8558,52.4195],[17.8635,52.4273],[17.8794,52.4286],[17.9088,52.4444],[17.914,52.4504],[17.9113,52.4555],[17.9206,52.4607],[17.9225,52.4711],[17.9137,52.4748],[17.9136,52.4833],[17.9077,52.4889],[17.9101,52.516],[17.9417,52.5234],[17.9596,52.5367],[17.9752,52.5274],[17.9667,52.5366],[17.9802,52.5504],[17.9877,52.5531],[17.9874,52.5431],[17.9977,52.5414],[18.0026,52.555],[18.0227,52.555],[18.0595,52.5428],[18.0644,52.5517],[18.0954,52.5531],[18.1068,52.5385],[18.0918,52.5317],[18.0902,52.5205],[18.1063,52.5138],[18.1242,52.5164],[18.125,52.5071],[18.1327,52.5062],[18.1324,52.5021],[18.0361,52.4569],[18.0256,52.4481],[18.049,52.4374],[18.073,52.4192],[18.067,52.4105],[18.0679,52.4016],[18.0848,52.4008],[18.0844,52.3891],[18.0898,52.3836],[18.0813,52.3703],[18.0855,52.3675],[18.0833,52.3627],[18.0521,52.3313],[18.0212,52.3308],[18.0321,52.3147],[18.0459,52.3124],[18.0396,52.3032],[18.0512,52.3034],[18.0676,52.2938],[18.0349,52.2847],[18.0338,52.2777],[18.0403,52.2727],[18.0235,52.2535],[18.0268,52.2435],[18.0088,52.2361],[18.0281,52.1967],[18.0233,52.1934],[18.0316,52.1817],[18.0256,52.1743],[18.0281,52.1714],[18.0167,52.1764],[18.0052,52.1567],[17.9898,52.1526],[17.9843,52.1464],[18.0172,52.1359],[18.0329,52.1179],[17.9711,52.1064],[17.9696,52.0973],[17.9582,52.0909],[17.9346,52.0909]]]}},{"type":"Feature","properties":{"slug":"koscierski","name":"powiat kościerski","bdlUnitId":"042217206000","voivodeship":"pomorskie"},"geometry":{"type":"Polygon","coordinates":[[[17.8032,53.9232],[17.8114,53.9334],[17.8072,53.9364],[17.8125,53.9408],[17.8065,53.945],[17.8116,53.9482],[17.8114,53.9593],[17.7923,53.9536],[17.7692,53.9605],[17.748,53.9591],[17.7414,53.9715],[17.7431,53.9772],[17.7244,54.0016],[17.6818,53.9959],[17.6793,54.0089],[17.6629,54.009],[17.6465,54.0254],[17.6673,54.0562],[17.6697,54.0684],[17.6623,54.0803],[17.6641,54.0997],[17.6723,54.1047],[17.684,54.1029],[17.6799,54.0908],[17.6827,54.0874],[17.6938,54.0902],[17.6852,54.0868],[17.697,54.0819],[17.7003,54.0824],[17.697,54.088],[17.7071,54.0917],[17.7021,54.0967],[17.7066,54.1009],[17.713,54.0956],[17.7246,54.0938],[17.7283,54.0995],[17.7366,54.0959],[17.7375,54.1032],[17.7227,54.1123],[17.7213,54.1283],[17.7281,54.1314],[17.721,54.1348],[17.7333,54.1431],[17.739,54.1558],[17.7696,54.15],[17.7717,54.147],[17.7672,54.1453],[17.7743,54.1389],[17.7874,54.166],[17.8019,54.179],[17.8342,54.1786],[17.8449,54.1872],[17.8763,54.191],[17.8967,54.1859],[17.9082,54.1743],[17.9349,54.179],[17.9495,54.1881],[17.9647,54.1893],[17.9692,54.1948],[17.9924,54.198],[18.0005,54.1901],[17.9959,54.1769],[18.0617,54.1812],[18.0704,54.1741],[18.0754,54.1755],[18.0664,54.1842],[18.0944,54.2039],[18.0999,54.1996],[18.1283,54.1993],[18.1385,54.1932],[18.1356,54.1879],[18.1436,54.1863],[18.1673,54.1987],[18.1822,54.1923],[18.2169,54.1911],[18.2301,54.1822],[18.232,54.1703],[18.2228,54.1662],[18.2406,54.1673],[18.2627,54.1613],[18.2781,54.1502],[18.2763,54.1477],[18.3143,54.149],[18.3178,54.1414],[18.3272,54.1411],[18.323,54.1373],[18.333,54.1345],[18.3189,54.1131],[18.3529,54.1092],[18.3292,54.0823],[18.3465,54.0807],[18.3398,54.078],[18.3493,54.0754],[18.3416,54.0722],[18.3484,54.068],[18.3432,54.0662],[18.3513,54.0673],[18.3613,54.0605],[18.344,54.0459],[18.327,54.0502],[18.3186,54.0384],[18.311,54.0402],[18.2883,54.0324],[18.2942,54.0258],[18.2849,54.0142],[18.2956,54.0106],[18.2781,53.9966],[18.2819,53.9928],[18.3022,53.9927],[18.3286,54.0031],[18.3495,53.9775],[18.3179,53.9786],[18.3031,53.9652],[18.2728,53.953],[18.2541,53.9609],[18.241,53.9471],[18.2202,53.9471],[18.2148,53.941],[18.1991,53.9434],[18.2037,53.956],[18.1643,53.962],[18.1351,53.9474],[18.1369,53.9333],[18.1242,53.9337],[18.1064,53.9255],[18.0992,53.9312],[18.0304,53.9017],[18.0139,53.9065],[18.0214,53.9091],[18.0119,53.915],[17.9949,53.9003],[17.9775,53.8975],[17.9705,53.8792],[17.9529,53.8785],[17.9435,53.8667],[17.9323,53.8678],[17.9167,53.8611],[17.9171,53.857],[17.9298,53.8564],[17.9363,53.8496],[17.935,53.8421],[17.9143,53.8354],[17.8678,53.8358],[17.8576,53.8421],[17.848,53.8376],[17.8526,53.8457],[17.8779,53.8548],[17.8784,53.8594],[17.8636,53.8631],[17.8599,53.8704],[17.8651,53.8794],[17.8748,53.8815],[17.8314,53.8991],[17.8197,53.91],[17.8114,53.9076],[17.7976,53.915],[17.8032,53.9232]]]}},{"type":"Feature","properties":{"slug":"wloszczowski","name":"powiat włoszczowski","bdlUnitId":"052615313000","voivodeship":"świętokrzyskie"},"geometry":{"type":"Polygon","coordinates":[[[20.0395,50.9902],[20.0579,50.9808],[20.0791,50.9869],[20.0897,50.9808],[20.118,50.9846],[20.0925,50.9641],[20.1133,50.958],[20.1302,50.941],[20.1434,50.9375],[20.1381,50.9334],[20.1421,50.9311],[20.1465,50.9345],[20.1535,50.9304],[20.1636,50.9363],[20.1586,50.9393],[20.1616,50.9403],[20.1756,50.9297],[20.2053,50.92],[20.2261,50.9009],[20.227,50.8938],[20.1995,50.8685],[20.2496,50.8653],[20.2266,50.863],[20.2412,50.8485],[20.216,50.83],[20.2226,50.8265],[20.2131,50.8195],[20.1989,50.8235],[20.1792,50.8388],[20.1555,50.8425],[20.1516,50.8381],[20.1418,50.8433],[20.1191,50.8278],[20.1157,50.8076],[20.1039,50.8001],[20.1038,50.7886],[20.1077,50.7865],[20.103,50.7874],[20.0951,50.7729],[20.08,50.7723],[20.0816,50.7616],[20.0699,50.7591],[20.0524,50.7402],[20.065,50.7305],[20.0629,50.723],[20.08,50.7156],[20.0962,50.7148],[20.1016,50.7056],[20.0786,50.695],[20.0729,50.68],[20.0467,50.684],[20.0569,50.6687],[20.0419,50.6707],[20.0266,50.6616],[20.0246,50.6531],[20.0318,50.6336],[20.0011,50.6233],[19.9653,50.635],[19.9528,50.6287],[19.9504,50.6158],[19.9246,50.6237],[19.9228,50.6198],[19.9035,50.6196],[19.909,50.6299],[19.9222,50.6394],[19.9098,50.642],[19.8888,50.6366],[19.8829,50.6453],[19.8571,50.6459],[19.8285,50.6544],[19.8417,50.6583],[19.8329,50.6672],[19.837,50.6704],[19.8657,50.6649],[19.8586,50.674],[19.8616,50.6795],[19.873,50.683],[19.8717,50.693],[19.8504,50.6906],[19.8433,50.7057],[19.8083,50.7059],[19.8108,50.7254],[19.8044,50.725],[19.8017,50.7171],[19.7788,50.7217],[19.759,50.7157],[19.7129,50.7292],[19.7195,50.733],[19.7083,50.7438],[19.7044,50.7523],[19.7112,50.7543],[19.7058,50.7618],[19.7225,50.7595],[19.7266,50.771],[19.7343,50.7697],[19.7375,50.765],[19.734,50.7624],[19.7417,50.7547],[19.7702,50.7709],[19.7629,50.7748],[19.7647,50.7777],[19.7954,50.7837],[19.7754,50.7983],[19.7856,50.8071],[19.7907,50.8055],[19.7899,50.8104],[19.7898,50.8061],[19.7788,50.8094],[19.7842,50.8178],[19.7934,50.8186],[19.7976,50.8123],[19.7943,50.8113],[19.8046,50.8079],[19.807,50.8022],[19.8138,50.8024],[19.8234,50.8056],[19.8186,50.8207],[19.8322,50.8197],[19.8194,50.8385],[19.8054,50.8468],[19.7471,50.866],[19.7866,50.8871],[19.7849,50.8919],[19.7888,50.8916],[19.7888,50.8991],[19.7932,50.9006],[19.7893,50.9005],[19.7968,50.9084],[19.808,50.9067],[19.8234,50.9155],[19.8376,50.9173],[19.8488,50.9357],[19.8462,50.9452],[19.8331,50.9499],[19.8345,50.9571],[19.8279,50.9668],[19.8475,50.9947],[19.8635,51.0047],[19.8612,51.0182],[19.8678,51.0248],[19.864,51.0302],[19.8736,51.0389],[19.8752,51.0469],[19.8862,51.0476],[19.8981,51.0281],[19.9369,51.0246],[19.9357,51.0111],[19.9484,51.0131],[19.9588,51.0022],[19.958,50.9903],[20.0175,50.9624],[20.0271,50.9726],[20.0363,50.9732],[20.0395,50.9902]],[[19.7772,50.7757],[19.7784,50.776],[19.7799,50.7773],[19.7818,50.7793],[19.7789,50.7781],[19.7765,50.7764],[19.7772,50.7757]],[[19.7924,50.8103],[19.7939,50.8106],[19.7941,50.8112],[19.792,50.8111],[19.7924,50.8103]],[[19.7951,50.8153],[19.7958,50.8155],[19.795,50.8163],[19.794,50.8158],[19.7951,50.8153]]]}},{"type":"Feature","properties":{"slug":"stargardzki","name":"powiat stargardzki","bdlUnitId":"023216614000","voivodeship":"zachodniopomorskie"},"geometry":{"type":"Polygon","coordinates":[[[15.1516,53.4719],[15.175,53.4778],[15.1754,53.4903],[15.2173,53.4909],[15.2267,53.5003],[15.2106,53.5103],[15.2392,53.5344],[15.2504,53.5373],[15.2743,53.5243],[15.2715,53.5202],[15.2861,53.5256],[15.291,53.5094],[15.2867,53.5042],[15.2922,53.5046],[15.3204,53.5119],[15.3371,53.5316],[15.3538,53.5332],[15.3942,53.5485],[15.4002,53.542],[15.3941,53.532],[15.4056,53.5181],[15.4273,53.5207],[15.4372,53.5108],[15.4231,53.5097],[15.428,53.5028],[15.4464,53.501],[15.4682,53.477],[15.5018,53.4745],[15.508,53.468],[15.5072,53.4717],[15.5156,53.4708],[15.5521,53.4887],[15.5567,53.4966],[15.5641,53.4933],[15.5793,53.4961],[15.5853,53.5054],[15.6078,53.5065],[15.6248,53.5016],[15.6279,53.4951],[15.618,53.4908],[15.6288,53.4814],[15.6381,53.4802],[15.6885,53.4845],[15.6968,53.4982],[15.7103,53.4995],[15.7217,53.4917],[15.6995,53.4743],[15.6745,53.4681],[15.6802,53.4668],[15.6521,53.4542],[15.6488,53.4472],[15.6569,53.4478],[15.6442,53.4359],[15.5945,53.4251],[15.6047,53.4225],[15.6009,53.4027],[15.5942,53.3976],[15.5974,53.3799],[15.6051,53.3767],[15.593,53.3735],[15.5909,53.3695],[15.5965,53.3671],[15.5871,53.3654],[15.59,53.347],[15.5613,53.3411],[15.5462,53.3328],[15.5205,53.3323],[15.5175,53.3308],[15.5222,53.3248],[15.5057,53.3176],[15.4847,53.3157],[15.4852,53.3086],[15.4736,53.3108],[15.4732,53.3042],[15.4636,53.307],[15.4795,53.2964],[15.4778,53.2808],[15.469,53.2759],[15.4912,53.2706],[15.4875,53.2655],[15.4699,53.2604],[15.4786,53.2492],[15.4944,53.2537],[15.4996,53.2439],[15.4921,53.2372],[15.4586,53.2334],[15.388,53.2508],[15.3516,53.2486],[15.315,53.2547],[15.2923,53.2502],[15.2837,53.2529],[15.2745,53.2462],[15.254,53.2184],[15.2681,53.2025],[15.2962,53.2001],[15.3048,53.2073],[15.3068,53.2014],[15.3226,53.2084],[15.3546,53.1962],[15.3414,53.1893],[15.3502,53.1857],[15.3528,53.1787],[15.3586,53.1794],[15.3572,53.1754],[15.367,53.1748],[15.3639,53.1693],[15.3678,53.1661],[15.3313,53.1625],[15.3351,53.1464],[15.323,53.1309],[15.3106,53.1352],[15.2729,53.1131],[15.278,53.1043],[15.2679,53.0947],[15.248,53.0973],[15.2349,53.0907],[15.2201,53.095],[15.2058,53.0819],[15.1915,53.0909],[15.201,53.0957],[15.2032,53.1022],[15.198,53.1084],[15.2051,53.1133],[15.1924,53.1163],[15.2122,53.1376],[15.1587,53.1551],[15.1505,53.1624],[15.1724,53.1633],[15.181,53.1783],[15.1054,53.1737],[15.1042,53.1795],[15.0929,53.179],[15.0922,53.1853],[15.0809,53.1828],[15.0491,53.1932],[15.0442,53.19],[15.0368,53.2054],[15.051,53.2002],[15.064,53.2091],[15.0712,53.2176],[15.0688,53.2328],[15.0586,53.2486],[15.0411,53.26],[15.0197,53.258],[15.0241,53.2684],[15.0094,53.2607],[15.004,53.2636],[15.0125,53.2758],[14.9966,53.2808],[14.9982,53.2848],[14.9779,53.2582],[14.9462,53.2571],[14.9512,53.2503],[14.938,53.2461],[14.9343,53.2547],[14.8618,53.2465],[14.8589,53.2724],[14.8743,53.2781],[14.8689,53.2893],[14.8752,53.3014],[14.8695,53.3031],[14.8658,53.299],[14.8677,53.3041],[14.8622,53.307],[14.8688,53.3085],[14.8502,53.31],[14.8406,53.3202],[14.8078,53.3166],[14.8009,53.3258],[14.8046,53.3343],[14.7917,53.3452],[14.7836,53.3458],[14.788,53.3506],[14.7693,53.345],[14.7595,53.3616],[14.732,53.3726],[14.7588,53.3832],[14.7632,53.3824],[14.7636,53.3767],[14.7751,53.3769],[14.7748,53.3821],[14.7663,53.3834],[14.7903,53.3945],[14.778,53.403],[14.7776,53.4257],[14.8933,53.4393],[14.8784,53.4455],[14.8761,53.4522],[14.8862,53.4534],[14.8843,53.4625],[14.8932,53.4591],[14.8969,53.4495],[14.916,53.4438],[14.9613,53.4585],[15.007,53.4598],[15.014,53.4527],[15.0605,53.4711],[15.0694,53.4595],[15.0945,53.4654],[15.1208,53.4804],[15.1286,53.4692],[15.1516,53.4719]]]}},{"type":"Feature","properties":{"slug":"gizycki","name":"powiat giżycki","bdlUnitId":"042815506000","voivodeship":"warmińsko-mazurskie"},"geometry":{"type":"Polygon","coordinates":[[[22.0227,54.1725],[22.0523,54.179],[22.0636,54.1703],[22.0881,54.1765],[22.1194,54.1744],[22.1462,54.1815],[22.1575,54.1788],[22.1366,54.1397],[22.1102,54.1335],[22.1483,54.1083],[22.1499,54.1015],[22.1809,54.0915],[22.2006,54.0608],[22.214,54.0537],[22.2112,54.0487],[22.1949,54.0493],[22.1905,54.045],[22.192,54.038],[22.1514,54.0349],[22.1565,54.0266],[22.1498,54.0197],[22.1572,54.0186],[22.1568,54.0094],[22.1659,54.0038],[22.1515,54.0019],[22.1449,53.9963],[22.1307,54.0011],[22.1333,53.9982],[22.1284,53.9978],[22.1361,53.9957],[22.1402,53.9862],[22.1141,53.9805],[22.108,53.9604],[22.0995,53.9554],[22.1057,53.9506],[22.0875,53.9402],[22.0939,53.9274],[22.0891,53.9249],[22.1131,53.9164],[22.097,53.9031],[22.1186,53.8955],[22.1165,53.888],[22.1275,53.8848],[22.1308,53.8917],[22.1384,53.8887],[22.153,53.8921],[22.1543,53.8822],[22.1357,53.8751],[22.1448,53.865],[22.0787,53.8692],[22.0596,53.8599],[22.0442,53.859],[22.0241,53.8781],[22.0085,53.8789],[22.0015,53.8659],[21.986,53.8708],[21.9643,53.8605],[21.9495,53.8588],[21.8984,53.8928],[21.8731,53.8868],[21.8735,53.9026],[21.8619,53.8896],[21.863,53.8836],[21.8506,53.8801],[21.8093,53.8922],[21.7958,53.8878],[21.7969,53.8839],[21.7784,53.8839],[21.7249,53.8952],[21.7119,53.8933],[21.7091,53.8872],[21.6994,53.8939],[21.6828,53.891],[21.6734,53.8808],[21.663,53.8776],[21.6492,53.8776],[21.6409,53.8837],[21.6147,53.8797],[21.6036,53.8651],[21.5626,53.8709],[21.5262,53.8546],[21.504,53.8735],[21.4974,53.8651],[21.4974,53.8773],[21.4831,53.8866],[21.4767,53.8977],[21.4766,53.9065],[21.4828,53.9098],[21.4704,53.9081],[21.4578,53.9132],[21.4606,53.9208],[21.4573,53.9251],[21.4379,53.9293],[21.4297,53.9429],[21.4586,53.9599],[21.481,53.9663],[21.4813,53.9734],[21.4888,53.9782],[21.514,53.9866],[21.5372,53.9852],[21.5515,53.9973],[21.5504,54.0189],[21.5414,54.0172],[21.5497,54.0416],[21.5407,54.0575],[21.5619,54.0662],[21.5622,54.0808],[21.5734,54.0876],[21.5623,54.1003],[21.5829,54.097],[21.6005,54.1127],[21.6261,54.117],[21.6484,54.1154],[21.6722,54.1025],[21.7205,54.0971],[21.7365,54.1013],[21.746,54.0963],[21.7658,54.1015],[21.7679,54.0953],[21.7823,54.0917],[21.8167,54.0918],[21.825,54.1006],[21.8383,54.0998],[21.8874,54.0872],[21.8997,54.0923],[21.9199,54.1117],[21.9291,54.1139],[21.9376,54.1287],[21.934,54.132],[21.9628,54.1311],[21.9868,54.1391],[21.9901,54.1352],[22.0251,54.1391],[22.0217,54.1442],[22.0261,54.1506],[22.0197,54.1497],[22.0232,54.1507],[22.0203,54.1547],[22.026,54.1547],[22.0204,54.1551],[22.0227,54.1725]]]}},{"type":"Feature","properties":{"slug":"mragowski","name":"powiat mrągowski","bdlUnitId":"042815610000","voivodeship":"warmińsko-mazurskie"},"geometry":{"type":"Polygon","coordinates":[[[21.3453,53.6327],[21.3139,53.6279],[21.3064,53.6308],[21.302,53.6371],[21.2969,53.6365],[21.2957,53.645],[21.2524,53.664],[21.2567,53.6678],[21.2512,53.6716],[21.2326,53.6698],[21.2303,53.6604],[21.2341,53.656],[21.2307,53.6539],[21.2177,53.6689],[21.2016,53.6753],[21.2038,53.679],[21.1993,53.6816],[21.2134,53.6787],[21.2174,53.687],[21.1815,53.7029],[21.1721,53.7139],[21.1633,53.7141],[21.1506,53.725],[21.1148,53.7343],[21.1116,53.7431],[21.117,53.7472],[21.1023,53.7643],[21.1053,53.7758],[21.0949,53.7827],[21.0955,53.7885],[21.0901,53.7927],[21.1229,53.7991],[21.1084,53.8089],[21.1042,53.8247],[21.083,53.8251],[21.0514,53.8667],[21.0759,53.8802],[21.1465,53.9595],[21.1717,53.9578],[21.1807,53.9382],[21.231,53.9445],[21.2389,53.9465],[21.2186,53.9592],[21.232,53.9548],[21.2327,53.9699],[21.2793,53.978],[21.3126,53.9945],[21.3308,53.98],[21.3496,53.9938],[21.384,53.9958],[21.4077,53.9678],[21.4356,53.9763],[21.4586,53.9599],[21.4315,53.9469],[21.4359,53.9436],[21.4297,53.9429],[21.4363,53.9354],[21.4331,53.9351],[21.4379,53.9293],[21.4561,53.9262],[21.4606,53.9208],[21.4578,53.9132],[21.4627,53.9102],[21.4828,53.9098],[21.4766,53.9065],[21.4767,53.8977],[21.4831,53.8866],[21.4974,53.8773],[21.4974,53.8651],[21.504,53.8735],[21.5262,53.8546],[21.5626,53.8709],[21.6036,53.8651],[21.6147,53.8797],[21.6409,53.8837],[21.6492,53.8776],[21.663,53.8776],[21.6864,53.8922],[21.6994,53.8939],[21.7091,53.8872],[21.7148,53.8941],[21.7438,53.8919],[21.7111,53.8632],[21.734,53.8449],[21.7329,53.837],[21.7283,53.8353],[21.733,53.825],[21.6985,53.8211],[21.6941,53.8025],[21.6875,53.8017],[21.6897,53.7957],[21.7048,53.799],[21.7196,53.7959],[21.6802,53.7223],[21.6483,53.732],[21.6419,53.7435],[21.6298,53.75],[21.6308,53.7576],[21.6201,53.7648],[21.5992,53.7576],[21.5657,53.7341],[21.5463,53.7448],[21.5348,53.7417],[21.5416,53.7464],[21.523,53.747],[21.5201,53.743],[21.5174,53.7524],[21.5111,53.7455],[21.522,53.7302],[21.5195,53.7236],[21.484,53.7259],[21.4828,53.7206],[21.4622,53.7219],[21.4586,53.7086],[21.4662,53.7081],[21.4647,53.6984],[21.4578,53.6934],[21.4718,53.6664],[21.4628,53.6525],[21.4809,53.6535],[21.476,53.632],[21.3871,53.6398],[21.3761,53.6453],[21.375,53.6317],[21.3689,53.6272],[21.3557,53.6273],[21.356,53.6317],[21.3499,53.6328],[21.3457,53.6303],[21.3514,53.6273],[21.3408,53.6266],[21.3399,53.631],[21.3453,53.6327]]]}},{"type":"Feature","properties":{"slug":"glogowski","name":"powiat głogowski","bdlUnitId":"030210203000","voivodeship":"dolnośląskie"},"geometry":{"type":"Polygon","coordinates":[[[15.9802,51.6108],[15.9578,51.6138],[15.9692,51.6183],[15.9674,51.6227],[15.972,51.6249],[15.9679,51.6334],[15.9625,51.6385],[15.9385,51.64],[15.9487,51.6477],[15.9364,51.6493],[15.9331,51.6631],[15.9208,51.6606],[15.9211,51.6693],[15.8955,51.6721],[15.8817,51.6684],[15.8683,51.67],[15.8742,51.6721],[15.8678,51.6734],[15.8497,51.6652],[15.8343,51.6722],[15.8448,51.6754],[15.8425,51.6816],[15.855,51.6889],[15.8684,51.6887],[15.8623,51.6925],[15.8656,51.6926],[15.8627,51.7018],[15.8679,51.7063],[15.8695,51.7197],[15.8824,51.7199],[15.8947,51.7303],[15.9124,51.7255],[15.9264,51.7296],[15.9298,51.7376],[15.9632,51.7337],[15.9608,51.743],[15.9801,51.7453],[15.9737,51.7463],[15.9766,51.7481],[15.9688,51.7683],[15.9771,51.7681],[15.98,51.7736],[15.989,51.7692],[16.0086,51.7757],[16.0043,51.7798],[15.9823,51.7785],[15.9719,51.7825],[15.966,51.7915],[15.9826,51.7998],[15.9792,51.8023],[15.9948,51.8048],[16.0039,51.8005],[16.029,51.8024],[16.035,51.7953],[16.0352,51.7817],[16.07,51.7826],[16.079,51.7732],[16.0982,51.7665],[16.134,51.7652],[16.1335,51.7583],[16.1778,51.764],[16.1586,51.718],[16.16,51.7117],[16.1723,51.7092],[16.1994,51.718],[16.2176,51.7146],[16.2278,51.6987],[16.2233,51.6954],[16.2515,51.6863],[16.2692,51.6637],[16.3018,51.6618],[16.3092,51.6562],[16.312,51.6444],[16.3341,51.643],[16.3293,51.6321],[16.3352,51.6152],[16.3554,51.6092],[16.3555,51.603],[16.3458,51.5958],[16.3331,51.6014],[16.3152,51.6012],[16.3169,51.6059],[16.3037,51.613],[16.2825,51.6106],[16.2384,51.6168],[16.2138,51.6343],[16.2045,51.6317],[16.2037,51.6267],[16.1867,51.6296],[16.1964,51.6191],[16.184,51.6174],[16.1854,51.613],[16.1787,51.6114],[16.1706,51.6174],[16.1421,51.6169],[16.1431,51.6117],[16.1126,51.6076],[16.0992,51.6146],[16.0868,51.6112],[16.082,51.6043],[16.096,51.6003],[16.0946,51.594],[16.1067,51.5906],[16.0985,51.5908],[16.0854,51.58],[16.0845,51.5743],[16.0964,51.5639],[16.0947,51.5608],[16.0756,51.563],[16.0697,51.5562],[16.0417,51.5537],[16.0298,51.5592],[16.0001,51.5378],[15.9819,51.5473],[15.9626,51.5459],[15.9634,51.55],[15.9851,51.5613],[16.0193,51.6074],[15.9989,51.6156],[15.9802,51.6108]]]}},{"type":"Feature","properties":{"slug":"choszczenski","name":"powiat choszczeński","bdlUnitId":"023216402000","voivodeship":"zachodniopomorskie"},"geometry":{"type":"Polygon","coordinates":[[[15.5848,53.3433],[15.5886,53.336],[15.5912,53.3398],[15.5975,53.3365],[15.5881,53.3311],[15.5878,53.3264],[15.6082,53.311],[15.6344,53.3083],[15.6147,53.2926],[15.6288,53.2895],[15.6846,53.2885],[15.6942,53.2986],[15.7109,53.2972],[15.7092,53.3061],[15.7321,53.3138],[15.7664,53.314],[15.7692,53.308],[15.7784,53.3069],[15.7709,53.2967],[15.7757,53.2891],[15.7719,53.2831],[15.7811,53.2809],[15.7937,53.2695],[15.8047,53.2483],[15.8152,53.2405],[15.8165,53.2259],[15.8228,53.2263],[15.8436,53.213],[15.8689,53.2261],[15.8831,53.2228],[15.9028,53.2256],[15.9066,53.2146],[15.8957,53.2141],[15.8979,53.2096],[15.8917,53.201],[15.9195,53.2067],[15.9174,53.2161],[15.9225,53.2182],[15.9859,53.2174],[16.0034,53.2284],[16.0029,53.2395],[16.01,53.2429],[16.0189,53.2342],[16.0366,53.2321],[16.0232,53.2269],[16.0169,53.2119],[16.0119,53.2113],[16.0168,53.2073],[15.9991,53.1985],[15.995,53.1846],[15.98,53.1721],[15.9628,53.129],[15.9892,53.1229],[15.9793,53.1103],[15.9162,53.1193],[15.9118,53.124],[15.8482,53.1152],[15.86,53.0937],[15.8115,53.0844],[15.8093,53.0811],[15.8216,53.0652],[15.7802,53.0605],[15.802,53.0526],[15.8076,53.0454],[15.7879,53.0428],[15.778,53.0298],[15.7627,53.0267],[15.778,53.0151],[15.774,53.0144],[15.7728,53.0034],[15.7605,52.9951],[15.7211,52.9866],[15.7044,52.9957],[15.6817,52.9973],[15.6334,52.9764],[15.6155,52.9843],[15.588,52.9811],[15.5805,52.9889],[15.5722,52.9869],[15.5552,53.0113],[15.5469,53.0145],[15.5328,53.0057],[15.4653,52.9887],[15.4438,52.9899],[15.3883,52.9716],[15.3862,52.9658],[15.39,52.9621],[15.3686,52.9466],[15.362,52.9481],[15.363,52.9441],[15.3517,52.9416],[15.2868,52.9572],[15.2972,52.9675],[15.2889,52.9802],[15.2971,52.9821],[15.2875,52.9834],[15.2829,53.0091],[15.264,53.0132],[15.263,53.0189],[15.2597,53.0147],[15.2479,53.0169],[15.2578,53.0179],[15.258,53.0264],[15.2494,53.0284],[15.243,53.0198],[15.2391,53.0298],[15.2435,53.035],[15.2055,53.0441],[15.2192,53.075],[15.2058,53.0819],[15.2201,53.095],[15.2349,53.0907],[15.248,53.0973],[15.2679,53.0947],[15.278,53.1043],[15.2729,53.1131],[15.3106,53.1352],[15.323,53.1309],[15.3351,53.1464],[15.3313,53.1625],[15.3678,53.1661],[15.3639,53.1693],[15.367,53.1748],[15.3572,53.1754],[15.3586,53.1794],[15.3528,53.1787],[15.3502,53.1857],[15.3414,53.1893],[15.3546,53.1962],[15.3226,53.2084],[15.3068,53.2014],[15.3048,53.2073],[15.2962,53.2001],[15.2701,53.2008],[15.254,53.2184],[15.2653,53.2353],[15.2826,53.2526],[15.2923,53.2502],[15.315,53.2547],[15.3516,53.2486],[15.388,53.2508],[15.4586,53.2334],[15.4921,53.2372],[15.4996,53.2439],[15.4944,53.2537],[15.4786,53.2492],[15.4699,53.2604],[15.4875,53.2655],[15.4912,53.2706],[15.469,53.2759],[15.4778,53.2808],[15.4795,53.2964],[15.4636,53.307],[15.4732,53.3042],[15.4736,53.3108],[15.4852,53.3086],[15.4847,53.3157],[15.5057,53.3176],[15.5222,53.3248],[15.5175,53.3308],[15.5205,53.3323],[15.5462,53.3328],[15.5663,53.3426],[15.5848,53.3433]]]}},{"type":"Feature","properties":{"slug":"rybnicki","name":"powiat rybnicki","bdlUnitId":"012414912000","voivodeship":"śląskie"},"geometry":{"type":"MultiPolygon","coordinates":[[[[18.4858,50.1147],[18.4896,50.1086],[18.4814,50.1006],[18.482,50.084],[18.4642,50.0835],[18.4564,50.0903],[18.4288,50.087],[18.3953,50.071],[18.3742,50.0739],[18.363,50.0837],[18.357,50.0819],[18.3373,50.089],[18.3383,50.0923],[18.316,50.0958],[18.3104,50.1036],[18.2957,50.1008],[18.2926,50.104],[18.3025,50.1113],[18.2908,50.1127],[18.2935,50.115],[18.2831,50.1233],[18.2889,50.1311],[18.3125,50.1271],[18.3198,50.1378],[18.3376,50.1441],[18.3439,50.1402],[18.3514,50.1453],[18.4007,50.1381],[18.4092,50.1405],[18.4054,50.1436],[18.4074,50.1551],[18.4423,50.156],[18.4678,50.1491],[18.4616,50.1472],[18.4606,50.1425],[18.4671,50.1412],[18.4519,50.1206],[18.4937,50.1204],[18.4858,50.1147]]],[[[18.7261,50.0658],[18.7081,50.0726],[18.6825,50.0722],[18.6376,50.0851],[18.6318,50.1105],[18.6166,50.1092],[18.6135,50.1209],[18.5926,50.1165],[18.5949,50.1276],[18.6049,50.1345],[18.6116,50.1316],[18.6178,50.142],[18.6319,50.1513],[18.6291,50.1527],[18.6046,50.1494],[18.5754,50.1377],[18.5702,50.1325],[18.5727,50.1251],[18.5599,50.1323],[18.5543,50.1297],[18.5533,50.1347],[18.5724,50.1484],[18.558,50.181],[18.5874,50.1726],[18.6116,50.1781],[18.6285,50.1731],[18.6439,50.189],[18.6461,50.1826],[18.6615,50.1819],[18.6723,50.175],[18.6879,50.1764],[18.6838,50.1784],[18.6946,50.1752],[18.7006,50.1837],[18.7134,50.1837],[18.7052,50.1926],[18.7082,50.2019],[18.7197,50.2001],[18.7271,50.1845],[18.7459,50.1743],[18.7507,50.1593],[18.7307,50.1549],[18.7309,50.1312],[18.7386,50.1304],[18.7399,50.1112],[18.7499,50.1118],[18.7528,50.1075],[18.752,50.1015],[18.7314,50.0909],[18.7325,50.0854],[18.722,50.0821],[18.7277,50.0776],[18.7261,50.0658]]],[[[18.5232,50.0382],[18.5394,50.0589],[18.5456,50.0529],[18.5571,50.0579],[18.5662,50.0528],[18.5767,50.0612],[18.5833,50.0546],[18.5765,50.0493],[18.588,50.0425],[18.5863,50.0362],[18.6107,50.0404],[18.6023,50.0312],[18.608,50.0291],[18.6078,50.0206],[18.6156,50.0145],[18.6141,50.0073],[18.5821,49.9969],[18.5719,49.9981],[18.574,50.0061],[18.5551,50.0143],[18.5491,50.0336],[18.5232,50.0382]]]]}},{"type":"Feature","properties":{"slug":"inowroclawski","name":"powiat inowrocławski","bdlUnitId":"040416707000","voivodeship":"kujawsko-pomorskie"},"geometry":{"type":"Polygon","coordinates":[[[18.0088,52.9628],[18.0524,52.9736],[18.0473,52.9711],[18.0691,52.962],[18.0658,52.9575],[18.0793,52.9538],[18.0814,52.9578],[18.0824,52.9481],[18.0977,52.9486],[18.1017,52.9428],[18.1287,52.9417],[18.136,52.9441],[18.1379,52.9498],[18.1493,52.9513],[18.1586,52.9498],[18.1578,52.9448],[18.1708,52.9485],[18.1756,52.9426],[18.218,52.946],[18.2243,52.9532],[18.2534,52.9548],[18.2569,52.9586],[18.244,52.9741],[18.2286,52.9777],[18.2286,52.9848],[18.2541,52.9801],[18.296,52.981],[18.2919,52.9882],[18.3069,52.991],[18.312,52.9777],[18.3075,52.9709],[18.3177,52.9705],[18.3409,52.9809],[18.339,52.9853],[18.35,52.9876],[18.4077,52.9885],[18.4073,52.9839],[18.3824,52.9807],[18.385,52.975],[18.3609,52.9461],[18.4397,52.9558],[18.4457,52.9424],[18.4957,52.9485],[18.5129,52.908],[18.5078,52.907],[18.525,52.9029],[18.5187,52.8993],[18.5647,52.879],[18.5537,52.8535],[18.5453,52.855],[18.5382,52.8434],[18.5314,52.8419],[18.544,52.8346],[18.53,52.8184],[18.5422,52.8199],[18.5525,52.8102],[18.5722,52.814],[18.5878,52.7979],[18.6129,52.7999],[18.6251,52.7829],[18.6042,52.7537],[18.5543,52.7562],[18.5413,52.7437],[18.5006,52.748],[18.5076,52.714],[18.4999,52.6921],[18.4696,52.6892],[18.4721,52.6725],[18.4683,52.663],[18.4757,52.6559],[18.4611,52.6559],[18.4568,52.6456],[18.4632,52.6343],[18.4803,52.6245],[18.478,52.6077],[18.4815,52.5986],[18.4733,52.5909],[18.4743,52.5862],[18.4809,52.5849],[18.4757,52.5789],[18.4474,52.5787],[18.4489,52.5758],[18.4394,52.5697],[18.4438,52.5588],[18.42,52.5538],[18.3885,52.5393],[18.3757,52.5372],[18.3534,52.5431],[18.348,52.5672],[18.3612,52.5817],[18.3605,52.5915],[18.3166,52.5932],[18.3058,52.5916],[18.3088,52.5834],[18.3009,52.5828],[18.2822,52.5929],[18.2821,52.5969],[18.2652,52.5968],[18.2406,52.6091],[18.2412,52.6173],[18.254,52.6256],[18.2561,52.6334],[18.2379,52.6394],[18.2434,52.6472],[18.2436,52.6609],[18.2626,52.6653],[18.2526,52.6713],[18.2356,52.6722],[18.2633,52.6976],[18.2392,52.7003],[18.2362,52.7132],[18.2396,52.7137],[18.2272,52.7326],[18.1959,52.7283],[18.1891,52.7158],[18.1804,52.7195],[18.1751,52.7098],[18.1558,52.7137],[18.1432,52.6947],[18.1517,52.6919],[18.1478,52.6884],[18.1171,52.6932],[18.1151,52.6894],[18.073,52.6888],[18.0646,52.6816],[18.0666,52.6775],[18.0434,52.6731],[18.0366,52.6842],[18.01,52.6823],[18.0082,52.6853],[18.0136,52.6878],[18.0103,52.7128],[18.0008,52.7117],[17.9976,52.7155],[18.0113,52.7193],[18.0096,52.7269],[18.018,52.7361],[18.0323,52.7386],[18.0295,52.7508],[18.0323,52.7628],[18.0386,52.7674],[18.013,52.7704],[18.0186,52.7738],[18.0203,52.7824],[18.005,52.7921],[17.995,52.7918],[17.9964,52.797],[18.017,52.807],[18.0526,52.8064],[18.0589,52.8182],[18.0546,52.8205],[18.0686,52.8314],[18.056,52.8366],[18.0705,52.8489],[18.0495,52.8576],[18.0602,52.8815],[18.0467,52.8928],[18.0507,52.8956],[18.0418,52.8971],[18.0328,52.9077],[17.9967,52.9061],[17.9677,52.9235],[17.9895,52.937],[17.9897,52.9426],[18.0157,52.9448],[18.0088,52.9628]]]}},{"type":"Feature","properties":{"slug":"brodnicki","name":"powiat brodnicki","bdlUnitId":"040410702000","voivodeship":"kujawsko-pomorskie"},"geometry":{"type":"Polygon","coordinates":[[[19.2535,53.1998],[19.2271,53.216],[19.2301,53.2228],[19.2245,53.2273],[19.2134,53.2237],[19.2092,53.2306],[19.1693,53.2377],[19.1696,53.2255],[19.1421,53.2275],[19.1434,53.2311],[19.1334,53.2393],[19.1399,53.2475],[19.1135,53.2671],[19.1394,53.2771],[19.1429,53.2841],[19.1351,53.2896],[19.1348,53.3051],[19.1284,53.3076],[19.1321,53.312],[19.1251,53.3153],[19.1323,53.3136],[19.1326,53.3222],[19.1581,53.3264],[19.1434,53.3384],[19.1387,53.3335],[19.119,53.3353],[19.1224,53.3394],[19.1189,53.3434],[19.084,53.3575],[19.1166,53.3736],[19.1051,53.3822],[19.1391,53.4213],[19.1195,53.43],[19.1397,53.438],[19.1395,53.4465],[19.1864,53.4418],[19.1952,53.4526],[19.222,53.4569],[19.2325,53.4526],[19.2447,53.4577],[19.2417,53.453],[19.2457,53.444],[19.2411,53.4409],[19.2546,53.4315],[19.2497,53.4226],[19.2395,53.4172],[19.2325,53.4212],[19.2372,53.4159],[19.2317,53.4146],[19.2457,53.4105],[19.2592,53.3965],[19.2875,53.3906],[19.2917,53.3851],[19.296,53.395],[19.3051,53.4001],[19.2987,53.4028],[19.2922,53.3988],[19.3077,53.4068],[19.3074,53.4115],[19.3295,53.405],[19.3689,53.4129],[19.3806,53.4109],[19.3928,53.3884],[19.3971,53.3882],[19.3948,53.3946],[19.408,53.3925],[19.4178,53.3789],[19.4474,53.3756],[19.4287,53.3592],[19.458,53.3598],[19.4732,53.3716],[19.4819,53.3709],[19.4786,53.3622],[19.4833,53.36],[19.5085,53.3709],[19.5199,53.3703],[19.5183,53.3585],[19.524,53.3595],[19.5211,53.3572],[19.5287,53.3527],[19.519,53.3393],[19.5226,53.3368],[19.5201,53.3304],[19.587,53.3317],[19.6073,53.3416],[19.6124,53.3383],[19.6416,53.3446],[19.6901,53.3363],[19.6893,53.3082],[19.6851,53.3041],[19.7181,53.3021],[19.7122,53.2886],[19.7258,53.2838],[19.717,53.2809],[19.7306,53.2709],[19.7132,53.2745],[19.6833,53.2584],[19.6832,53.2542],[19.6919,53.2522],[19.6895,53.2339],[19.7001,53.2365],[19.7436,53.2282],[19.7426,53.2218],[19.7527,53.2126],[19.7365,53.2032],[19.7469,53.1933],[19.742,53.1879],[19.7511,53.1843],[19.7466,53.1797],[19.7508,53.1784],[19.7616,53.1518],[19.712,53.1347],[19.7105,53.1215],[19.6929,53.1195],[19.6847,53.1231],[19.6827,53.1129],[19.6727,53.1127],[19.6671,53.1061],[19.6523,53.1069],[19.6506,53.1124],[19.6414,53.1156],[19.6119,53.1181],[19.6136,53.1111],[19.5927,53.1058],[19.5879,53.0889],[19.5938,53.085],[19.5896,53.0803],[19.5529,53.0888],[19.5126,53.1074],[19.4974,53.0999],[19.4868,53.1002],[19.4754,53.1116],[19.4695,53.1103],[19.4751,53.1122],[19.4714,53.1164],[19.4005,53.1072],[19.3683,53.1075],[19.3588,53.1208],[19.3373,53.1242],[19.3331,53.1295],[19.3504,53.1356],[19.3289,53.1704],[19.3451,53.1721],[19.3197,53.1891],[19.3278,53.1942],[19.3185,53.1931],[19.3312,53.1995],[19.3294,53.208],[19.3411,53.2028],[19.3446,53.2037],[19.3428,53.2084],[19.3274,53.2166],[19.3038,53.2112],[19.3008,53.2159],[19.29,53.2122],[19.2922,53.2093],[19.2705,53.2087],[19.2568,53.1975],[19.2535,53.1998]]]}},{"type":"Feature","properties":{"slug":"wloclawski","name":"powiat włocławski","bdlUnitId":"040410818000","voivodeship":"kujawsko-pomorskie"},"geometry":{"type":"MultiPolygon","coordinates":[[[[19.0646,52.7559],[19.0434,52.7619],[19.0375,52.7683],[19.0421,52.7736],[19.071,52.7793],[19.0791,52.777],[19.0835,52.7676],[19.0646,52.7559]]],[[[18.9385,52.7826],[18.9522,52.7726],[18.9599,52.7487],[18.9826,52.736],[18.9521,52.7317],[18.9546,52.7211],[18.9431,52.7187],[18.9457,52.7083],[18.9394,52.7078],[18.9394,52.6966],[18.987,52.6876],[19.0175,52.6759],[19.0099,52.6721],[19.0262,52.656],[19.0361,52.6559],[19.0065,52.6435],[19.0202,52.6445],[19.0308,52.6369],[19.0254,52.6274],[19.0296,52.6266],[19.004,52.6028],[19.0105,52.5948],[19.0466,52.6003],[19.059,52.6342],[19.0695,52.6308],[19.071,52.6248],[19.0897,52.6214],[19.0972,52.6104],[19.1063,52.6133],[19.1112,52.6234],[19.1057,52.6244],[19.1083,52.6302],[19.1357,52.6313],[19.1339,52.6267],[19.1397,52.6255],[19.1366,52.6305],[19.1497,52.6265],[19.172,52.6351],[19.1659,52.6386],[19.1763,52.6559],[19.2975,52.6316],[19.2959,52.6283],[19.3381,52.6273],[19.3414,52.6346],[19.4261,52.6114],[19.4145,52.5959],[19.3952,52.5901],[19.3949,52.5773],[19.3906,52.5734],[19.3782,52.5686],[19.3411,52.5671],[19.3466,52.5447],[19.3554,52.5371],[19.3488,52.5281],[19.3292,52.5379],[19.3309,52.5329],[19.3196,52.5349],[19.3217,52.5292],[19.3331,52.5249],[19.3848,52.5195],[19.3957,52.5129],[19.3636,52.5038],[19.354,52.4885],[19.3581,52.4813],[19.3389,52.4798],[19.3191,52.4487],[19.2991,52.4453],[19.2681,52.4488],[19.2592,52.4426],[19.2618,52.4357],[19.2867,52.433],[19.2961,52.4246],[19.298,52.418],[19.2934,52.4183],[19.293,52.4112],[19.2804,52.4055],[19.2905,52.3978],[19.2892,52.3927],[19.2706,52.393],[19.2614,52.3876],[19.2639,52.3842],[19.2364,52.3693],[19.2367,52.3622],[19.21,52.3656],[19.2092,52.3534],[19.2249,52.3442],[19.2219,52.3422],[19.2007,52.3513],[19.206,52.356],[19.1996,52.36],[19.1874,52.3485],[19.1596,52.3408],[19.1504,52.3467],[19.124,52.3428],[19.0992,52.3479],[19.0765,52.3395],[19.0552,52.3376],[19.064,52.3306],[19.029,52.3321],[19.0053,52.3398],[19.0081,52.3493],[18.9993,52.353],[18.9694,52.3555],[18.9669,52.3612],[18.98,52.3646],[18.9735,52.3699],[18.9754,52.375],[18.953,52.379],[18.9244,52.3999],[18.9208,52.3989],[18.9289,52.3781],[18.9102,52.3783],[18.9125,52.3662],[18.8897,52.3595],[18.8771,52.3631],[18.8555,52.3484],[18.8356,52.3431],[18.8142,52.3524],[18.7804,52.342],[18.7786,52.3344],[18.7601,52.3364],[18.7558,52.3318],[18.7511,52.3463],[18.7532,52.3634],[18.7424,52.3647],[18.7399,52.3736],[18.7325,52.3736],[18.7322,52.38],[18.7183,52.39],[18.7134,52.4],[18.6797,52.4005],[18.6832,52.4096],[18.6771,52.4176],[18.6848,52.428],[18.704,52.4217],[18.719,52.425],[18.7175,52.4327],[18.6962,52.4384],[18.7,52.4408],[18.6972,52.4541],[18.7269,52.4508],[18.7382,52.4856],[18.7457,52.4906],[18.7452,52.4946],[18.734,52.4959],[18.7477,52.5162],[18.7443,52.5265],[18.7583,52.5419],[18.7331,52.5601],[18.7335,52.5654],[18.7505,52.5725],[18.745,52.5769],[18.7516,52.5955],[18.7682,52.599],[18.7811,52.6121],[18.8105,52.6057],[18.8184,52.6188],[18.8078,52.6211],[18.8242,52.6461],[18.8331,52.6477],[18.8688,52.6362],[18.8397,52.6702],[18.8394,52.6742],[18.8569,52.67],[18.8621,52.6996],[18.8609,52.704],[18.8494,52.7076],[18.8467,52.7339],[18.843,52.7403],[18.8171,52.7427],[18.8275,52.7511],[18.8358,52.7687],[18.8474,52.7739],[18.86,52.769],[18.8986,52.7723],[18.903,52.7787],[18.9385,52.7826]]],[[[19.1826,52.6613],[19.1729,52.6626],[19.1674,52.6697],[19.159,52.6706],[19.1591,52.6663],[19.1093,52.6689],[19.0423,52.6899],[19.0233,52.6871],[19.0009,52.7141],[19.0153,52.7174],[19.0299,52.7072],[19.0328,52.7107],[19.0261,52.7168],[19.0313,52.7258],[19.0385,52.7245],[19.0557,52.7358],[19.0816,52.7334],[19.0866,52.7355],[19.0865,52.7448],[19.0917,52.7461],[19.0796,52.7443],[19.0903,52.7505],[19.102,52.7496],[19.0972,52.7461],[19.1055,52.7414],[19.1398,52.7407],[19.1483,52.7345],[19.1482,52.7293],[19.1762,52.7251],[19.1674,52.7097],[19.1782,52.7016],[19.1699,52.6945],[19.189,52.6798],[19.1889,52.6757],[19.181,52.6746],[19.1856,52.6681],[19.1826,52.6613]]]]}},{"type":"Feature","properties":{"slug":"mogilenski","name":"powiat mogileński","bdlUnitId":"040416709000","voivodeship":"kujawsko-pomorskie"},"geometry":{"type":"Polygon","coordinates":[[[18.2899,52.5876],[18.3009,52.5828],[18.3088,52.5834],[18.3058,52.5916],[18.3166,52.5932],[18.3605,52.5915],[18.3612,52.5817],[18.348,52.5672],[18.3543,52.5518],[18.3525,52.5434],[18.3399,52.5375],[18.3452,52.5217],[18.2602,52.4812],[18.2413,52.488],[18.2046,52.4832],[18.2002,52.4863],[18.2026,52.5006],[18.1987,52.5048],[18.1546,52.5095],[18.1361,52.505],[18.125,52.5071],[18.1242,52.5164],[18.1063,52.5138],[18.0902,52.5205],[18.0918,52.5317],[18.1068,52.5385],[18.0954,52.5531],[18.0644,52.5517],[18.0595,52.5428],[18.0227,52.555],[18.0026,52.555],[17.9977,52.5414],[17.9874,52.5431],[17.9901,52.5498],[17.9855,52.5556],[17.9916,52.5638],[17.9869,52.5774],[17.9836,52.5643],[17.9763,52.5677],[17.9742,52.5631],[17.9647,52.5653],[17.9721,52.5673],[17.9702,52.5755],[17.9463,52.5687],[17.9463,52.5783],[17.9327,52.5825],[17.9367,52.587],[17.9336,52.5877],[17.9287,52.584],[17.933,52.5715],[17.9246,52.572],[17.9164,52.5756],[17.9181,52.5804],[17.9006,52.5863],[17.921,52.5983],[17.9077,52.5955],[17.909,52.608],[17.9153,52.6127],[17.9014,52.6118],[17.8765,52.6286],[17.8768,52.6339],[17.8421,52.6289],[17.8255,52.6345],[17.827,52.6426],[17.8182,52.6409],[17.79,52.6491],[17.7856,52.6562],[17.8051,52.6648],[17.8023,52.6697],[17.8155,52.6762],[17.8094,52.6885],[17.8022,52.6914],[17.8092,52.6959],[17.8042,52.6974],[17.806,52.7045],[17.8134,52.7019],[17.8339,52.7181],[17.8551,52.7233],[17.8702,52.7387],[17.9185,52.7511],[17.9187,52.7562],[17.9094,52.7596],[17.9159,52.7677],[17.9002,52.7792],[17.9076,52.7938],[17.8906,52.7976],[17.8843,52.8153],[17.8596,52.8211],[17.8616,52.8271],[17.8776,52.8328],[17.8862,52.8214],[17.8993,52.8234],[17.9201,52.8387],[17.9304,52.8374],[17.9304,52.842],[17.9347,52.8421],[17.9645,52.8252],[17.9567,52.8128],[17.9842,52.817],[17.9782,52.8007],[17.9964,52.797],[17.995,52.7918],[18.005,52.7921],[18.0203,52.7824],[18.0186,52.7738],[18.013,52.7704],[18.0386,52.7674],[18.0323,52.7628],[18.0295,52.7508],[18.0323,52.7386],[18.018,52.7361],[18.0096,52.7269],[18.0113,52.7193],[17.9976,52.7155],[18.0008,52.7117],[18.0103,52.7128],[18.0136,52.6878],[18.0082,52.6853],[18.01,52.6823],[18.0366,52.6842],[18.0434,52.6731],[18.0666,52.6775],[18.0646,52.6816],[18.073,52.6888],[18.1151,52.6894],[18.1171,52.6932],[18.1478,52.6884],[18.1517,52.6919],[18.1432,52.6947],[18.1558,52.7137],[18.1751,52.7098],[18.1804,52.7195],[18.1891,52.7158],[18.1959,52.7283],[18.2272,52.7326],[18.2396,52.7137],[18.2362,52.7132],[18.2392,52.7003],[18.2633,52.6976],[18.2356,52.6722],[18.2526,52.6713],[18.2626,52.6653],[18.2436,52.6609],[18.2434,52.6472],[18.2379,52.6394],[18.2447,52.6403],[18.2558,52.6303],[18.2388,52.6127],[18.2604,52.5983],[18.2821,52.5969],[18.2899,52.5876]]]}},{"type":"Feature","properties":{"slug":"tucholski","name":"powiat tucholski","bdlUnitId":"040416816000","voivodeship":"kujawsko-pomorskie"},"geometry":{"type":"Polygon","coordinates":[[[18.072,53.7811],[18.0942,53.7749],[18.0994,53.7674],[18.109,53.7691],[18.1108,53.7582],[18.1305,53.7694],[18.1518,53.7682],[18.1549,53.7532],[18.177,53.7434],[18.1814,53.7533],[18.2015,53.7562],[18.2004,53.744],[18.1941,53.74],[18.1981,53.7385],[18.2169,53.7518],[18.2213,53.7517],[18.219,53.7398],[18.2572,53.7459],[18.2676,53.7423],[18.2739,53.7317],[18.2671,53.7251],[18.2767,53.7207],[18.2542,53.7113],[18.2638,53.701],[18.2365,53.7095],[18.207,53.6986],[18.2184,53.6898],[18.2115,53.6818],[18.2192,53.6758],[18.2278,53.6766],[18.2332,53.6693],[18.2156,53.6608],[18.2161,53.6523],[18.2093,53.6489],[18.2115,53.6449],[18.182,53.6418],[18.1934,53.6388],[18.1817,53.6343],[18.1807,53.6281],[18.1718,53.6277],[18.167,53.6159],[18.1534,53.6143],[18.1601,53.6075],[18.1772,53.6083],[18.1876,53.5949],[18.1788,53.594],[18.1798,53.589],[18.1723,53.5849],[18.1955,53.561],[18.2261,53.56],[18.2271,53.5529],[18.2179,53.5477],[18.1867,53.551],[18.1884,53.5469],[18.2108,53.5429],[18.2094,53.538],[18.1663,53.5373],[18.1686,53.5336],[18.1568,53.5272],[18.1603,53.5248],[18.1111,53.5249],[18.1139,53.5187],[18.1272,53.5231],[18.1356,53.519],[18.125,53.5199],[18.1274,53.5138],[18.1173,53.5077],[18.1219,53.5047],[18.1123,53.5046],[18.1148,53.4657],[18.0995,53.47],[18.0764,53.467],[18.0698,53.4553],[18.053,53.4432],[18.0778,53.4388],[18.09,53.4286],[18.0851,53.4262],[18.0779,53.4309],[18.0841,53.4252],[18.0761,53.4238],[18.071,53.4119],[18.0608,53.4194],[18.0573,53.4089],[18.0476,53.4053],[18.0553,53.4031],[18.055,53.3954],[18.0364,53.397],[18.0255,53.3902],[17.9855,53.3896],[17.9727,53.3819],[17.9482,53.4111],[17.9398,53.4106],[17.943,53.4158],[17.932,53.4212],[17.9323,53.4301],[17.9182,53.4388],[17.9187,53.4425],[17.918,53.4375],[17.9087,53.4366],[17.9143,53.444],[17.9038,53.4369],[17.8912,53.4369],[17.8912,53.429],[17.8797,53.429],[17.8783,53.4206],[17.8607,53.4214],[17.8489,53.4159],[17.8133,53.4327],[17.7864,53.4279],[17.7626,53.4347],[17.7289,53.4345],[17.7198,53.5052],[17.6997,53.506],[17.6798,53.4993],[17.6651,53.5117],[17.6497,53.5155],[17.6469,53.524],[17.641,53.5243],[17.6411,53.5304],[17.6226,53.543],[17.6065,53.5389],[17.6033,53.5574],[17.6318,53.5573],[17.6567,53.5712],[17.6749,53.572],[17.6742,53.5836],[17.655,53.5887],[17.6688,53.6018],[17.6872,53.5927],[17.7304,53.5929],[17.7357,53.6013],[17.7351,53.6137],[17.711,53.609],[17.7197,53.617],[17.7152,53.6196],[17.7193,53.6237],[17.7117,53.6295],[17.7119,53.6362],[17.7329,53.6479],[17.7333,53.6551],[17.7383,53.656],[17.7336,53.6629],[17.7442,53.67],[17.7407,53.678],[17.7539,53.6793],[17.7587,53.6867],[17.7638,53.6836],[17.7669,53.689],[17.7628,53.6895],[17.7631,53.6948],[17.7722,53.6999],[17.7981,53.6788],[17.8072,53.6793],[17.8242,53.6917],[17.8522,53.6879],[17.8784,53.7074],[17.8985,53.7106],[17.8925,53.7174],[17.9041,53.7218],[17.8894,53.7277],[17.8761,53.746],[17.8669,53.7455],[17.8601,53.755],[17.8636,53.7582],[17.9009,53.7479],[17.9281,53.7501],[17.9352,53.7435],[17.948,53.7475],[17.9536,53.7381],[17.9734,53.7369],[17.9864,53.7315],[17.9912,53.7245],[18.0148,53.7242],[18.0277,53.729],[18.0318,53.7251],[18.0468,53.7362],[18.0416,53.7398],[18.0499,53.7412],[18.072,53.7811]]]}},{"type":"Feature","properties":{"slug":"raciborski","name":"powiat raciborski","bdlUnitId":"012414911000","voivodeship":"śląskie"},"geometry":{"type":"Polygon","coordinates":[[[18.4259,50.249],[18.4522,50.244],[18.4566,50.2403],[18.4576,50.2263],[18.4669,50.2246],[18.4592,50.2098],[18.4769,50.2091],[18.4764,50.201],[18.4858,50.2017],[18.487,50.1955],[18.5032,50.1901],[18.4865,50.1701],[18.4854,50.175],[18.4625,50.1702],[18.4668,50.1619],[18.4591,50.1554],[18.4074,50.1551],[18.4054,50.1436],[18.4092,50.1405],[18.4007,50.1381],[18.3514,50.1453],[18.3439,50.1402],[18.3376,50.1441],[18.3268,50.1414],[18.3125,50.1271],[18.2889,50.1311],[18.2834,50.1207],[18.2935,50.115],[18.2908,50.1127],[18.3025,50.1113],[18.2926,50.104],[18.2946,50.1015],[18.3104,50.1036],[18.316,50.0958],[18.3383,50.0923],[18.3373,50.089],[18.357,50.0819],[18.363,50.0837],[18.3742,50.0739],[18.3808,50.0744],[18.3812,50.0684],[18.3491,50.0576],[18.3494,50.0527],[18.3333,50.0567],[18.2764,50.0488],[18.2545,50.0581],[18.2386,50.0532],[18.2388,50.0449],[18.2623,50.0284],[18.2627,50.0217],[18.2789,50.0133],[18.2788,50.0003],[18.333,49.9494],[18.3343,49.9405],[18.3468,49.9401],[18.3513,49.9357],[18.3416,49.9345],[18.35,49.93],[18.3409,49.9257],[18.33,49.9303],[18.33,49.9234],[18.3217,49.9159],[18.2992,49.9238],[18.299,49.9287],[18.2897,49.9287],[18.2817,49.9372],[18.2763,49.9646],[18.2357,49.9711],[18.2215,49.9677],[18.2143,49.972],[18.2137,49.986],[18.2065,49.9979],[18.1932,49.9946],[18.1901,49.9987],[18.1731,50.0003],[18.168,49.9985],[18.172,49.99],[18.169,49.9864],[18.1551,49.9824],[18.1344,49.9974],[18.1159,49.9947],[18.0947,50.0121],[18.103,50.0226],[18.0856,50.032],[18.0894,50.0441],[18.066,50.0481],[18.0676,50.053],[18.0617,50.0591],[18.0498,50.0584],[18.035,50.0658],[18.0568,50.0867],[18.0614,50.1001],[18.0723,50.1098],[18.0608,50.1159],[18.068,50.1295],[18.0502,50.1381],[18.0661,50.157],[18.0566,50.1607],[18.064,50.1678],[18.0598,50.1747],[18.0711,50.1706],[18.1015,50.1809],[18.1037,50.1708],[18.1105,50.1673],[18.1228,50.1748],[18.1205,50.1792],[18.1335,50.1844],[18.1454,50.1795],[18.1624,50.1891],[18.186,50.181],[18.1855,50.1869],[18.2492,50.1926],[18.2494,50.1978],[18.2352,50.202],[18.2374,50.2147],[18.2489,50.2169],[18.2528,50.2231],[18.2712,50.2204],[18.2752,50.2249],[18.3084,50.2308],[18.313,50.2407],[18.3621,50.2473],[18.3544,50.2579],[18.4059,50.2547],[18.4259,50.249]]]}},{"type":"Feature","properties":{"slug":"cieszynski","name":"powiat cieszyński","bdlUnitId":"012414403000","voivodeship":"śląskie"},"geometry":{"type":"Polygon","coordinates":[[[18.8906,49.9119],[18.8844,49.9037],[18.8817,49.8873],[18.8622,49.8897],[18.8536,49.8813],[18.8408,49.8776],[18.8343,49.8657],[18.8271,49.8624],[18.8462,49.8486],[18.8345,49.8472],[18.833,49.8347],[18.8437,49.8271],[18.8549,49.8262],[18.8557,49.8203],[18.8433,49.8177],[18.8471,49.8131],[18.8309,49.8141],[18.8487,49.8101],[18.8485,49.8031],[18.8571,49.7924],[18.8726,49.7838],[18.8889,49.7823],[18.9062,49.7725],[18.9155,49.7582],[18.9416,49.7546],[18.9555,49.7438],[18.9679,49.7446],[18.9864,49.7367],[18.9973,49.7149],[18.9636,49.689],[18.9546,49.6765],[18.9606,49.665],[18.99,49.6534],[19.0015,49.6566],[19.0024,49.6432],[19.0171,49.6282],[19.0095,49.6053],[18.984,49.587],[18.987,49.5722],[18.9784,49.5592],[18.9804,49.5507],[18.9867,49.5483],[18.9799,49.5445],[18.9816,49.5392],[18.9531,49.5354],[18.9521,49.5216],[18.9466,49.5174],[18.9313,49.5199],[18.8971,49.5144],[18.843,49.5185],[18.8373,49.5236],[18.8447,49.5282],[18.8441,49.5341],[18.8575,49.5379],[18.8592,49.5507],[18.8376,49.5622],[18.8317,49.5829],[18.8391,49.5953],[18.8293,49.5949],[18.8232,49.6041],[18.8243,49.6145],[18.8188,49.6186],[18.8203,49.6242],[18.8063,49.6513],[18.8085,49.6753],[18.7806,49.6854],[18.741,49.6765],[18.7298,49.6842],[18.7171,49.6835],[18.7152,49.6954],[18.7092,49.6955],[18.7096,49.7045],[18.6682,49.7034],[18.6669,49.7097],[18.6526,49.7077],[18.6362,49.715],[18.6252,49.7224],[18.6291,49.7473],[18.6131,49.7555],[18.6105,49.7707],[18.5974,49.7841],[18.6,49.7894],[18.593,49.8017],[18.5856,49.8046],[18.5823,49.8181],[18.5689,49.8292],[18.5694,49.8344],[18.5893,49.8455],[18.5837,49.8523],[18.6039,49.8571],[18.6057,49.8616],[18.5991,49.8663],[18.5802,49.8668],[18.5696,49.8736],[18.566,49.8831],[18.573,49.8871],[18.572,49.8939],[18.5801,49.9055],[18.5737,49.9078],[18.5757,49.9104],[18.6041,49.9003],[18.6255,49.8966],[18.6296,49.8999],[18.6609,49.8791],[18.6675,49.886],[18.722,49.8975],[18.7282,49.9067],[18.7204,49.907],[18.7253,49.9138],[18.7103,49.9228],[18.7135,49.9377],[18.7294,49.9268],[18.7413,49.9258],[18.7504,49.9311],[18.7445,49.9338],[18.7513,49.9359],[18.7744,49.9243],[18.7714,49.9187],[18.7864,49.9085],[18.7927,49.9141],[18.8055,49.915],[18.8094,49.9208],[18.8218,49.917],[18.8528,49.92],[18.8601,49.9095],[18.8551,49.9058],[18.8615,49.903],[18.8556,49.8983],[18.8858,49.9138],[18.8906,49.9119]],[[18.9093,49.7627],[18.9106,49.7632],[18.9103,49.7652],[18.9073,49.7647],[18.9072,49.7642],[18.9081,49.7627],[18.9093,49.7627]],[[18.8517,49.8926],[18.8578,49.8982],[18.8466,49.8941],[18.8517,49.8926]],[[18.91,49.7603],[18.911,49.7606],[18.911,49.761],[18.9122,49.7612],[18.911,49.7624],[18.9098,49.7619],[18.9097,49.7604],[18.91,49.7603]]]}},{"type":"Feature","properties":{"slug":"krosnienski-podkarpackie","name":"powiat krośnieński","bdlUnitId":"061813307000","voivodeship":"podkarpackie"},"geometry":{"type":"Polygon","coordinates":[[[21.6545,49.8387],[21.6606,49.8438],[21.6669,49.8415],[21.7433,49.7921],[21.772,49.801],[21.777,49.795],[21.8117,49.7812],[21.8343,49.7932],[21.8614,49.7912],[21.8948,49.7811],[21.8828,49.7679],[21.8509,49.7496],[21.8887,49.7485],[21.9064,49.74],[21.9121,49.7248],[21.8976,49.7108],[21.8851,49.7068],[21.8767,49.6928],[21.8783,49.6852],[21.8527,49.6585],[21.8581,49.6503],[21.8505,49.6476],[21.8647,49.6408],[21.875,49.6424],[21.8832,49.6335],[21.8988,49.6333],[21.8956,49.6298],[21.9061,49.6396],[21.9182,49.64],[21.9248,49.6293],[21.9639,49.6179],[21.9335,49.6205],[21.9264,49.6162],[21.9236,49.6025],[21.9108,49.6046],[21.9068,49.5981],[21.9157,49.5943],[21.9154,49.5821],[21.9306,49.5764],[21.9282,49.5708],[21.9332,49.5584],[21.9289,49.556],[21.9359,49.5527],[21.9239,49.5338],[21.9282,49.5214],[21.9395,49.5046],[21.9693,49.4885],[21.9489,49.4733],[21.9669,49.463],[21.9715,49.4513],[21.9465,49.4387],[21.926,49.4345],[21.9294,49.4202],[21.9364,49.4189],[21.9302,49.407],[21.9392,49.3961],[21.9343,49.3816],[21.9494,49.358],[21.9499,49.3479],[21.932,49.3464],[21.918,49.3542],[21.9038,49.35],[21.8918,49.3586],[21.8873,49.369],[21.8755,49.3736],[21.859,49.3686],[21.8476,49.3786],[21.8473,49.3867],[21.8376,49.3917],[21.803,49.3822],[21.7878,49.3677],[21.7892,49.3555],[21.778,49.356],[21.7662,49.3672],[21.7634,49.3835],[21.7347,49.399],[21.7269,49.3981],[21.7218,49.4123],[21.6994,49.4185],[21.6812,49.4108],[21.6589,49.4168],[21.6566,49.4244],[21.6443,49.4307],[21.6309,49.4473],[21.6148,49.4448],[21.6016,49.4353],[21.5803,49.4353],[21.5703,49.4584],[21.591,49.4706],[21.5892,49.4845],[21.5974,49.4918],[21.6142,49.4969],[21.6018,49.5152],[21.5968,49.5417],[21.581,49.5494],[21.5949,49.5799],[21.6179,49.5981],[21.6128,49.6059],[21.5996,49.61],[21.6157,49.6113],[21.6252,49.6244],[21.6201,49.6248],[21.6229,49.6341],[21.6172,49.6367],[21.5974,49.6351],[21.5939,49.6266],[21.5716,49.6329],[21.5735,49.6438],[21.5881,49.6508],[21.5841,49.6575],[21.5868,49.6685],[21.5788,49.6746],[21.5785,49.689],[21.5724,49.6918],[21.5901,49.6908],[21.6019,49.7047],[21.6226,49.7098],[21.6196,49.7172],[21.6232,49.7294],[21.6182,49.7355],[21.6067,49.7382],[21.6126,49.7447],[21.6037,49.7458],[21.6159,49.7564],[21.6071,49.7582],[21.6114,49.763],[21.632,49.7613],[21.6509,49.7728],[21.6342,49.7739],[21.6294,49.7888],[21.6181,49.7979],[21.627,49.7975],[21.6426,49.8093],[21.6362,49.8136],[21.6421,49.8169],[21.6287,49.8231],[21.6545,49.8387]],[[21.7791,49.647],[21.803,49.6605],[21.7997,49.6777],[21.8113,49.7002],[21.7627,49.7209],[21.7277,49.7207],[21.7103,49.7316],[21.6947,49.7085],[21.7072,49.7009],[21.7007,49.6967],[21.7023,49.6841],[21.7092,49.6775],[21.7226,49.6813],[21.7467,49.6704],[21.7791,49.647]]]}},{"type":"Feature","properties":{"slug":"nyski","name":"powiat nyski","bdlUnitId":"031613107000","voivodeship":"opolskie"},"geometry":{"type":"Polygon","coordinates":[[[17.4668,50.6151],[17.4713,50.608],[17.4672,50.6004],[17.483,50.6006],[17.4959,50.5911],[17.5089,50.5933],[17.539,50.5818],[17.5435,50.5825],[17.5441,50.5906],[17.5583,50.5859],[17.5636,50.588],[17.5657,50.5961],[17.5792,50.594],[17.588,50.5882],[17.5817,50.586],[17.5922,50.5777],[17.5858,50.5729],[17.6065,50.5741],[17.6038,50.5622],[17.6112,50.5565],[17.6236,50.5567],[17.6255,50.568],[17.6437,50.5598],[17.6543,50.5615],[17.6589,50.5506],[17.6925,50.5575],[17.7214,50.5757],[17.763,50.5546],[17.701,50.5019],[17.7228,50.4927],[17.7194,50.4866],[17.6925,50.4905],[17.6872,50.4851],[17.6671,50.4862],[17.6701,50.4574],[17.6566,50.4558],[17.6518,50.4485],[17.6343,50.4488],[17.6286,50.4403],[17.6076,50.433],[17.5773,50.4125],[17.5623,50.4092],[17.5538,50.4034],[17.5512,50.3943],[17.5324,50.4053],[17.5323,50.4137],[17.4799,50.397],[17.4731,50.3818],[17.4476,50.3847],[17.4508,50.3777],[17.4639,50.3702],[17.4525,50.3641],[17.4569,50.3385],[17.4641,50.3292],[17.4516,50.3205],[17.4498,50.2999],[17.4628,50.2983],[17.4857,50.2784],[17.5048,50.2747],[17.4635,50.2671],[17.4559,50.2695],[17.4571,50.2598],[17.4446,50.2528],[17.4297,50.2542],[17.4312,50.2631],[17.4207,50.2774],[17.4069,50.2739],[17.3888,50.2828],[17.3661,50.2821],[17.3625,50.2643],[17.3498,50.2639],[17.3379,50.2835],[17.3482,50.2874],[17.346,50.2978],[17.3537,50.308],[17.3376,50.3132],[17.3405,50.3227],[17.3482,50.3228],[17.3487,50.3283],[17.2898,50.3175],[17.2479,50.3318],[17.2011,50.364],[17.1991,50.3751],[17.2038,50.3861],[17.1841,50.3899],[17.1572,50.3801],[17.1433,50.3804],[17.1235,50.3941],[17.1111,50.3937],[17.1108,50.405],[17.085,50.4058],[17.0823,50.402],[17.0531,50.4069],[17.0243,50.4214],[17.0135,50.4186],[16.9983,50.4277],[16.974,50.4178],[16.9079,50.4494],[16.9403,50.4611],[16.9474,50.4802],[16.959,50.4878],[16.9683,50.4844],[16.9739,50.4891],[16.9763,50.4821],[16.9805,50.4824],[16.976,50.4756],[16.9823,50.4738],[16.9975,50.4778],[17.006,50.4744],[17.0073,50.4794],[17.0201,50.4803],[17.0173,50.4736],[17.0251,50.4708],[17.0166,50.4685],[17.0192,50.4651],[17.0516,50.4654],[17.0546,50.4757],[17.0626,50.4766],[17.0587,50.485],[17.0643,50.4889],[17.0588,50.4917],[17.0626,50.497],[17.0567,50.5049],[17.0748,50.5171],[17.0743,50.5226],[17.0629,50.5302],[17.0637,50.5423],[17.0757,50.556],[17.0958,50.5662],[17.0992,50.5759],[17.1149,50.5874],[17.124,50.6084],[17.1864,50.6163],[17.2306,50.6149],[17.229,50.609],[17.2159,50.6039],[17.2065,50.5861],[17.2419,50.5788],[17.2431,50.5839],[17.2505,50.5822],[17.2489,50.5857],[17.2779,50.5835],[17.2795,50.5917],[17.2704,50.5996],[17.3028,50.6039],[17.3213,50.614],[17.3348,50.6152],[17.3295,50.6247],[17.332,50.6315],[17.3515,50.6434],[17.3596,50.6414],[17.3615,50.6521],[17.374,50.6695],[17.4187,50.6674],[17.4271,50.6613],[17.4239,50.6579],[17.4247,50.6624],[17.4054,50.6639],[17.3987,50.6568],[17.4208,50.6551],[17.3951,50.645],[17.4155,50.6333],[17.4098,50.6078],[17.4668,50.6151]]]}},{"type":"Feature","properties":{"slug":"zgorzelecki","name":"powiat zgorzelecki","bdlUnitId":"030210125000","voivodeship":"dolnośląskie"},"geometry":{"type":"Polygon","coordinates":[[[15.2755,51.4298],[15.2964,51.4079],[15.2562,51.399],[15.2687,51.3731],[15.2642,51.3685],[15.2486,51.3678],[15.2679,51.3276],[15.2663,51.3188],[15.2861,51.3194],[15.2916,51.2854],[15.3399,51.2591],[15.3101,51.2534],[15.2971,51.2684],[15.2729,51.2628],[15.2517,51.2663],[15.2556,51.2601],[15.24,51.255],[15.2416,51.2423],[15.2268,51.2294],[15.2067,51.2204],[15.2138,51.2165],[15.2091,51.2144],[15.2139,51.2017],[15.221,51.1979],[15.2069,51.1909],[15.2125,51.1775],[15.2084,51.1675],[15.1973,51.1619],[15.1702,51.1669],[15.155,51.1612],[15.1522,51.1457],[15.1556,51.1441],[15.146,51.1395],[15.1437,51.1317],[15.1295,51.1253],[15.125,51.113],[15.1292,51.1078],[15.1186,51.1017],[15.1315,51.0998],[15.1255,51.0875],[15.1311,51.0853],[15.1217,51.0783],[15.1428,51.0562],[15.149,51.0337],[15.1682,51.0185],[15.1444,51.0134],[15.1331,50.9939],[15.1421,50.9913],[15.129,50.9901],[15.1054,50.9914],[15.0969,51.0019],[15.1061,51.0106],[15.0768,51.0135],[15.061,51.0229],[15.0557,51.012],[15.0357,51.0128],[15.0321,51.0216],[15.0244,51.0232],[14.9972,51.0092],[14.9854,51.0108],[14.9682,50.99],[14.9889,50.978],[15.0061,50.9865],[15.0217,50.9671],[15.0108,50.963],[15.0143,50.9398],[14.9894,50.9216],[14.9999,50.9062],[15.0068,50.9072],[14.9962,50.9006],[14.9946,50.8918],[15.0021,50.869],[14.9593,50.8619],[14.9002,50.876],[14.8973,50.8674],[14.8738,50.8772],[14.8553,50.8688],[14.8227,50.8709],[14.8174,50.8796],[14.8204,50.8863],[14.8516,50.9106],[14.8681,50.9179],[14.8769,50.9324],[14.8966,50.9406],[14.8931,50.9501],[14.8976,50.9594],[14.9036,50.9608],[14.8996,50.9633],[14.9035,50.9719],[14.9194,50.9753],[14.9176,50.9957],[14.9284,50.9975],[14.9345,51.0056],[14.9393,51.017],[14.9354,51.0206],[14.9477,51.0283],[14.9517,51.0375],[14.949,51.043],[14.9647,51.0501],[14.963,51.058],[14.9713,51.0664],[14.9676,51.0711],[14.9793,51.077],[14.9763,51.0869],[14.984,51.0915],[14.9803,51.0962],[14.984,51.1021],[14.9781,51.1081],[14.9808,51.1158],[14.9978,51.1228],[14.9905,51.1428],[15.001,51.1499],[14.9931,51.1624],[15.005,51.1677],[15.0014,51.1719],[15.0088,51.1826],[15.0047,51.1909],[15.0142,51.1957],[15.008,51.1992],[15.0129,51.2082],[15.0098,51.2136],[15.0166,51.2145],[15.0161,51.2273],[15.0256,51.2317],[15.0286,51.2418],[15.0379,51.244],[15.03,51.2511],[15.0233,51.2501],[15.0382,51.2585],[15.0371,51.2707],[15.0418,51.2726],[15.0343,51.2777],[15.0336,51.2935],[15.012,51.3013],[15.0126,51.3086],[15.0067,51.3112],[15.0092,51.3163],[14.9861,51.3293],[14.9778,51.3417],[14.9764,51.3564],[14.965,51.3618],[15.0124,51.3634],[15.009,51.3742],[15.0182,51.3866],[15.0179,51.3935],[15.0712,51.397],[15.083,51.4079],[15.0828,51.4187],[15.089,51.4277],[15.1118,51.4284],[15.1506,51.4424],[15.187,51.464],[15.2025,51.4626],[15.2009,51.446],[15.252,51.449],[15.2718,51.4385],[15.2755,51.4298]]]}},{"type":"Feature","properties":{"slug":"przasnyski","name":"powiat przasnyski","bdlUnitId":"071422622000","voivodeship":"mazowieckie"},"geometry":{"type":"Polygon","coordinates":[[[21.0365,52.9676],[21.0331,52.9619],[21.0385,52.9454],[20.9726,52.9413],[20.9984,52.9126],[21.0097,52.9116],[21.0054,52.9055],[21.0175,52.8997],[21.0117,52.8937],[21,52.8974],[20.9767,52.8818],[20.9579,52.8867],[20.9395,52.8846],[20.9413,52.8763],[20.9125,52.8787],[20.9099,52.8907],[20.898,52.8827],[20.9017,52.8748],[20.8914,52.8752],[20.8921,52.8641],[20.8679,52.8677],[20.8576,52.8721],[20.8584,52.8765],[20.851,52.8764],[20.8508,52.8874],[20.8377,52.8896],[20.8398,52.8951],[20.8305,52.8972],[20.8361,52.908],[20.8241,52.9112],[20.8182,52.9189],[20.8184,52.9234],[20.8281,52.9266],[20.8036,52.9331],[20.8066,52.943],[20.7856,52.9436],[20.788,52.9461],[20.7738,52.9498],[20.8021,52.9649],[20.801,52.98],[20.7826,52.9772],[20.7758,52.9838],[20.7703,52.9779],[20.7532,52.98],[20.7585,52.9834],[20.7273,52.9867],[20.7327,52.9919],[20.7206,52.9986],[20.7197,52.9931],[20.6992,52.9879],[20.6916,52.9935],[20.6953,52.9989],[20.6887,53.0059],[20.6958,53.008],[20.6688,53.0258],[20.6838,53.0334],[20.6834,53.0383],[20.6752,53.0402],[20.683,53.0482],[20.6826,53.0745],[20.6719,53.0769],[20.6645,53.0851],[20.6914,53.0895],[20.6945,53.0968],[20.7146,53.0995],[20.7264,53.1071],[20.7203,53.1135],[20.7287,53.1142],[20.6881,53.1347],[20.7001,53.1384],[20.7006,53.1634],[20.7076,53.1647],[20.7077,53.1798],[20.7201,53.1829],[20.7116,53.2008],[20.7,53.2013],[20.6972,53.2131],[20.6907,53.2189],[20.7089,53.2252],[20.6898,53.2363],[20.6788,53.2494],[20.6847,53.2515],[20.6744,53.2621],[20.6809,53.2644],[20.6766,53.2712],[20.6868,53.2878],[20.6921,53.2885],[20.6924,53.3026],[20.7139,53.2999],[20.7166,53.3121],[20.7238,53.3068],[20.7413,53.3053],[20.747,53.3078],[20.7395,53.3149],[20.7425,53.318],[20.7517,53.313],[20.7646,53.3156],[20.8252,53.3042],[20.8513,53.2927],[20.8511,53.3015],[20.8652,53.3038],[20.8732,53.3125],[20.8722,53.3211],[20.9043,53.3094],[20.9065,53.3207],[20.9171,53.3219],[20.9194,53.3157],[20.921,53.3209],[20.9269,53.3202],[20.9298,53.3242],[20.916,53.3254],[20.9207,53.3353],[20.9103,53.3396],[20.9144,53.3482],[20.9226,53.35],[20.9185,53.3522],[20.9317,53.3525],[20.933,53.3583],[20.9415,53.3596],[20.9633,53.35],[20.9909,53.3625],[21.0312,53.3513],[21.0643,53.3264],[21.0896,53.3208],[21.0871,53.3151],[21.0911,53.3122],[21.1171,53.3061],[21.1448,53.3062],[21.1632,53.2974],[21.1625,53.293],[21.1861,53.2852],[21.1884,53.2784],[21.2021,53.2781],[21.1877,53.2635],[21.1696,53.2623],[21.1667,53.2533],[21.1554,53.2576],[21.1511,53.2499],[21.1666,53.2431],[21.1557,53.2379],[21.1669,53.2335],[21.1635,53.217],[21.1744,53.2112],[21.1598,53.2065],[21.1775,53.1969],[21.1592,53.1953],[21.1554,53.1896],[21.1817,53.184],[21.1528,53.1797],[21.1468,53.174],[21.16,53.1663],[21.1569,53.1643],[21.1614,53.1617],[21.1549,53.159],[21.1928,53.1511],[21.205,53.1413],[21.2041,53.1361],[21.2143,53.1332],[21.1817,53.1146],[21.1461,53.1372],[21.131,53.1245],[21.1247,53.1329],[21.1301,53.1376],[21.1224,53.1389],[21.1237,53.1129],[21.1191,53.1124],[21.1159,53.1189],[21.0947,53.1073],[21.086,53.1077],[21.0824,53.0825],[21.0575,53.0782],[21.0241,53.0596],[21.0237,53.0535],[21.006,53.0504],[21.0074,53.0424],[21.0121,53.0421],[20.9971,53.0238],[20.9956,53.0103],[21.008,53.0064],[21.0076,52.9982],[21.0019,52.9937],[21.0062,52.9873],[21.0261,52.9777],[21.036,52.9787],[21.0365,52.9676]]]}},{"type":"Feature","properties":{"slug":"sredzki-wielkopolskie","name":"powiat średzki","bdlUnitId":"023016125000","voivodeship":"wielkopolskie"},"geometry":{"type":"Polygon","coordinates":[[[17.3265,52.0106],[17.3086,52.0181],[17.3121,52.0349],[17.2897,52.0298],[17.2735,52.0367],[17.2719,52.0452],[17.2767,52.0689],[17.3198,52.0828],[17.3214,52.0978],[17.3056,52.1],[17.2883,52.0957],[17.2752,52.103],[17.2616,52.1],[17.244,52.1084],[17.2345,52.1057],[17.2263,52.1097],[17.1816,52.099],[17.1607,52.1033],[17.1381,52.1001],[17.1439,52.1172],[17.143,52.133],[17.1256,52.1333],[17.1142,52.1402],[17.1132,52.151],[17.0912,52.1607],[17.0989,52.1842],[17.1171,52.1914],[17.1325,52.1888],[17.148,52.1966],[17.1537,52.2049],[17.1301,52.2164],[17.1776,52.2277],[17.1434,52.2462],[17.1206,52.2354],[17.1114,52.243],[17.1453,52.255],[17.1553,52.2513],[17.1707,52.2645],[17.1829,52.2572],[17.1977,52.2694],[17.1881,52.2759],[17.1925,52.284],[17.2157,52.281],[17.2329,52.2965],[17.2406,52.3119],[17.2807,52.3189],[17.2767,52.3307],[17.3127,52.3299],[17.3223,52.3402],[17.3284,52.3338],[17.3345,52.3363],[17.328,52.3486],[17.3316,52.3491],[17.3714,52.3451],[17.3772,52.3353],[17.3961,52.3409],[17.4106,52.3335],[17.4179,52.3202],[17.3999,52.3139],[17.4003,52.3064],[17.4098,52.2967],[17.4071,52.2851],[17.4167,52.2802],[17.4324,52.2808],[17.4282,52.2725],[17.4511,52.2697],[17.4745,52.2774],[17.4878,52.2697],[17.4792,52.2543],[17.4687,52.2528],[17.4701,52.2482],[17.4532,52.2476],[17.4567,52.2355],[17.448,52.232],[17.4624,52.2148],[17.4704,52.2145],[17.4731,52.21],[17.4669,52.2055],[17.4712,52.2058],[17.4693,52.2014],[17.4306,52.1944],[17.4265,52.1909],[17.4256,52.1765],[17.4316,52.1618],[17.4485,52.1452],[17.4704,52.1395],[17.4622,52.1308],[17.4676,52.1241],[17.4558,52.1196],[17.4592,52.1144],[17.479,52.1161],[17.4885,52.1118],[17.489,52.1214],[17.5144,52.1241],[17.5115,52.1087],[17.5227,52.0929],[17.5182,52.095],[17.51,52.0892],[17.4773,52.0827],[17.4787,52.0744],[17.4695,52.0751],[17.4713,52.0696],[17.4921,52.0505],[17.4687,52.0444],[17.4702,52.0387],[17.4573,52.032],[17.4303,52.0256],[17.4267,52.0233],[17.4327,52.0206],[17.4203,52.0197],[17.4179,52.0137],[17.3839,52.0192],[17.3701,52.0146],[17.3419,52.022],[17.3265,52.0106]]]}},{"type":"Feature","properties":{"slug":"jarocinski","name":"powiat jarociński","bdlUnitId":"023015706000","voivodeship":"wielkopolskie"},"geometry":{"type":"Polygon","coordinates":[[[17.5144,52.1241],[17.5343,52.1326],[17.5285,52.1398],[17.5387,52.1385],[17.5478,52.1445],[17.5796,52.1419],[17.5723,52.1364],[17.5783,52.1318],[17.5853,52.1344],[17.5857,52.1412],[17.6246,52.1449],[17.6349,52.1415],[17.6519,52.1457],[17.6521,52.1409],[17.6676,52.1382],[17.6645,52.1316],[17.669,52.1251],[17.6574,52.1123],[17.6628,52.1046],[17.6587,52.1024],[17.6689,52.0971],[17.6678,52.0926],[17.6789,52.083],[17.6784,52.0783],[17.6983,52.069],[17.6954,52.0643],[17.7026,52.0598],[17.7026,52.0497],[17.7227,52.046],[17.7095,52.0326],[17.6952,52.0268],[17.6956,52.0128],[17.7156,51.9968],[17.6985,51.9936],[17.7026,51.9913],[17.6996,51.9898],[17.6952,51.9929],[17.6915,51.9843],[17.7056,51.9771],[17.7009,51.9617],[17.7027,51.9449],[17.7179,51.9411],[17.707,51.9256],[17.6791,51.9154],[17.6783,51.9086],[17.6671,51.9036],[17.6787,51.9009],[17.6941,51.8848],[17.6618,51.8814],[17.6562,51.8956],[17.6302,51.9037],[17.6184,51.8968],[17.6101,51.8984],[17.6084,51.892],[17.5749,51.8891],[17.5694,51.8953],[17.5111,51.9011],[17.4706,51.893],[17.4413,51.8966],[17.3974,51.8734],[17.3713,51.8735],[17.3672,51.8822],[17.3322,51.8852],[17.325,51.8938],[17.3072,51.8966],[17.314,51.9115],[17.2879,51.9309],[17.2695,51.9375],[17.2692,51.9533],[17.2461,51.9493],[17.2287,51.9674],[17.1969,51.9649],[17.1866,51.9716],[17.1945,51.9725],[17.2037,51.9836],[17.2226,51.9877],[17.3235,51.9871],[17.3265,52.0106],[17.3419,52.022],[17.3701,52.0146],[17.3839,52.0192],[17.4179,52.0137],[17.4203,52.0197],[17.4327,52.0206],[17.4267,52.0233],[17.4303,52.0256],[17.4627,52.0342],[17.4702,52.0387],[17.4687,52.0444],[17.4921,52.0505],[17.4768,52.0611],[17.4695,52.0751],[17.4787,52.0744],[17.4773,52.0827],[17.51,52.0892],[17.5182,52.095],[17.5227,52.0929],[17.5115,52.1087],[17.5144,52.1241]]]}},{"type":"Feature","properties":{"slug":"kamiennogorski","name":"powiat kamiennogórski","bdlUnitId":"030210107000","voivodeship":"dolnośląskie"},"geometry":{"type":"Polygon","coordinates":[[[15.962,50.8946],[15.9803,50.8953],[15.9701,50.8982],[15.9807,50.9014],[16.0172,50.8929],[16.0201,50.8973],[16.0269,50.8963],[16.0179,50.9002],[16.0193,50.9088],[16.0273,50.9052],[16.0252,50.9015],[16.033,50.901],[16.0385,50.9128],[16.0437,50.9133],[16.0476,50.9108],[16.0338,50.8963],[16.059,50.9012],[16.0592,50.8955],[16.0505,50.8908],[16.0741,50.8842],[16.0676,50.8717],[16.1225,50.8707],[16.1151,50.8599],[16.0842,50.8603],[16.0833,50.8558],[16.0879,50.8544],[16.0808,50.8548],[16.0836,50.846],[16.0786,50.8455],[16.0677,50.8271],[16.0812,50.8258],[16.0867,50.8182],[16.0793,50.8191],[16.0807,50.8156],[16.0693,50.8105],[16.0726,50.7994],[16.0682,50.7908],[16.0758,50.7895],[16.0756,50.7796],[16.0881,50.7764],[16.105,50.7633],[16.1078,50.7586],[16.1012,50.7474],[16.1119,50.7372],[16.1142,50.7263],[16.131,50.7116],[16.173,50.7089],[16.1788,50.7],[16.1795,50.6938],[16.1647,50.6831],[16.1535,50.6865],[16.1343,50.6785],[16.111,50.6778],[16.1045,50.6677],[16.1073,50.6621],[16.1009,50.6626],[16.0951,50.653],[16.0676,50.6398],[16.0561,50.6097],[16.0426,50.6142],[16.0248,50.5986],[16.0159,50.6059],[16.0085,50.6047],[15.9864,50.6135],[15.9984,50.6229],[16.0218,50.6302],[16.0086,50.6345],[16.0011,50.6445],[16.0042,50.6584],[15.9886,50.6849],[15.9619,50.6919],[15.9322,50.6865],[15.927,50.6809],[15.9195,50.6846],[15.8851,50.6753],[15.8845,50.6713],[15.861,50.6744],[15.8632,50.6817],[15.8511,50.7082],[15.8299,50.7247],[15.8319,50.7427],[15.854,50.7434],[15.8644,50.7486],[15.8663,50.7552],[15.8593,50.7575],[15.8925,50.7907],[15.8899,50.8053],[15.9232,50.8226],[15.9277,50.8282],[15.9237,50.8366],[15.9368,50.8354],[15.9572,50.8485],[15.9523,50.8715],[15.962,50.8946]]]}},{"type":"Feature","properties":{"slug":"pabianicki","name":"powiat pabianicki","bdlUnitId":"051011508000","voivodeship":"łódzkie"},"geometry":{"type":"Polygon","coordinates":[[[19.4318,51.6866],[19.4369,51.6735],[19.4354,51.6465],[19.4189,51.6313],[19.4278,51.6236],[19.4563,51.6174],[19.4429,51.604],[19.4668,51.603],[19.466,51.5964],[19.474,51.5961],[19.4658,51.593],[19.4615,51.5807],[19.4523,51.5784],[19.4634,51.5695],[19.4761,51.5674],[19.4709,51.5462],[19.4584,51.5427],[19.459,51.5315],[19.4304,51.5231],[19.4297,51.5342],[19.4227,51.5373],[19.4217,51.5337],[19.4166,51.5368],[19.4173,51.5274],[19.4126,51.5248],[19.4011,51.5261],[19.3996,51.5341],[19.3941,51.5285],[19.3382,51.5226],[19.2977,51.5283],[19.289,51.5321],[19.2797,51.5534],[19.2358,51.5809],[19.2167,51.5754],[19.178,51.5745],[19.1607,51.5811],[19.1745,51.5828],[19.1797,51.5783],[19.2046,51.5843],[19.2021,51.5961],[19.192,51.6036],[19.2191,51.607],[19.213,51.6155],[19.2178,51.6212],[19.2043,51.6169],[19.1902,51.6263],[19.1478,51.6264],[19.1629,51.6475],[19.1753,51.6486],[19.1796,51.6571],[19.2013,51.6645],[19.1963,51.6682],[19.208,51.6694],[19.2086,51.6781],[19.1922,51.6885],[19.1979,51.6963],[19.1862,51.6967],[19.1866,51.7021],[19.2067,51.7067],[19.2085,51.6997],[19.2261,51.7],[19.2181,51.708],[19.2064,51.713],[19.1852,51.7078],[19.1858,51.7158],[19.1777,51.7206],[19.1814,51.7269],[19.1602,51.7381],[19.1573,51.7443],[19.1607,51.7479],[19.1555,51.7474],[19.1475,51.7576],[19.099,51.7636],[19.0827,51.7736],[19.0568,51.7773],[19.0427,51.7878],[19.027,51.7908],[18.9989,51.8199],[19.0072,51.8266],[19.023,51.8239],[19.0332,51.8321],[19.0526,51.8241],[19.0847,51.8302],[19.0916,51.8253],[19.0887,51.8222],[19.1042,51.8191],[19.1098,51.8232],[19.1438,51.8256],[19.1618,51.8125],[19.2003,51.8042],[19.2011,51.7936],[19.2189,51.7983],[19.2401,51.7966],[19.2648,51.7844],[19.2659,51.7894],[19.2812,51.7717],[19.2852,51.7759],[19.3023,51.7719],[19.3102,51.7753],[19.3099,51.7796],[19.3245,51.7777],[19.3373,51.7841],[19.3356,51.7805],[19.3425,51.7794],[19.3376,51.7673],[19.3746,51.7559],[19.3703,51.7509],[19.3717,51.7421],[19.3423,51.7401],[19.3387,51.7387],[19.3444,51.7339],[19.3355,51.732],[19.3368,51.7255],[19.3463,51.7296],[19.3419,51.7177],[19.3542,51.7022],[19.4003,51.6935],[19.4024,51.6969],[19.4186,51.6932],[19.4204,51.6871],[19.4318,51.6866]]]}},{"type":"Feature","properties":{"slug":"kolnenski","name":"powiat kolneński","bdlUnitId":"062013806000","voivodeship":"podlaskie"},"geometry":{"type":"Polygon","coordinates":[[[21.7354,53.3127],[21.7093,53.3197],[21.7019,53.3269],[21.6889,53.3272],[21.6858,53.3296],[21.6928,53.3358],[21.6845,53.3373],[21.6697,53.3299],[21.6523,53.3313],[21.6537,53.3362],[21.6694,53.3361],[21.6542,53.3495],[21.656,53.3528],[21.6813,53.3626],[21.684,53.3681],[21.6544,53.3722],[21.6617,53.378],[21.6565,53.3842],[21.6614,53.3864],[21.6503,53.3904],[21.6524,53.3972],[21.6399,53.4007],[21.6346,53.4084],[21.6241,53.407],[21.6276,53.409],[21.6225,53.414],[21.6292,53.4138],[21.6211,53.4222],[21.625,53.4285],[21.6073,53.4357],[21.6089,53.4499],[21.6036,53.4534],[21.6047,53.4582],[21.593,53.4614],[21.6145,53.4614],[21.6149,53.4646],[21.603,53.4642],[21.5983,53.469],[21.604,53.4698],[21.6058,53.4763],[21.5984,53.4766],[21.5982,53.4802],[21.6479,53.4812],[21.6867,53.4928],[21.7906,53.4793],[21.8287,53.464],[21.8641,53.4592],[21.891,53.4665],[21.9024,53.4826],[21.902,53.4932],[21.9235,53.5085],[21.9526,53.5094],[21.9899,53.5221],[22.0097,53.5136],[22.0158,53.5012],[22.0265,53.496],[22.0585,53.5295],[22.0754,53.5358],[22.101,53.5333],[22.1357,53.5445],[22.1415,53.5321],[22.1743,53.5368],[22.1751,53.5206],[22.1855,53.51],[22.208,53.5155],[22.2071,53.5356],[22.2136,53.5368],[22.2174,53.5303],[22.2376,53.5399],[22.2535,53.513],[22.2663,53.5137],[22.2636,53.5072],[22.2669,53.5029],[22.2507,53.4922],[22.2434,53.4936],[22.2471,53.4847],[22.2399,53.4788],[22.2482,53.4745],[22.2582,53.4809],[22.262,53.4754],[22.2522,53.473],[22.2522,53.4641],[22.2452,53.4565],[22.2314,53.4577],[22.2309,53.4408],[22.2798,53.4387],[22.2399,53.4257],[22.267,53.3918],[22.2573,53.3872],[22.262,53.3776],[22.236,53.3691],[22.2365,53.35],[22.2505,53.3464],[22.2514,53.3388],[22.22,53.3402],[22.2173,53.3317],[22.2411,53.3292],[22.2375,53.3258],[22.2449,53.3069],[22.2238,53.2993],[22.2052,53.2998],[22.2117,53.2925],[22.2078,53.2876],[22.1763,53.3035],[22.1756,53.3116],[22.1657,53.3102],[22.1332,53.297],[22.1386,53.2877],[22.121,53.2843],[22.1262,53.2826],[22.1215,53.2724],[22.1162,53.2731],[22.1152,53.2636],[22.0995,53.2622],[22.1071,53.2584],[22.098,53.2553],[22.0937,53.2626],[22.0561,53.2677],[22.0515,53.2692],[22.0537,53.2731],[22.0216,53.273],[22.0066,53.2527],[21.9999,53.2525],[22.0055,53.2496],[22.004,53.2463],[21.9907,53.2483],[21.9961,53.245],[21.9856,53.2391],[21.9476,53.2459],[21.9523,53.2554],[21.9321,53.2592],[21.9377,53.2693],[21.9549,53.2685],[21.9567,53.281],[21.9047,53.2741],[21.8717,53.2821],[21.8934,53.2942],[21.8823,53.2993],[21.8796,53.3133],[21.874,53.3125],[21.8784,53.3197],[21.8617,53.3197],[21.8576,53.3259],[21.8509,53.3207],[21.8252,53.3224],[21.8233,53.3165],[21.8375,53.3108],[21.8368,53.3047],[21.8429,53.3033],[21.8353,53.3007],[21.8299,53.3098],[21.82,53.3136],[21.818,53.3278],[21.8061,53.335],[21.7881,53.3277],[21.779,53.3299],[21.7617,53.3174],[21.7486,53.3185],[21.749,53.3152],[21.7354,53.3127]]]}},{"type":"Feature","properties":{"slug":"ostrodzki","name":"powiat ostródzki","bdlUnitId":"042815415000","voivodeship":"warmińsko-mazurskie"},"geometry":{"type":"Polygon","coordinates":[[[19.5603,53.9167],[19.5559,53.9257],[19.5813,53.9271],[19.5821,53.9395],[19.575,53.9437],[19.5784,53.9517],[19.5835,53.9544],[19.5999,53.9501],[19.6123,53.956],[19.6081,53.9635],[19.6176,53.9621],[19.6349,53.9476],[19.649,53.9521],[19.6838,53.9412],[19.6876,53.9504],[19.698,53.9526],[19.7064,53.9663],[19.7264,53.9639],[19.7402,53.9695],[19.7447,53.9649],[19.7514,53.9721],[19.7623,53.9729],[19.7709,53.9637],[19.7766,53.9682],[19.773,53.9766],[19.792,53.9856],[19.8153,53.9775],[19.8213,53.9844],[19.7986,53.9919],[19.7979,53.9987],[19.8069,54.0071],[19.8202,54.0114],[19.8212,54.0158],[19.8324,54.0119],[19.8746,54.0158],[19.8853,54.0296],[19.8847,54.0349],[19.9343,54.033],[19.9816,54.0169],[19.9846,54.019],[19.9792,54.0245],[19.9783,54.0395],[20.0205,54.033],[20.0307,54.0446],[20.0422,54.0467],[20.04,54.0544],[20.0467,54.0564],[20.0463,54.0679],[20.0582,54.0769],[20.0858,54.0796],[20.0883,54.0719],[20.0876,54.0752],[20.0954,54.0768],[20.1035,54.0717],[20.093,54.0603],[20.1095,54.0646],[20.1058,54.0605],[20.1194,54.0512],[20.1187,54.0441],[20.1386,54.0476],[20.1348,54.0442],[20.1423,54.0421],[20.1411,54.034],[20.1568,54.0365],[20.151,54.0333],[20.1583,54.0315],[20.1455,54.0282],[20.1472,54.0194],[20.1394,54.0133],[20.1508,54.0077],[20.1448,54.0054],[20.154,53.9994],[20.1527,53.9929],[20.1637,53.9828],[20.1879,53.9762],[20.1883,53.9694],[20.2087,53.9587],[20.1893,53.9552],[20.1778,53.9622],[20.1673,53.9585],[20.151,53.9643],[20.1368,53.9538],[20.1308,53.9581],[20.1269,53.9492],[20.1372,53.9442],[20.1136,53.9353],[20.1158,53.9277],[20.1066,53.9139],[20.113,53.9097],[20.1108,53.8976],[20.1297,53.8934],[20.1402,53.8856],[20.146,53.8884],[20.1778,53.8822],[20.1731,53.8631],[20.1303,53.8513],[20.1222,53.8386],[20.1325,53.8308],[20.1301,53.8254],[20.1363,53.8238],[20.141,53.8104],[20.1377,53.8062],[20.1457,53.8038],[20.1479,53.7961],[20.1706,53.7814],[20.1786,53.7829],[20.1825,53.7789],[20.1784,53.7723],[20.1775,53.7784],[20.1646,53.7776],[20.1514,53.7849],[20.1599,53.7748],[20.1555,53.7657],[20.1119,53.7664],[20.1177,53.7508],[20.1285,53.7522],[20.1303,53.7423],[20.1253,53.7393],[20.1563,53.7451],[20.1721,53.7342],[20.1452,53.7328],[20.1365,53.7281],[20.1318,53.717],[20.1275,53.7212],[20.1218,53.7143],[20.1129,53.7127],[20.1103,53.7028],[20.1435,53.7026],[20.1332,53.6667],[20.139,53.666],[20.1372,53.6597],[20.1492,53.6585],[20.1419,53.6408],[20.1474,53.6343],[20.1249,53.633],[20.1266,53.6296],[20.1124,53.6215],[20.1308,53.6056],[20.1359,53.5901],[20.1515,53.581],[20.1572,53.5666],[20.1656,53.5636],[20.1701,53.5467],[20.1985,53.5382],[20.2084,53.5263],[20.209,53.5166],[20.22,53.5197],[20.2231,53.5271],[20.2396,53.5293],[20.2286,53.5227],[20.236,53.5113],[20.2183,53.5051],[20.2507,53.5067],[20.2724,53.4939],[20.2582,53.4896],[20.2571,53.4814],[20.2368,53.477],[20.2333,53.4723],[20.2255,53.4755],[20.1857,53.457],[20.1984,53.4432],[20.1862,53.44],[20.197,53.4327],[20.1951,53.4297],[20.2301,53.4196],[20.22,53.4154],[20.2282,53.4108],[20.2247,53.4087],[20.2146,53.4148],[20.2197,53.4113],[20.2121,53.4105],[20.2011,53.3952],[20.1346,53.4241],[20.0954,53.4356],[20.0865,53.4246],[20.1117,53.4149],[20.0984,53.3976],[20.1024,53.3966],[20.092,53.3785],[20.0459,53.3955],[20.0314,53.3853],[20.0211,53.3891],[20.0265,53.3943],[20.0003,53.4032],[19.9878,53.3897],[19.9848,53.4004],[19.993,53.4059],[19.9802,53.4127],[19.9717,53.4256],[19.9797,53.4342],[19.9541,53.4316],[19.9294,53.4573],[19.9327,53.4583],[19.9188,53.4761],[19.8959,53.4842],[19.9006,53.5041],[19.8967,53.5063],[19.9032,53.5114],[19.8972,53.5125],[19.902,53.5156],[19.8845,53.5255],[19.8779,53.5345],[19.8762,53.5383],[19.8886,53.5441],[19.8804,53.5619],[19.8409,53.5691],[19.8368,53.5747],[19.8163,53.5805],[19.8115,53.5854],[19.8164,53.5896],[19.8083,53.5961],[19.8109,53.6011],[19.7385,53.6172],[19.7594,53.6293],[19.7601,53.6374],[19.7724,53.6393],[19.7918,53.6617],[19.8087,53.6723],[19.8041,53.6751],[19.8045,53.6818],[19.7903,53.688],[19.7623,53.6746],[19.7585,53.6834],[19.745,53.6818],[19.7414,53.6922],[19.7042,53.6999],[19.709,53.7073],[19.7001,53.7108],[19.7025,53.7198],[19.7306,53.7281],[19.7215,53.7379],[19.7241,53.7437],[19.7193,53.7498],[19.7238,53.7558],[19.7371,53.7596],[19.7327,53.7652],[19.7409,53.7739],[19.7584,53.7729],[19.7628,53.7779],[19.7511,53.7785],[19.7523,53.785],[19.7455,53.7949],[19.7619,53.801],[19.7681,53.8112],[19.7467,53.8106],[19.7405,53.8318],[19.7198,53.8366],[19.7235,53.8386],[19.7091,53.8556],[19.7127,53.8657],[19.702,53.8703],[19.6998,53.8775],[19.6898,53.8755],[19.6746,53.8892],[19.6459,53.874],[19.6427,53.883],[19.6325,53.8877],[19.6333,53.8938],[19.6257,53.8946],[19.6214,53.888],[19.5976,53.8888],[19.5827,53.897],[19.5856,53.9049],[19.5934,53.9039],[19.6008,53.9099],[19.5711,53.9089],[19.5734,53.9148],[19.5603,53.9167]]]}},{"type":"Feature","properties":{"slug":"przemyski","name":"powiat przemyski","bdlUnitId":"061813413000","voivodeship":"podkarpackie"},"geometry":{"type":"Polygon","coordinates":[[[23.0929,49.9288],[23.0333,49.8813],[22.9955,49.8422],[22.9707,49.8386],[22.9567,49.8111],[22.9619,49.8047],[22.9328,49.7933],[22.9016,49.7683],[22.8968,49.7518],[22.8734,49.7406],[22.8521,49.7204],[22.8478,49.7101],[22.8219,49.6945],[22.8056,49.6934],[22.7872,49.6765],[22.7833,49.6572],[22.6861,49.5731],[22.6847,49.5792],[22.6639,49.5932],[22.6412,49.5884],[22.632,49.5898],[22.6315,49.595],[22.6185,49.5919],[22.6216,49.601],[22.6165,49.6087],[22.5951,49.6093],[22.6035,49.6166],[22.5933,49.6333],[22.5965,49.6355],[22.5842,49.6512],[22.584,49.67],[22.569,49.6703],[22.5688,49.6662],[22.5597,49.6634],[22.5264,49.6643],[22.5372,49.6374],[22.5238,49.6296],[22.5253,49.6258],[22.4931,49.6168],[22.4845,49.6085],[22.4746,49.6106],[22.474,49.5999],[22.4626,49.5899],[22.441,49.5892],[22.382,49.6135],[22.387,49.6225],[22.3843,49.6264],[22.3923,49.6315],[22.39,49.6339],[22.3727,49.6463],[22.343,49.6546],[22.3236,49.6723],[22.3301,49.6836],[22.3283,49.6998],[22.2837,49.704],[22.2652,49.7114],[22.2536,49.7097],[22.2577,49.7169],[22.287,49.7338],[22.2965,49.7463],[22.3126,49.7531],[22.3272,49.7491],[22.3334,49.7573],[22.3306,49.7604],[22.3357,49.7675],[22.2942,49.8001],[22.3082,49.8024],[22.3119,49.8096],[22.3217,49.8134],[22.3029,49.8237],[22.3083,49.8335],[22.3002,49.8452],[22.3102,49.8521],[22.3043,49.8572],[22.3102,49.8698],[22.2973,49.8702],[22.3127,49.8786],[22.3279,49.8785],[22.334,49.8845],[22.3431,49.8858],[22.3573,49.8799],[22.3772,49.889],[22.4215,49.8878],[22.4374,49.8742],[22.4557,49.8687],[22.4578,49.8653],[22.4489,49.8577],[22.4532,49.8481],[22.4795,49.8491],[22.4953,49.8431],[22.5916,49.8374],[22.6705,49.8695],[22.678,49.8782],[22.6718,49.8978],[22.7108,49.9081],[22.7224,49.9252],[22.7353,49.9162],[22.7564,49.9195],[22.7729,49.9048],[22.7633,49.8968],[22.7821,49.8954],[22.7962,49.9016],[22.8129,49.8955],[22.8172,49.9045],[22.8362,49.9063],[22.8353,49.9023],[22.8399,49.9024],[22.836,49.9009],[22.8423,49.8966],[22.8526,49.8982],[22.8573,49.8874],[22.8847,49.8869],[22.8935,49.8877],[22.8969,49.8926],[22.8915,49.9072],[22.918,49.9081],[22.9146,49.9327],[22.9264,49.933],[22.9398,49.9203],[22.9595,49.9219],[22.9557,49.9236],[22.9598,49.9339],[22.9582,49.9493],[23.0342,49.9402],[23.0418,49.9343],[23.0557,49.9355],[23.0539,49.9243],[23.0929,49.9288]],[[22.7635,49.8082],[22.7281,49.8206],[22.7262,49.8167],[22.7327,49.8142],[22.7358,49.8052],[22.7249,49.7908],[22.731,49.7844],[22.7205,49.7813],[22.7203,49.7769],[22.73,49.7786],[22.7312,49.7738],[22.7374,49.7739],[22.7366,49.7702],[22.7134,49.7629],[22.7223,49.7491],[22.7307,49.7588],[22.7381,49.7601],[22.7754,49.7464],[22.7868,49.7521],[22.8126,49.7549],[22.8204,49.76],[22.8249,49.7715],[22.8451,49.7679],[22.8485,49.7841],[22.8554,49.7833],[22.8336,49.795],[22.8026,49.7923],[22.7929,49.8015],[22.8078,49.8063],[22.7971,49.8114],[22.7635,49.8082]]]}},{"type":"Feature","properties":{"slug":"warszawski-zachodni","name":"powiat warszawski zachodni","bdlUnitId":"071413032000","voivodeship":"mazowieckie"},"geometry":{"type":"Polygon","coordinates":[[[20.8205,52.3789],[20.8761,52.3793],[20.8968,52.3746],[20.9081,52.3677],[20.9152,52.3561],[20.9124,52.353],[20.9258,52.3384],[20.9221,52.3237],[20.896,52.3217],[20.8884,52.3132],[20.8757,52.3148],[20.8805,52.3092],[20.8758,52.2987],[20.8758,52.2805],[20.8812,52.2796],[20.8787,52.2651],[20.8638,52.25],[20.894,52.2437],[20.8896,52.232],[20.8727,52.2287],[20.8749,52.2196],[20.8709,52.2089],[20.8556,52.2062],[20.8531,52.1972],[20.7752,52.1906],[20.7664,52.2011],[20.7631,52.196],[20.7478,52.1995],[20.7402,52.1876],[20.6976,52.1906],[20.7049,52.1833],[20.6787,52.1871],[20.6601,52.1835],[20.6507,52.1755],[20.6413,52.1814],[20.6384,52.1698],[20.6038,52.1576],[20.5589,52.1615],[20.5549,52.163],[20.5599,52.1664],[20.545,52.165],[20.5349,52.182],[20.5352,52.194],[20.5321,52.1895],[20.5158,52.1913],[20.522,52.1964],[20.5145,52.1982],[20.5162,52.2024],[20.5103,52.2032],[20.4849,52.1838],[20.4804,52.1934],[20.4907,52.1932],[20.4892,52.2185],[20.477,52.2182],[20.4746,52.2223],[20.4903,52.2262],[20.4887,52.238],[20.4682,52.2341],[20.4438,52.2414],[20.4349,52.2344],[20.4254,52.2351],[20.4255,52.2187],[20.4111,52.2192],[20.4169,52.2417],[20.4102,52.2441],[20.3972,52.2458],[20.3941,52.2391],[20.3843,52.2419],[20.3774,52.229],[20.3733,52.2299],[20.3716,52.2383],[20.3451,52.2379],[20.3305,52.2434],[20.3394,52.245],[20.3452,52.2537],[20.3357,52.2571],[20.3394,52.2809],[20.3123,52.2811],[20.3263,52.288],[20.3468,52.286],[20.3483,52.2945],[20.3829,52.2948],[20.3856,52.3027],[20.3957,52.3002],[20.3982,52.3039],[20.407,52.2987],[20.4128,52.3074],[20.3788,52.3082],[20.3789,52.3176],[20.3876,52.3247],[20.4189,52.3309],[20.4273,52.3288],[20.4222,52.3213],[20.4574,52.322],[20.4485,52.3035],[20.4323,52.3048],[20.4298,52.2981],[20.4369,52.2973],[20.4392,52.2882],[20.4712,52.2851],[20.476,52.2937],[20.5077,52.2947],[20.5046,52.2881],[20.5143,52.2954],[20.5342,52.2948],[20.5295,52.3119],[20.5646,52.312],[20.5538,52.3261],[20.6041,52.3337],[20.6201,52.3113],[20.64,52.3134],[20.6889,52.3314],[20.6874,52.327],[20.6933,52.3284],[20.6917,52.3348],[20.6966,52.3386],[20.7327,52.3497],[20.7405,52.3223],[20.7622,52.3231],[20.7789,52.3506],[20.8015,52.3444],[20.8205,52.3461],[20.8284,52.36],[20.8145,52.3645],[20.8205,52.3789]]]}},{"type":"Feature","properties":{"slug":"wlodawski","name":"powiat włodawski","bdlUnitId":"060610919000","voivodeship":"lubelskie"},"geometry":{"type":"Polygon","coordinates":[[[23.3209,51.6566],[23.3361,51.6571],[23.3284,51.666],[23.3308,51.6761],[23.3592,51.6863],[23.412,51.7173],[23.4141,51.7224],[23.4004,51.7285],[23.4018,51.738],[23.4156,51.7431],[23.447,51.7421],[23.4514,51.7547],[23.4474,51.7624],[23.4554,51.777],[23.478,51.78],[23.4877,51.7771],[23.483,51.772],[23.5187,51.7603],[23.51,51.7499],[23.5306,51.7431],[23.5323,51.7371],[23.527,51.7298],[23.5346,51.7281],[23.5345,51.7232],[23.5474,51.7266],[23.553,51.7162],[23.5473,51.7101],[23.5555,51.7071],[23.5485,51.7042],[23.5604,51.6984],[23.5489,51.6847],[23.556,51.6813],[23.5522,51.6747],[23.5584,51.6657],[23.5393,51.6568],[23.5437,51.6516],[23.5374,51.6446],[23.5487,51.641],[23.5393,51.6338],[23.5464,51.6219],[23.5403,51.6122],[23.544,51.605],[23.5403,51.6019],[23.549,51.5977],[23.5532,51.5836],[23.5671,51.5792],[23.5642,51.5696],[23.5689,51.5676],[23.5682,51.5616],[23.5779,51.5571],[23.5652,51.55],[23.5646,51.5353],[23.5854,51.5289],[23.593,51.5354],[23.6025,51.529],[23.6128,51.5288],[23.6247,51.5144],[23.6173,51.5102],[23.6164,51.5034],[23.6247,51.5006],[23.6201,51.4964],[23.6382,51.4856],[23.6581,51.4906],[23.6694,51.4834],[23.6763,51.471],[23.6668,51.4709],[23.6582,51.462],[23.6472,51.4595],[23.6494,51.4463],[23.6766,51.4412],[23.6859,51.4446],[23.6814,51.438],[23.6857,51.4338],[23.677,51.4297],[23.6887,51.4191],[23.7028,51.4192],[23.6928,51.4145],[23.7022,51.4116],[23.6963,51.4079],[23.7027,51.4035],[23.6819,51.3981],[23.6859,51.3936],[23.6769,51.3941],[23.6892,51.3882],[23.6786,51.3838],[23.678,51.377],[23.6838,51.3785],[23.6866,51.3686],[23.6653,51.3668],[23.6688,51.3605],[23.6572,51.3595],[23.6559,51.3448],[23.6498,51.344],[23.6578,51.342],[23.6562,51.3391],[23.6475,51.3398],[23.6361,51.3291],[23.6422,51.3264],[23.6356,51.3194],[23.6439,51.3134],[23.6408,51.3071],[23.6524,51.2993],[23.6468,51.2981],[23.6501,51.2945],[23.646,51.2918],[23.6562,51.287],[23.663,51.2924],[23.6774,51.2924],[23.6879,51.2864],[23.6946,51.2917],[23.6973,51.2832],[23.7093,51.2773],[23.6962,51.2713],[23.6536,51.2768],[23.6511,51.2681],[23.6052,51.2656],[23.6054,51.2761],[23.5931,51.2711],[23.591,51.2839],[23.5797,51.3007],[23.5545,51.2954],[23.5595,51.3168],[23.5064,51.3262],[23.4995,51.348],[23.5111,51.347],[23.5062,51.3552],[23.5087,51.3584],[23.478,51.3741],[23.4651,51.3688],[23.4628,51.3562],[23.4581,51.3545],[23.4639,51.3509],[23.4607,51.3478],[23.4374,51.3572],[23.4319,51.3639],[23.393,51.3533],[23.3691,51.3551],[23.3524,51.3496],[23.322,51.3588],[23.285,51.3623],[23.2837,51.3453],[23.2746,51.3336],[23.2415,51.327],[23.2341,51.3281],[23.2149,51.3502],[23.1952,51.358],[23.1752,51.3559],[23.166,51.3619],[23.1719,51.3682],[23.1641,51.3734],[23.1547,51.3679],[23.1549,51.3635],[23.1423,51.3611],[23.1396,51.3662],[23.1263,51.3598],[23.128,51.3667],[23.1182,51.3645],[23.1187,51.3729],[23.0995,51.3619],[23.0997,51.3677],[23.0914,51.3672],[23.0939,51.3778],[23.0834,51.3819],[23.0881,51.3847],[23.0857,51.3915],[23.0563,51.3995],[23.0736,51.4139],[23.0605,51.4235],[23.0642,51.4288],[23.076,51.4313],[23.0675,51.4337],[23.0677,51.4373],[23.0809,51.4392],[23.0751,51.4421],[23.0794,51.448],[23.0995,51.4447],[23.0912,51.4621],[23.1015,51.4657],[23.1765,51.4593],[23.1927,51.467],[23.2161,51.5141],[23.2068,51.5169],[23.1954,51.5309],[23.1685,51.5494],[23.1469,51.5591],[23.1637,51.5773],[23.1713,51.5739],[23.1778,51.5781],[23.1815,51.5917],[23.1783,51.5959],[23.202,51.6089],[23.2018,51.6144],[23.2061,51.6155],[23.2277,51.619],[23.225,51.6106],[23.2283,51.6058],[23.2562,51.6114],[23.2483,51.6263],[23.2528,51.6324],[23.3109,51.6278],[23.3196,51.6368],[23.3209,51.6566]]]}},{"type":"Feature","properties":{"slug":"bochenski","name":"powiat bocheński","bdlUnitId":"011212001000","voivodeship":"małopolskie"},"geometry":{"type":"Polygon","coordinates":[[[20.3483,50.0999],[20.3405,50.1111],[20.3571,50.1182],[20.3713,50.1135],[20.3827,50.1224],[20.3992,50.1228],[20.4046,50.1276],[20.3992,50.1396],[20.405,50.1433],[20.4265,50.1342],[20.4405,50.1434],[20.4571,50.1321],[20.4737,50.1384],[20.4943,50.1339],[20.5111,50.1385],[20.5005,50.1293],[20.5115,50.1179],[20.5083,50.1034],[20.5291,50.0995],[20.5288,50.0786],[20.5758,50.0795],[20.5996,50.0694],[20.618,50.0684],[20.6299,50.0609],[20.631,50.0536],[20.6177,50.0439],[20.5967,50.0459],[20.5838,50.0126],[20.5796,50.0115],[20.5781,49.9994],[20.5522,49.9943],[20.5523,49.9741],[20.5421,49.9708],[20.5469,49.9668],[20.5448,49.9607],[20.5524,49.97],[20.5504,49.9572],[20.5336,49.9539],[20.5245,49.9459],[20.5251,49.9353],[20.5499,49.9208],[20.5518,49.9133],[20.5664,49.9159],[20.567,49.8987],[20.554,49.8812],[20.5628,49.861],[20.5779,49.8512],[20.5785,49.8379],[20.5182,49.8341],[20.5211,49.8258],[20.5346,49.8144],[20.5261,49.8024],[20.5181,49.7982],[20.4889,49.7975],[20.4741,49.8018],[20.4771,49.7907],[20.4696,49.784],[20.4709,49.7803],[20.4149,49.7849],[20.3862,49.7773],[20.3805,49.7816],[20.3641,49.7789],[20.3515,49.7884],[20.3529,49.7967],[20.3471,49.8074],[20.3521,49.8113],[20.3426,49.8128],[20.3436,49.8157],[20.3145,49.8232],[20.3156,49.8159],[20.2902,49.8057],[20.2719,49.8132],[20.2726,49.8182],[20.2606,49.8311],[20.2443,49.8295],[20.2466,49.8437],[20.2356,49.8486],[20.2325,49.8636],[20.2553,49.8668],[20.2614,49.875],[20.2604,49.8818],[20.2713,49.8923],[20.2879,49.893],[20.2859,49.9044],[20.3059,49.9136],[20.3109,49.9261],[20.3002,49.9248],[20.3112,49.9312],[20.3038,49.9423],[20.3166,49.9512],[20.3095,49.9531],[20.3139,49.9582],[20.3074,49.9608],[20.316,49.9678],[20.3078,49.9755],[20.3285,49.9749],[20.336,49.9849],[20.3524,49.989],[20.341,49.9887],[20.3426,49.9947],[20.3346,49.999],[20.3239,49.998],[20.3208,50.0185],[20.3876,50.0221],[20.3797,50.0646],[20.3645,50.066],[20.37,50.0723],[20.3554,50.0706],[20.3504,50.0936],[20.3553,50.096],[20.3483,50.0999]]]}},{"type":"Feature","properties":{"slug":"wschowski","name":"powiat wschowski","bdlUnitId":"020811412000","voivodeship":"lubuskie"},"geometry":{"type":"Polygon","coordinates":[[[15.9681,51.7879],[15.9521,51.7897],[15.9507,51.8007],[15.8839,51.7989],[15.8786,51.8119],[15.883,51.8177],[15.8805,51.8236],[15.841,51.8292],[15.8251,51.8462],[15.8492,51.8556],[15.8611,51.8517],[15.8671,51.8597],[15.8772,51.8514],[15.9025,51.8538],[15.912,51.857],[15.9039,51.8669],[15.9256,51.8699],[15.9259,51.8753],[15.9428,51.8757],[15.9457,51.88],[15.9551,51.8785],[15.9488,51.8713],[15.975,51.8702],[15.9803,51.8748],[15.9736,51.8818],[15.9775,51.8902],[15.9927,51.8915],[15.9918,51.9036],[15.971,51.9165],[15.957,51.9192],[15.9707,51.9205],[15.9674,51.9245],[15.9715,51.9263],[15.9456,51.9377],[15.9586,51.9436],[15.9704,51.9416],[15.9969,51.9472],[16.0112,51.9652],[16.0097,51.9811],[16.0606,51.9772],[16.106,51.9968],[16.1229,51.9931],[16.1303,51.979],[16.1373,51.9544],[16.1239,51.9514],[16.1306,51.9437],[16.1257,51.942],[16.131,51.9404],[16.1262,51.9339],[16.1382,51.9255],[16.1253,51.9198],[16.1331,51.917],[16.0997,51.9031],[16.0989,51.8935],[16.1231,51.8965],[16.1616,51.8924],[16.1723,51.8834],[16.188,51.8813],[16.1862,51.8845],[16.1929,51.8851],[16.2002,51.872],[16.2149,51.8698],[16.2396,51.8838],[16.2481,51.9007],[16.2558,51.9022],[16.2574,51.8975],[16.2727,51.8951],[16.2868,51.9002],[16.3128,51.8864],[16.3515,51.8807],[16.3351,51.8711],[16.3871,51.8464],[16.3795,51.8389],[16.4005,51.8378],[16.394,51.8197],[16.4008,51.8142],[16.4018,51.8045],[16.3886,51.7912],[16.3938,51.7864],[16.4018,51.7899],[16.4168,51.7828],[16.3952,51.7672],[16.3833,51.7704],[16.3771,51.7672],[16.378,51.753],[16.3617,51.7415],[16.3693,51.7288],[16.3504,51.7157],[16.3476,51.7091],[16.3027,51.6985],[16.2973,51.6947],[16.2996,51.69],[16.2694,51.6847],[16.2678,51.6779],[16.276,51.6724],[16.2701,51.6635],[16.2515,51.6863],[16.2233,51.6954],[16.2278,51.6987],[16.2176,51.7146],[16.1994,51.718],[16.1723,51.7092],[16.16,51.7117],[16.1586,51.718],[16.1778,51.764],[16.1335,51.7583],[16.134,51.7652],[16.0982,51.7665],[16.079,51.7732],[16.07,51.7826],[16.0352,51.7817],[16.035,51.7953],[16.0287,51.8025],[15.9792,51.8023],[15.9826,51.7998],[15.9673,51.7939],[15.9681,51.7879]]]}},{"type":"Feature","properties":{"slug":"gorzowski","name":"powiat gorzowski","bdlUnitId":"020811301000","voivodeship":"lubuskie"},"geometry":{"type":"Polygon","coordinates":[[[15.3317,52.9044],[15.367,52.9012],[15.3653,52.8935],[15.3745,52.8873],[15.4234,52.8865],[15.4364,52.8791],[15.4402,52.8661],[15.4465,52.8612],[15.4401,52.8494],[15.4452,52.8424],[15.4248,52.8391],[15.4204,52.8341],[15.4327,52.815],[15.4079,52.8143],[15.4338,52.8096],[15.4683,52.7908],[15.446,52.7785],[15.4481,52.7711],[15.4562,52.7765],[15.4903,52.752],[15.4993,52.7513],[15.5386,52.7698],[15.5614,52.764],[15.5834,52.7665],[15.5852,52.7625],[15.579,52.756],[15.5879,52.743],[15.5874,52.7263],[15.6055,52.7254],[15.6037,52.7141],[15.5706,52.6972],[15.5453,52.6941],[15.4405,52.701],[15.4007,52.6933],[15.393,52.699],[15.3877,52.689],[15.3945,52.6773],[15.3901,52.6705],[15.4089,52.6611],[15.3867,52.6516],[15.381,52.6435],[15.371,52.6425],[15.371,52.6325],[15.3483,52.6033],[15.3503,52.5915],[15.2096,52.5844],[15.2141,52.5944],[15.211,52.6081],[15.1984,52.6154],[15.1967,52.6261],[15.2061,52.6336],[15.1577,52.6521],[15.1339,52.642],[15.107,52.618],[15.0642,52.6211],[15.0565,52.6313],[15.032,52.6434],[14.9992,52.6403],[14.9353,52.6197],[14.8803,52.6154],[14.8495,52.622],[14.7846,52.6015],[14.7605,52.6039],[14.7044,52.5923],[14.6563,52.5802],[14.6473,52.5722],[14.6174,52.5838],[14.598,52.6096],[14.564,52.6247],[14.5745,52.6356],[14.5827,52.6324],[14.6285,52.6548],[14.6296,52.6602],[14.6625,52.648],[14.6583,52.6423],[14.6917,52.6331],[14.7214,52.631],[14.7301,52.642],[14.7492,52.6444],[14.7524,52.6689],[14.7636,52.6704],[14.7916,52.6971],[14.798,52.7271],[14.7952,52.7359],[14.7997,52.7375],[14.7894,52.752],[14.7912,52.7569],[14.801,52.7585],[14.8155,52.7744],[14.8489,52.7775],[14.8505,52.7852],[14.8446,52.7903],[14.8653,52.792],[14.8617,52.8023],[14.8679,52.8122],[14.8549,52.8124],[14.8586,52.8176],[14.851,52.8281],[14.8733,52.8338],[14.8634,52.8434],[14.8651,52.8466],[14.8875,52.8467],[14.8956,52.8331],[14.9192,52.8439],[14.9103,52.8552],[14.8953,52.8553],[14.8904,52.8607],[14.9095,52.8873],[14.9254,52.8897],[14.9233,52.8829],[14.9339,52.8851],[14.9317,52.8818],[14.9545,52.8743],[14.9489,52.8715],[14.9783,52.8661],[14.9831,52.8615],[14.9791,52.8537],[14.9816,52.8489],[14.9881,52.8509],[14.9908,52.8425],[15.0096,52.8477],[15.0087,52.8545],[15.0378,52.8616],[15.0491,52.8435],[15.0652,52.839],[15.0718,52.8306],[15.2809,52.887],[15.2878,52.8798],[15.2856,52.886],[15.3268,52.8948],[15.3323,52.8985],[15.3317,52.9044]],[[15.2832,52.7314],[15.2961,52.7304],[15.2974,52.7353],[15.281,52.74],[15.2869,52.747],[15.2818,52.7493],[15.2822,52.7694],[15.2493,52.7732],[15.2298,52.7737],[15.2152,52.7684],[15.2152,52.7635],[15.1907,52.759],[15.1789,52.7667],[15.1353,52.7769],[15.1292,52.7693],[15.1464,52.7623],[15.1492,52.7485],[15.1313,52.759],[15.1234,52.7482],[15.1406,52.7312],[15.1254,52.7212],[15.1348,52.7099],[15.175,52.7105],[15.1777,52.7067],[15.1843,52.7098],[15.191,52.7031],[15.1995,52.7029],[15.2303,52.6869],[15.2497,52.6842],[15.2632,52.6902],[15.2773,52.6903],[15.2881,52.6848],[15.2977,52.6918],[15.3066,52.7172],[15.3109,52.7185],[15.3081,52.7253],[15.2913,52.7217],[15.2764,52.7273],[15.2832,52.7314]]]}},{"type":"Feature","properties":{"slug":"miedzyrzecki","name":"powiat międzyrzecki","bdlUnitId":"020811303000","voivodeship":"lubuskie"},"geometry":{"type":"Polygon","coordinates":[[[15.6037,52.7141],[15.6134,52.7059],[15.6367,52.7012],[15.7377,52.7133],[15.7797,52.7004],[15.7933,52.7069],[15.8037,52.6938],[15.8129,52.6792],[15.814,52.6678],[15.7861,52.6677],[15.7763,52.6379],[15.7957,52.6362],[15.7939,52.6279],[15.8005,52.6239],[15.7846,52.6185],[15.7959,52.6058],[15.8061,52.6046],[15.8124,52.5934],[15.836,52.5872],[15.8281,52.5825],[15.8303,52.5776],[15.8259,52.5759],[15.8247,52.5671],[15.8431,52.5596],[15.8417,52.5557],[15.8585,52.5449],[15.8348,52.5293],[15.863,52.5104],[15.8771,52.5108],[15.8676,52.5026],[15.8857,52.4896],[15.8837,52.485],[15.8929,52.4682],[15.8858,52.4648],[15.8788,52.4725],[15.8776,52.4695],[15.8927,52.4605],[15.8987,52.4493],[15.8753,52.4427],[15.8779,52.4373],[15.8736,52.4353],[15.8574,52.4398],[15.8564,52.4326],[15.8519,52.4316],[15.8314,52.4352],[15.8333,52.4446],[15.8271,52.4546],[15.8103,52.4444],[15.8125,52.441],[15.8041,52.4434],[15.8065,52.4351],[15.8187,52.4291],[15.8158,52.4272],[15.8271,52.4263],[15.8247,52.422],[15.8394,52.4131],[15.8434,52.403],[15.8608,52.4027],[15.8702,52.3965],[15.9003,52.3909],[15.9006,52.3827],[15.8881,52.372],[15.8906,52.3539],[15.881,52.3508],[15.8813,52.3425],[15.8882,52.3362],[15.8824,52.3273],[15.892,52.311],[15.8818,52.3088],[15.8808,52.2904],[15.8268,52.2837],[15.8503,52.2941],[15.8491,52.3045],[15.8553,52.3071],[15.8345,52.312],[15.8302,52.3205],[15.7966,52.3184],[15.7298,52.2919],[15.7003,52.2904],[15.6963,52.2973],[15.6515,52.3105],[15.6507,52.3165],[15.6392,52.3231],[15.6262,52.3208],[15.6224,52.3427],[15.5709,52.3421],[15.5654,52.345],[15.5738,52.3513],[15.4978,52.3592],[15.4922,52.3661],[15.455,52.3605],[15.455,52.3677],[15.4418,52.3681],[15.4358,52.3756],[15.4505,52.386],[15.4387,52.3898],[15.4419,52.3949],[15.416,52.4099],[15.4191,52.4192],[15.3488,52.4177],[15.35,52.4231],[15.3338,52.4263],[15.337,52.4363],[15.3219,52.4408],[15.3174,52.4481],[15.3221,52.455],[15.2987,52.4618],[15.3042,52.4733],[15.2658,52.4852],[15.2651,52.4912],[15.2907,52.4982],[15.2753,52.5083],[15.2763,52.541],[15.3102,52.5439],[15.306,52.5901],[15.3503,52.5915],[15.3483,52.6033],[15.371,52.6325],[15.371,52.6425],[15.381,52.6435],[15.3867,52.6516],[15.4089,52.6611],[15.3901,52.6705],[15.3945,52.6773],[15.3877,52.689],[15.393,52.699],[15.4007,52.6933],[15.4405,52.701],[15.5453,52.6941],[15.5706,52.6972],[15.6037,52.7141]]]}},{"type":"Feature","properties":{"slug":"slubicki","name":"powiat słubicki","bdlUnitId":"020811305000","voivodeship":"lubuskie"},"geometry":{"type":"Polygon","coordinates":[[[14.9204,52.3674],[14.9152,52.3644],[14.9176,52.3603],[14.8967,52.3616],[14.8891,52.3664],[14.8752,52.3623],[14.8748,52.3418],[14.8807,52.342],[14.8826,52.3332],[14.906,52.3268],[14.9001,52.317],[14.8802,52.3111],[14.8686,52.2906],[14.8805,52.2798],[14.899,52.2812],[14.919,52.2605],[14.9169,52.2529],[14.9015,52.2571],[14.8843,52.253],[14.902,52.2411],[14.8972,52.2402],[14.9133,52.2099],[14.8895,52.2068],[14.8851,52.2],[14.8832,52.1945],[14.8962,52.1829],[14.8914,52.1816],[14.8917,52.1765],[14.8814,52.1765],[14.8808,52.1717],[14.8888,52.1665],[14.8693,52.1538],[14.8846,52.1522],[14.8777,52.1476],[14.8847,52.1448],[14.8865,52.1378],[14.8644,52.1323],[14.8614,52.1372],[14.871,52.1361],[14.8706,52.1423],[14.847,52.1488],[14.8376,52.1449],[14.835,52.1493],[14.8108,52.1383],[14.8084,52.1234],[14.8159,52.1155],[14.8124,52.1094],[14.7948,52.1079],[14.8047,52.0987],[14.8049,52.0947],[14.7976,52.0924],[14.806,52.0908],[14.7899,52.0833],[14.8067,52.074],[14.7902,52.0705],[14.7798,52.0803],[14.7724,52.0811],[14.758,52.0697],[14.7328,52.0898],[14.6982,52.0994],[14.6816,52.1166],[14.6842,52.1242],[14.6796,52.1449],[14.7054,52.1696],[14.7031,52.178],[14.6852,52.1941],[14.7084,52.2117],[14.716,52.2355],[14.6927,52.2557],[14.5965,52.2729],[14.5875,52.2835],[14.5758,52.2886],[14.5748,52.2956],[14.5849,52.3065],[14.5762,52.3215],[14.5616,52.3279],[14.5625,52.3398],[14.5521,52.3537],[14.5521,52.3741],[14.5342,52.3969],[14.5466,52.4128],[14.5439,52.424],[14.5495,52.4336],[14.5793,52.4417],[14.6088,52.4639],[14.6134,52.4772],[14.6345,52.4923],[14.6317,52.5018],[14.6127,52.5104],[14.6039,52.5313],[14.6157,52.5542],[14.6373,52.5663],[14.6402,52.5758],[14.7155,52.5457],[14.77,52.5433],[14.7805,52.5481],[14.8131,52.5391],[14.8055,52.5253],[14.8166,52.5072],[14.8456,52.5135],[14.8763,52.5118],[14.901,52.5248],[14.929,52.5299],[14.9943,52.5198],[14.9906,52.5138],[14.9722,52.5061],[14.9689,52.4977],[14.9748,52.4909],[14.9906,52.4909],[14.9856,52.4774],[14.9939,52.4589],[15.0407,52.4519],[15.0439,52.4411],[15.0245,52.4323],[15.0354,52.413],[15.0312,52.3993],[15.0268,52.3914],[14.9831,52.3906],[14.9817,52.4032],[14.9465,52.4096],[14.9281,52.399],[14.9202,52.3883],[14.9204,52.3674]]]}},{"type":"Feature","properties":{"slug":"nowotomyski","name":"powiat nowotomyski","bdlUnitId":"023015915000","voivodeship":"wielkopolskie"},"geometry":{"type":"Polygon","coordinates":[[[16.4607,52.3766],[16.453,52.361],[16.4683,52.3581],[16.4652,52.356],[16.4692,52.3505],[16.5104,52.3386],[16.4965,52.3231],[16.5007,52.3213],[16.4995,52.315],[16.4678,52.304],[16.4706,52.3003],[16.5056,52.3009],[16.5063,52.2886],[16.4967,52.2764],[16.5127,52.2699],[16.5049,52.2561],[16.4843,52.2485],[16.4766,52.2587],[16.4526,52.2692],[16.443,52.2546],[16.4263,52.2545],[16.4201,52.2488],[16.3854,52.2687],[16.3807,52.2692],[16.3762,52.2551],[16.3698,52.2662],[16.3266,52.2851],[16.321,52.281],[16.3123,52.2849],[16.3053,52.2821],[16.2995,52.2872],[16.2322,52.2729],[16.2277,52.2797],[16.2262,52.2717],[16.1919,52.2749],[16.1734,52.2681],[16.1797,52.2532],[16.1637,52.2265],[16.1554,52.2263],[16.1491,52.2321],[16.121,52.2318],[16.1252,52.24],[16.1173,52.243],[16.1115,52.2381],[16.1024,52.2455],[16.0903,52.2405],[16.0859,52.2437],[16.0892,52.2468],[16.0792,52.2525],[16.0725,52.2437],[16.0515,52.245],[16.0426,52.2306],[15.9963,52.232],[16.0018,52.2192],[15.9916,52.2139],[15.9497,52.215],[15.9445,52.2043],[15.9472,52.1992],[15.9399,52.1968],[15.908,52.1999],[15.8907,52.19],[15.8901,52.1831],[15.861,52.1828],[15.8613,52.1978],[15.8495,52.2133],[15.8608,52.2276],[15.8524,52.2621],[15.8731,52.2824],[15.8814,52.2842],[15.8782,52.2951],[15.8838,52.3043],[15.8818,52.3088],[15.8919,52.3103],[15.8824,52.3273],[15.8882,52.3362],[15.8813,52.3425],[15.881,52.3508],[15.8906,52.3539],[15.8881,52.372],[15.9006,52.3827],[15.9003,52.3909],[15.8702,52.3965],[15.8608,52.4027],[15.8434,52.403],[15.8394,52.4131],[15.8247,52.422],[15.8271,52.4263],[15.8158,52.4272],[15.8187,52.4291],[15.8065,52.4351],[15.8041,52.4434],[15.8125,52.441],[15.8103,52.4444],[15.8271,52.4546],[15.8333,52.4446],[15.8323,52.4347],[15.8527,52.4317],[15.8617,52.4403],[15.8736,52.4353],[15.8779,52.4373],[15.8753,52.4427],[15.8987,52.4493],[15.8927,52.4605],[15.8797,52.4654],[15.8769,52.4719],[15.8903,52.4648],[15.8903,52.473],[15.9179,52.4815],[15.9353,52.4802],[15.9346,52.4835],[15.9486,52.4756],[15.9658,52.4483],[15.9999,52.4547],[16.0136,52.4515],[16.0255,52.4887],[16.0649,52.4905],[16.0717,52.5064],[16.0947,52.5139],[16.1246,52.5122],[16.1388,52.5064],[16.1424,52.4962],[16.1397,52.49],[16.1463,52.4834],[16.2063,52.4911],[16.2312,52.4891],[16.2284,52.4803],[16.2533,52.4733],[16.2877,52.4743],[16.2869,52.4595],[16.3175,52.4535],[16.324,52.4491],[16.3163,52.446],[16.3428,52.4396],[16.3596,52.4255],[16.3682,52.4278],[16.3761,52.4215],[16.3918,52.424],[16.3926,52.4145],[16.4116,52.4025],[16.4201,52.4114],[16.4423,52.4052],[16.4387,52.397],[16.4415,52.3867],[16.4607,52.3766]]]}},{"type":"Feature","properties":{"slug":"wagrowiecki","name":"powiat wągrowiecki","bdlUnitId":"023016028000","voivodeship":"wielkopolskie"},"geometry":{"type":"Polygon","coordinates":[[[17.007,52.8284],[17.0208,52.831],[17.0167,52.8354],[17.0482,52.8236],[17.0684,52.8272],[17.0427,52.8371],[17.0514,52.8376],[17.0607,52.8582],[17.0692,52.8644],[17.0583,52.8771],[17.0787,52.8906],[17.1391,52.9015],[17.1446,52.9068],[17.165,52.9077],[17.1725,52.9009],[17.1625,52.9128],[17.1635,52.9215],[17.156,52.9274],[17.1802,52.9341],[17.1743,52.9409],[17.1772,52.9561],[17.2017,52.9666],[17.204,52.9729],[17.2033,52.98],[17.1871,52.9916],[17.1866,53.0131],[17.2159,53.0226],[17.2534,53.0189],[17.2815,53.031],[17.2989,53.0512],[17.2922,53.0587],[17.289,53.084],[17.3239,53.0783],[17.3367,53.0427],[17.3334,53.0191],[17.3154,53.0191],[17.3016,52.9948],[17.317,52.99],[17.3169,52.974],[17.3686,52.9733],[17.3946,52.9824],[17.4592,52.9502],[17.4854,52.95],[17.4983,52.9325],[17.5186,52.928],[17.5096,52.9178],[17.519,52.8968],[17.5183,52.8857],[17.5284,52.8848],[17.5233,52.8742],[17.5271,52.8582],[17.5133,52.8549],[17.5158,52.8385],[17.5123,52.8318],[17.521,52.8215],[17.5045,52.8041],[17.5098,52.7958],[17.5033,52.7867],[17.4604,52.7868],[17.4528,52.7972],[17.4324,52.7839],[17.4107,52.7853],[17.413,52.7775],[17.4081,52.7715],[17.4225,52.7666],[17.4139,52.7667],[17.4143,52.7624],[17.4078,52.7618],[17.4097,52.757],[17.4044,52.7567],[17.4393,52.7504],[17.4589,52.7396],[17.4556,52.7289],[17.4365,52.725],[17.4306,52.7165],[17.4277,52.7082],[17.4384,52.6999],[17.4378,52.6897],[17.395,52.6857],[17.3959,52.6742],[17.3861,52.671],[17.3789,52.6708],[17.3681,52.6828],[17.3387,52.6843],[17.3355,52.6827],[17.343,52.6786],[17.3355,52.6739],[17.3357,52.6441],[17.3045,52.6438],[17.2739,52.6313],[17.2658,52.6349],[17.2597,52.6233],[17.2258,52.5998],[17.2278,52.5913],[17.2126,52.5823],[17.1843,52.576],[17.1572,52.5819],[17.1473,52.5697],[17.1349,52.5672],[17.1274,52.5681],[17.1286,52.5762],[17.1185,52.5906],[17.12,52.6023],[17.1278,52.6046],[17.1223,52.6133],[17.1326,52.6197],[17.1316,52.6255],[17.1008,52.6234],[17.0793,52.639],[17.0664,52.6419],[17.0443,52.6314],[17.0482,52.6431],[17.0615,52.6451],[17.0611,52.6613],[17.0683,52.6616],[17.0311,52.6791],[17.037,52.6899],[17.0443,52.6854],[17.084,52.6818],[17.1058,52.6886],[17.1175,52.6761],[17.1244,52.676],[17.126,52.6808],[17.1059,52.7049],[17.1089,52.7072],[17.1058,52.713],[17.1136,52.7188],[17.1104,52.7206],[17.114,52.723],[17.1088,52.7243],[17.1325,52.7323],[17.1275,52.7405],[17.1293,52.7468],[17.1183,52.7537],[17.1094,52.7693],[17.115,52.7743],[17.1158,52.7858],[17.1031,52.7766],[17.1053,52.7818],[17.0776,52.7793],[17.0756,52.7836],[17.0681,52.782],[17.0695,52.7748],[17.0393,52.7778],[17.0282,52.7737],[17.0269,52.7794],[17.0064,52.7823],[17.0026,52.8056],[17.007,52.8284]]]}},{"type":"Feature","properties":{"slug":"bielski-podlaskie","name":"powiat bielski","bdlUnitId":"062013803000","voivodeship":"podlaskie"},"geometry":{"type":"Polygon","coordinates":[[[23.2193,52.9023],[23.2405,52.9005],[23.2691,52.9058],[23.2869,52.9029],[23.3,52.8926],[23.3302,52.8935],[23.3346,52.8562],[23.3282,52.8606],[23.326,52.8562],[23.3496,52.846],[23.3457,52.8318],[23.3564,52.8046],[23.3705,52.8077],[23.3787,52.7556],[23.3885,52.7558],[23.3784,52.7263],[23.3943,52.7271],[23.3966,52.7204],[23.3908,52.7074],[23.3952,52.6908],[23.4025,52.6836],[23.3875,52.6772],[23.3955,52.6731],[23.389,52.6721],[23.3915,52.6672],[23.376,52.6492],[23.3778,52.6431],[23.3702,52.6388],[23.3567,52.6445],[23.3611,52.6502],[23.3292,52.6595],[23.3195,52.6577],[23.3267,52.644],[23.3198,52.6463],[23.2961,52.6336],[23.2841,52.6372],[23.2815,52.6278],[23.2897,52.6239],[23.2788,52.6246],[23.2836,52.6168],[23.2738,52.6046],[23.2762,52.597],[23.2527,52.5884],[23.2162,52.6021],[23.2183,52.5976],[23.2145,52.5948],[23.2228,52.5898],[23.2111,52.5819],[23.2218,52.581],[23.2245,52.5755],[23.2207,52.5728],[23.1881,52.5813],[23.1939,52.5684],[23.1748,52.566],[23.1704,52.5718],[23.1462,52.5725],[23.115,52.5838],[23.0873,52.5854],[23.0836,52.5928],[23.0744,52.5767],[23.0133,52.5762],[23.002,52.5659],[22.9955,52.5688],[22.9945,52.5792],[23.0012,52.582],[22.9955,52.5863],[22.9364,52.5916],[22.9231,52.5975],[22.9257,52.6078],[22.9415,52.6187],[22.9097,52.6195],[22.8946,52.6382],[22.8807,52.6366],[22.8808,52.6447],[22.8383,52.6408],[22.844,52.6491],[22.8384,52.6546],[22.853,52.6633],[22.7924,52.6504],[22.7864,52.6724],[22.7719,52.6751],[22.7875,52.6969],[22.7716,52.6937],[22.7668,52.6857],[22.7432,52.6879],[22.7371,52.6797],[22.7298,52.6816],[22.7166,52.6747],[22.6941,52.6848],[22.6973,52.687],[22.6942,52.6917],[22.6762,52.704],[22.661,52.7012],[22.6291,52.722],[22.631,52.7259],[22.6145,52.7317],[22.6203,52.7351],[22.6121,52.7394],[22.6265,52.75],[22.6596,52.7516],[22.6797,52.7595],[22.6831,52.7693],[22.6965,52.7776],[22.6915,52.7877],[22.703,52.8028],[22.7249,52.8021],[22.7321,52.8107],[22.7456,52.8115],[22.7481,52.8192],[22.7641,52.8188],[22.771,52.8296],[22.7902,52.8284],[22.7764,52.8416],[22.78,52.8505],[22.7742,52.8571],[22.8127,52.8565],[22.8208,52.8512],[22.8238,52.8604],[22.8511,52.8598],[22.8697,52.8645],[22.8565,52.8785],[22.8692,52.8772],[22.8749,52.8834],[22.9065,52.8682],[22.9073,52.8741],[22.9214,52.8849],[22.9385,52.8878],[22.9345,52.9216],[22.9406,52.9267],[22.9867,52.9145],[22.995,52.908],[23.0149,52.9098],[23.0622,52.9014],[23.0654,52.9068],[23.0929,52.9068],[23.0973,52.9127],[23.1068,52.9142],[23.1219,52.9063],[23.159,52.9141],[23.1791,52.9123],[23.1875,52.9012],[23.1935,52.9053],[23.2193,52.9023]]]}},{"type":"Feature","properties":{"slug":"suwalski","name":"powiat suwalski","bdlUnitId":"062013912000","voivodeship":"podlaskie"},"geometry":{"type":"Polygon","coordinates":[[[22.792,54.3633],[22.8114,54.371],[22.8363,54.4065],[22.888,54.4091],[22.8875,54.3999],[22.9838,54.3896],[22.9848,54.3845],[23.0102,54.3828],[22.9939,54.3619],[23.0477,54.3492],[23.0632,54.341],[23.0464,54.3272],[23.0421,54.316],[23.051,54.3124],[23.0922,54.2985],[23.1404,54.3159],[23.1598,54.3096],[23.15,54.2875],[23.1374,54.2867],[23.1287,54.2771],[23.1469,54.2664],[23.1363,54.2617],[23.1411,54.2593],[23.1273,54.2584],[23.1244,54.2561],[23.1286,54.2535],[23.1087,54.2454],[23.1132,54.2411],[23.1305,54.2446],[23.1153,54.2336],[23.1214,54.2283],[23.1302,54.2314],[23.139,54.2238],[23.132,54.2185],[23.146,54.2145],[23.1391,54.2113],[23.1534,54.1976],[23.1488,54.1822],[23.143,54.1707],[23.1143,54.1742],[23.1051,54.1603],[23.1028,54.1453],[23.0898,54.1491],[23.08,54.1358],[23.0942,54.1299],[23.083,54.1217],[23.0867,54.1117],[23.0833,54.1074],[23.0884,54.0993],[23.0948,54.1013],[23.1203,54.0932],[23.1072,54.0812],[23.116,54.0759],[23.1412,54.0829],[23.1537,54.0753],[23.1176,54.0694],[23.1155,54.0634],[23.1192,54.0603],[23.1065,54.0646],[23.0892,54.0577],[23.104,54.0492],[23.129,54.0492],[23.1363,54.0374],[23.1338,54.0346],[23.1429,54.0302],[23.1361,54.025],[23.137,54.0195],[23.1501,54.0161],[23.1301,54.0176],[23.124,54.0248],[23.0371,54.0096],[22.9883,54.0163],[22.9221,54.0036],[22.9134,54.0117],[22.8718,53.9962],[22.8867,53.9683],[22.8335,53.968],[22.84,53.9638],[22.8409,53.9567],[22.8599,53.9528],[22.8517,53.9482],[22.8571,53.9446],[22.853,53.9402],[22.8512,53.9429],[22.8219,53.9276],[22.8163,53.9334],[22.7958,53.9227],[22.7885,53.9285],[22.7783,53.9229],[22.7458,53.9463],[22.7146,53.9569],[22.708,53.968],[22.6965,53.9735],[22.691,54.0004],[22.6799,54.0054],[22.6699,54.0296],[22.6286,54.0475],[22.6008,54.0519],[22.5969,54.0665],[22.6047,54.0738],[22.6038,54.0819],[22.6355,54.093],[22.6361,54.1079],[22.6129,54.1201],[22.5937,54.1412],[22.5914,54.1507],[22.5782,54.1465],[22.5808,54.142],[22.5471,54.1377],[22.5461,54.1476],[22.5389,54.1478],[22.5338,54.1552],[22.5369,54.1604],[22.5191,54.1613],[22.516,54.1719],[22.5038,54.1805],[22.5006,54.1864],[22.5099,54.1872],[22.5103,54.1908],[22.4879,54.1938],[22.4766,54.2013],[22.4839,54.2028],[22.4839,54.2081],[22.4974,54.2105],[22.4923,54.2144],[22.5101,54.2202],[22.5188,54.2178],[22.5151,54.2246],[22.5278,54.2294],[22.5319,54.2489],[22.566,54.2498],[22.5627,54.252],[22.5688,54.2584],[22.5794,54.2583],[22.576,54.2672],[22.6107,54.2599],[22.6447,54.2878],[22.6945,54.2754],[22.7457,54.2912],[22.7513,54.2982],[22.768,54.2894],[22.7791,54.2936],[22.79,54.2999],[22.784,54.3058],[22.7953,54.3249],[22.7765,54.328],[22.803,54.341],[22.8061,54.3495],[22.792,54.3633]],[[22.9771,54.1005],[22.9891,54.1029],[22.9758,54.1077],[22.9693,54.1157],[22.98,54.1202],[22.9699,54.1448],[22.9659,54.1455],[22.9731,54.154],[22.9501,54.165],[22.9318,54.1573],[22.9309,54.1394],[22.8917,54.1339],[22.8722,54.1154],[22.8762,54.1025],[22.8638,54.0922],[22.8812,54.0939],[22.8913,54.0779],[22.8827,54.0758],[22.884,54.073],[22.8959,54.0688],[22.9011,54.0603],[22.8942,54.0525],[22.8985,54.049],[22.9346,54.0404],[22.9373,54.0514],[22.9653,54.0527],[22.9629,54.057],[22.9743,54.0604],[22.9596,54.0735],[22.9711,54.0759],[22.9758,54.07],[22.9933,54.0688],[22.993,54.0753],[22.9757,54.0861],[22.9832,54.0909],[22.9771,54.1005]]]}},{"type":"Feature","properties":{"slug":"slupski","name":"powiat słupski","bdlUnitId":"042214112000","voivodeship":"pomorskie"},"geometry":{"type":"Polygon","coordinates":[[[17.4913,54.7601],[17.4916,54.7521],[17.5273,54.7539],[17.531,54.7474],[17.5166,54.7472],[17.4744,54.7286],[17.4167,54.7126],[17.4253,54.7018],[17.4367,54.6965],[17.4431,54.7015],[17.4411,54.7041],[17.4528,54.7036],[17.4402,54.7131],[17.4467,54.715],[17.4584,54.7138],[17.4645,54.7049],[17.4754,54.7021],[17.4832,54.7037],[17.4896,54.7126],[17.4943,54.7114],[17.4883,54.6991],[17.5291,54.7038],[17.5426,54.6915],[17.5291,54.6906],[17.5238,54.6771],[17.5018,54.6674],[17.509,54.6619],[17.5779,54.6531],[17.617,54.6367],[17.6078,54.6149],[17.5816,54.6061],[17.5804,54.5895],[17.567,54.5776],[17.5692,54.5702],[17.5463,54.5526],[17.5461,54.549],[17.5519,54.5506],[17.5635,54.544],[17.5881,54.5418],[17.6018,54.5345],[17.5927,54.5288],[17.597,54.5259],[17.5915,54.5265],[17.5653,54.5098],[17.5397,54.5076],[17.5384,54.5016],[17.5552,54.492],[17.5476,54.4845],[17.5498,54.4814],[17.5821,54.4838],[17.596,54.4743],[17.6075,54.4751],[17.6193,54.4688],[17.5979,54.4639],[17.6063,54.4558],[17.6004,54.4425],[17.5935,54.4426],[17.582,54.4261],[17.5734,54.4264],[17.574,54.4225],[17.5543,54.434],[17.5386,54.4328],[17.5437,54.4278],[17.539,54.4247],[17.515,54.4262],[17.5065,54.4333],[17.5005,54.4167],[17.4854,54.41],[17.477,54.397],[17.494,54.3822],[17.4738,54.3722],[17.4623,54.3779],[17.4519,54.3717],[17.459,54.3667],[17.454,54.3592],[17.4566,54.3527],[17.4483,54.3492],[17.4627,54.3455],[17.4576,54.3429],[17.4604,54.3371],[17.4559,54.3262],[17.4343,54.3194],[17.4344,54.3106],[17.4291,54.3087],[17.4379,54.2985],[17.4203,54.3021],[17.4261,54.2955],[17.4277,54.284],[17.4211,54.2805],[17.4258,54.2698],[17.4204,54.2711],[17.4203,54.2666],[17.3925,54.2574],[17.3901,54.249],[17.3674,54.25],[17.3557,54.2428],[17.3464,54.2582],[17.3583,54.2619],[17.3424,54.2796],[17.3559,54.2813],[17.3507,54.2893],[17.3572,54.2949],[17.3461,54.2952],[17.3446,54.3134],[17.3241,54.3144],[17.3189,54.3103],[17.3238,54.3083],[17.32,54.3051],[17.3057,54.3073],[17.291,54.2944],[17.2771,54.2976],[17.251,54.3137],[17.2399,54.3141],[17.1788,54.2911],[17.1412,54.2822],[17.1411,54.2867],[17.1329,54.2904],[17.1185,54.2883],[17.1009,54.2928],[17.0946,54.305],[17.0758,54.3109],[17.071,54.3188],[17.0647,54.3174],[17.0609,54.311],[17.0435,54.3096],[17.0422,54.2992],[17.047,54.2973],[17.0264,54.2994],[17.0318,54.2938],[17.0289,54.2798],[17.032,54.2775],[17.0289,54.2697],[17.0144,54.2646],[17.0199,54.2596],[17.0128,54.2251],[17.0303,54.2111],[17.019,54.1976],[17.0088,54.1965],[17.0119,54.1924],[17.0083,54.1885],[16.9704,54.1865],[16.973,54.154],[16.9587,54.1569],[16.9164,54.1524],[16.9207,54.1457],[16.9336,54.1482],[16.93,54.1374],[16.9329,54.1326],[16.9214,54.127],[16.9054,54.1337],[16.8784,54.1154],[16.8676,54.1203],[16.8626,54.1101],[16.8535,54.11],[16.8318,54.0964],[16.8001,54.0964],[16.8004,54.087],[16.7933,54.0845],[16.7935,54.1009],[16.7993,54.1014],[16.8046,54.1161],[16.793,54.1212],[16.779,54.1192],[16.7773,54.1273],[16.7841,54.1312],[16.7747,54.1336],[16.7743,54.1551],[16.7568,54.1578],[16.7489,54.1727],[16.731,54.1784],[16.7287,54.1841],[16.7351,54.1846],[16.7357,54.1886],[16.7327,54.2037],[16.7197,54.2024],[16.7196,54.2093],[16.7114,54.2139],[16.7292,54.2256],[16.7301,54.2317],[16.8313,54.2458],[16.8651,54.261],[16.8642,54.2856],[16.8545,54.2997],[16.8543,54.3076],[16.8378,54.3164],[16.8139,54.3186],[16.8226,54.3287],[16.8281,54.3458],[16.8161,54.3603],[16.8097,54.3595],[16.8078,54.3705],[16.8375,54.3705],[16.8382,54.3758],[16.8507,54.3741],[16.8586,54.3826],[16.8404,54.3987],[16.8401,54.4053],[16.8244,54.4157],[16.8411,54.4384],[16.8221,54.4537],[16.8282,54.4588],[16.8238,54.464],[16.8275,54.4648],[16.8197,54.473],[16.8172,54.4687],[16.8129,54.4729],[16.8107,54.4819],[16.8007,54.4807],[16.7933,54.4874],[16.7612,54.4858],[16.7392,54.5177],[16.7475,54.5304],[16.7126,54.5542],[16.6991,54.5692],[16.7651,54.5698],[16.8472,54.5878],[16.8509,54.592],[16.8683,54.5891],[16.8951,54.5931],[16.96,54.6163],[17.0508,54.6697],[17.2419,54.7296],[17.3527,54.7495],[17.4913,54.7601]],[[17.031,54.4246],[17.045,54.4228],[17.064,54.4315],[17.0429,54.4399],[17.0485,54.4424],[17.1037,54.4522],[17.104,54.4619],[17.0999,54.4637],[17.1041,54.4673],[17.0808,54.4706],[17.0814,54.4865],[17.0436,54.4957],[17.0161,54.4926],[17.0159,54.4984],[17.0061,54.496],[17.001,54.4841],[16.9777,54.493],[16.9782,54.4851],[16.9512,54.4595],[17.0261,54.446],[17.0207,54.4405],[17.0233,54.4361],[17.0175,54.433],[17.031,54.4246]]]}},{"type":"Feature","properties":{"slug":"ostrowiecki","name":"powiat ostrowiecki","bdlUnitId":"052615207000","voivodeship":"świętokrzyskie"},"geometry":{"type":"Polygon","coordinates":[[[21.1329,50.8222],[21.128,50.8372],[21.1333,50.8351],[21.1415,50.8446],[21.1358,50.8598],[21.1378,50.8888],[21.1633,50.8888],[21.16,50.8916],[21.1673,50.8914],[21.1734,50.8996],[21.1641,50.9007],[21.1581,50.9079],[21.1682,50.9169],[21.1618,50.9259],[21.1627,50.9339],[21.2007,50.9466],[21.1921,50.9564],[21.1991,50.9612],[21.1962,50.9706],[21.2008,50.9783],[21.2078,50.9799],[21.2065,50.9871],[21.1992,50.9877],[21.206,50.9992],[21.2212,51.0021],[21.2206,50.9959],[21.2252,50.9938],[21.2383,50.9967],[21.2496,50.9903],[21.2584,50.9974],[21.2728,50.9831],[21.2854,50.9876],[21.294,51.0114],[21.3217,51.0348],[21.3823,51.0368],[21.3825,51.0405],[21.4108,51.0308],[21.4313,51.0295],[21.4285,51.0257],[21.4636,51.0131],[21.4948,51.0214],[21.4859,51.0238],[21.5046,51.0317],[21.4861,51.0357],[21.4899,51.0397],[21.5169,51.0365],[21.4996,51.0451],[21.5128,51.0534],[21.5091,51.0579],[21.5328,51.0623],[21.5347,51.0564],[21.5421,51.057],[21.5451,51.0474],[21.5782,51.0601],[21.5901,51.0578],[21.6141,51.0653],[21.6191,51.0597],[21.6302,51.0634],[21.6629,51.0239],[21.6872,51.0196],[21.6819,51.01],[21.6596,51.0004],[21.6681,51.002],[21.6647,50.9995],[21.6707,50.9919],[21.6677,50.9902],[21.676,50.9876],[21.6573,50.9854],[21.6387,50.9926],[21.6385,50.9885],[21.6305,50.9878],[21.6354,50.9799],[21.6115,50.9778],[21.5967,50.9659],[21.5905,50.9532],[21.6058,50.9414],[21.6156,50.9252],[21.6036,50.9201],[21.6094,50.9163],[21.5986,50.9117],[21.6041,50.9079],[21.5839,50.9071],[21.577,50.8966],[21.5716,50.8966],[21.5679,50.8897],[21.5767,50.8878],[21.5661,50.8689],[21.5729,50.8535],[21.5489,50.8574],[21.5464,50.8512],[21.5317,50.8447],[21.5299,50.838],[21.52,50.8382],[21.5216,50.8335],[21.5164,50.8296],[21.4969,50.8267],[21.4822,50.836],[21.4873,50.8416],[21.4792,50.8388],[21.4536,50.8493],[21.4639,50.8524],[21.4738,50.8626],[21.4672,50.8682],[21.4694,50.8638],[21.4558,50.8604],[21.4564,50.8671],[21.4522,50.8693],[21.4574,50.8696],[21.4598,50.8755],[21.4133,50.885],[21.4049,50.8726],[21.3926,50.8734],[21.4034,50.8858],[21.3977,50.8899],[21.3942,50.8849],[21.3685,50.8827],[21.3606,50.8709],[21.3268,50.8718],[21.321,50.8638],[21.2915,50.8556],[21.281,50.8607],[21.272,50.8593],[21.2715,50.8405],[21.2574,50.845],[21.2543,50.8278],[21.2447,50.8285],[21.2327,50.8193],[21.1866,50.8264],[21.1493,50.8199],[21.1329,50.8222]]]}},{"type":"Feature","properties":{"slug":"skarzyski","name":"powiat skarżyski","bdlUnitId":"052615210000","voivodeship":"świętokrzyskie"},"geometry":{"type":"Polygon","coordinates":[[[20.9837,51.1665],[20.9682,51.1512],[20.9533,51.1541],[20.9489,51.1433],[20.9759,51.1322],[20.9763,51.1226],[20.9599,51.1163],[20.9777,51.1103],[20.9694,51.1087],[20.9588,51.0849],[20.9636,51.0838],[20.9636,51.0766],[20.9564,51.0736],[20.9433,51.0803],[20.9221,51.08],[20.9231,51.0843],[20.9094,51.0884],[20.9028,51.0826],[20.9121,51.0726],[20.9104,51.0672],[20.9183,51.0662],[20.9094,51.0573],[20.9087,51.0473],[20.9209,51.0406],[20.9154,51.0414],[20.9132,51.0318],[20.902,51.0257],[20.9008,51.0162],[20.8906,51.0158],[20.8902,51.0201],[20.8795,51.0222],[20.8568,50.9994],[20.8388,50.9961],[20.8283,50.9629],[20.8549,50.9567],[20.8331,50.9346],[20.8045,50.9452],[20.7951,50.9356],[20.7907,50.9377],[20.7968,50.944],[20.7908,50.9463],[20.7944,50.9501],[20.7641,50.9498],[20.761,50.9756],[20.7496,50.9759],[20.7459,50.9713],[20.7355,50.9739],[20.732,50.9916],[20.7397,50.9911],[20.7493,50.9977],[20.7396,51.0092],[20.7103,51.0266],[20.6864,51.0109],[20.675,51.0178],[20.6776,51.0225],[20.6737,51.018],[20.6406,51.0284],[20.6721,51.0495],[20.6526,51.0613],[20.6312,51.0609],[20.6295,51.0548],[20.6172,51.0562],[20.6146,51.0469],[20.6211,51.0463],[20.6169,51.0436],[20.6047,51.0514],[20.6022,51.0588],[20.6039,51.078],[20.6157,51.0887],[20.6204,51.0879],[20.6283,51.0988],[20.656,51.1003],[20.663,51.1102],[20.6687,51.1088],[20.6705,51.12],[20.6749,51.1209],[20.6718,51.1282],[20.6766,51.1288],[20.6752,51.1327],[20.682,51.1314],[20.6855,51.1512],[20.6974,51.149],[20.7184,51.1727],[20.7712,51.157],[20.7662,51.1499],[20.7708,51.1485],[20.7822,51.1453],[20.7877,51.1528],[20.813,51.1458],[20.8217,51.1578],[20.8091,51.1612],[20.8216,51.1785],[20.8537,51.1729],[20.8798,51.1544],[20.9049,51.1795],[20.9082,51.1783],[20.9111,51.1892],[20.9207,51.1953],[20.9837,51.1665]]]}},{"type":"Feature","properties":{"slug":"kartuski","name":"powiat kartuski","bdlUnitId":"042214005000","voivodeship":"pomorskie"},"geometry":{"type":"Polygon","coordinates":[[[18.4078,54.4762],[18.4181,54.4794],[18.4188,54.4701],[18.444,54.4573],[18.4392,54.4525],[18.4513,54.4427],[18.4375,54.4393],[18.4575,54.4358],[18.4429,54.4185],[18.4486,54.4182],[18.442,54.408],[18.4655,54.4077],[18.4653,54.3999],[18.4297,54.385],[18.4471,54.3765],[18.4412,54.3574],[18.456,54.3568],[18.4684,54.3475],[18.4569,54.3323],[18.4786,54.3264],[18.4879,54.3196],[18.4921,54.3082],[18.4731,54.3051],[18.4524,54.3125],[18.4563,54.3006],[18.4452,54.2902],[18.4336,54.288],[18.4365,54.2812],[18.4333,54.2793],[18.4207,54.2799],[18.4085,54.2729],[18.4105,54.2778],[18.4063,54.2792],[18.3841,54.2762],[18.358,54.2616],[18.328,54.2655],[18.291,54.2429],[18.2655,54.2397],[18.2543,54.2332],[18.2507,54.2283],[18.2547,54.2261],[18.247,54.2231],[18.2379,54.2104],[18.2285,54.207],[18.2262,54.1995],[18.2155,54.197],[18.2241,54.1876],[18.1999,54.1941],[18.1795,54.1928],[18.1649,54.1987],[18.1436,54.1863],[18.1356,54.1879],[18.1385,54.1932],[18.1283,54.1993],[18.0999,54.1996],[18.0944,54.2039],[18.0664,54.1842],[18.0754,54.1755],[18.0704,54.1741],[18.0617,54.1812],[17.9959,54.1769],[18.0005,54.1901],[17.9924,54.198],[17.9692,54.1948],[17.9647,54.1893],[17.9495,54.1881],[17.9349,54.179],[17.9082,54.1743],[17.8939,54.1872],[17.8696,54.1912],[17.8449,54.1872],[17.8289,54.1779],[17.8002,54.1782],[17.7741,54.1863],[17.7645,54.1763],[17.7462,54.1853],[17.751,54.1996],[17.7375,54.2065],[17.722,54.1977],[17.7081,54.1795],[17.6936,54.175],[17.6963,54.1801],[17.7059,54.1817],[17.7115,54.1947],[17.6946,54.1818],[17.68,54.1833],[17.7031,54.1894],[17.7251,54.2167],[17.7231,54.2238],[17.7139,54.2205],[17.711,54.2257],[17.7161,54.2261],[17.7098,54.2325],[17.716,54.2372],[17.6975,54.2367],[17.7003,54.2449],[17.7189,54.2559],[17.7247,54.2647],[17.7121,54.2804],[17.7258,54.2942],[17.7079,54.3038],[17.7097,54.3125],[17.7154,54.3221],[17.74,54.324],[17.7429,54.3403],[17.748,54.3406],[17.7416,54.3499],[17.7663,54.3544],[17.7792,54.3652],[17.7963,54.3706],[17.7891,54.3753],[17.8015,54.386],[17.7924,54.3942],[17.799,54.4118],[17.8254,54.4158],[17.8481,54.4106],[17.8565,54.4034],[17.8849,54.4123],[17.9279,54.4147],[17.9302,54.4197],[17.947,54.4221],[17.9578,54.4315],[17.9705,54.4342],[18.0275,54.4229],[18.0483,54.4335],[18.0666,54.4345],[18.0943,54.4289],[18.1054,54.4336],[18.1058,54.4167],[18.1342,54.4178],[18.1336,54.4143],[18.1436,54.4137],[18.1405,54.4093],[18.144,54.4082],[18.181,54.4178],[18.2043,54.4363],[18.2266,54.4381],[18.2236,54.4421],[18.2362,54.4443],[18.2474,54.4399],[18.2436,54.43],[18.2621,54.4251],[18.2758,54.4322],[18.2985,54.4247],[18.318,54.4281],[18.322,54.4239],[18.3289,54.4275],[18.3404,54.4225],[18.3638,54.4352],[18.3622,54.4387],[18.399,54.4394],[18.401,54.4466],[18.4188,54.4586],[18.4181,54.4656],[18.4102,54.4684],[18.4078,54.4762]]]}},{"type":"Feature","properties":{"slug":"czestochowski","name":"powiat częstochowski","bdlUnitId":"012414604000","voivodeship":"śląskie"},"geometry":{"type":"MultiPolygon","coordinates":[[[[19.0889,50.8655],[19.0862,50.88],[19.0724,50.8851],[19.07,50.8997],[19.079,50.9045],[19.0645,50.9058],[19.0602,50.9155],[19.0752,50.9224],[19.094,50.9236],[19.1026,50.933],[19.1114,50.9351],[19.0864,50.9389],[19.0815,50.9431],[19.0838,50.9497],[19.0736,50.9552],[19.0766,50.964],[19.0903,50.9689],[19.1021,50.9671],[19.1056,50.9771],[19.1192,50.972],[19.1252,50.9743],[19.1216,50.9796],[19.1277,50.9931],[19.1236,50.9996],[19.1328,50.9996],[19.1273,51.0059],[19.1327,51.0108],[19.1497,51.0096],[19.1449,51.0018],[19.1638,51.0033],[19.165,50.9946],[19.1754,50.9902],[19.2065,50.9855],[19.2043,50.9824],[19.2242,50.9859],[19.2407,50.9904],[19.2506,51.0054],[19.257,51.003],[19.2432,51.0236],[19.2474,51.0302],[19.2431,51.0368],[19.2503,51.0401],[19.2614,51.0311],[19.2918,51.0455],[19.3012,51.0433],[19.3106,51.0477],[19.3227,51.0462],[19.3314,51.0388],[19.3185,51.0282],[19.3186,51.0201],[19.3259,51.0189],[19.3266,51.0123],[19.3474,51.0109],[19.3622,51.0039],[19.3516,50.9959],[19.3562,50.9926],[19.3921,51.0009],[19.4107,50.9807],[19.4034,50.9749],[19.4101,50.9712],[19.4148,50.9746],[19.4322,50.9649],[19.438,50.9439],[19.4648,50.9273],[19.4697,50.9175],[19.4682,50.9105],[19.4628,50.91],[19.4636,50.8958],[19.4731,50.8941],[19.4672,50.8886],[19.4711,50.8859],[19.4838,50.8846],[19.4898,50.8789],[19.4976,50.8797],[19.5032,50.8864],[19.5092,50.8811],[19.5258,50.8944],[19.5744,50.908],[19.5883,50.9042],[19.6139,50.8773],[19.6387,50.8799],[19.6616,50.8744],[19.6584,50.8603],[19.6701,50.8487],[19.7279,50.8433],[19.7294,50.85],[19.7423,50.8515],[19.7471,50.866],[19.8054,50.8468],[19.8194,50.8385],[19.8322,50.8197],[19.8186,50.8207],[19.8234,50.8056],[19.8138,50.8024],[19.807,50.8022],[19.8046,50.8079],[19.7943,50.8113],[19.7976,50.8123],[19.7934,50.8186],[19.7842,50.8178],[19.7788,50.8094],[19.7898,50.8061],[19.7899,50.8104],[19.7907,50.8055],[19.7856,50.8071],[19.7754,50.7983],[19.7954,50.7837],[19.7647,50.7777],[19.7629,50.7748],[19.7702,50.7709],[19.7417,50.7547],[19.734,50.7624],[19.7375,50.765],[19.7343,50.7697],[19.7266,50.771],[19.7225,50.7595],[19.7058,50.7618],[19.7112,50.7543],[19.7044,50.7523],[19.7083,50.7438],[19.7195,50.733],[19.7129,50.7292],[19.7244,50.7184],[19.7142,50.7143],[19.7331,50.6968],[19.7445,50.6946],[19.7502,50.6854],[19.7626,50.68],[19.767,50.6829],[19.7697,50.6765],[19.7764,50.6785],[19.7864,50.6684],[19.7818,50.6606],[19.7723,50.6566],[19.7516,50.6568],[19.7326,50.637],[19.7035,50.644],[19.7018,50.6626],[19.7173,50.6767],[19.7086,50.6847],[19.7103,50.6899],[19.7011,50.6895],[19.6961,50.6949],[19.6874,50.6814],[19.6783,50.6774],[19.6843,50.676],[19.6807,50.6631],[19.6721,50.6642],[19.6685,50.6552],[19.6221,50.6606],[19.6226,50.6566],[19.6068,50.657],[19.5989,50.6483],[19.5746,50.6505],[19.5783,50.6589],[19.5545,50.6536],[19.5244,50.6539],[19.55,50.6589],[19.5636,50.6729],[19.5627,50.6798],[19.5418,50.6885],[19.5192,50.6704],[19.4994,50.6748],[19.4999,50.6824],[19.4935,50.6848],[19.4831,50.6848],[19.4875,50.6819],[19.4819,50.6799],[19.474,50.6863],[19.457,50.6803],[19.4509,50.69],[19.4396,50.6815],[19.4027,50.6761],[19.4148,50.6738],[19.4141,50.6699],[19.3832,50.6629],[19.3756,50.6666],[19.381,50.6722],[19.3762,50.6757],[19.3809,50.6836],[19.3663,50.6834],[19.3446,50.6927],[19.3387,50.6871],[19.2994,50.6804],[19.2895,50.6826],[19.2811,50.6939],[19.2514,50.6982],[19.2452,50.7044],[19.236,50.703],[19.2363,50.6908],[19.2197,50.6856],[19.198,50.6926],[19.1934,50.6842],[19.178,50.6882],[19.1816,50.6829],[19.17,50.6768],[19.1628,50.6656],[19.175,50.6602],[19.1783,50.6492],[19.1751,50.6476],[19.1672,50.6506],[19.1635,50.645],[19.1456,50.6412],[19.1239,50.644],[19.0983,50.6352],[19.0957,50.6435],[19.0612,50.6346],[19.0481,50.6475],[19.0637,50.6614],[19.0286,50.6606],[19.0039,50.6654],[18.9847,50.6627],[18.9868,50.6874],[18.9434,50.7024],[18.9357,50.7176],[18.9131,50.7334],[18.9183,50.7399],[18.9177,50.7652],[18.8667,50.761],[18.8487,50.7661],[18.8623,50.7869],[18.8561,50.7865],[18.8612,50.7973],[18.9089,50.803],[18.91,50.8144],[18.8974,50.8118],[18.9013,50.8073],[18.8933,50.8143],[18.9416,50.821],[18.9391,50.8346],[18.9498,50.8354],[18.9669,50.8281],[18.9657,50.8245],[18.9552,50.8262],[18.975,50.8115],[18.9852,50.812],[19.0049,50.8252],[19.0293,50.8233],[19.0317,50.8162],[19.0233,50.8147],[19.0344,50.8009],[19.0192,50.8066],[19.0198,50.7955],[19.0113,50.7876],[19.0113,50.7719],[19.0337,50.7484],[19.0601,50.745],[19.062,50.7509],[19.0661,50.7496],[19.0653,50.7441],[19.075,50.7347],[19.0832,50.7376],[19.0859,50.7505],[19.1202,50.7502],[19.1297,50.7578],[19.1939,50.7522],[19.2043,50.771],[19.2253,50.7883],[19.2173,50.7925],[19.2185,50.8012],[19.2332,50.8257],[19.2081,50.8248],[19.2063,50.8294],[19.1941,50.8313],[19.199,50.8439],[19.1868,50.8468],[19.1804,50.8646],[19.1831,50.8771],[19.1718,50.8845],[19.15,50.879],[19.14,50.865],[19.1264,50.8613],[19.1295,50.8546],[19.1221,50.8546],[19.1194,50.8631],[19.1174,50.8592],[19.1091,50.8607],[19.11,50.866],[19.0889,50.8655]]],[[[19.7772,50.7757],[19.7765,50.7764],[19.7789,50.7781],[19.7818,50.7793],[19.7799,50.7773],[19.7784,50.776],[19.7772,50.7757]]],[[[19.7924,50.8103],[19.792,50.8111],[19.7941,50.8112],[19.7939,50.8106],[19.7924,50.8103]]],[[[19.7951,50.8153],[19.794,50.8158],[19.795,50.8163],[19.7958,50.8155],[19.7951,50.8153]]]]}},{"type":"Feature","properties":{"slug":"pyrzycki","name":"powiat pyrzycki","bdlUnitId":"023216412000","voivodeship":"zachodniopomorskie"},"geometry":{"type":"Polygon","coordinates":[[[14.8618,53.2465],[14.9343,53.2547],[14.938,53.2461],[14.9512,53.2503],[14.9462,53.2571],[14.9779,53.2582],[14.9982,53.2848],[14.9966,53.2808],[15.0125,53.2758],[15.004,53.2636],[15.0094,53.2607],[15.0241,53.2684],[15.0197,53.258],[15.0411,53.26],[15.0586,53.2486],[15.0688,53.2328],[15.0712,53.2176],[15.064,53.2091],[15.051,53.2002],[15.0368,53.2054],[15.0442,53.19],[15.0491,53.1932],[15.0809,53.1828],[15.0922,53.1853],[15.0929,53.179],[15.1042,53.1795],[15.1054,53.1737],[15.181,53.1783],[15.1724,53.1633],[15.1505,53.1624],[15.1587,53.1551],[15.2122,53.1376],[15.1924,53.1163],[15.2051,53.1133],[15.198,53.1084],[15.2032,53.1022],[15.201,53.0957],[15.1915,53.0909],[15.1985,53.084],[15.1588,53.061],[15.1398,53.0284],[15.1052,53.0385],[15.0848,53.0381],[15.0723,53.0583],[15.0643,53.0596],[15.0224,53.0468],[15.019,53.0353],[15.0392,53.0338],[15.0496,53.0025],[15.033,52.9934],[15.0334,52.9894],[15.006,52.9959],[14.9903,52.9946],[14.9962,52.9891],[14.9889,52.9872],[14.9763,52.9703],[14.96,52.9726],[14.9574,52.9814],[14.9299,52.9824],[14.9299,52.9883],[14.9202,52.9872],[14.9233,52.9898],[14.9161,52.999],[14.907,53.0018],[14.9096,52.99],[14.9001,52.99],[14.8906,52.9981],[14.893,53.0043],[14.8727,53.0084],[14.9082,53.0031],[14.8948,53.0145],[14.8976,53.0184],[14.9072,53.0173],[14.8945,53.0191],[14.8945,53.0234],[14.9172,53.0245],[14.9166,53.0325],[14.9206,53.0346],[14.9162,53.043],[14.9061,53.0423],[14.9077,53.0456],[14.8998,53.0475],[14.9041,53.0532],[14.8721,53.0506],[14.8491,53.0626],[14.8373,53.0592],[14.8276,53.0479],[14.8101,53.0428],[14.8096,53.038],[14.8174,53.0359],[14.8087,53.0335],[14.8219,53.0317],[14.8123,53.0242],[14.8145,53.019],[14.837,53.016],[14.8126,53.0086],[14.7952,53.0139],[14.7901,53.0229],[14.7337,53.0357],[14.74,53.05],[14.7572,53.0687],[14.747,53.069],[14.7405,53.0764],[14.743,53.0816],[14.7388,53.0821],[14.7398,53.1117],[14.7485,53.1192],[14.7341,53.1257],[14.742,53.133],[14.7214,53.1403],[14.7229,53.1511],[14.7336,53.1545],[14.73,53.1587],[14.6914,53.1549],[14.682,53.1625],[14.6688,53.1648],[14.6754,53.1699],[14.6965,53.1703],[14.6869,53.178],[14.6922,53.1795],[14.6885,53.1928],[14.6927,53.1942],[14.6952,53.2084],[14.7177,53.2083],[14.7087,53.2121],[14.7092,53.2222],[14.7005,53.2223],[14.7021,53.234],[14.6873,53.2397],[14.7022,53.2457],[14.7159,53.2735],[14.7491,53.267],[14.7506,53.262],[14.7877,53.2474],[14.7874,53.244],[14.8048,53.2435],[14.8144,53.2375],[14.8351,53.2467],[14.8618,53.2465]]]}},{"type":"Feature","properties":{"slug":"gryfinski","name":"powiat gryfiński","bdlUnitId":"023216606000","voivodeship":"zachodniopomorskie"},"geometry":{"type":"Polygon","coordinates":[[[14.6937,53.3584],[14.6913,53.3612],[14.7209,53.3616],[14.7072,53.35],[14.716,53.3521],[14.722,53.3484],[14.7163,53.3485],[14.7142,53.3432],[14.7224,53.3441],[14.7244,53.3381],[14.7463,53.3292],[14.7678,53.3303],[14.7682,53.3356],[14.7547,53.3369],[14.7562,53.3427],[14.7689,53.3432],[14.7995,53.331],[14.8078,53.3166],[14.8406,53.3202],[14.8502,53.31],[14.8651,53.3117],[14.8688,53.3085],[14.8622,53.307],[14.8677,53.3041],[14.8658,53.299],[14.8695,53.3031],[14.8752,53.3014],[14.8689,53.2893],[14.8743,53.2781],[14.8589,53.2724],[14.8618,53.2465],[14.8351,53.2467],[14.8144,53.2375],[14.8048,53.2435],[14.7874,53.244],[14.7877,53.2474],[14.7506,53.262],[14.7491,53.267],[14.7159,53.2735],[14.7022,53.2457],[14.6873,53.2397],[14.7021,53.234],[14.7005,53.2223],[14.7092,53.2222],[14.7087,53.2121],[14.7177,53.2083],[14.6952,53.2084],[14.6927,53.1942],[14.6885,53.1928],[14.6922,53.1795],[14.6869,53.178],[14.6965,53.1703],[14.6754,53.1699],[14.6688,53.1648],[14.682,53.1625],[14.6914,53.1549],[14.7309,53.1579],[14.7336,53.1538],[14.7229,53.1511],[14.7214,53.1403],[14.742,53.133],[14.7341,53.1257],[14.7485,53.1192],[14.7398,53.1117],[14.7388,53.0821],[14.743,53.0816],[14.7405,53.0764],[14.747,53.069],[14.7572,53.0687],[14.7326,53.037],[14.6959,53.0071],[14.7059,52.9878],[14.7031,52.9722],[14.7149,52.9689],[14.7119,52.9624],[14.7222,52.9503],[14.7612,52.9404],[14.7585,52.9306],[14.7453,52.9289],[14.7489,52.9203],[14.739,52.9214],[14.7272,52.9313],[14.6953,52.9241],[14.6911,52.9079],[14.6976,52.9046],[14.6953,52.8958],[14.6888,52.892],[14.6666,52.8928],[14.6745,52.888],[14.6631,52.8812],[14.6857,52.8738],[14.6835,52.8672],[14.6719,52.8694],[14.6436,52.8579],[14.6495,52.8531],[14.6459,52.8467],[14.6707,52.8365],[14.6375,52.8256],[14.637,52.8165],[14.6143,52.8142],[14.616,52.8108],[14.6067,52.7995],[14.6085,52.7845],[14.593,52.7798],[14.6025,52.7759],[14.5928,52.7714],[14.5946,52.7674],[14.5836,52.7603],[14.5825,52.7546],[14.5669,52.7595],[14.553,52.7417],[14.5323,52.7469],[14.5207,52.7378],[14.5171,52.7424],[14.5187,52.736],[14.5135,52.7305],[14.5228,52.7252],[14.4908,52.7125],[14.4816,52.7158],[14.472,52.7038],[14.4667,52.7083],[14.4558,52.7044],[14.4523,52.7016],[14.4638,52.698],[14.4356,52.68],[14.424,52.6962],[14.351,52.7515],[14.2804,52.7737],[14.2175,52.8169],[14.1447,52.8236],[14.1256,52.8326],[14.1237,52.8454],[14.1547,52.8714],[14.1616,52.8881],[14.1523,52.9006],[14.1426,52.9332],[14.1441,52.9449],[14.1388,52.9518],[14.1437,52.9614],[14.1622,52.9653],[14.1728,52.9756],[14.259,53.003],[14.3486,53.0547],[14.3674,53.0821],[14.3702,53.1046],[14.379,53.1129],[14.3873,53.1424],[14.3711,53.1573],[14.3663,53.172],[14.3773,53.2018],[14.4059,53.2107],[14.4085,53.2232],[14.4496,53.2595],[14.4443,53.2724],[14.4699,53.3065],[14.4713,53.3153],[14.4853,53.3125],[14.4843,53.3179],[14.492,53.3265],[14.5048,53.3255],[14.5035,53.3358],[14.5074,53.34],[14.5297,53.3425],[14.539,53.3481],[14.5398,53.3541],[14.546,53.3548],[14.5472,53.3613],[14.5548,53.3541],[14.5308,53.3336],[14.5648,53.3291],[14.5712,53.3222],[14.5846,53.3241],[14.5751,53.3335],[14.5935,53.3365],[14.5918,53.3443],[14.6058,53.3547],[14.6196,53.3538],[14.6182,53.362],[14.6236,53.3652],[14.6584,53.3618],[14.6782,53.3529],[14.6937,53.3584]]]}},{"type":"Feature","properties":{"slug":"zlotoryjski","name":"powiat złotoryjski","bdlUnitId":"030210126000","voivodeship":"dolnośląskie"},"geometry":{"type":"Polygon","coordinates":[[[16.0297,51.1462],[16.0393,51.1379],[16.0381,51.1274],[16.043,51.1153],[16.0481,51.1142],[16.0459,51.1085],[16.0258,51.1038],[16.0107,51.0794],[15.9975,51.0795],[15.9819,51.0713],[15.975,51.0774],[15.9329,51.0612],[15.9367,51.0511],[15.934,51.0431],[15.9418,51.0424],[15.9426,51.0351],[15.9512,51.0295],[15.9798,51.0189],[15.9821,51.0115],[15.9783,51.008],[15.984,50.9973],[16.0014,50.9909],[15.9848,50.9714],[15.9774,50.9541],[15.9804,50.9521],[15.9605,50.9429],[15.9536,50.9366],[15.9526,50.9279],[15.9391,50.9203],[15.9267,50.9268],[15.924,50.9224],[15.9199,50.9271],[15.9069,50.9271],[15.9011,50.9316],[15.9041,50.9368],[15.8902,50.942],[15.8844,50.9505],[15.879,50.9446],[15.8477,50.9358],[15.8381,50.9374],[15.8353,50.9332],[15.8151,50.9663],[15.8226,50.9741],[15.822,50.9811],[15.7719,50.9947],[15.7755,50.9958],[15.7739,51.0016],[15.7239,51.0178],[15.7213,51.0206],[15.7471,51.0218],[15.745,51.0277],[15.7605,51.0251],[15.7607,51.0344],[15.7664,51.0409],[15.7629,51.054],[15.7561,51.0579],[15.7614,51.0647],[15.752,51.0636],[15.7477,51.0824],[15.7199,51.1069],[15.7198,51.1252],[15.7249,51.1272],[15.7272,51.1396],[15.6966,51.158],[15.7203,51.1717],[15.7396,51.1712],[15.7406,51.1785],[15.7513,51.1804],[15.7606,51.2058],[15.753,51.2186],[15.7613,51.2227],[15.7578,51.2287],[15.7799,51.2312],[15.7793,51.2348],[15.7948,51.2392],[15.8049,51.2473],[15.7983,51.2567],[15.8085,51.2622],[15.8721,51.2475],[15.8837,51.2524],[15.8859,51.2481],[15.9047,51.2462],[15.9281,51.2319],[15.9145,51.2245],[15.9511,51.2146],[15.9547,51.2118],[15.9447,51.209],[15.9527,51.2048],[15.9962,51.2061],[15.9807,51.2214],[15.9977,51.2194],[16.0154,51.2245],[16.0259,51.2212],[16.0376,51.2271],[16.0552,51.2231],[16.0631,51.2173],[16.0519,51.214],[16.0619,51.1951],[16.0318,51.1768],[16.0325,51.1654],[16.0174,51.1594],[16.0275,51.1555],[16.0249,51.1485],[16.0297,51.1462]]]}},{"type":"Feature","properties":{"slug":"wroclawski","name":"powiat wrocławski","bdlUnitId":"030210423000","voivodeship":"dolnośląskie"},"geometry":{"type":"Polygon","coordinates":[[[17.1003,51.1759],[17.0983,51.194],[17.0929,51.1946],[17.0875,51.2143],[17.0808,51.221],[17.0869,51.2237],[17.0796,51.2236],[17.0728,51.2329],[17.0783,51.2402],[17.0867,51.241],[17.0923,51.2491],[17.1187,51.2433],[17.1245,51.2558],[17.1332,51.2538],[17.1475,51.2439],[17.1454,51.2417],[17.1576,51.2396],[17.1596,51.2435],[17.1732,51.2451],[17.1731,51.2521],[17.1783,51.2519],[17.1818,51.2756],[17.1939,51.2755],[17.2014,51.2665],[17.2126,51.2744],[17.224,51.2748],[17.2417,51.2696],[17.2382,51.2642],[17.2611,51.2524],[17.251,51.2395],[17.2657,51.2323],[17.2692,51.2255],[17.294,51.2257],[17.3106,51.2148],[17.299,51.1955],[17.303,51.1918],[17.2902,51.1739],[17.3059,51.1727],[17.3137,51.1672],[17.3248,51.1702],[17.3475,51.167],[17.3266,51.1587],[17.2929,51.1592],[17.291,51.1502],[17.3062,51.1485],[17.3105,51.1377],[17.3167,51.1379],[17.3152,51.1438],[17.3243,51.1451],[17.3307,51.1386],[17.3288,51.1178],[17.3665,51.1102],[17.376,51.1037],[17.3389,51.0915],[17.3259,51.0801],[17.3212,51.064],[17.2961,51.0663],[17.2843,51.0561],[17.2699,51.0516],[17.2945,51.0405],[17.2806,51.0315],[17.293,51.018],[17.2887,51.0149],[17.2594,51.0304],[17.2499,51.0161],[17.2448,51.0179],[17.2163,51.0053],[17.1974,51.0094],[17.1677,50.9889],[17.1601,50.9675],[17.1355,50.9649],[17.1383,50.9576],[17.1151,50.9615],[17.1036,50.9484],[17.1076,50.9388],[17.1153,50.9374],[17.1118,50.9198],[17.0801,50.9258],[17.0754,50.9212],[17.0762,50.9118],[17.0834,50.9037],[17.0558,50.9047],[17.0515,50.917],[17.0415,50.9197],[17.0324,50.9084],[17.0229,50.9085],[17.0114,50.9204],[17.0034,50.9174],[16.9971,50.9071],[16.9891,50.9157],[16.9797,50.9133],[16.9754,50.9081],[16.9792,50.9071],[16.9766,50.9],[16.9585,50.9043],[16.9514,50.8914],[16.9573,50.8851],[16.9448,50.878],[16.9475,50.8698],[16.9423,50.8651],[16.9015,50.8704],[16.9028,50.8544],[16.9212,50.8454],[16.9171,50.8423],[16.9226,50.8378],[16.9139,50.8257],[16.8994,50.8291],[16.8983,50.819],[16.91,50.8117],[16.8872,50.8101],[16.8874,50.8183],[16.8763,50.8227],[16.8807,50.8292],[16.8763,50.8322],[16.8329,50.8339],[16.8283,50.8321],[16.8293,50.8277],[16.8201,50.8279],[16.8248,50.8224],[16.8185,50.819],[16.8038,50.8216],[16.8062,50.8349],[16.7806,50.8356],[16.7739,50.8399],[16.775,50.8445],[16.7532,50.8438],[16.7389,50.8366],[16.7071,50.845],[16.6872,50.8403],[16.6871,50.8502],[16.675,50.8515],[16.6775,50.8715],[16.6716,50.8768],[16.6795,50.8855],[16.6857,50.8855],[16.6841,50.8885],[16.6927,50.8875],[16.6975,50.8918],[16.6916,50.9059],[16.6975,50.9089],[16.6872,50.9104],[16.6898,50.9165],[16.675,50.917],[16.7017,50.9299],[16.7004,50.9337],[16.6891,50.9341],[16.6902,50.9394],[16.651,50.9327],[16.6532,50.924],[16.618,50.9282],[16.6167,50.9225],[16.606,50.9239],[16.5924,50.9153],[16.5729,50.9229],[16.5831,50.9363],[16.5747,50.9367],[16.5661,50.9514],[16.5842,50.9493],[16.5905,50.9582],[16.5817,50.9756],[16.5968,50.9803],[16.6065,50.9735],[16.617,50.9748],[16.615,50.9795],[16.6302,50.9803],[16.6152,50.989],[16.616,50.9953],[16.6029,51.0011],[16.6082,51.0097],[16.6213,51.0129],[16.6326,51.006],[16.6456,51.007],[16.6581,51.0123],[16.661,51.0193],[16.6842,51.0159],[16.6851,51.0293],[16.7053,51.0314],[16.7204,51.0389],[16.7139,51.0492],[16.726,51.0639],[16.7388,51.0641],[16.7579,51.0545],[16.7689,51.0755],[16.7497,51.0775],[16.7531,51.0887],[16.7613,51.088],[16.7842,51.1022],[16.8091,51.0929],[16.8244,51.1021],[16.8192,51.1058],[16.8256,51.1101],[16.8582,51.1121],[16.854,51.1072],[16.859,51.1003],[16.8768,51.0945],[16.8873,51.0934],[16.8897,51.099],[16.9229,51.0978],[16.9173,51.0811],[16.9379,51.082],[16.9395,51.0768],[16.9581,51.0674],[16.9551,51.0587],[16.9645,51.0495],[16.9717,51.0554],[16.9869,51.0536],[16.9909,51.0577],[16.9922,51.0516],[16.9998,51.0493],[17.008,51.0553],[17.0119,51.0542],[17.0099,51.0465],[17.0279,51.0427],[17.0311,51.05],[17.0607,51.0453],[17.0682,51.0591],[17.0857,51.0467],[17.1034,51.0453],[17.1072,51.0509],[17.0958,51.0594],[17.1014,51.0613],[17.0987,51.0638],[17.1114,51.0792],[17.1203,51.0831],[17.1302,51.0794],[17.1503,51.0818],[17.1622,51.0888],[17.1601,51.0945],[17.1717,51.0963],[17.1691,51.1005],[17.1761,51.1062],[17.1609,51.1182],[17.1369,51.1278],[17.1504,51.1444],[17.1573,51.1785],[17.1312,51.1799],[17.1248,51.1707],[17.1003,51.1759]]]}},{"type":"Feature","properties":{"slug":"milicki","name":"powiat milicki","bdlUnitId":"030210413000","voivodeship":"dolnośląskie"},"geometry":{"type":"Polygon","coordinates":[[[17.5192,51.604],[17.5219,51.59],[17.5558,51.5846],[17.5601,51.5704],[17.5724,51.5668],[17.5763,51.5396],[17.5727,51.5299],[17.5543,51.5175],[17.5146,51.511],[17.513,51.5023],[17.5264,51.4999],[17.5161,51.4881],[17.5231,51.4849],[17.5216,51.4726],[17.529,51.4698],[17.5207,51.4624],[17.5265,51.4534],[17.5128,51.4577],[17.4798,51.4532],[17.4808,51.4482],[17.4691,51.4389],[17.4616,51.4434],[17.4489,51.4406],[17.4331,51.4242],[17.4318,51.4298],[17.4256,51.431],[17.419,51.4209],[17.4295,51.4199],[17.4292,51.4139],[17.3972,51.4044],[17.3943,51.3997],[17.3977,51.3897],[17.3836,51.3913],[17.3845,51.3811],[17.3705,51.3681],[17.3487,51.369],[17.3302,51.3832],[17.3159,51.3826],[17.3136,51.3958],[17.2801,51.3871],[17.2823,51.3948],[17.2693,51.3926],[17.2626,51.3983],[17.2298,51.3927],[17.216,51.397],[17.2213,51.4043],[17.2157,51.4095],[17.169,51.416],[17.1539,51.4278],[17.1305,51.4317],[17.122,51.4367],[17.1327,51.4407],[17.1124,51.4481],[17.1576,51.47],[17.0919,51.4606],[17.1103,51.4698],[17.0984,51.4837],[17.1,51.4959],[17.087,51.5074],[17.0815,51.5064],[17.0626,51.5357],[17.057,51.5303],[17.0402,51.5282],[17.036,51.5337],[17.0029,51.53],[17.0002,51.5382],[16.9895,51.542],[16.9906,51.55],[17.0071,51.5493],[17.0199,51.5553],[17.0461,51.556],[17.0538,51.5452],[17.0598,51.5457],[17.0593,51.5517],[17.0702,51.5551],[17.0647,51.5664],[17.1085,51.576],[17.1255,51.5653],[17.1708,51.5698],[17.188,51.5765],[17.1992,51.5745],[17.2067,51.5671],[17.2147,51.5738],[17.2107,51.5897],[17.2155,51.5993],[17.2098,51.6027],[17.2083,51.6112],[17.2156,51.6296],[17.2341,51.6341],[17.2421,51.6298],[17.2417,51.6371],[17.2598,51.6432],[17.3301,51.6479],[17.4117,51.6312],[17.4382,51.6329],[17.4713,51.6261],[17.5192,51.604]]]}},{"type":"Feature","properties":{"slug":"lubinski","name":"powiat lubiński","bdlUnitId":"030210211000","voivodeship":"dolnośląskie"},"geometry":{"type":"Polygon","coordinates":[[[16.1996,51.4852],[16.1867,51.4784],[16.178,51.4879],[16.1864,51.5121],[16.2008,51.5113],[16.2102,51.5246],[16.2435,51.5221],[16.2509,51.5387],[16.2702,51.5444],[16.2621,51.5494],[16.2679,51.5519],[16.2607,51.5569],[16.2684,51.566],[16.3212,51.5705],[16.3181,51.5883],[16.3282,51.5991],[16.3331,51.6014],[16.3485,51.5958],[16.3554,51.6092],[16.3916,51.6106],[16.3936,51.6062],[16.3852,51.5996],[16.39,51.5865],[16.4018,51.5839],[16.4057,51.5774],[16.4322,51.5757],[16.4642,51.5638],[16.4526,51.5504],[16.4516,51.542],[16.4623,51.5328],[16.4602,51.5228],[16.4819,51.5175],[16.4722,51.5042],[16.4546,51.4936],[16.4384,51.4275],[16.446,51.4199],[16.4446,51.4076],[16.4572,51.4001],[16.477,51.3686],[16.4683,51.3614],[16.4668,51.3536],[16.454,51.3464],[16.4608,51.3257],[16.4111,51.2936],[16.408,51.3005],[16.3952,51.3019],[16.3862,51.3115],[16.3878,51.3186],[16.3643,51.3223],[16.341,51.3324],[16.3272,51.3178],[16.3389,51.3126],[16.3084,51.2913],[16.2838,51.2962],[16.274,51.2872],[16.2588,51.2836],[16.2338,51.2897],[16.2317,51.2944],[16.2122,51.2954],[16.2109,51.2899],[16.2066,51.2933],[16.1961,51.2838],[16.1955,51.2717],[16.1897,51.2706],[16.1903,51.279],[16.1573,51.2931],[16.1298,51.2932],[16.1287,51.289],[16.1075,51.2905],[16.0956,51.2864],[16.0861,51.2904],[16.0888,51.2985],[16.0804,51.3026],[16.0708,51.3024],[16.0689,51.2984],[16.0769,51.2937],[16.07,51.2915],[16.0535,51.3011],[16.0142,51.3036],[16.0167,51.307],[16.0049,51.3166],[16.0046,51.3222],[16.0261,51.3361],[16.0722,51.3363],[16.0945,51.3466],[16.0719,51.3505],[16.0799,51.3668],[16.0677,51.3711],[16.0662,51.3766],[16.0695,51.3808],[16.0981,51.3837],[16.102,51.3964],[16.1086,51.4005],[16.0989,51.418],[16.088,51.4166],[16.0714,51.4378],[16.075,51.455],[16.0973,51.4679],[16.1137,51.4638],[16.1269,51.4717],[16.1366,51.4677],[16.13,51.4628],[16.1377,51.4575],[16.1522,51.4596],[16.1624,51.454],[16.1859,51.4572],[16.1963,51.4715],[16.1996,51.4852]]]}},{"type":"Feature","properties":{"slug":"lipnowski","name":"powiat lipnowski","bdlUnitId":"040410808000","voivodeship":"kujawsko-pomorskie"},"geometry":{"type":"Polygon","coordinates":[[[18.9778,52.8495],[19.0202,52.8454],[19.0348,52.8494],[19.0428,52.8554],[19.0425,52.8635],[19.0542,52.8784],[19.0642,52.8832],[19.0505,52.9157],[19.0386,52.9192],[19.0246,52.9129],[19.0321,52.9318],[19.0174,52.9333],[19.0153,52.9393],[19.0227,52.9429],[19.0127,52.9533],[19.0181,52.9579],[19.0096,52.9646],[19.0372,52.9677],[19.0407,52.9639],[19.056,52.9709],[19.0705,52.9675],[19.0751,52.9706],[19.1218,52.9672],[19.1276,52.9615],[19.1439,52.9607],[19.1562,52.9768],[19.1651,52.9769],[19.1729,52.9738],[19.1764,52.9665],[19.184,52.9662],[19.1789,52.9898],[19.2055,52.9927],[19.2163,53.0002],[19.2499,52.9984],[19.2586,53.004],[19.2649,53.0025],[19.2638,52.9982],[19.2687,52.9963],[19.2578,52.9834],[19.2751,52.9819],[19.2962,52.9704],[19.3062,52.945],[19.3334,52.9518],[19.3469,52.9497],[19.3438,52.9411],[19.3833,52.9337],[19.3776,52.9422],[19.3823,52.9434],[19.388,52.9314],[19.4016,52.9278],[19.4017,52.9356],[19.4327,52.9333],[19.4447,52.939],[19.4508,52.9254],[19.4719,52.9172],[19.4645,52.9158],[19.4586,52.9067],[19.5158,52.8602],[19.489,52.8668],[19.475,52.8654],[19.4634,52.8559],[19.4735,52.8503],[19.444,52.8374],[19.4257,52.8408],[19.4234,52.83],[19.4312,52.8235],[19.4238,52.8156],[19.4377,52.8147],[19.453,52.8046],[19.4657,52.8045],[19.463,52.7948],[19.4674,52.7865],[19.4928,52.7797],[19.4909,52.7743],[19.5042,52.7677],[19.5003,52.7636],[19.5063,52.7609],[19.4977,52.7606],[19.5036,52.7551],[19.4975,52.7495],[19.5231,52.7486],[19.5191,52.7419],[19.4984,52.7325],[19.5069,52.7238],[19.5025,52.7227],[19.5033,52.7135],[19.5195,52.7115],[19.5271,52.7049],[19.4919,52.7076],[19.4931,52.7146],[19.4597,52.725],[19.4419,52.7234],[19.4401,52.7119],[19.4467,52.7056],[19.4366,52.6931],[19.4364,52.6826],[19.4438,52.6829],[19.4509,52.6722],[19.4346,52.6767],[19.4303,52.6716],[19.4154,52.6713],[19.403,52.6445],[19.3837,52.6443],[19.3679,52.6283],[19.3414,52.6346],[19.3381,52.6273],[19.2959,52.6283],[19.2975,52.6316],[19.1763,52.6559],[19.1856,52.6681],[19.181,52.6746],[19.1889,52.6757],[19.189,52.6798],[19.1695,52.6953],[19.1782,52.7016],[19.1674,52.7097],[19.1762,52.7251],[19.1482,52.7293],[19.1483,52.7345],[19.1398,52.7407],[19.1055,52.7414],[19.0972,52.7461],[19.1007,52.7503],[19.0886,52.7501],[19.0796,52.7443],[19.0917,52.7461],[19.0865,52.7448],[19.0866,52.7355],[19.0557,52.7358],[19.0385,52.7245],[19.0313,52.7258],[19.0261,52.7168],[19.0328,52.7107],[19.0299,52.7072],[19.0153,52.7174],[18.996,52.7168],[18.9799,52.7385],[18.9649,52.7438],[18.9571,52.7524],[18.9522,52.7726],[18.9295,52.7897],[18.9294,52.7988],[18.9076,52.8257],[18.9073,52.8358],[18.9505,52.8305],[18.9431,52.8442],[18.9462,52.8496],[18.9778,52.8495]],[[19.0646,52.7559],[19.0835,52.7676],[19.0791,52.777],[19.071,52.7793],[19.0421,52.7736],[19.0375,52.7683],[19.0434,52.7619],[19.0646,52.7559]]]}},{"type":"Feature","properties":{"slug":"zninski","name":"powiat żniński","bdlUnitId":"040416719000","voivodeship":"kujawsko-pomorskie"},"geometry":{"type":"Polygon","coordinates":[[[17.7867,52.6515],[17.7803,52.6486],[17.7781,52.6369],[17.7618,52.6341],[17.76,52.6394],[17.7665,52.6385],[17.7605,52.6495],[17.7653,52.6556],[17.7364,52.6505],[17.7162,52.6397],[17.7241,52.6333],[17.7445,52.6425],[17.7491,52.6325],[17.7136,52.615],[17.7039,52.6045],[17.6994,52.6098],[17.7047,52.6128],[17.7033,52.6163],[17.6901,52.6023],[17.6781,52.6024],[17.6751,52.6168],[17.6824,52.6251],[17.6754,52.6402],[17.6816,52.6507],[17.6465,52.6448],[17.6345,52.6471],[17.6303,52.6549],[17.6388,52.6638],[17.631,52.6782],[17.6477,52.6903],[17.6404,52.6924],[17.6276,52.7082],[17.6146,52.703],[17.5791,52.705],[17.5744,52.6917],[17.5573,52.6882],[17.5461,52.6909],[17.5273,52.6815],[17.5245,52.6725],[17.5061,52.6731],[17.5008,52.6846],[17.4897,52.6844],[17.4852,52.6888],[17.4847,52.682],[17.4672,52.6804],[17.4755,52.705],[17.4953,52.704],[17.5003,52.7111],[17.4801,52.7114],[17.488,52.7293],[17.4693,52.7336],[17.4706,52.7372],[17.4585,52.7389],[17.4393,52.7504],[17.4044,52.7567],[17.4097,52.757],[17.4078,52.7618],[17.4143,52.7624],[17.4139,52.7667],[17.4225,52.7666],[17.4081,52.7715],[17.413,52.7775],[17.4107,52.7853],[17.4324,52.7839],[17.4528,52.7972],[17.4604,52.7868],[17.504,52.7874],[17.5098,52.7958],[17.5045,52.8041],[17.521,52.8215],[17.5123,52.8318],[17.5158,52.8385],[17.5133,52.8549],[17.5271,52.8582],[17.5233,52.8742],[17.5284,52.8848],[17.5183,52.8857],[17.519,52.8968],[17.5125,52.9088],[17.5196,52.9098],[17.5294,52.898],[17.5531,52.9042],[17.5622,52.8949],[17.606,52.9079],[17.614,52.9167],[17.6393,52.916],[17.6586,52.9219],[17.6786,52.9178],[17.7086,52.9254],[17.7256,52.9165],[17.7646,52.9244],[17.7902,52.9207],[17.7828,52.9287],[17.7859,52.9333],[17.8101,52.9354],[17.8086,52.9412],[17.8319,52.9598],[17.8323,52.9644],[17.8263,52.9655],[17.8527,52.9783],[17.8492,52.9954],[17.8592,52.995],[17.8544,52.9987],[17.8579,53.0077],[17.8489,53.0132],[17.8388,53.011],[17.8411,53.0168],[17.8348,53.0243],[17.8529,53.0271],[17.8597,53.0352],[17.8784,53.043],[17.8942,53.033],[17.9391,53.0386],[17.9527,53.0337],[17.9608,53.0357],[17.9629,53.0203],[17.9763,53.0192],[17.9812,53.0077],[17.9693,53.0008],[17.9735,52.9933],[17.9854,52.9934],[17.9847,52.9825],[17.9955,52.9825],[18.0035,52.9769],[18.0157,52.9448],[17.9897,52.9426],[17.9895,52.937],[17.9677,52.9235],[17.9967,52.9061],[18.0328,52.9077],[18.0418,52.8971],[18.0507,52.8956],[18.0467,52.8928],[18.0602,52.8815],[18.0495,52.8576],[18.0703,52.8494],[18.056,52.8366],[18.0686,52.8314],[18.0546,52.8205],[18.0589,52.8182],[18.0526,52.8064],[18.017,52.807],[18.0004,52.7966],[17.9782,52.8007],[17.9842,52.817],[17.9567,52.8128],[17.9645,52.8252],[17.9372,52.8417],[17.9304,52.842],[17.9304,52.8374],[17.9201,52.8387],[17.8993,52.8234],[17.8862,52.8214],[17.8776,52.8328],[17.863,52.8287],[17.8596,52.8211],[17.8843,52.8153],[17.8906,52.7976],[17.9076,52.7938],[17.9002,52.7792],[17.9159,52.7677],[17.9094,52.7596],[17.9187,52.7562],[17.9185,52.7511],[17.8702,52.7387],[17.8551,52.7233],[17.8339,52.7181],[17.8134,52.7019],[17.806,52.7045],[17.8042,52.6974],[17.8092,52.6959],[17.8022,52.6914],[17.8094,52.6885],[17.8155,52.6762],[17.8023,52.6697],[17.8051,52.6648],[17.7866,52.6579],[17.7867,52.6515]]]}},{"type":"Feature","properties":{"slug":"radziejowski","name":"powiat radziejowski","bdlUnitId":"040410811000","voivodeship":"kujawsko-pomorskie"},"geometry":{"type":"Polygon","coordinates":[[[18.8286,52.6484],[18.8078,52.6211],[18.8184,52.6188],[18.8105,52.6057],[18.7811,52.6121],[18.7682,52.599],[18.7516,52.5955],[18.745,52.5769],[18.7505,52.5725],[18.7335,52.5654],[18.7331,52.5601],[18.7583,52.5419],[18.7443,52.5265],[18.7477,52.5162],[18.734,52.4947],[18.746,52.4919],[18.7382,52.4856],[18.7269,52.4508],[18.6972,52.4541],[18.7,52.4408],[18.6962,52.4384],[18.7175,52.4327],[18.7207,52.4276],[18.7173,52.4237],[18.704,52.4217],[18.6841,52.4282],[18.6768,52.4232],[18.658,52.4219],[18.6488,52.4395],[18.6501,52.4503],[18.6087,52.4555],[18.593,52.4694],[18.589,52.4616],[18.5601,52.4633],[18.5597,52.4841],[18.5427,52.4857],[18.5383,52.4812],[18.5397,52.4909],[18.5232,52.4998],[18.4905,52.5048],[18.4725,52.4895],[18.4622,52.4904],[18.4669,52.4819],[18.4624,52.4764],[18.4228,52.4795],[18.4197,52.4732],[18.4035,52.4703],[18.3844,52.4751],[18.387,52.4849],[18.3759,52.5039],[18.388,52.5269],[18.3772,52.5375],[18.4438,52.5588],[18.4394,52.5697],[18.4489,52.5758],[18.4474,52.5787],[18.4757,52.5789],[18.4809,52.5849],[18.4743,52.5862],[18.4733,52.5909],[18.4815,52.5986],[18.478,52.6077],[18.4803,52.6245],[18.4632,52.6343],[18.4568,52.6456],[18.4611,52.6559],[18.4757,52.6559],[18.4683,52.663],[18.4721,52.6725],[18.4696,52.6892],[18.4999,52.6921],[18.5075,52.711],[18.5965,52.724],[18.6508,52.7258],[18.648,52.7126],[18.6777,52.7082],[18.6811,52.7214],[18.6963,52.7185],[18.7243,52.7091],[18.8286,52.6484]]]}},{"type":"Feature","properties":{"slug":"nakielski","name":"powiat nakielski","bdlUnitId":"040416710000","voivodeship":"kujawsko-pomorskie"},"geometry":{"type":"Polygon","coordinates":[[[17.8784,53.043],[17.8597,53.0352],[17.8529,53.0271],[17.8348,53.0243],[17.8411,53.0168],[17.8388,53.011],[17.8489,53.0132],[17.8579,53.0077],[17.8544,52.9987],[17.8592,52.995],[17.8492,52.9954],[17.8527,52.9783],[17.8263,52.9655],[17.8323,52.9644],[17.8319,52.9598],[17.8086,52.9412],[17.8101,52.9354],[17.7859,52.9333],[17.7828,52.9287],[17.7926,52.9214],[17.7646,52.9244],[17.7256,52.9165],[17.7086,52.9254],[17.6786,52.9178],[17.6586,52.9219],[17.6393,52.916],[17.614,52.9167],[17.606,52.9079],[17.5622,52.8949],[17.5531,52.9042],[17.5281,52.8983],[17.5275,52.9041],[17.5111,52.9128],[17.5096,52.9178],[17.5186,52.928],[17.4983,52.9325],[17.4854,52.95],[17.4592,52.9502],[17.3946,52.9824],[17.3686,52.9733],[17.3169,52.974],[17.317,52.99],[17.3016,52.9948],[17.3154,53.0191],[17.3334,53.0191],[17.3367,53.0427],[17.3239,53.0783],[17.3345,53.0774],[17.3572,53.0872],[17.3609,53.1174],[17.3526,53.1311],[17.3871,53.1337],[17.3928,53.142],[17.3513,53.151],[17.3531,53.1548],[17.3354,53.1556],[17.3469,53.1638],[17.3369,53.1715],[17.3352,53.1795],[17.3471,53.1963],[17.3343,53.2085],[17.3211,53.2115],[17.3216,53.2163],[17.329,53.214],[17.3689,53.2268],[17.4051,53.2268],[17.4173,53.231],[17.4127,53.2414],[17.4279,53.2464],[17.4185,53.2534],[17.4498,53.2706],[17.4532,53.284],[17.5359,53.2785],[17.5553,53.2949],[17.5705,53.2849],[17.614,53.2745],[17.6363,53.2796],[17.6295,53.2893],[17.6761,53.2801],[17.6847,53.2864],[17.7024,53.2859],[17.7069,53.2841],[17.695,53.277],[17.6973,53.2481],[17.6847,53.246],[17.687,53.2402],[17.6974,53.239],[17.669,53.2283],[17.6857,53.2116],[17.7099,53.2116],[17.7093,53.1914],[17.7152,53.192],[17.7146,53.1876],[17.7377,53.1798],[17.7468,53.1813],[17.7452,53.175],[17.7536,53.1759],[17.7566,53.1643],[17.7449,53.1571],[17.744,53.1423],[17.784,53.1395],[17.7899,53.1301],[17.7786,53.0999],[17.7935,53.095],[17.8113,53.099],[17.8369,53.0948],[17.8463,53.0671],[17.8784,53.043]]]}},{"type":"Feature","properties":{"slug":"bartoszycki","name":"powiat bartoszycki","bdlUnitId":"042815601000","voivodeship":"warmińsko-mazurskie"},"geometry":{"type":"Polygon","coordinates":[[[20.5794,54.2],[20.5753,54.203],[20.5635,54.1976],[20.5598,54.201],[20.5558,54.1962],[20.5419,54.1977],[20.5367,54.1887],[20.5272,54.1924],[20.4925,54.1854],[20.487,54.1926],[20.4726,54.1917],[20.4494,54.2039],[20.4084,54.2086],[20.4063,54.2184],[20.3951,54.2185],[20.3883,54.2356],[20.3475,54.2582],[20.3091,54.2713],[20.261,54.275],[20.2786,54.305],[20.2685,54.3037],[20.273,54.3116],[20.2674,54.3134],[20.2784,54.3338],[20.2734,54.3347],[20.2773,54.3411],[20.2649,54.3397],[20.2704,54.3439],[20.2903,54.3421],[20.3021,54.3464],[20.3339,54.3674],[20.3354,54.3716],[20.3234,54.388],[20.3291,54.3941],[20.3135,54.4022],[20.5151,54.3806],[20.584,54.378],[20.6311,54.3663],[20.6481,54.3712],[20.6894,54.3723],[20.8184,54.36],[21.0067,54.3536],[21.2205,54.3348],[21.2103,54.3299],[21.217,54.3125],[21.1981,54.3082],[21.1984,54.3003],[21.1635,54.2977],[21.1677,54.2941],[21.1623,54.2919],[21.1662,54.2903],[21.1623,54.2858],[21.1709,54.2809],[21.1715,54.2758],[21.1847,54.276],[21.1894,54.271],[21.1822,54.2691],[21.1793,54.26],[21.139,54.2569],[21.1214,54.2764],[21.1009,54.2854],[21.0972,54.2842],[21.0928,54.2567],[21.0578,54.2589],[21.0519,54.2479],[21.0456,54.2484],[21.0307,54.2243],[21.0554,54.2142],[21.0523,54.2107],[21.0568,54.1975],[21.046,54.1931],[21.0477,54.1782],[21.0337,54.1788],[21.0301,54.1709],[21.0371,54.1666],[21.0323,54.1569],[21.0334,54.1446],[21.0257,54.1427],[21.0291,54.1367],[21.022,54.1324],[21.0226,54.1251],[21.0355,54.1227],[21.0574,54.1283],[21.0964,54.1042],[21.1107,54.0902],[21.0696,54.0828],[21.0882,54.0609],[21.0727,54.0528],[21.0818,54.0463],[21.0821,54.0371],[21.0595,54.0358],[21.0629,54.03],[21.0547,54.0295],[21.0469,54.0475],[21.0465,54.0514],[21.0582,54.0542],[21.0527,54.0589],[21.0362,54.0575],[21.0177,54.0482],[20.9937,54.0288],[20.9463,54.0503],[20.9209,54.0296],[20.8771,54.0414],[20.8676,54.0351],[20.8561,54.039],[20.8441,54.0229],[20.8077,54.029],[20.7888,54.0386],[20.7907,54.0461],[20.7806,54.074],[20.7822,54.0783],[20.8008,54.0774],[20.8171,54.1063],[20.813,54.1061],[20.8168,54.1188],[20.7926,54.1253],[20.7983,54.1396],[20.7949,54.1458],[20.7518,54.1878],[20.7558,54.1901],[20.7332,54.2134],[20.6931,54.1987],[20.6763,54.2107],[20.5916,54.192],[20.5794,54.2]]]}},{"type":"Feature","properties":{"slug":"zywiecki","name":"powiat żywiecki","bdlUnitId":"012414417000","voivodeship":"śląskie"},"geometry":{"type":"Polygon","coordinates":[[[19.3168,49.7779],[19.3499,49.7714],[19.366,49.7778],[19.373,49.7707],[19.3895,49.769],[19.3995,49.7617],[19.4091,49.7644],[19.41,49.773],[19.415,49.7753],[19.4314,49.7622],[19.4455,49.7437],[19.445,49.734],[19.428,49.7269],[19.4285,49.7181],[19.4105,49.7101],[19.3982,49.7114],[19.3911,49.6972],[19.37,49.6949],[19.3895,49.6843],[19.3918,49.6773],[19.4071,49.6786],[19.4117,49.6728],[19.4411,49.6805],[19.461,49.6754],[19.465,49.6679],[19.4778,49.6608],[19.4685,49.6439],[19.4754,49.6388],[19.4808,49.6244],[19.4674,49.6138],[19.4463,49.6132],[19.4409,49.598],[19.4096,49.5918],[19.4076,49.5808],[19.4002,49.5742],[19.3714,49.5674],[19.3735,49.5578],[19.3666,49.5537],[19.3686,49.545],[19.3624,49.5361],[19.3188,49.5311],[19.3103,49.537],[19.2607,49.5312],[19.261,49.5273],[19.2336,49.5109],[19.2355,49.4957],[19.2278,49.4919],[19.2314,49.4866],[19.2203,49.4722],[19.2283,49.4637],[19.2253,49.4543],[19.219,49.4486],[19.2077,49.4518],[19.1986,49.4482],[19.1857,49.4347],[19.1974,49.4146],[19.1916,49.4111],[19.1745,49.4135],[19.1507,49.4036],[19.1375,49.41],[19.1204,49.4027],[19.1073,49.4037],[19.0915,49.416],[19.0727,49.418],[19.0702,49.4124],[19.0539,49.4152],[19.0447,49.4004],[19.027,49.394],[18.9896,49.3984],[18.9799,49.3952],[18.9712,49.4021],[18.9687,49.4133],[18.9857,49.4218],[18.989,49.4313],[18.9778,49.4405],[18.9739,49.4517],[18.9608,49.4547],[18.9646,49.4724],[18.9702,49.4768],[18.9605,49.4828],[18.9733,49.4968],[18.9728,49.5026],[18.9466,49.5174],[18.9521,49.5216],[18.9531,49.5354],[18.9816,49.5392],[18.9799,49.5445],[18.9867,49.5483],[18.9804,49.5507],[18.9784,49.5592],[18.987,49.5722],[18.984,49.587],[19.0051,49.6003],[19.0173,49.6223],[19.0171,49.6282],[19.0024,49.6432],[19.0011,49.6601],[19.0069,49.6721],[19.0248,49.6802],[19.0547,49.7048],[19.1174,49.7072],[19.1108,49.7148],[19.1231,49.7178],[19.1238,49.7252],[19.1291,49.7254],[19.1245,49.7324],[19.1141,49.7321],[19.1094,49.7418],[19.1145,49.7478],[19.1216,49.7435],[19.1395,49.7635],[19.1464,49.761],[19.1534,49.7669],[19.1275,49.7786],[19.1415,49.7948],[19.1396,49.7991],[19.1464,49.8002],[19.1416,49.814],[19.1582,49.818],[19.1714,49.8274],[19.1856,49.8288],[19.2068,49.8103],[19.2,49.8053],[19.2201,49.7888],[19.249,49.7916],[19.2696,49.7759],[19.2959,49.7801],[19.3168,49.7779]]]}},{"type":"Feature","properties":{"slug":"sokolski","name":"powiat sokólski","bdlUnitId":"062013711000","voivodeship":"podlaskie"},"geometry":{"type":"Polygon","coordinates":[[[23.5887,53.6959],[23.6597,53.5214],[23.7371,53.3916],[23.799,53.2742],[23.8188,53.244],[23.8553,53.2318],[23.8612,53.2211],[23.862,53.2137],[23.8572,53.2104],[23.864,53.2035],[23.8639,53.1955],[23.9022,53.1763],[23.9095,53.1674],[23.8981,53.1673],[23.8965,53.1624],[23.8722,53.1679],[23.8702,53.1599],[23.8418,53.1626],[23.838,53.1497],[23.7735,53.1544],[23.7673,53.16],[23.7485,53.157],[23.7502,53.1497],[23.7446,53.1538],[23.7466,53.149],[23.7415,53.1483],[23.7181,53.1542],[23.7166,53.1598],[23.7131,53.1573],[23.7117,53.1696],[23.5358,53.2103],[23.5396,53.1954],[23.5163,53.2092],[23.5248,53.2163],[23.494,53.2151],[23.4911,53.2096],[23.497,53.209],[23.4959,53.1934],[23.4915,53.193],[23.4923,53.1973],[23.4833,53.2053],[23.4724,53.2037],[23.4653,53.2127],[23.4696,53.2139],[23.4623,53.2184],[23.4726,53.2236],[23.4812,53.2201],[23.4888,53.2361],[23.4986,53.2336],[23.5126,53.2559],[23.4512,53.2661],[23.4472,53.2693],[23.4513,53.2737],[23.4451,53.2733],[23.4451,53.2675],[23.4275,53.256],[23.4366,53.2629],[23.4151,53.2731],[23.3932,53.2764],[23.388,53.2716],[23.3851,53.2745],[23.3885,53.2785],[23.3985,53.2774],[23.3955,53.2799],[23.4032,53.2841],[23.4037,53.2944],[23.392,53.2966],[23.3977,53.3024],[23.3927,53.3125],[23.3788,53.3126],[23.3863,53.3171],[23.3609,53.3236],[23.367,53.3251],[23.3607,53.3315],[23.3668,53.3312],[23.3665,53.3356],[23.3536,53.3361],[23.3558,53.3414],[23.3673,53.3411],[23.3637,53.3469],[23.3665,53.3506],[23.3581,53.3511],[23.3281,53.3338],[23.3246,53.3355],[23.3405,53.35],[23.3071,53.3544],[23.3096,53.3601],[23.3173,53.3589],[23.3191,53.367],[23.2378,53.382],[23.2313,53.3787],[23.2198,53.3847],[23.2056,53.3774],[23.1602,53.3832],[23.1555,53.3631],[23.1749,53.3615],[23.1527,53.35],[23.1202,53.3528],[23.1178,53.3392],[23.0942,53.3463],[23.0974,53.359],[23.0918,53.359],[23.1021,53.3676],[23.1093,53.3976],[23.0584,53.4019],[23.0676,53.4245],[23.061,53.4315],[23.0651,53.4393],[23.0603,53.4554],[23.0675,53.4711],[23.0629,53.4753],[23.074,53.4961],[23.0714,53.5065],[23.0602,53.5142],[23.0536,53.526],[23.0576,53.5355],[23.0225,53.5344],[22.9916,53.5489],[23.003,53.5562],[22.9972,53.5781],[22.9785,53.58],[22.9687,53.5899],[22.9679,53.5851],[22.9578,53.5914],[22.9299,53.5818],[22.9278,53.6067],[22.9327,53.6095],[22.9487,53.6098],[22.9609,53.6188],[22.9577,53.6002],[23.0048,53.6102],[23.0091,53.6283],[23.0439,53.6307],[23.0668,53.6412],[23.0644,53.6461],[23.0716,53.6515],[23.0676,53.6576],[23.0748,53.6647],[23.0913,53.6662],[23.099,53.6728],[23.1113,53.6687],[23.1199,53.672],[23.12,53.6763],[23.1381,53.6804],[23.1498,53.6925],[23.165,53.6904],[23.1656,53.6945],[23.1965,53.709],[23.2019,53.7075],[23.2033,53.7132],[23.2174,53.7128],[23.2268,53.7184],[23.2466,53.7076],[23.2717,53.7112],[23.292,53.7074],[23.316,53.7138],[23.3268,53.7115],[23.3259,53.717],[23.3318,53.7158],[23.34,53.7219],[23.3981,53.7092],[23.3975,53.7055],[23.4147,53.7002],[23.4644,53.7041],[23.5023,53.6916],[23.511,53.6934],[23.5039,53.6996],[23.5321,53.7102],[23.5474,53.7094],[23.5887,53.6959]]]}},{"type":"Feature","properties":{"slug":"jasielski","name":"powiat jasielski","bdlUnitId":"061813305000","voivodeship":"podkarpackie"},"geometry":{"type":"Polygon","coordinates":[[[21.3322,49.8108],[21.3489,49.8147],[21.3374,49.8267],[21.2971,49.8429],[21.2903,49.8531],[21.3067,49.8585],[21.3071,49.8403],[21.3503,49.8367],[21.3514,49.8544],[21.3455,49.8683],[21.3641,49.8727],[21.3881,49.8616],[21.3908,49.8509],[21.398,49.8543],[21.4004,49.8518],[21.3954,49.8474],[21.4014,49.8465],[21.407,49.8286],[21.4313,49.8337],[21.4456,49.8296],[21.4404,49.8385],[21.4774,49.8405],[21.5427,49.8307],[21.5525,49.8278],[21.5605,49.7857],[21.5887,49.7875],[21.6181,49.7979],[21.6294,49.7888],[21.6342,49.7739],[21.6509,49.7728],[21.632,49.7613],[21.6114,49.763],[21.6071,49.7582],[21.6159,49.7564],[21.6037,49.7458],[21.6126,49.7447],[21.6067,49.7382],[21.6182,49.7355],[21.6232,49.7294],[21.6196,49.7172],[21.6226,49.7098],[21.6019,49.7047],[21.5901,49.6908],[21.5724,49.6918],[21.5785,49.689],[21.5788,49.6746],[21.5868,49.6685],[21.5841,49.6575],[21.5881,49.6508],[21.5735,49.6438],[21.5716,49.6329],[21.5939,49.6266],[21.5974,49.6351],[21.6172,49.6367],[21.6229,49.6341],[21.6201,49.6248],[21.6252,49.6244],[21.6157,49.6113],[21.5996,49.61],[21.6128,49.6059],[21.6179,49.5981],[21.5949,49.5799],[21.581,49.5494],[21.5968,49.5417],[21.6018,49.5152],[21.6142,49.4969],[21.5974,49.4918],[21.5892,49.4845],[21.591,49.4706],[21.5703,49.4584],[21.5803,49.4353],[21.565,49.4412],[21.5521,49.4331],[21.5303,49.4351],[21.5187,49.4254],[21.5235,49.4199],[21.517,49.4178],[21.4957,49.4296],[21.4889,49.4291],[21.4737,49.4136],[21.4562,49.4163],[21.4448,49.4122],[21.4241,49.4167],[21.3977,49.435],[21.3922,49.4558],[21.4114,49.4678],[21.4092,49.474],[21.3889,49.4854],[21.4015,49.492],[21.4209,49.492],[21.4186,49.4976],[21.4109,49.5002],[21.4076,49.5096],[21.3929,49.5115],[21.3826,49.5253],[21.3917,49.5275],[21.3805,49.5391],[21.3586,49.5447],[21.3685,49.5495],[21.3645,49.5539],[21.3806,49.5694],[21.3475,49.5793],[21.3268,49.5922],[21.3313,49.6006],[21.3451,49.6082],[21.3627,49.6336],[21.3555,49.646],[21.3577,49.6497],[21.3417,49.6593],[21.3487,49.6927],[21.3433,49.692],[21.3391,49.6979],[21.3331,49.6943],[21.3204,49.6984],[21.3314,49.7188],[21.3158,49.7282],[21.3187,49.7392],[21.3125,49.7478],[21.2905,49.7488],[21.2813,49.7552],[21.2578,49.7521],[21.2418,49.7761],[21.2515,49.7922],[21.2706,49.7941],[21.2698,49.7983],[21.2791,49.8053],[21.3084,49.7961],[21.3303,49.8039],[21.3357,49.8078],[21.3322,49.8108]]]}},{"type":"Feature","properties":{"slug":"glubczycki","name":"powiat głubczycki","bdlUnitId":"031613102000","voivodeship":"opolskie"},"geometry":{"type":"Polygon","coordinates":[[[17.9191,50.2651],[17.9253,50.2355],[17.9184,50.2273],[17.9267,50.2107],[17.969,50.2183],[17.9637,50.2133],[17.9786,50.2049],[17.972,50.1857],[17.9992,50.1841],[18.0356,50.1709],[18.0519,50.1801],[18.064,50.1678],[18.0566,50.1607],[18.0661,50.157],[18.0502,50.1381],[18.068,50.1295],[18.0608,50.1159],[18.0723,50.1098],[18.0412,50.0697],[18.0049,50.0514],[18.0043,50.0378],[18.0088,50.0313],[18.0171,50.031],[18.0247,50.0388],[18.0444,50.0366],[18.049,50.0275],[18.0429,50.022],[18.0463,50.0159],[18.0412,50.0134],[18.0455,50.0051],[18.0354,50.011],[18.0075,50.0107],[18.0045,50.0183],[17.9893,50.0135],[17.9842,50.0055],[17.9684,50.0089],[17.954,50.0051],[17.9229,49.9787],[17.8895,49.9801],[17.8686,49.9725],[17.8502,49.9869],[17.8266,49.9942],[17.8369,50.0036],[17.8277,50.0113],[17.7981,50.0135],[17.7716,50.0253],[17.7772,50.0309],[17.7698,50.0352],[17.7716,50.0484],[17.7548,50.0622],[17.759,50.0676],[17.7523,50.0699],[17.7488,50.0789],[17.7299,50.0877],[17.7309,50.0972],[17.7185,50.1059],[17.6965,50.117],[17.6833,50.1173],[17.6766,50.103],[17.6503,50.1108],[17.6403,50.1307],[17.6108,50.1401],[17.5927,50.1599],[17.6044,50.1709],[17.6257,50.1692],[17.6436,50.1762],[17.7047,50.1849],[17.7174,50.2057],[17.7411,50.2021],[17.7585,50.2066],[17.7566,50.2214],[17.765,50.2364],[17.725,50.2567],[17.7256,50.2723],[17.7532,50.3012],[17.7693,50.3013],[17.7806,50.3074],[17.787,50.3034],[17.7968,50.3081],[17.792,50.316],[17.8099,50.3173],[17.8155,50.3244],[17.8259,50.3233],[17.8162,50.3175],[17.8366,50.2893],[17.824,50.2833],[17.8618,50.2777],[17.8813,50.2864],[17.8907,50.2832],[17.8952,50.2879],[17.895,50.2799],[17.9008,50.2811],[17.9046,50.2744],[17.9122,50.2766],[17.9191,50.2651]]]}},{"type":"Feature","properties":{"slug":"nowosadecki","name":"powiat nowosądecki","bdlUnitId":"011212210000","voivodeship":"małopolskie"},"geometry":{"type":"Polygon","coordinates":[[[20.7132,49.8066],[20.7395,49.8001],[20.7428,49.7942],[20.7369,49.7908],[20.7393,49.7871],[20.7742,49.7857],[20.8308,49.7615],[20.8453,49.7639],[20.8502,49.7509],[20.8656,49.751],[20.8676,49.7434],[20.8758,49.7413],[20.8684,49.7369],[20.8873,49.7288],[20.8925,49.7178],[20.8861,49.706],[20.9078,49.6836],[20.9323,49.6776],[20.9488,49.6669],[20.9618,49.6824],[21.0029,49.6888],[21.0041,49.6766],[21.0408,49.6532],[21.0545,49.6493],[21.0585,49.6435],[21.0493,49.6335],[21.0471,49.6201],[21.018,49.6165],[21.0175,49.6115],[21.0079,49.6104],[21.0001,49.601],[21.0108,49.5777],[21.0304,49.5669],[20.9987,49.5315],[21.007,49.5262],[21.0127,49.5145],[21.008,49.5059],[21.018,49.496],[21.0364,49.4914],[21.0392,49.4827],[21.0459,49.481],[21.0378,49.4705],[21.0201,49.46],[21.0519,49.4289],[21.0547,49.4212],[21.0472,49.4169],[21.0543,49.4042],[21.0672,49.4021],[21.068,49.3955],[21.1041,49.3764],[21.0941,49.3651],[21.0789,49.3639],[21.0753,49.3593],[21.0666,49.3652],[21.0544,49.3618],[21.0423,49.3648],[21.0113,49.3476],[21.0081,49.3349],[20.9891,49.3284],[20.9941,49.3127],[20.9866,49.3066],[20.9701,49.3099],[20.9237,49.2965],[20.9036,49.3154],[20.9076,49.3198],[20.9037,49.3235],[20.8732,49.3197],[20.8794,49.3224],[20.8824,49.3332],[20.8653,49.3476],[20.8542,49.3472],[20.8366,49.334],[20.8259,49.3344],[20.8114,49.3478],[20.7977,49.343],[20.8022,49.3555],[20.7983,49.3591],[20.8044,49.3597],[20.8073,49.3532],[20.8093,49.3594],[20.7981,49.3633],[20.7825,49.361],[20.7817,49.3663],[20.7884,49.372],[20.7855,49.3744],[20.7592,49.3732],[20.7614,49.3842],[20.7475,49.391],[20.7582,49.4002],[20.7423,49.4038],[20.7461,49.4121],[20.7418,49.4158],[20.6927,49.42],[20.6657,49.4035],[20.6426,49.401],[20.6063,49.4274],[20.6052,49.4335],[20.611,49.4394],[20.6052,49.4437],[20.607,49.4484],[20.5816,49.4541],[20.5774,49.4653],[20.5368,49.473],[20.4987,49.4726],[20.4946,49.4673],[20.4742,49.4665],[20.4596,49.4883],[20.4443,49.4927],[20.4447,49.5135],[20.4056,49.5165],[20.3912,49.5309],[20.362,49.5341],[20.3646,49.5445],[20.3856,49.5611],[20.3559,49.5866],[20.369,49.5874],[20.366,49.6025],[20.3702,49.6069],[20.3654,49.6156],[20.3693,49.6207],[20.4281,49.6108],[20.4432,49.5926],[20.4575,49.5906],[20.4696,49.5945],[20.4848,49.5903],[20.4937,49.586],[20.488,49.5791],[20.4913,49.5781],[20.5305,49.5801],[20.5502,49.5897],[20.541,49.5977],[20.5466,49.6149],[20.5225,49.6288],[20.5274,49.6384],[20.5254,49.6443],[20.5336,49.6471],[20.5522,49.6339],[20.5627,49.6432],[20.5776,49.6439],[20.577,49.6525],[20.5547,49.6585],[20.5638,49.6758],[20.5796,49.6755],[20.5847,49.6941],[20.5917,49.6966],[20.5523,49.7163],[20.5259,49.7205],[20.542,49.7286],[20.5426,49.7334],[20.566,49.7359],[20.57,49.7422],[20.566,49.7453],[20.5767,49.7516],[20.5904,49.7502],[20.5953,49.7563],[20.5858,49.7628],[20.6126,49.7757],[20.6156,49.7866],[20.632,49.791],[20.6296,49.7963],[20.6461,49.7952],[20.6466,49.7994],[20.6663,49.8061],[20.6704,49.7996],[20.6872,49.8013],[20.6931,49.8069],[20.7132,49.8066]],[[20.6674,49.6303],[20.6673,49.6218],[20.6821,49.6207],[20.6672,49.601],[20.6536,49.5954],[20.6489,49.5851],[20.66,49.5672],[20.6675,49.566],[20.6733,49.5776],[20.6959,49.5711],[20.696,49.5633],[20.7181,49.5549],[20.7316,49.5693],[20.751,49.5792],[20.7433,49.5877],[20.7418,49.6022],[20.7648,49.5986],[20.7484,49.62],[20.7477,49.6307],[20.743,49.6326],[20.7457,49.6359],[20.7245,49.6396],[20.7269,49.6475],[20.7214,49.6479],[20.7237,49.6528],[20.7171,49.6571],[20.7049,49.6534],[20.6895,49.6574],[20.6883,49.6656],[20.6773,49.6641],[20.6789,49.6584],[20.6657,49.6417],[20.6674,49.6303]]]}},{"type":"Feature","properties":{"slug":"zaganski","name":"powiat żagański","bdlUnitId":"020811410000","voivodeship":"lubuskie"},"geometry":{"type":"Polygon","coordinates":[[[15.0862,51.4255],[15.0888,51.4294],[15.0473,51.4364],[15.0487,51.4819],[14.9929,51.4827],[14.9884,51.4873],[14.9879,51.4961],[15.0002,51.4961],[15,51.4894],[15.0109,51.4893],[15.0119,51.5068],[15.0176,51.5084],[15.0184,51.5157],[15.0265,51.516],[15.0166,51.5234],[15.0118,51.5211],[15.0245,51.534],[15.0032,51.5396],[15.0173,51.5412],[15.0179,51.5475],[15.0295,51.5502],[15.0513,51.5469],[15.0581,51.5497],[15.0622,51.5617],[15.1112,51.5455],[15.1568,51.5529],[15.1701,51.5499],[15.1805,51.5607],[15.168,51.5713],[15.1721,51.573],[15.1657,51.5778],[15.1673,51.5852],[15.1936,51.5814],[15.2151,51.5838],[15.2359,51.5906],[15.2392,51.5978],[15.2543,51.6041],[15.2636,51.619],[15.2621,51.6455],[15.2665,51.645],[15.2674,51.6569],[15.2735,51.66],[15.2702,51.6688],[15.2521,51.6748],[15.2547,51.6853],[15.2343,51.6986],[15.2521,51.7057],[15.2439,51.7135],[15.233,51.7406],[15.2465,51.7415],[15.245,51.7474],[15.2501,51.7525],[15.2669,51.7479],[15.2716,51.755],[15.2696,51.7609],[15.2871,51.7596],[15.2982,51.7521],[15.3079,51.7584],[15.3127,51.7501],[15.3106,51.742],[15.3357,51.7416],[15.3364,51.7448],[15.3457,51.7365],[15.3555,51.7367],[15.3559,51.7403],[15.3811,51.7456],[15.3839,51.7519],[15.4134,51.7534],[15.3966,51.7694],[15.4422,51.7817],[15.4469,51.7728],[15.4635,51.7746],[15.4726,51.7683],[15.4817,51.7568],[15.4944,51.7503],[15.485,51.7482],[15.4845,51.7444],[15.5026,51.7379],[15.5042,51.7236],[15.5194,51.7213],[15.5191,51.7058],[15.5131,51.698],[15.5194,51.6834],[15.579,51.6943],[15.5986,51.6795],[15.6004,51.67],[15.6602,51.67],[15.6785,51.6657],[15.6818,51.6633],[15.6782,51.6596],[15.6845,51.6563],[15.6981,51.6596],[15.7071,51.6501],[15.729,51.645],[15.738,51.6524],[15.7553,51.6546],[15.7563,51.6597],[15.7943,51.6608],[15.8052,51.6698],[15.8166,51.6676],[15.8343,51.6722],[15.8497,51.6652],[15.8428,51.6613],[15.8561,51.6574],[15.8572,51.6504],[15.8376,51.645],[15.8304,51.6368],[15.834,51.6222],[15.8158,51.6029],[15.8236,51.5727],[15.7695,51.5696],[15.7425,51.5557],[15.7236,51.5521],[15.7038,51.5569],[15.7032,51.5464],[15.7123,51.5465],[15.714,51.5174],[15.7006,51.5174],[15.701,51.5125],[15.6789,51.5124],[15.6788,51.5056],[15.6676,51.499],[15.6673,51.4889],[15.6593,51.488],[15.6642,51.4827],[15.656,51.4724],[15.6459,51.4791],[15.6347,51.4789],[15.6345,51.4721],[15.6241,51.472],[15.6234,51.4635],[15.5998,51.4457],[15.5971,51.4515],[15.5909,51.4489],[15.5809,51.4531],[15.5959,51.4696],[15.4877,51.5276],[15.4858,51.5136],[15.4823,51.513],[15.437,51.5273],[15.4058,51.5196],[15.3965,51.531],[15.3856,51.5283],[15.3824,51.5124],[15.3712,51.5079],[15.367,51.494],[15.3704,51.4805],[15.3803,51.481],[15.3821,51.4723],[15.3725,51.4697],[15.3394,51.4741],[15.3337,51.4516],[15.3433,51.4469],[15.3281,51.4291],[15.3249,51.4185],[15.3337,51.4099],[15.3274,51.4077],[15.3215,51.4084],[15.3152,51.4177],[15.2928,51.4231],[15.2897,51.4314],[15.2755,51.4298],[15.2718,51.4385],[15.252,51.449],[15.2009,51.446],[15.2019,51.4633],[15.187,51.464],[15.1506,51.4424],[15.1118,51.4284],[15.0954,51.4254],[15.0927,51.4295],[15.0862,51.4255]]]}},{"type":"Feature","properties":{"slug":"leborski","name":"powiat lęborski","bdlUnitId":"042214108000","voivodeship":"pomorskie"},"geometry":{"type":"Polygon","coordinates":[[[17.6666,54.7832],[17.6742,54.7711],[17.7029,54.7776],[17.7188,54.7761],[17.7238,54.7716],[17.7251,54.756],[17.7408,54.7489],[17.7364,54.7462],[17.7651,54.7433],[17.7725,54.7323],[17.7635,54.7337],[17.748,54.7237],[17.7546,54.7193],[17.7555,54.7104],[17.7694,54.7096],[17.769,54.7055],[17.7824,54.7018],[17.7885,54.6777],[17.7972,54.6759],[17.797,54.6679],[17.8289,54.6644],[17.8201,54.6397],[17.8141,54.6361],[17.8201,54.616],[17.8139,54.6124],[17.818,54.6055],[17.7783,54.6145],[17.7814,54.5971],[17.7844,54.5914],[17.7984,54.5884],[17.8151,54.5672],[17.8122,54.5643],[17.8267,54.5619],[17.8431,54.5661],[17.8468,54.5578],[17.8309,54.5534],[17.8392,54.5332],[17.8368,54.5248],[17.8239,54.522],[17.8273,54.5126],[17.858,54.5147],[17.8688,54.506],[17.8635,54.504],[17.8651,54.501],[17.8797,54.4985],[17.8753,54.4915],[17.8866,54.4805],[17.8501,54.4687],[17.852,54.4653],[17.8458,54.4633],[17.8528,54.4439],[17.8812,54.41],[17.8565,54.4034],[17.8481,54.4106],[17.8254,54.4158],[17.799,54.4118],[17.7924,54.3942],[17.8015,54.386],[17.7891,54.3753],[17.7963,54.3706],[17.7625,54.3535],[17.7465,54.3564],[17.7411,54.3702],[17.7446,54.3744],[17.7293,54.3803],[17.7279,54.3894],[17.7205,54.3901],[17.7162,54.3759],[17.6815,54.3801],[17.6703,54.3784],[17.6689,54.373],[17.6627,54.3749],[17.6641,54.3819],[17.6528,54.406],[17.6554,54.423],[17.627,54.4201],[17.6309,54.4234],[17.6244,54.4293],[17.5988,54.4435],[17.6063,54.4558],[17.5979,54.4639],[17.6193,54.4688],[17.6075,54.4751],[17.596,54.4743],[17.5821,54.4838],[17.5498,54.4814],[17.5476,54.4845],[17.5552,54.492],[17.5384,54.5016],[17.5397,54.5076],[17.5653,54.5098],[17.5915,54.5265],[17.597,54.5259],[17.5927,54.5288],[17.6018,54.5345],[17.5881,54.5418],[17.5635,54.544],[17.5519,54.5506],[17.5461,54.549],[17.5463,54.5526],[17.5692,54.5702],[17.567,54.5776],[17.5804,54.5895],[17.5816,54.6061],[17.6078,54.6149],[17.617,54.6367],[17.5779,54.6531],[17.509,54.6619],[17.5018,54.6674],[17.5238,54.6771],[17.5291,54.6906],[17.5426,54.6915],[17.5291,54.7038],[17.4883,54.6991],[17.4943,54.7114],[17.4896,54.7126],[17.4832,54.7037],[17.4754,54.7021],[17.4645,54.7049],[17.4584,54.7138],[17.4467,54.715],[17.4402,54.7131],[17.4528,54.7036],[17.4411,54.7041],[17.4431,54.7015],[17.4367,54.6965],[17.4253,54.7018],[17.4167,54.7126],[17.4744,54.7286],[17.5166,54.7472],[17.531,54.7474],[17.5273,54.7539],[17.4916,54.7521],[17.4912,54.7606],[17.6666,54.7832]]]}},{"type":"Feature","properties":{"slug":"piotrkowski","name":"powiat piotrkowski","bdlUnitId":"051011710000","voivodeship":"łódzkie"},"geometry":{"type":"Polygon","coordinates":[[[19.9067,51.3644],[19.92,51.3641],[19.9284,51.3578],[19.9283,51.3526],[19.9432,51.3489],[19.9584,51.358],[19.9909,51.3562],[19.9824,51.3435],[19.9866,51.3338],[20.0102,51.3343],[20.034,51.3018],[20.0472,51.2963],[20.0441,51.2907],[20.0493,51.2879],[20.041,51.2795],[20.0615,51.2682],[20.0674,51.2551],[20.0642,51.2473],[20.0491,51.2481],[20.0408,51.2391],[20.0299,51.24],[20.0283,51.2444],[20.0156,51.2416],[20.0151,51.2296],[20.0189,51.229],[20.0039,51.2207],[19.9923,51.2206],[20.0009,51.2125],[20.0122,51.21],[20.0132,51.2005],[19.9921,51.1931],[19.9932,51.1844],[19.9596,51.2021],[19.9533,51.1875],[19.9424,51.1807],[19.9284,51.183],[19.9133,51.174],[19.9132,51.1669],[19.9032,51.1599],[19.9153,51.1462],[19.9073,51.1326],[19.9025,51.1325],[19.9069,51.1252],[19.9008,51.1184],[19.9045,51.1086],[19.8792,51.1092],[19.8506,51.121],[19.8399,51.1201],[19.837,51.1303],[19.8272,51.1392],[19.7552,51.1413],[19.7298,51.1548],[19.7309,51.1624],[19.737,51.1652],[19.7354,51.1734],[19.726,51.1732],[19.7323,51.1773],[19.7214,51.1872],[19.6983,51.1895],[19.6997,51.1661],[19.678,51.1513],[19.6718,51.1522],[19.6729,51.1556],[19.645,51.1582],[19.6211,51.1492],[19.5991,51.1546],[19.5944,51.149],[19.5793,51.1483],[19.5894,51.1595],[19.5825,51.1726],[19.5667,51.1786],[19.58,51.1778],[19.5683,51.1859],[19.566,51.1809],[19.5724,51.1879],[19.5713,51.2004],[19.5553,51.1977],[19.5564,51.2089],[19.5473,51.2103],[19.5516,51.2134],[19.5377,51.2227],[19.5212,51.2255],[19.5379,51.2376],[19.5311,51.2456],[19.5406,51.2481],[19.527,51.2515],[19.5315,51.2657],[19.5193,51.2713],[19.5086,51.2697],[19.4941,51.2598],[19.5024,51.273],[19.4819,51.2752],[19.4599,51.2861],[19.4876,51.3076],[19.4799,51.3192],[19.4844,51.3205],[19.4791,51.3204],[19.4722,51.3302],[19.4841,51.3424],[19.4738,51.3405],[19.4692,51.3458],[19.4893,51.3504],[19.4862,51.3536],[19.4965,51.3549],[19.4997,51.3625],[19.4988,51.3703],[19.4755,51.3834],[19.4655,51.4018],[19.4884,51.4079],[19.4912,51.415],[19.4775,51.4173],[19.4778,51.4312],[19.4821,51.4361],[19.474,51.443],[19.4907,51.4436],[19.4907,51.4497],[19.4603,51.4529],[19.4613,51.4689],[19.43,51.4616],[19.4228,51.4672],[19.4355,51.4688],[19.4393,51.4738],[19.4359,51.4789],[19.4426,51.4796],[19.4419,51.4855],[19.4568,51.4908],[19.4577,51.4946],[19.4478,51.4974],[19.4614,51.5137],[19.4449,51.5115],[19.4454,51.5071],[19.4322,51.5085],[19.4264,51.5148],[19.4278,51.521],[19.4118,51.5274],[19.4173,51.5274],[19.4166,51.5368],[19.4217,51.5337],[19.4227,51.5373],[19.4297,51.5342],[19.4304,51.5231],[19.4388,51.5233],[19.4401,51.528],[19.459,51.5315],[19.4584,51.5427],[19.4827,51.5439],[19.4819,51.532],[19.4996,51.5332],[19.5059,51.5218],[19.5315,51.525],[19.5411,51.513],[19.5986,51.5083],[19.6038,51.5139],[19.5981,51.515],[19.5991,51.5223],[19.6098,51.5464],[19.6189,51.5465],[19.6186,51.5526],[19.5942,51.5811],[19.6004,51.5876],[19.6158,51.59],[19.6228,51.6046],[19.6339,51.6053],[19.6272,51.6135],[19.6187,51.6102],[19.6124,51.6203],[19.599,51.6214],[19.6094,51.6346],[19.6397,51.6244],[19.6644,51.649],[19.6903,51.6495],[19.6911,51.6274],[19.7076,51.6305],[19.7091,51.6232],[19.7209,51.6123],[19.7174,51.6005],[19.7242,51.5967],[19.7217,51.583],[19.7134,51.572],[19.7239,51.574],[19.7341,51.5694],[19.7312,51.5635],[19.7384,51.5591],[19.7734,51.5586],[19.778,51.5452],[19.7962,51.5305],[19.8132,51.5399],[19.8355,51.5343],[19.8218,51.543],[19.8293,51.5562],[19.8257,51.5697],[19.8417,51.579],[19.8496,51.5784],[19.8906,51.5445],[19.8814,51.5394],[19.8809,51.5288],[19.864,51.5286],[19.8562,51.5234],[19.8704,51.5199],[19.8725,51.5061],[19.8948,51.517],[19.921,51.4972],[19.9185,51.4823],[19.9579,51.4771],[19.9534,51.467],[19.9579,51.4604],[19.9519,51.4569],[19.9622,51.4529],[19.9434,51.4413],[19.9352,51.4411],[19.9359,51.4271],[19.9032,51.4096],[19.8659,51.4044],[19.8615,51.397],[19.8549,51.3958],[19.8653,51.3883],[19.856,51.3842],[19.8662,51.3839],[19.8659,51.378],[19.8807,51.3766],[19.892,51.3654],[19.9067,51.3644]],[[19.7007,51.3757],[19.7182,51.3813],[19.7444,51.3785],[19.7488,51.391],[19.7368,51.4033],[19.7453,51.4049],[19.7461,51.4111],[19.7814,51.4347],[19.8065,51.4203],[19.8103,51.4387],[19.7833,51.4529],[19.7755,51.4476],[19.7683,51.4516],[19.7596,51.4469],[19.7411,51.4514],[19.7407,51.4443],[19.6547,51.4422],[19.645,51.4373],[19.6336,51.413],[19.6272,51.414],[19.6311,51.3997],[19.6229,51.3799],[19.6489,51.3868],[19.6783,51.3732],[19.7007,51.3757]]]}},{"type":"Feature","properties":{"slug":"ostrowski-mazowieckie","name":"powiat ostrowski","bdlUnitId":"071422616000","voivodeship":"mazowieckie"},"geometry":{"type":"Polygon","coordinates":[[[22.2837,52.879],[22.2932,52.8711],[22.2846,52.8643],[22.2783,52.8481],[22.2828,52.8508],[22.2822,52.8461],[22.2873,52.8539],[22.3074,52.8577],[22.3051,52.8393],[22.2747,52.832],[22.2715,52.8393],[22.2757,52.8417],[22.2612,52.8442],[22.2626,52.8365],[22.2425,52.8328],[22.2517,52.8314],[22.2512,52.8256],[22.2784,52.7893],[22.2766,52.7836],[22.2842,52.778],[22.3014,52.7833],[22.3012,52.7747],[22.308,52.7742],[22.3,52.7721],[22.3038,52.7668],[22.2966,52.7664],[22.302,52.7651],[22.2999,52.7542],[22.311,52.7552],[22.3037,52.748],[22.3238,52.7483],[22.3242,52.7421],[22.3344,52.7405],[22.3373,52.7542],[22.3469,52.7574],[22.341,52.7649],[22.3446,52.7778],[22.3826,52.7776],[22.3881,52.7843],[22.3788,52.7944],[22.4538,52.7882],[22.4607,52.7707],[22.4532,52.7653],[22.4442,52.7418],[22.4469,52.7267],[22.435,52.6969],[22.4447,52.6821],[22.4425,52.6649],[22.4503,52.6527],[22.4738,52.6475],[22.47,52.6436],[22.4623,52.6454],[22.4629,52.6393],[22.4495,52.64],[22.4509,52.6243],[22.4196,52.6148],[22.4191,52.6094],[22.3939,52.6129],[22.3848,52.6225],[22.3713,52.6238],[22.3739,52.6348],[22.3399,52.6599],[22.3085,52.668],[22.2749,52.6701],[22.2602,52.6802],[22.228,52.6861],[22.2167,52.6973],[22.1803,52.6984],[22.1617,52.6921],[22.1592,52.7025],[22.1032,52.693],[22.043,52.6762],[22.0537,52.6613],[22.0444,52.6463],[22.0511,52.6414],[22.0489,52.6339],[22.0411,52.631],[22.0351,52.6216],[21.9979,52.6226],[22.0026,52.6305],[21.995,52.6305],[22.0008,52.6375],[21.9995,52.647],[21.944,52.6509],[21.9283,52.6427],[21.9322,52.6479],[21.926,52.6498],[21.9311,52.6578],[21.912,52.6576],[21.92,52.6699],[21.9217,52.6879],[21.8958,52.703],[21.882,52.6934],[21.8699,52.6993],[21.8391,52.6924],[21.8205,52.6846],[21.8081,52.6711],[21.7906,52.675],[21.773,52.6649],[21.7625,52.6734],[21.7524,52.6692],[21.7178,52.6705],[21.7128,52.6618],[21.6993,52.6594],[21.693,52.671],[21.7042,52.6792],[21.7222,52.6802],[21.723,52.6851],[21.7058,52.7005],[21.6916,52.6992],[21.6772,52.7094],[21.6729,52.7076],[21.6812,52.6982],[21.6601,52.6988],[21.6509,52.728],[21.6573,52.7277],[21.6566,52.7353],[21.671,52.7354],[21.67,52.7389],[21.6767,52.7336],[21.6973,52.7323],[21.6941,52.748],[21.7071,52.7479],[21.706,52.7551],[21.7006,52.7558],[21.7046,52.7684],[21.6922,52.7771],[21.6836,52.776],[21.6839,52.7797],[21.7095,52.7762],[21.7179,52.7829],[21.7031,52.7915],[21.7045,52.7962],[21.676,52.7956],[21.6756,52.809],[21.6509,52.8086],[21.6508,52.8168],[21.633,52.8183],[21.6303,52.8315],[21.6173,52.8398],[21.618,52.8363],[21.6019,52.8342],[21.6243,52.8525],[21.624,52.8693],[21.6033,52.8887],[21.5904,52.8921],[21.5973,52.8979],[21.6135,52.8928],[21.6227,52.8984],[21.6331,52.8979],[21.6524,52.909],[21.6829,52.9069],[21.677,52.9033],[21.7051,52.9083],[21.7034,52.9036],[21.714,52.8958],[21.7343,52.9045],[21.7935,52.8969],[21.7918,52.9022],[21.8026,52.9111],[21.842,52.9158],[21.8649,52.9113],[21.8696,52.9048],[21.8786,52.9032],[21.8804,52.9146],[21.8481,52.9263],[21.8481,52.9324],[21.8313,52.9395],[21.8347,52.9458],[21.8314,52.948],[21.8457,52.9464],[21.8909,52.967],[21.9238,52.9485],[21.9305,52.949],[21.9542,52.9676],[21.9502,52.9753],[21.9556,52.9806],[22.0018,52.9723],[21.9992,52.9621],[21.9895,52.9628],[21.9884,52.9574],[22.0046,52.9571],[22.016,52.9499],[22.0113,52.9418],[22.0288,52.9385],[22.0236,52.9314],[22.0112,52.9276],[22.0125,52.9239],[21.9917,52.9196],[21.9944,52.9111],[22.0091,52.9052],[22.0039,52.8779],[22.0252,52.8859],[22.0386,52.8822],[22.0266,52.8648],[22.0394,52.8603],[22.0379,52.8511],[22.0594,52.8501],[22.084,52.8418],[22.1014,52.862],[22.1242,52.8427],[22.1424,52.8513],[22.1498,52.8466],[22.1741,52.8581],[22.2097,52.8545],[22.2072,52.883],[22.2193,52.8845],[22.2527,52.8764],[22.2794,52.8861],[22.2837,52.879]]]}},{"type":"Feature","properties":{"slug":"starogardzki","name":"powiat starogardzki","bdlUnitId":"042214213000","voivodeship":"pomorskie"},"geometry":{"type":"Polygon","coordinates":[[[18.1064,53.9255],[18.1242,53.9337],[18.1369,53.9333],[18.1351,53.9474],[18.1643,53.962],[18.2037,53.956],[18.1991,53.9434],[18.2148,53.941],[18.2202,53.9471],[18.241,53.9471],[18.2541,53.9609],[18.2728,53.953],[18.3031,53.9652],[18.3179,53.9786],[18.3495,53.9775],[18.3286,54.0031],[18.3022,53.9927],[18.2819,53.9928],[18.2781,53.9966],[18.2956,54.0106],[18.2849,54.0142],[18.2942,54.0258],[18.2883,54.0324],[18.311,54.0402],[18.3186,54.0384],[18.327,54.0502],[18.344,54.0459],[18.3613,54.0605],[18.3513,54.0673],[18.3432,54.0662],[18.3484,54.068],[18.3416,54.0722],[18.3493,54.0754],[18.3398,54.078],[18.3465,54.0807],[18.3292,54.0823],[18.3529,54.1092],[18.3189,54.1131],[18.3306,54.1277],[18.3286,54.1332],[18.333,54.1345],[18.323,54.1373],[18.331,54.1429],[18.3476,54.1372],[18.3566,54.1432],[18.3912,54.1212],[18.4454,54.1241],[18.4818,54.1193],[18.5333,54.1264],[18.5319,54.1086],[18.5478,54.1106],[18.5552,54.1052],[18.5617,54.1086],[18.5922,54.1043],[18.5903,54.0926],[18.5721,54.0861],[18.5755,54.0744],[18.5673,54.0735],[18.5682,54.0676],[18.5499,54.0717],[18.5563,54.0592],[18.5552,54.0514],[18.5689,54.0533],[18.5715,54.0416],[18.5919,54.0401],[18.6008,54.03],[18.6175,54.0338],[18.6312,54.0197],[18.6578,54.0181],[18.6536,54.0124],[18.674,54.0058],[18.6588,53.9825],[18.6623,53.9778],[18.6696,53.9786],[18.6656,53.9741],[18.6747,53.9707],[18.6709,53.9685],[18.6797,53.9598],[18.6724,53.9586],[18.6773,53.956],[18.6733,53.9547],[18.6499,53.9536],[18.6376,53.9457],[18.6378,53.9399],[18.6312,53.9347],[18.6342,53.9319],[18.6257,53.9239],[18.6256,53.9132],[18.6035,53.8935],[18.6028,53.8814],[18.6116,53.8738],[18.6062,53.8694],[18.5955,53.8712],[18.5952,53.8662],[18.5875,53.8619],[18.6123,53.8277],[18.6023,53.825],[18.5927,53.8152],[18.5985,53.8133],[18.5921,53.8025],[18.6339,53.7998],[18.6344,53.77],[18.6897,53.7753],[18.6998,53.7737],[18.7035,53.7663],[18.7229,53.7635],[18.7241,53.7575],[18.7165,53.7483],[18.7321,53.744],[18.734,53.7368],[18.6959,53.7264],[18.6908,53.7208],[18.6969,53.7135],[18.6979,53.7012],[18.6785,53.6908],[18.6634,53.6966],[18.6536,53.6948],[18.6373,53.6774],[18.6095,53.6706],[18.5755,53.6772],[18.5671,53.6733],[18.5824,53.6662],[18.5834,53.6594],[18.5551,53.6551],[18.5434,53.6664],[18.5283,53.6683],[18.5323,53.6694],[18.5298,53.6792],[18.5145,53.681],[18.5125,53.689],[18.5232,53.6915],[18.5158,53.704],[18.4942,53.6992],[18.4705,53.7037],[18.4684,53.6897],[18.4602,53.6864],[18.4551,53.6865],[18.4557,53.6937],[18.4185,53.6872],[18.42,53.6919],[18.3542,53.6874],[18.3412,53.6933],[18.2638,53.701],[18.2542,53.7113],[18.2767,53.7207],[18.2671,53.7251],[18.2739,53.7317],[18.2676,53.7423],[18.2561,53.7462],[18.219,53.7398],[18.2213,53.7517],[18.2169,53.7518],[18.2047,53.7401],[18.196,53.7389],[18.2015,53.7562],[18.1814,53.7533],[18.177,53.7434],[18.1549,53.7532],[18.1518,53.7682],[18.1305,53.7694],[18.1108,53.7582],[18.109,53.7691],[18.0994,53.7674],[18.0942,53.7749],[18.072,53.7811],[18.0773,53.7994],[18.1226,53.824],[18.1208,53.8309],[18.1121,53.8278],[18.095,53.8356],[18.0969,53.8309],[18.0635,53.8503],[18.0835,53.8501],[18.0819,53.8571],[18.072,53.8646],[18.0763,53.8705],[18.0708,53.8739],[18.0854,53.8848],[18.0817,53.8894],[18.1086,53.8929],[18.1064,53.8989],[18.1296,53.8868],[18.1389,53.8877],[18.1402,53.8934],[18.1016,53.9233],[18.1064,53.9255]]]}},{"type":"Feature","properties":{"slug":"stalowowolski","name":"powiat stalowowolski","bdlUnitId":"061813618000","voivodeship":"podkarpackie"},"geometry":{"type":"Polygon","coordinates":[[[21.8434,50.7392],[21.8402,50.7589],[21.8585,50.7809],[21.8643,50.8027],[21.8785,50.7916],[21.8754,50.7796],[21.9495,50.7714],[21.9724,50.7878],[21.9944,50.7832],[22.0389,50.8082],[22.0521,50.8205],[22.163,50.7973],[22.1523,50.7718],[22.1861,50.7663],[22.2056,50.754],[22.1704,50.7062],[22.1763,50.7007],[22.1691,50.6889],[22.1461,50.678],[22.1469,50.673],[22.1415,50.6701],[22.2063,50.6662],[22.2232,50.6598],[22.2469,50.6342],[22.2463,50.6249],[22.2167,50.6251],[22.1967,50.615],[22.2227,50.6184],[22.2337,50.6104],[22.2503,50.6104],[22.2639,50.604],[22.2536,50.5931],[22.2423,50.5949],[22.251,50.5923],[22.2499,50.5744],[22.2072,50.568],[22.2091,50.5636],[22.2,50.5623],[22.2026,50.5546],[22.2075,50.555],[22.2089,50.561],[22.2337,50.5645],[22.2341,50.558],[22.2268,50.5574],[22.2286,50.5479],[22.2021,50.5398],[22.1685,50.5381],[22.1743,50.5344],[22.1631,50.5279],[22.1545,50.5353],[22.157,50.546],[22.1476,50.5518],[22.141,50.5472],[22.1096,50.5482],[22.1065,50.5531],[22.1013,50.5508],[22.1012,50.543],[22.0907,50.5486],[22.0929,50.5447],[22.0649,50.5129],[22.0866,50.4534],[22.0585,50.4535],[22.0623,50.4161],[22.0549,50.4047],[22.0391,50.4091],[22.019,50.3795],[22.0281,50.3767],[22.0177,50.3619],[22.0044,50.3615],[21.9661,50.3728],[21.9749,50.3855],[21.9735,50.3903],[21.9473,50.3854],[21.9539,50.3946],[21.9515,50.3998],[21.9344,50.3977],[21.9224,50.4103],[21.9253,50.4132],[21.9192,50.4148],[21.9072,50.4087],[21.909,50.4055],[21.8968,50.4027],[21.891,50.3935],[21.8811,50.3919],[21.8519,50.4623],[21.8951,50.476],[21.8839,50.4884],[21.971,50.5031],[21.9733,50.5063],[21.9517,50.5185],[21.9683,50.5196],[21.9808,50.53],[21.9689,50.5399],[21.9791,50.5588],[21.9905,50.568],[21.9626,50.5685],[21.9567,50.5707],[21.9632,50.5739],[21.9371,50.5781],[21.9407,50.5886],[21.9118,50.6002],[21.9043,50.6151],[21.8669,50.6337],[21.8688,50.6367],[21.8571,50.6509],[21.8728,50.6773],[21.8637,50.6761],[21.8598,50.6804],[21.8805,50.7027],[21.8679,50.7123],[21.8651,50.7258],[21.8434,50.7392]]]}},{"type":"Feature","properties":{"slug":"plonski","name":"powiat płoński","bdlUnitId":"071422520000","voivodeship":"mazowieckie"},"geometry":{"type":"Polygon","coordinates":[[[20.4904,52.72],[20.506,52.7154],[20.4965,52.7094],[20.5176,52.7006],[20.5217,52.7096],[20.5336,52.7151],[20.5409,52.7158],[20.5423,52.7068],[20.5631,52.7117],[20.5694,52.7137],[20.57,52.7193],[20.5864,52.7235],[20.583,52.7331],[20.6128,52.7353],[20.614,52.7255],[20.6483,52.7216],[20.6532,52.7169],[20.6504,52.7143],[20.6576,52.7112],[20.694,52.7174],[20.6974,52.7054],[20.7121,52.6994],[20.7185,52.7071],[20.7274,52.7083],[20.7226,52.6959],[20.73,52.6875],[20.6961,52.6763],[20.7109,52.6627],[20.7025,52.6516],[20.6947,52.651],[20.7062,52.6368],[20.7044,52.6241],[20.6974,52.625],[20.7019,52.6139],[20.7148,52.6173],[20.7236,52.6059],[20.7116,52.5991],[20.7149,52.5916],[20.704,52.5885],[20.6558,52.5954],[20.663,52.5858],[20.6574,52.58],[20.6374,52.5832],[20.6043,52.5663],[20.6171,52.5482],[20.6201,52.53],[20.5902,52.5143],[20.5892,52.5065],[20.5804,52.5045],[20.5835,52.4879],[20.5732,52.4641],[20.5419,52.4671],[20.5011,52.447],[20.4849,52.4442],[20.4872,52.4359],[20.4817,52.4303],[20.4975,52.4219],[20.3966,52.3811],[20.3669,52.389],[20.251,52.3881],[20.2516,52.399],[20.2428,52.413],[20.2328,52.4172],[20.2367,52.4223],[20.2298,52.432],[20.24,52.4424],[20.2225,52.4494],[20.2475,52.461],[20.2413,52.4868],[20.2352,52.4874],[20.2421,52.4941],[20.2334,52.496],[20.2386,52.5064],[20.2305,52.5015],[20.2236,52.5028],[20.2259,52.5134],[20.2079,52.5166],[20.1882,52.5133],[20.2006,52.5472],[20.1878,52.5624],[20.1631,52.568],[20.1672,52.5708],[20.1633,52.5742],[20.173,52.5808],[20.1546,52.5935],[20.1566,52.6024],[20.1488,52.6073],[20.1476,52.6158],[20.1535,52.6217],[20.15,52.6301],[20.1562,52.6317],[20.1668,52.65],[20.1486,52.6537],[20.1619,52.6721],[20.1493,52.6754],[20.149,52.6794],[20.1252,52.6829],[20.1232,52.6763],[20.117,52.6761],[20.1114,52.6681],[20.0987,52.6692],[20.0885,52.6766],[20.0943,52.6809],[20.0922,52.6865],[20.079,52.6891],[20.0803,52.6968],[20.0633,52.6931],[20.0457,52.6989],[20.0468,52.7037],[20.0625,52.711],[20.0544,52.7197],[20.0421,52.7217],[20.042,52.727],[20.0598,52.7367],[20.059,52.7498],[20.0647,52.7595],[20.0455,52.7592],[20.0286,52.7719],[20.0006,52.7757],[19.9766,52.7702],[19.9662,52.7768],[19.964,52.7808],[19.9723,52.7821],[19.9722,52.7862],[19.9627,52.7925],[19.9698,52.7984],[19.9699,52.8093],[19.9738,52.8116],[19.9986,52.8077],[20.001,52.8256],[19.9909,52.8281],[19.9991,52.8479],[19.9928,52.8501],[19.9978,52.8537],[20.0167,52.8489],[20.0113,52.8401],[20.0221,52.8419],[20.0189,52.8356],[20.0245,52.8323],[20.0233,52.8243],[20.0183,52.8235],[20.0235,52.82],[20.0338,52.8328],[20.045,52.8364],[20.0637,52.8322],[20.066,52.8277],[20.0702,52.8337],[20.0851,52.836],[20.1267,52.8261],[20.1328,52.8405],[20.1445,52.8514],[20.1283,52.8554],[20.1442,52.864],[20.1438,52.8735],[20.1382,52.8756],[20.1427,52.8832],[20.1519,52.8881],[20.1623,52.8871],[20.1703,52.8965],[20.1876,52.8957],[20.2002,52.8884],[20.218,52.8899],[20.2235,52.8766],[20.2497,52.8733],[20.2355,52.856],[20.2643,52.8475],[20.2401,52.8308],[20.2147,52.8236],[20.2168,52.8138],[20.2119,52.8101],[20.2184,52.7947],[20.2641,52.7773],[20.3017,52.7877],[20.3096,52.7766],[20.3181,52.7732],[20.3146,52.7691],[20.3256,52.7676],[20.3465,52.7752],[20.3535,52.7691],[20.3468,52.7599],[20.3601,52.7521],[20.395,52.7482],[20.3818,52.7386],[20.3881,52.7339],[20.4021,52.7302],[20.4408,52.7393],[20.4763,52.7267],[20.4712,52.7203],[20.4744,52.7172],[20.4904,52.72]]]}},{"type":"Feature","properties":{"slug":"mlawski","name":"powiat mławski","bdlUnitId":"071422513000","voivodeship":"mazowieckie"},"geometry":{"type":"Polygon","coordinates":[[[20.4111,53.2142],[20.4584,53.2468],[20.4737,53.2342],[20.5074,53.2346],[20.5071,53.2288],[20.5256,53.2228],[20.5353,53.227],[20.5298,53.2278],[20.5315,53.2324],[20.5547,53.2245],[20.5749,53.2404],[20.5869,53.2327],[20.6091,53.239],[20.6134,53.243],[20.6119,53.2523],[20.6572,53.2515],[20.6662,53.2654],[20.676,53.2695],[20.6809,53.2644],[20.6744,53.2621],[20.6847,53.2515],[20.6788,53.2494],[20.6898,53.2363],[20.7089,53.2252],[20.6907,53.2189],[20.6972,53.2131],[20.7,53.2013],[20.7116,53.2008],[20.7201,53.1829],[20.7077,53.1798],[20.7076,53.1647],[20.7006,53.1634],[20.7001,53.1384],[20.6881,53.1347],[20.7286,53.1144],[20.7203,53.1135],[20.7264,53.1071],[20.7146,53.0995],[20.6945,53.0968],[20.6914,53.0895],[20.6811,53.0873],[20.6654,53.087],[20.6637,53.0933],[20.6422,53.0924],[20.6229,53.1047],[20.61,53.0977],[20.5887,53.0952],[20.5886,53.0817],[20.5808,53.0818],[20.5815,53.0763],[20.5703,53.0741],[20.5774,53.0622],[20.5765,53.0548],[20.5576,53.0566],[20.5597,53.0463],[20.5734,53.0457],[20.5756,53.0416],[20.5717,53.0399],[20.5851,53.0366],[20.5787,53.0291],[20.5619,53.0355],[20.5572,53.0272],[20.5375,53.0159],[20.5536,52.9915],[20.544,52.9897],[20.5398,52.9959],[20.528,52.995],[20.4973,52.9789],[20.5016,52.9592],[20.4608,52.961],[20.4614,52.9577],[20.4428,52.9548],[20.4409,52.9502],[20.4576,52.9347],[20.4565,52.9221],[20.4336,52.919],[20.4311,52.9137],[20.4249,52.9164],[20.4218,52.9005],[20.407,52.8852],[20.4115,52.8838],[20.4102,52.8781],[20.3998,52.8737],[20.4035,52.8679],[20.3913,52.8606],[20.369,52.8596],[20.3619,52.853],[20.3651,52.8465],[20.3124,52.8407],[20.3051,52.851],[20.2701,52.8446],[20.2355,52.856],[20.2497,52.8733],[20.2235,52.8766],[20.218,52.8899],[20.2002,52.8884],[20.1876,52.8957],[20.1703,52.8965],[20.1623,52.8871],[20.1311,52.889],[20.1176,52.8761],[20.101,52.8725],[20.0934,52.8937],[20.1009,52.8929],[20.105,52.9007],[20.1008,52.9022],[20.1018,52.9077],[20.1108,52.9132],[20.1054,52.9188],[20.0966,52.9079],[20.0497,52.9012],[20.0569,52.9108],[20.0468,52.9171],[20.0468,52.9263],[20.0325,52.9292],[20.039,52.9406],[20.0327,52.9486],[20.0421,52.9517],[20.0401,52.963],[20.0373,52.9677],[20.0282,52.9613],[20.0259,52.9637],[20.0315,52.964],[20.0264,52.9647],[20.0266,52.9687],[20.0373,52.9677],[20.0445,52.9768],[20.0584,52.98],[20.0387,52.9862],[20.0372,53.0122],[20.0776,53.0149],[20.0717,53.0214],[20.0428,53.0331],[20.0545,53.0438],[20.0943,53.0427],[20.0859,53.0512],[20.0873,53.0632],[20.0835,53.0653],[20.0864,53.0702],[20.1015,53.067],[20.1033,53.076],[20.1172,53.0921],[20.1205,53.1095],[20.1379,53.1116],[20.1371,53.12],[20.1246,53.1273],[20.1351,53.1425],[20.1537,53.1428],[20.1643,53.1498],[20.1653,53.1558],[20.2902,53.1391],[20.3538,53.1471],[20.3532,53.1527],[20.361,53.1554],[20.3245,53.16],[20.3763,53.1774],[20.3826,53.1889],[20.3969,53.1947],[20.4143,53.2117],[20.4111,53.2142]]]}},{"type":"Feature","properties":{"slug":"siedlecki","name":"powiat siedlecki","bdlUnitId":"071427126000","voivodeship":"mazowieckie"},"geometry":{"type":"Polygon","coordinates":[[[22.4678,52.3216],[22.4914,52.3196],[22.5072,52.3279],[22.5128,52.3421],[22.5244,52.3544],[22.5518,52.3521],[22.5517,52.368],[22.5402,52.3653],[22.537,52.3769],[22.5194,52.3868],[22.5628,52.3886],[22.5634,52.3961],[22.5525,52.3999],[22.5629,52.4105],[22.5663,52.4034],[22.5793,52.4018],[22.5804,52.3932],[22.6058,52.399],[22.6147,52.3877],[22.6251,52.3928],[22.6433,52.3883],[22.6584,52.3933],[22.6647,52.3857],[22.6996,52.3929],[22.7228,52.3833],[22.724,52.3772],[22.7156,52.3639],[22.7298,52.3623],[22.7311,52.3538],[22.7407,52.3439],[22.7374,52.3305],[22.7203,52.3343],[22.7227,52.3289],[22.7158,52.3243],[22.6832,52.3265],[22.675,52.325],[22.6737,52.3199],[22.7296,52.304],[22.722,52.2967],[22.7262,52.286],[22.7217,52.2864],[22.7238,52.2804],[22.6845,52.2716],[22.6821,52.2784],[22.6753,52.2774],[22.6765,52.2737],[22.6661,52.2709],[22.6745,52.257],[22.6752,52.2461],[22.699,52.2477],[22.7008,52.2407],[22.636,52.2385],[22.6326,52.222],[22.6474,52.2191],[22.645,52.1992],[22.6286,52.199],[22.6318,52.1821],[22.6289,52.1721],[22.59,52.1807],[22.5794,52.1692],[22.5855,52.1648],[22.5764,52.1526],[22.5667,52.1527],[22.5618,52.1466],[22.5774,52.1371],[22.5987,52.133],[22.5996,52.1217],[22.6662,52.0808],[22.6638,52.0705],[22.6691,52.0626],[22.6613,52.0366],[22.6338,52.0311],[22.6229,52.0187],[22.6171,52.019],[22.6087,52.0273],[22.6083,52.037],[22.5856,52.0374],[22.5864,52.0421],[22.5725,52.0381],[22.5475,52.0445],[22.5483,52.0506],[22.5281,52.0511],[22.5159,52.0684],[22.5054,52.0699],[22.4833,52.0672],[22.4811,52.0602],[22.4699,52.0541],[22.456,52.0296],[22.4443,52.0299],[22.4335,52.0175],[22.3804,52.0166],[22.3719,52.007],[22.3444,51.996],[22.3275,52.0028],[22.316,52.014],[22.3245,52.0229],[22.3227,52.0369],[22.2975,52.0374],[22.2948,52.0276],[22.2872,52.0279],[22.286,52.0195],[22.2537,52.0045],[22.1519,52.0284],[22.1386,52.0068],[22.1145,52.0015],[22.0766,52.0059],[22.0508,52.0206],[22.0305,52.0218],[22.0136,52.0106],[21.9977,52.0121],[21.9689,51.9892],[21.934,51.9932],[21.9216,51.9809],[21.9028,51.9805],[21.8892,51.9732],[21.8878,51.9829],[21.8928,51.9843],[21.8808,52.0151],[21.8874,52.0218],[21.8746,52.0262],[21.8679,52.0375],[21.9115,52.0554],[21.9229,52.0547],[21.9275,52.0645],[21.9464,52.0783],[21.9763,52.0908],[21.9468,52.1061],[21.9369,52.1342],[21.9376,52.147],[21.9312,52.1524],[21.9199,52.149],[21.9142,52.1594],[21.9003,52.1612],[21.9161,52.1752],[21.9064,52.1814],[21.9213,52.1943],[21.9297,52.1927],[21.9287,52.1965],[21.9338,52.1975],[21.9303,52.1996],[21.9346,52.1997],[21.9469,52.2195],[22.0002,52.2191],[22.0067,52.2156],[22.0053,52.2195],[22.0216,52.2164],[22.0263,52.2101],[22.0478,52.2094],[22.0507,52.2274],[22.0724,52.2254],[22.0765,52.2402],[22.0617,52.2437],[22.0641,52.2478],[22.0527,52.255],[22.0549,52.2659],[22.0498,52.2673],[22.0478,52.2753],[22.0423,52.2753],[22.0424,52.2932],[22.0696,52.2974],[22.0659,52.302],[22.0922,52.3143],[22.0815,52.3264],[22.0638,52.3348],[22.076,52.3382],[22.0876,52.3345],[22.1145,52.3134],[22.1701,52.3153],[22.1741,52.3116],[22.171,52.2974],[22.1862,52.2999],[22.197,52.291],[22.2107,52.2882],[22.2139,52.3039],[22.2434,52.301],[22.2465,52.3123],[22.2649,52.3102],[22.2703,52.3173],[22.2936,52.3118],[22.3001,52.3013],[22.3152,52.3055],[22.3178,52.3013],[22.3676,52.3041],[22.3627,52.3221],[22.3776,52.3214],[22.3818,52.3148],[22.4025,52.3187],[22.4165,52.3137],[22.4506,52.3198],[22.4606,52.3164],[22.4678,52.3216]],[[22.2409,52.1314],[22.2421,52.1276],[22.2569,52.1299],[22.2645,52.135],[22.2645,52.1443],[22.2743,52.144],[22.2811,52.151],[22.3016,52.1399],[22.3043,52.1473],[22.331,52.1605],[22.3294,52.1704],[22.3059,52.1757],[22.3081,52.1835],[22.2896,52.185],[22.2819,52.1917],[22.2639,52.1957],[22.2443,52.1806],[22.2379,52.1817],[22.2404,52.1869],[22.2223,52.1959],[22.224,52.1737],[22.2373,52.1564],[22.2344,52.1513],[22.2393,52.1478],[22.2409,52.1314]]]}},{"type":"Feature","properties":{"slug":"garwolinski","name":"powiat garwoliński","bdlUnitId":"071427103000","voivodeship":"mazowieckie"},"geometry":{"type":"Polygon","coordinates":[[[21.6155,51.6176],[21.5796,51.6285],[21.5597,51.6435],[21.5432,51.6642],[21.5116,51.6661],[21.4837,51.6616],[21.4728,51.6648],[21.4636,51.6873],[21.4451,51.7043],[21.4454,51.7208],[21.4215,51.7335],[21.4103,51.745],[21.4126,51.7538],[21.4328,51.7701],[21.4351,51.7838],[21.4132,51.8037],[21.3823,51.8221],[21.2989,51.8485],[21.2758,51.8768],[21.284,51.877],[21.2905,51.8697],[21.3108,51.8803],[21.2934,51.8917],[21.3102,51.8979],[21.3158,51.907],[21.3376,51.8951],[21.4003,51.9007],[21.4148,51.8941],[21.4201,51.9043],[21.4491,51.9122],[21.4706,51.9107],[21.4914,51.9019],[21.496,51.9059],[21.4935,51.9129],[21.4827,51.9119],[21.4705,51.9202],[21.4779,51.9266],[21.465,51.9257],[21.4444,51.9338],[21.4612,51.9378],[21.4629,51.9472],[21.4896,51.9523],[21.4722,51.9602],[21.4755,51.9629],[21.4701,51.9674],[21.4727,51.9723],[21.469,51.9788],[21.5137,51.9836],[21.5075,51.9946],[21.5197,51.9968],[21.5195,52.0066],[21.5291,52.0109],[21.5313,52.0216],[21.5634,52.0257],[21.5772,52.0323],[21.582,52.0411],[21.5996,52.035],[21.6072,52.021],[21.6146,52.0168],[21.6313,52.0175],[21.6332,52.003],[21.6496,52.0046],[21.6452,52.0083],[21.6462,52.0229],[21.6483,52.0278],[21.6572,52.0287],[21.6762,52.0146],[21.7034,52.0102],[21.699,52.007],[21.7088,52.0022],[21.7079,51.9979],[21.7517,51.9906],[21.771,51.9797],[21.7684,51.9749],[21.8109,51.9751],[21.8181,51.9789],[21.8272,51.9956],[21.8819,51.9878],[21.8879,51.9908],[21.8928,51.9843],[21.8878,51.9829],[21.8892,51.9732],[21.8803,51.971],[21.8768,51.9543],[21.8695,51.9536],[21.8664,51.9434],[21.89,51.9284],[21.8856,51.9119],[21.908,51.903],[21.9027,51.8968],[21.9128,51.8865],[21.8973,51.8834],[21.9001,51.8757],[21.8859,51.8604],[21.8904,51.8571],[21.8483,51.8508],[21.8453,51.8412],[21.8571,51.8396],[21.8606,51.8285],[21.871,51.8297],[21.8711,51.8355],[21.8946,51.8328],[21.897,51.8366],[21.9274,51.8379],[21.9263,51.834],[21.9422,51.826],[21.9458,51.8088],[21.9507,51.8094],[21.9564,51.7938],[21.9515,51.795],[21.9462,51.7876],[21.9269,51.7787],[21.9003,51.7776],[21.8973,51.7688],[21.8666,51.7687],[21.8577,51.7595],[21.8444,51.7584],[21.8452,51.7529],[21.8359,51.7494],[21.8353,51.7444],[21.8481,51.7426],[21.8478,51.7369],[21.8708,51.7328],[21.8736,51.7275],[21.8699,51.7208],[21.8768,51.7117],[21.9033,51.7042],[21.8955,51.6973],[21.88,51.6936],[21.8778,51.6766],[21.8557,51.6802],[21.8562,51.6687],[21.845,51.6732],[21.8387,51.6522],[21.8307,51.6523],[21.8308,51.6483],[21.8027,51.6469],[21.7916,51.6507],[21.7775,51.6425],[21.7719,51.6477],[21.7758,51.6424],[21.7581,51.6376],[21.7624,51.6303],[21.7553,51.6291],[21.7492,51.612],[21.7268,51.6181],[21.7221,51.6374],[21.7131,51.634],[21.6472,51.6603],[21.6357,51.6522],[21.6403,51.6445],[21.6401,51.6259],[21.6155,51.6176]]]}},{"type":"Feature","properties":{"slug":"lipski","name":"powiat lipski","bdlUnitId":"071422709000","voivodeship":"mazowieckie"},"geometry":{"type":"Polygon","coordinates":[[[21.3825,51.0405],[21.3831,51.0583],[21.3719,51.0588],[21.3704,51.0655],[21.3536,51.0671],[21.3555,51.0853],[21.3111,51.0842],[21.3127,51.0989],[21.3165,51.099],[21.3244,51.1219],[21.3309,51.1251],[21.3215,51.1263],[21.3363,51.1464],[21.3284,51.1488],[21.3443,51.1762],[21.3617,51.1759],[21.3618,51.1832],[21.3839,51.1829],[21.3837,51.1738],[21.3988,51.1846],[21.4188,51.1766],[21.4251,51.1844],[21.4148,51.1952],[21.4018,51.194],[21.3938,51.2059],[21.4081,51.204],[21.4011,51.2135],[21.4162,51.2212],[21.4518,51.2207],[21.4599,51.2292],[21.4636,51.2431],[21.4596,51.2458],[21.4789,51.2595],[21.4848,51.2661],[21.4836,51.2719],[21.5035,51.2722],[21.5172,51.2634],[21.5358,51.2686],[21.554,51.2622],[21.5632,51.2676],[21.5535,51.2769],[21.5572,51.2795],[21.5399,51.2829],[21.5401,51.2952],[21.5929,51.2849],[21.6326,51.2643],[21.6356,51.2671],[21.6319,51.2742],[21.6542,51.2749],[21.6622,51.2793],[21.6686,51.2917],[21.6648,51.3038],[21.673,51.3047],[21.6838,51.297],[21.6979,51.2977],[21.6972,51.2939],[21.7426,51.2759],[21.7713,51.272],[21.7768,51.2692],[21.7733,51.265],[21.7879,51.2622],[21.7997,51.2694],[21.8148,51.2689],[21.8217,51.2627],[21.8082,51.2543],[21.8082,51.2453],[21.8166,51.2306],[21.8012,51.2207],[21.7832,51.1842],[21.7833,51.179],[21.7925,51.1801],[21.7849,51.1504],[21.7994,51.1348],[21.7995,51.1271],[21.7928,51.1271],[21.7905,51.1161],[21.803,51.0721],[21.7851,51.0689],[21.7818,51.0608],[21.7895,51.0595],[21.7724,51.0488],[21.7806,51.0455],[21.779,51.042],[21.7606,51.0428],[21.757,51.0373],[21.7299,51.0473],[21.7188,51.0411],[21.7052,51.0427],[21.6916,51.0658],[21.6763,51.078],[21.6496,51.0695],[21.6403,51.0763],[21.6121,51.076],[21.6302,51.0634],[21.6191,51.0597],[21.6141,51.0653],[21.5901,51.0578],[21.5782,51.0601],[21.5451,51.0474],[21.5421,51.057],[21.5347,51.0564],[21.5328,51.0623],[21.513,51.0561],[21.5124,51.0593],[21.5091,51.0579],[21.5128,51.0534],[21.4996,51.0451],[21.5169,51.0365],[21.4899,51.0397],[21.4861,51.0357],[21.5046,51.0317],[21.4859,51.0238],[21.4948,51.0214],[21.4636,51.0131],[21.4285,51.0257],[21.4313,51.0295],[21.4108,51.0308],[21.3825,51.0405]]]}},{"type":"Feature","properties":{"slug":"hrubieszowski","name":"powiat hrubieszowski","bdlUnitId":"060611004000","voivodeship":"lubelskie"},"geometry":{"type":"Polygon","coordinates":[[[23.9747,50.4129],[23.9631,50.418],[23.9936,50.4191],[23.9907,50.4317],[23.9378,50.4398],[23.9146,50.4515],[23.9159,50.456],[23.8757,50.4713],[23.8822,50.4811],[23.9028,50.48],[23.9082,50.486],[23.9019,50.4885],[23.9105,50.4879],[23.9191,50.5042],[23.931,50.5052],[23.9319,50.5136],[23.9405,50.5118],[23.9479,50.5208],[23.9586,50.5228],[23.9617,50.5332],[23.9696,50.538],[23.958,50.5385],[23.9578,50.5447],[23.9664,50.5486],[23.9827,50.5441],[23.9878,50.5485],[23.9706,50.5675],[23.9199,50.578],[23.9081,50.5642],[23.8942,50.5642],[23.8889,50.5569],[23.8728,50.5558],[23.867,50.5501],[23.8583,50.5518],[23.8496,50.5759],[23.8111,50.5876],[23.8125,50.5915],[23.7801,50.5883],[23.7534,50.5982],[23.7615,50.6177],[23.7578,50.6271],[23.7741,50.6338],[23.773,50.6404],[23.7451,50.6444],[23.738,50.6362],[23.7323,50.6375],[23.7187,50.6487],[23.716,50.6728],[23.7111,50.6725],[23.715,50.665],[23.7119,50.6624],[23.7027,50.6732],[23.7303,50.7022],[23.7214,50.7043],[23.6918,50.6892],[23.6705,50.6914],[23.6648,50.6832],[23.6534,50.6811],[23.6148,50.6878],[23.6169,50.6987],[23.6233,50.6982],[23.6254,50.7087],[23.6175,50.7093],[23.618,50.713],[23.6713,50.7132],[23.6606,50.7308],[23.6442,50.7387],[23.6492,50.7511],[23.6592,50.7533],[23.6638,50.7734],[23.6594,50.7837],[23.6635,50.7935],[23.6555,50.7925],[23.6585,50.797],[23.6362,50.8132],[23.6406,50.8228],[23.6219,50.8272],[23.6268,50.8369],[23.6425,50.8345],[23.6494,50.8537],[23.6356,50.8585],[23.629,50.8539],[23.6127,50.8634],[23.5834,50.8685],[23.5804,50.8735],[23.5922,50.8791],[23.6146,50.8746],[23.596,50.8858],[23.5999,50.9314],[23.6349,50.9393],[23.6944,50.9408],[23.6969,50.9501],[23.7083,50.9522],[23.721,50.9474],[23.7168,50.94],[23.718,50.9272],[23.7291,50.9192],[23.7339,50.9234],[23.7445,50.9227],[23.746,50.9285],[23.7793,50.9243],[23.7861,50.9324],[23.8379,50.9419],[23.8876,50.9339],[23.8754,50.9732],[23.9276,50.9749],[23.9326,50.9773],[23.9307,50.9807],[23.944,50.9826],[23.9431,50.9889],[23.9351,50.9925],[23.9291,50.9852],[23.937,51.0034],[23.9667,50.9791],[23.9697,50.9509],[23.9907,50.9428],[23.9973,50.9283],[24.0472,50.9008],[24.0523,50.8914],[24.0869,50.8888],[24.0988,50.8772],[24.1129,50.8754],[24.1171,50.8696],[24.1454,50.8695],[24.1433,50.8582],[24.1321,50.849],[24.0996,50.8359],[24.0438,50.8336],[24.0403,50.837],[24.0474,50.8381],[24.0011,50.8404],[23.9851,50.8347],[23.9809,50.8296],[23.9837,50.8268],[23.9757,50.8262],[23.9745,50.8171],[23.9687,50.8193],[23.9707,50.8164],[23.9634,50.8137],[23.9688,50.8114],[23.9575,50.7941],[23.9683,50.7858],[23.9634,50.7813],[23.9705,50.7784],[23.9688,50.775],[23.9779,50.7737],[23.9788,50.7682],[24.0113,50.7721],[24.0238,50.7662],[24.0252,50.7591],[24.0156,50.7625],[24.0124,50.7571],[24.0178,50.7567],[24.0111,50.7545],[24.0237,50.7509],[24.0154,50.7474],[24.0231,50.7453],[24.0163,50.7376],[24.0205,50.7374],[24.017,50.7229],[24.0228,50.7254],[24.045,50.7154],[24.072,50.7206],[24.0751,50.7107],[24.0673,50.7076],[24.0722,50.6986],[24.0651,50.6868],[24.0692,50.6839],[24.0634,50.6851],[24.0622,50.678],[24.0823,50.6748],[24.0854,50.6615],[24.0911,50.6635],[24.0859,50.6549],[24.0892,50.6506],[24.0804,50.6445],[24.0878,50.6447],[24.0888,50.6353],[24.0982,50.6374],[24.0912,50.6191],[24.0987,50.5995],[24.0903,50.5779],[24.0913,50.562],[24.0701,50.5034],[24.0345,50.4448],[24.0058,50.4354],[23.9975,50.4121],[23.9747,50.4129]]]}},{"type":"Feature","properties":{"slug":"krasnicki","name":"powiat kraśnicki","bdlUnitId":"060611207000","voivodeship":"lubelskie"},"geometry":{"type":"Polygon","coordinates":[[[22.1675,51.0442],[22.1776,51.0355],[22.2691,51.0315],[22.3182,51.0392],[22.3233,51.0425],[22.3175,51.0433],[22.3191,51.0509],[22.3595,51.0486],[22.3793,51.0318],[22.3872,50.9992],[22.4526,50.9835],[22.4454,50.9725],[22.4686,50.9547],[22.4791,50.9611],[22.4749,50.9377],[22.4618,50.9308],[22.4544,50.9325],[22.4563,50.9242],[22.4431,50.9256],[22.4422,50.9218],[22.455,50.9207],[22.4561,50.9145],[22.4748,50.9129],[22.4693,50.8854],[22.4369,50.8821],[22.4307,50.8892],[22.4282,50.881],[22.4253,50.8857],[22.4285,50.8871],[22.4162,50.8894],[22.4219,50.8815],[22.4128,50.8822],[22.4035,50.8741],[22.4181,50.8653],[22.4135,50.865],[22.4079,50.854],[22.3972,50.8593],[22.4098,50.8483],[22.4066,50.8365],[22.3991,50.8344],[22.4043,50.8183],[22.3742,50.8236],[22.3673,50.8169],[22.3527,50.8144],[22.3607,50.8078],[22.363,50.7949],[22.3397,50.7876],[22.3305,50.7979],[22.3311,50.8048],[22.3176,50.7998],[22.3142,50.8063],[22.3055,50.8056],[22.2969,50.8141],[22.2921,50.7985],[22.2811,50.8005],[22.2747,50.7968],[22.2735,50.8013],[22.2809,50.806],[22.2752,50.8143],[22.2816,50.8185],[22.277,50.8219],[22.2798,50.8244],[22.2626,50.8315],[22.2648,50.8349],[22.2537,50.8425],[22.2352,50.8346],[22.2249,50.8368],[22.2156,50.8262],[22.1919,50.8139],[22.1881,50.8182],[22.1816,50.8155],[22.163,50.7973],[22.0521,50.8205],[22.0389,50.8082],[21.9944,50.7832],[21.9724,50.7878],[21.9495,50.7714],[21.8754,50.7796],[21.8785,50.7916],[21.8643,50.8027],[21.869,50.8136],[21.8665,50.8221],[21.8423,50.8402],[21.8474,50.8617],[21.8319,50.883],[21.8307,50.905],[21.8129,50.9345],[21.8129,50.9551],[21.82,50.9675],[21.8172,50.974],[21.8406,50.9819],[21.8752,50.979],[21.9077,50.9661],[21.9116,50.9691],[21.9161,50.959],[21.9133,50.9524],[21.9177,50.9494],[21.9298,50.9595],[21.929,50.9701],[21.9574,50.9591],[21.967,50.9638],[21.9654,50.9716],[21.9882,50.9871],[21.9812,50.9963],[21.9847,50.9848],[21.9709,50.9855],[21.9799,51.0015],[21.9959,50.9919],[22.0331,50.9843],[22.0342,50.9905],[22.0279,50.9997],[22.0319,51.0089],[22.022,51.0166],[22.0195,51.0266],[22.0203,51.0399],[22.0312,51.0517],[22.0397,51.0479],[22.0531,51.0593],[22.0806,51.0473],[22.1259,51.0529],[22.1675,51.0442]]]}},{"type":"Feature","properties":{"slug":"leczynski","name":"powiat łęczyński","bdlUnitId":"060611110000","voivodeship":"lubelskie"},"geometry":{"type":"Polygon","coordinates":[[[22.9812,51.4239],[23.0039,51.4175],[23.0198,51.4345],[23.0271,51.4346],[23.0291,51.429],[23.0533,51.4185],[23.0444,51.4115],[23.0525,51.4091],[23.0616,51.4138],[23.0636,51.4215],[23.0736,51.4139],[23.0563,51.3995],[23.0857,51.3915],[23.0881,51.3847],[23.0834,51.3819],[23.0939,51.3778],[23.0914,51.3672],[23.0997,51.3677],[23.0995,51.3619],[23.1187,51.3729],[23.1182,51.3645],[23.128,51.3667],[23.1263,51.3598],[23.1396,51.3662],[23.1423,51.3611],[23.1549,51.3635],[23.1547,51.3679],[23.1641,51.3734],[23.1719,51.3682],[23.166,51.3619],[23.1718,51.3581],[23.1805,51.3539],[23.1952,51.358],[23.2149,51.3502],[23.2341,51.3281],[23.2692,51.3298],[23.2443,51.3147],[23.2339,51.3138],[23.2317,51.297],[23.2206,51.2972],[23.2186,51.288],[23.2121,51.2896],[23.2188,51.2838],[23.2143,51.2824],[23.2152,51.2758],[23.2325,51.2742],[23.2366,51.2695],[23.2264,51.2581],[23.2128,51.2609],[23.2113,51.2568],[23.2102,51.2614],[23.2052,51.2574],[23.2073,51.2619],[23.2035,51.2625],[23.1966,51.2585],[23.1889,51.2623],[23.1632,51.2596],[23.1487,51.248],[23.1533,51.2406],[23.1386,51.2375],[23.0918,51.243],[23.0744,51.2397],[23.0544,51.2326],[23.0711,51.2219],[23.0702,51.2185],[23.0622,51.2097],[23.0404,51.2051],[23.0375,51.1931],[23.0409,51.1836],[23.0291,51.1802],[23.0278,51.1844],[23.021,51.1841],[22.9974,51.1773],[22.9942,51.1796],[23.0023,51.1828],[22.9957,51.1876],[23.0038,51.1921],[23.002,51.1963],[22.9913,51.198],[22.9439,51.1854],[22.9381,51.1762],[22.923,51.174],[22.8758,51.1807],[22.8612,51.1888],[22.8648,51.1957],[22.8611,51.2126],[22.8447,51.2352],[22.853,51.2393],[22.8435,51.2499],[22.8585,51.2493],[22.8545,51.2514],[22.8581,51.2594],[22.8485,51.2599],[22.8446,51.2672],[22.8476,51.2734],[22.8238,51.2721],[22.808,51.2847],[22.7699,51.2781],[22.7702,51.2916],[22.7845,51.3003],[22.758,51.3044],[22.765,51.3083],[22.7199,51.3165],[22.7007,51.3254],[22.6765,51.3467],[22.6815,51.3568],[22.6648,51.3709],[22.7073,51.3822],[22.712,51.3873],[22.7392,51.3866],[22.767,51.4115],[22.7797,51.4022],[22.7999,51.4026],[22.7994,51.398],[22.812,51.3966],[22.8116,51.3927],[22.8241,51.3957],[22.8297,51.3884],[22.8248,51.3841],[22.8477,51.3817],[22.8579,51.3872],[22.8721,51.3864],[22.903,51.3998],[22.9259,51.3989],[22.9289,51.4002],[22.9241,51.4044],[22.9294,51.4085],[22.9527,51.3956],[22.9584,51.4015],[22.9723,51.3979],[22.9761,51.3993],[22.9812,51.4239]]]}},{"type":"Feature","properties":{"slug":"opolski-lubelskie","name":"powiat opolski","bdlUnitId":"060611212000","voivodeship":"lubelskie"},"geometry":{"type":"Polygon","coordinates":[[[21.8217,51.2627],[21.8601,51.2747],[21.8633,51.2925],[21.8906,51.3087],[21.9372,51.2712],[21.9464,51.2697],[21.9537,51.2777],[21.9637,51.2766],[21.9651,51.2823],[21.9559,51.2825],[21.9507,51.2925],[21.972,51.3005],[21.9948,51.2967],[21.9981,51.3001],[22.0157,51.2973],[22.0162,51.2938],[22.0197,51.2963],[22.0126,51.2881],[22.0168,51.2875],[22.0206,51.2943],[22.0184,51.2877],[22.0236,51.2921],[22.0205,51.2857],[22.0392,51.2802],[22.0543,51.2928],[22.0842,51.2921],[22.0874,51.2869],[22.0952,51.2882],[22.0883,51.2782],[22.1314,51.2678],[22.1278,51.2623],[22.1437,51.2573],[22.1437,51.2539],[22.1593,51.2521],[22.1678,51.2566],[22.171,51.2508],[22.1297,51.2301],[22.1503,51.2297],[22.1502,51.2235],[22.1293,51.2241],[22.1356,51.2149],[22.1687,51.2219],[22.1748,51.2142],[22.1599,51.2098],[22.1583,51.201],[22.1499,51.1974],[22.1644,51.193],[22.1661,51.1882],[22.1455,51.18],[22.1446,51.1739],[22.1196,51.1712],[22.1225,51.1561],[22.125,51.1519],[22.1533,51.1554],[22.1554,51.1511],[22.1659,51.1506],[22.182,51.1545],[22.1759,51.1388],[22.1805,51.1355],[22.2102,51.1275],[22.2328,51.1318],[22.2288,51.1264],[22.2319,51.1078],[22.2217,51.0877],[22.2323,51.0896],[22.2353,51.0859],[22.2123,51.0584],[22.2177,51.0573],[22.2172,51.0435],[22.1814,51.044],[22.1695,51.0485],[22.1675,51.0442],[22.1259,51.0529],[22.0806,51.0473],[22.0531,51.0593],[22.0397,51.0479],[22.0312,51.0517],[22.0194,51.037],[22.0205,51.0192],[22.0319,51.0089],[22.0279,50.9997],[22.0342,50.9905],[22.0331,50.9843],[21.9959,50.9919],[21.9799,51.0015],[21.9709,50.9855],[21.9847,50.9848],[21.9812,50.9963],[21.9882,50.9871],[21.9654,50.9716],[21.967,50.9638],[21.9574,50.9591],[21.929,50.9701],[21.9298,50.9595],[21.9177,50.9494],[21.9133,50.9524],[21.9161,50.959],[21.9116,50.9691],[21.9077,50.9661],[21.8752,50.979],[21.8406,50.9819],[21.8172,50.974],[21.8218,50.9895],[21.8195,51.0092],[21.8027,51.0253],[21.8056,51.0326],[21.821,51.0392],[21.8264,51.047],[21.8216,51.0587],[21.7996,51.0762],[21.7905,51.1161],[21.7928,51.1271],[21.7995,51.1271],[21.7994,51.1348],[21.7849,51.1504],[21.7925,51.1801],[21.7833,51.179],[21.7832,51.1842],[21.8012,51.2207],[21.8166,51.2306],[21.8082,51.2453],[21.8082,51.2543],[21.8217,51.2627]]]}},{"type":"Feature","properties":{"slug":"rycki","name":"powiat rycki","bdlUnitId":"060611216000","voivodeship":"lubelskie"},"geometry":{"type":"Polygon","coordinates":[[[22.1933,51.6597],[22.1873,51.6547],[22.1914,51.6529],[22.189,51.644],[22.2018,51.639],[22.211,51.6292],[22.207,51.626],[22.2431,51.6129],[22.2412,51.6061],[22.2178,51.6089],[22.2121,51.6043],[22.2179,51.5993],[22.212,51.5972],[22.2039,51.5972],[22.1957,51.6053],[22.1893,51.6035],[22.1928,51.5921],[22.1878,51.5844],[22.1711,51.5819],[22.1681,51.5747],[22.1529,51.5737],[22.1529,51.5692],[22.1399,51.5731],[22.1259,51.5652],[22.1202,51.5735],[22.1155,51.5696],[22.1093,51.5698],[22.1102,51.573],[22.0815,51.5715],[22.0818,51.5674],[22.0666,51.5759],[22.059,51.5733],[22.0587,51.5685],[22.0447,51.5688],[22.0332,51.5751],[22.0294,51.5664],[22.026,51.5735],[21.9874,51.5721],[21.9898,51.569],[21.9853,51.5641],[21.9755,51.5644],[21.9802,51.5584],[21.9714,51.5488],[21.9596,51.5453],[21.9504,51.5355],[21.9331,51.5447],[21.9173,51.538],[21.889,51.5358],[21.8857,51.5292],[21.8514,51.5479],[21.8353,51.5467],[21.8278,51.5596],[21.8174,51.5642],[21.7852,51.5688],[21.7558,51.5604],[21.6611,51.5796],[21.6543,51.584],[21.6494,51.6023],[21.6155,51.6176],[21.6401,51.6259],[21.6403,51.6445],[21.6357,51.6522],[21.6472,51.6603],[21.7131,51.634],[21.7221,51.6374],[21.7268,51.6181],[21.7492,51.612],[21.7553,51.6291],[21.7624,51.6303],[21.7581,51.6376],[21.7758,51.6424],[21.7719,51.6477],[21.7775,51.6425],[21.7916,51.6507],[21.8049,51.6469],[21.8387,51.6522],[21.845,51.6732],[21.8562,51.6687],[21.8557,51.6802],[21.8778,51.6766],[21.88,51.6936],[21.8955,51.6973],[21.9033,51.7049],[21.8768,51.7117],[21.8699,51.7208],[21.8736,51.7275],[21.8708,51.7328],[21.8478,51.7369],[21.8481,51.7426],[21.8357,51.7438],[21.8359,51.7494],[21.8452,51.7529],[21.8444,51.7584],[21.8652,51.7638],[21.8666,51.7687],[21.8973,51.7688],[21.9003,51.7776],[21.9269,51.7787],[21.9462,51.7876],[21.9515,51.795],[21.9835,51.7854],[22.031,51.7795],[22.0753,51.79],[22.0765,51.7826],[22.0644,51.7802],[22.0587,51.7602],[22.0606,51.7501],[22.0493,51.7444],[22.0498,51.739],[22.0626,51.7379],[22.0659,51.7316],[22.0455,51.7301],[22.0605,51.7092],[22.0662,51.7082],[22.0746,51.7287],[22.119,51.7199],[22.1149,51.717],[22.139,51.7054],[22.1396,51.6935],[22.1515,51.6858],[22.1624,51.6849],[22.159,51.6819],[22.1656,51.678],[22.1573,51.6679],[22.1821,51.6577],[22.1782,51.6546],[22.1867,51.6623],[22.1933,51.6597]]]}},{"type":"Feature","properties":{"slug":"dabrowski","name":"powiat dąbrowski","bdlUnitId":"011212404000","voivodeship":"małopolskie"},"geometry":{"type":"Polygon","coordinates":[[[21.1465,50.3538],[21.1657,50.3423],[21.1667,50.3331],[21.1766,50.3298],[21.1853,50.3347],[21.1901,50.3521],[21.2088,50.3549],[21.2189,50.3414],[21.2194,50.3356],[21.2132,50.3311],[21.2225,50.3109],[21.1838,50.298],[21.1786,50.281],[21.1461,50.2569],[21.1827,50.24],[21.1422,50.2377],[21.163,50.2227],[21.1709,50.2086],[21.165,50.1806],[21.1708,50.1769],[21.1524,50.1476],[21.1268,50.1288],[21.1375,50.1233],[21.1402,50.115],[21.0839,50.1155],[21.0565,50.1067],[21.0276,50.1114],[21.029,50.116],[21.0204,50.1138],[21.0146,50.1236],[21.0067,50.1264],[20.9986,50.1229],[21,50.1168],[20.9867,50.1168],[20.9849,50.1118],[20.9842,50.1154],[20.9784,50.1104],[20.9566,50.1122],[20.9581,50.1248],[20.9535,50.1266],[20.9615,50.1271],[20.9548,50.1313],[20.9547,50.1375],[20.9608,50.1389],[20.9652,50.1472],[20.9487,50.1481],[20.9316,50.1577],[20.9385,50.1611],[20.9342,50.1648],[20.8811,50.161],[20.8645,50.1683],[20.877,50.1773],[20.8743,50.1895],[20.8776,50.1936],[20.8641,50.2043],[20.8541,50.2053],[20.8555,50.2148],[20.8311,50.2232],[20.8128,50.2114],[20.7989,50.2126],[20.7923,50.2186],[20.7589,50.2084],[20.7491,50.2139],[20.7474,50.2275],[20.7276,50.2439],[20.7303,50.2525],[20.7694,50.2691],[20.7783,50.2832],[20.7899,50.2896],[20.8058,50.2895],[20.8358,50.2733],[20.8482,50.2788],[20.853,50.2952],[20.8795,50.2956],[20.8929,50.306],[20.9319,50.2981],[20.9388,50.3005],[20.9451,50.3125],[20.9552,50.316],[21.0114,50.3129],[21.033,50.3193],[21.0555,50.3155],[21.0721,50.3227],[21.0848,50.3372],[21.1112,50.3378],[21.1224,50.3514],[21.1465,50.3538]]]}},{"type":"Feature","properties":{"slug":"krakowski","name":"powiat krakowski","bdlUnitId":"011212006000","voivodeship":"małopolskie"},"geometry":{"type":"MultiPolygon","coordinates":[[[[19.9245,50.1113],[19.9308,50.1048],[19.9151,50.1009],[19.9056,50.1213],[19.8925,50.1261],[19.8807,50.1204],[19.8753,50.111],[19.8618,50.1059],[19.8674,50.0992],[19.8616,50.0927],[19.8431,50.0924],[19.8083,50.0784],[19.8017,50.0692],[19.8045,50.0621],[19.822,50.0582],[19.8106,50.0407],[19.8156,50.0337],[19.8263,50.0324],[19.8291,50.0258],[19.8194,50.0204],[19.8103,50.0264],[19.8026,50.0237],[19.7922,50.0118],[19.7957,49.9953],[19.8495,49.9947],[19.8488,49.9852],[19.8624,49.9847],[19.8607,49.9759],[19.8707,49.9717],[19.8794,49.9715],[19.8883,49.9806],[19.9257,49.9813],[19.9554,49.9677],[19.9634,49.9686],[19.9693,49.9602],[19.9823,49.9601],[19.9818,49.9493],[20.0063,49.9493],[20.0071,49.9405],[19.9996,49.9344],[20.0013,49.9311],[19.9802,49.9315],[19.9588,49.9209],[19.9435,49.9238],[19.9327,49.9154],[19.9303,49.9033],[19.9195,49.9038],[19.9133,49.8989],[19.8792,49.9161],[19.883,49.9241],[19.8502,49.9313],[19.8482,49.9225],[19.8533,49.9137],[19.8323,49.907],[19.8331,49.9024],[19.8103,49.8852],[19.7708,49.894],[19.7577,49.9099],[19.7583,49.917],[19.7479,49.9161],[19.744,49.9101],[19.7407,49.9188],[19.7324,49.9177],[19.7288,49.9244],[19.7331,49.926],[19.7176,49.9475],[19.7193,49.9581],[19.698,49.957],[19.6956,49.948],[19.6762,49.9486],[19.6586,49.9542],[19.6596,49.9614],[19.6523,49.9688],[19.6691,49.9787],[19.6532,49.9812],[19.649,49.9901],[19.6403,49.9903],[19.634,49.9793],[19.6233,49.9849],[19.6041,49.981],[19.6007,49.9823],[19.6048,49.9883],[19.5998,50.0002],[19.592,49.9973],[19.5914,49.9891],[19.5809,49.9889],[19.5662,50.0019],[19.5593,50.0198],[19.5851,50.0213],[19.6066,50.0343],[19.6229,50.0291],[19.6289,50.0355],[19.6064,50.0493],[19.6053,50.0624],[19.5779,50.092],[19.5506,50.099],[19.5392,50.1117],[19.5363,50.1183],[19.5401,50.1229],[19.5319,50.1407],[19.5464,50.1395],[19.537,50.1625],[19.5424,50.1699],[19.5599,50.1713],[19.5466,50.1847],[19.5204,50.1886],[19.5332,50.195],[19.5253,50.2007],[19.5387,50.2019],[19.5783,50.2017],[19.5984,50.1891],[19.6294,50.1919],[19.6481,50.2],[19.6444,50.2085],[19.6566,50.2156],[19.6579,50.2259],[19.672,50.2342],[19.6845,50.2551],[19.6818,50.2572],[19.686,50.2628],[19.6734,50.269],[19.6779,50.2825],[19.6755,50.2971],[19.6894,50.2951],[19.7041,50.2996],[19.7128,50.2932],[19.7455,50.2885],[19.7506,50.2913],[19.7556,50.2892],[19.7525,50.285],[19.7562,50.2828],[19.7776,50.2761],[19.7746,50.2714],[19.7935,50.2736],[19.8024,50.2691],[19.8126,50.2781],[19.8342,50.2635],[19.8375,50.251],[19.8469,50.2494],[19.848,50.2569],[19.8733,50.2785],[19.879,50.275],[19.8771,50.2719],[19.8936,50.2655],[19.9014,50.2761],[19.9113,50.2802],[19.9316,50.2751],[19.9345,50.273],[19.923,50.2692],[19.9199,50.2612],[19.925,50.2589],[19.9399,50.266],[19.9461,50.2823],[19.9951,50.28],[20.0166,50.2889],[20.0185,50.2935],[20.0343,50.2928],[20.0469,50.2983],[20.0721,50.2937],[20.078,50.2982],[20.0964,50.297],[20.0978,50.3043],[20.0901,50.3066],[20.1173,50.3101],[20.1221,50.3147],[20.1257,50.3132],[20.1216,50.3056],[20.1122,50.3069],[20.11,50.3026],[20.1214,50.3052],[20.1309,50.3011],[20.1309,50.3043],[20.1494,50.2959],[20.1547,50.3],[20.1779,50.2892],[20.1734,50.2759],[20.1382,50.2718],[20.1262,50.2604],[20.135,50.2419],[20.1452,50.2377],[20.1541,50.2268],[20.1785,50.225],[20.1633,50.2236],[20.1557,50.2042],[20.1656,50.2026],[20.1648,50.1952],[20.1749,50.1908],[20.1749,50.1868],[20.1608,50.1797],[20.1682,50.1756],[20.1696,50.1688],[20.1481,50.1621],[20.146,50.155],[20.1815,50.1484],[20.1811,50.1441],[20.1891,50.143],[20.1947,50.1337],[20.2032,50.1323],[20.2013,50.1204],[20.1816,50.1166],[20.1591,50.1216],[20.1468,50.1143],[20.1431,50.1065],[20.1208,50.1085],[20.12,50.1165],[20.0962,50.1193],[20.0784,50.1083],[20.0755,50.1095],[20.079,50.1124],[20.0702,50.1139],[20.0474,50.1096],[20.0419,50.1135],[20.0242,50.1039],[19.9581,50.1083],[19.9474,50.1193],[19.9245,50.1113]]],[[[20.2091,50.1156],[20.2346,50.111],[20.2452,50.1156],[20.2513,50.1125],[20.2497,50.1154],[20.2576,50.1188],[20.2659,50.1163],[20.2628,50.1201],[20.266,50.1345],[20.2791,50.1309],[20.2827,50.1461],[20.2768,50.1584],[20.3065,50.1547],[20.3166,50.1605],[20.3245,50.1578],[20.3324,50.1455],[20.3187,50.1374],[20.3218,50.1223],[20.3413,50.1223],[20.3538,50.1171],[20.3405,50.1111],[20.3484,50.0992],[20.342,50.0927],[20.2957,50.0975],[20.2862,50.0819],[20.2596,50.0746],[20.2526,50.0651],[20.2356,50.0684],[20.2173,50.0534],[20.2064,50.065],[20.193,50.0705],[20.1994,50.0749],[20.1849,50.0861],[20.1928,50.0877],[20.1961,50.1083],[20.2091,50.1156]]]]}},{"type":"Feature","properties":{"slug":"wieruszowski","name":"powiat wieruszowski","bdlUnitId":"051011818000","voivodeship":"łódzkie"},"geometry":{"type":"Polygon","coordinates":[[[18.5612,51.3836],[18.5626,51.3775],[18.5376,51.3732],[18.5422,51.3653],[18.5368,51.3638],[18.5478,51.3404],[18.51,51.334],[18.5116,51.3312],[18.4895,51.333],[18.4901,51.3286],[18.5019,51.3255],[18.5039,51.3103],[18.4974,51.3049],[18.5028,51.2997],[18.4887,51.2967],[18.4865,51.3034],[18.479,51.3],[18.4755,51.3035],[18.4774,51.3122],[18.4668,51.3128],[18.4605,51.3251],[18.459,51.3202],[18.4525,51.3208],[18.4522,51.3253],[18.418,51.3152],[18.4053,51.3162],[18.4015,51.2773],[18.388,51.2752],[18.3698,51.2641],[18.3622,51.231],[18.3658,51.2169],[18.3475,51.1864],[18.349,51.168],[18.3541,51.1604],[18.3534,51.1422],[18.3497,51.1372],[18.3282,51.1388],[18.315,51.134],[18.2596,51.1576],[18.1869,51.1571],[18.1657,51.1653],[18.1627,51.1702],[18.1687,51.1785],[18.1663,51.1812],[18.1764,51.1908],[18.1622,51.1923],[18.1621,51.2055],[18.1802,51.2234],[18.1667,51.2463],[18.172,51.2634],[18.1692,51.2681],[18.1726,51.2683],[18.1507,51.2732],[18.1533,51.264],[18.138,51.2641],[18.1366,51.2697],[18.1199,51.2661],[18.1169,51.2611],[18.1068,51.2628],[18.1034,51.2683],[18.1169,51.2775],[18.1031,51.2804],[18.105,51.2855],[18.12,51.2866],[18.1098,51.2932],[18.1136,51.2971],[18.1088,51.3069],[18.1128,51.3108],[18.0925,51.3257],[18.0934,51.3411],[18.0745,51.3499],[18.0988,51.362],[18.1265,51.3575],[18.1297,51.3621],[18.1351,51.3608],[18.138,51.3781],[18.1493,51.3914],[18.193,51.3876],[18.1963,51.3955],[18.207,51.4019],[18.2041,51.4168],[18.2113,51.423],[18.2058,51.433],[18.1882,51.4412],[18.2149,51.4474],[18.2127,51.4543],[18.3231,51.4217],[18.332,51.4108],[18.3272,51.4005],[18.3293,51.3919],[18.3355,51.3891],[18.4656,51.3994],[18.5025,51.3961],[18.5196,51.3902],[18.5219,51.3845],[18.5612,51.3836]]]}},{"type":"Feature","properties":{"slug":"zarski","name":"powiat żarski","bdlUnitId":"020811411000","voivodeship":"lubuskie"},"geometry":{"type":"Polygon","coordinates":[[[15.1064,51.8628],[15.0774,51.839],[15.1532,51.8465],[15.1703,51.8071],[15.1433,51.8043],[15.1521,51.7841],[15.1413,51.7852],[15.1421,51.7767],[15.1297,51.7806],[15.1085,51.7749],[15.1354,51.7669],[15.1359,51.7581],[15.1598,51.7525],[15.1789,51.7572],[15.1974,51.7842],[15.2241,51.7791],[15.218,51.774],[15.2439,51.7135],[15.2521,51.7057],[15.2343,51.6986],[15.2547,51.6853],[15.2521,51.6748],[15.2702,51.6688],[15.2735,51.66],[15.2674,51.6569],[15.2665,51.645],[15.2621,51.6455],[15.2636,51.619],[15.2556,51.6053],[15.2392,51.5978],[15.2327,51.5894],[15.1936,51.5814],[15.1673,51.5852],[15.1657,51.5778],[15.1721,51.573],[15.168,51.5713],[15.1805,51.5607],[15.1701,51.5499],[15.1568,51.5529],[15.1112,51.5455],[15.0622,51.5617],[15.0581,51.5497],[15.0513,51.5469],[15.0295,51.5502],[15.0179,51.5475],[15.0173,51.5412],[15.0032,51.5396],[15.0245,51.534],[15.0118,51.5211],[15.0166,51.5234],[15.0265,51.516],[15.0184,51.5157],[15.0176,51.5084],[15.0119,51.5068],[15.0109,51.4893],[15,51.4894],[15.0002,51.4961],[14.9879,51.4961],[14.9884,51.4873],[14.9929,51.4827],[15.0487,51.4819],[15.0473,51.4364],[15.0888,51.4294],[15.0828,51.4187],[15.083,51.4079],[15.0712,51.397],[15.0179,51.3935],[15.0182,51.3866],[15.009,51.3742],[15.0124,51.3634],[14.9742,51.364],[14.9836,51.374],[14.9693,51.3791],[14.9659,51.3914],[14.9582,51.3957],[14.9689,51.3977],[14.9587,51.4098],[14.9671,51.4173],[14.9661,51.4268],[14.9586,51.4312],[14.9701,51.4322],[14.9742,51.4419],[14.9559,51.4585],[14.9491,51.4713],[14.9267,51.4732],[14.9247,51.4804],[14.9158,51.4838],[14.8978,51.4821],[14.8875,51.4879],[14.8716,51.4847],[14.8655,51.4904],[14.8516,51.4896],[14.8324,51.5038],[14.8118,51.5061],[14.796,51.5179],[14.7644,51.5192],[14.7291,51.5314],[14.7289,51.5504],[14.7164,51.5552],[14.7112,51.5627],[14.7269,51.575],[14.7325,51.586],[14.7651,51.6078],[14.7632,51.6191],[14.7533,51.628],[14.7559,51.6457],[14.7511,51.653],[14.7576,51.6615],[14.7474,51.6757],[14.737,51.6794],[14.736,51.6888],[14.7261,51.6897],[14.691,51.7082],[14.6777,51.7227],[14.6681,51.7258],[14.6562,51.7413],[14.6576,51.7535],[14.6641,51.7567],[14.6508,51.7613],[14.6551,51.7736],[14.6499,51.7865],[14.6754,51.7866],[14.693,51.8105],[14.7131,51.8149],[14.7358,51.8101],[14.7236,51.8382],[14.7752,51.8371],[14.7513,51.8505],[14.7639,51.8536],[14.7623,51.8597],[14.7984,51.8478],[14.8179,51.8484],[14.828,51.854],[14.8584,51.8497],[14.8513,51.867],[14.854,51.8728],[14.8488,51.8756],[14.8596,51.8817],[14.8897,51.8709],[14.9272,51.8789],[14.9187,51.8873],[14.9329,51.8929],[14.9736,51.8825],[15.0151,51.888],[15.0693,51.8728],[15.0706,51.8645],[15.0782,51.8615],[15.1064,51.8628]]]}},{"type":"Feature","properties":{"slug":"krosnienski-lubuskie","name":"powiat krośnieński","bdlUnitId":"020811402000","voivodeship":"lubuskie"},"geometry":{"type":"Polygon","coordinates":[[[14.6499,51.7865],[14.6459,51.7951],[14.6331,51.8014],[14.6049,51.805],[14.5901,51.821],[14.5905,51.8387],[14.605,51.8402],[14.6041,51.8479],[14.6124,51.8455],[14.6071,51.8522],[14.6116,51.8574],[14.6245,51.8582],[14.6442,51.8674],[14.6631,51.8905],[14.675,51.8898],[14.6742,51.8943],[14.6944,51.9021],[14.6913,51.9081],[14.7051,51.9229],[14.7035,51.9313],[14.7188,51.9413],[14.7213,51.9512],[14.7073,51.9657],[14.7048,51.9761],[14.7162,51.9824],[14.7214,51.9938],[14.714,52.0037],[14.7252,52.0082],[14.7267,52.0139],[14.7408,52.0228],[14.7404,52.0291],[14.7484,52.0323],[14.7452,52.0539],[14.7573,52.0607],[14.7552,52.07],[14.7641,52.0709],[14.7724,52.0811],[14.7798,52.0803],[14.7902,52.0705],[14.8067,52.074],[14.7899,52.0833],[14.806,52.0908],[14.7976,52.0924],[14.8049,52.0947],[14.8047,52.0987],[14.7948,52.1079],[14.8124,52.1094],[14.8159,52.1155],[14.8084,52.1234],[14.8108,52.1383],[14.835,52.1493],[14.8376,52.1449],[14.847,52.1488],[14.8706,52.1423],[14.871,52.1361],[14.8614,52.1372],[14.8644,52.1323],[14.8865,52.1378],[14.8847,52.1448],[14.8777,52.1476],[14.8846,52.1522],[14.8693,52.1538],[14.8888,52.1665],[14.8808,52.1717],[14.8814,52.1765],[14.8917,52.1765],[14.8914,52.1816],[14.8962,52.1829],[14.8832,52.1945],[14.8889,52.2065],[14.9133,52.2099],[14.9249,52.2048],[14.939,52.2112],[14.9609,52.2086],[14.9823,52.2189],[15.0196,52.2158],[15.0271,52.2189],[15.0261,52.2238],[15.0462,52.2218],[15.0647,52.2323],[15.0772,52.229],[15.0865,52.2345],[15.0897,52.2331],[15.0862,52.227],[15.0909,52.2267],[15.101,52.205],[15.1978,52.2188],[15.2039,52.2058],[15.2146,52.2076],[15.2208,52.1946],[15.2534,52.2081],[15.2874,52.214],[15.3144,52.2026],[15.3125,52.1951],[15.304,52.1903],[15.2917,52.1456],[15.3062,52.1327],[15.2911,52.114],[15.2926,52.1096],[15.2859,52.1061],[15.2874,52.0926],[15.296,52.0833],[15.285,52.0835],[15.2812,52.0755],[15.2733,52.0861],[15.2566,52.0848],[15.2759,52.0411],[15.267,52.0352],[15.2781,52.0216],[15.2648,52.016],[15.2581,52.0037],[15.2732,51.9976],[15.2817,51.9832],[15.2765,51.9742],[15.2933,51.9621],[15.2748,51.934],[15.2502,51.9334],[15.2446,51.9287],[15.2354,51.912],[15.2393,51.9061],[15.2324,51.8991],[15.2039,51.9],[15.1214,51.867],[15.0846,51.8609],[15.0706,51.8645],[15.0693,51.8728],[15.0151,51.888],[14.9736,51.8825],[14.9329,51.8929],[14.9187,51.8873],[14.9272,51.8789],[14.8897,51.8709],[14.8596,51.8817],[14.8488,51.8756],[14.854,51.8728],[14.8513,51.867],[14.8584,51.8497],[14.828,51.854],[14.8179,51.8484],[14.7984,51.8478],[14.7623,51.8597],[14.7639,51.8536],[14.7513,51.8505],[14.7752,51.8371],[14.7236,51.8382],[14.7358,51.8101],[14.7131,51.8149],[14.693,51.8105],[14.6754,51.7866],[14.6499,51.7865]]]}},{"type":"Feature","properties":{"slug":"debicki","name":"powiat dębicki","bdlUnitId":"061813603000","voivodeship":"podkarpackie"},"geometry":{"type":"Polygon","coordinates":[[[21.5112,50.1615],[21.5532,50.1395],[21.5445,50.1321],[21.5678,50.1294],[21.5632,50.1216],[21.5655,50.1121],[21.5461,50.1106],[21.5396,50.0947],[21.5416,50.0863],[21.5341,50.0872],[21.5421,50.0819],[21.5401,50.0788],[21.5018,50.0768],[21.4956,50.0686],[21.4996,50.0636],[21.4978,50.05],[21.5111,50.0375],[21.526,50.0387],[21.5248,50.029],[21.5297,50.0254],[21.5191,50.0279],[21.515,50.0226],[21.5071,50.0227],[21.5229,50.0124],[21.5125,50.0118],[21.5125,50.0073],[21.4846,50.0102],[21.4842,50.0049],[21.4708,50.0011],[21.4643,49.9936],[21.4663,49.9847],[21.4747,49.9804],[21.4673,49.978],[21.4679,49.9673],[21.4816,49.952],[21.5012,49.9438],[21.5074,49.9152],[21.514,49.9141],[21.5093,49.9097],[21.5235,49.8934],[21.522,49.8855],[21.4876,49.8792],[21.4772,49.8528],[21.4774,49.8405],[21.4404,49.8385],[21.4456,49.8296],[21.4313,49.8337],[21.407,49.8286],[21.4014,49.8465],[21.3954,49.8474],[21.4004,49.8518],[21.398,49.8543],[21.3908,49.8509],[21.3881,49.8616],[21.3641,49.8727],[21.3455,49.8683],[21.3514,49.8544],[21.3483,49.8364],[21.3071,49.8403],[21.3067,49.8585],[21.2903,49.8531],[21.2971,49.8429],[21.2688,49.8452],[21.2648,49.8401],[21.252,49.8409],[21.2254,49.8523],[21.2273,49.8867],[21.2602,49.8848],[21.2796,49.892],[21.2879,49.9141],[21.2847,49.9241],[21.2781,49.9281],[21.1925,49.9316],[21.1797,49.9283],[21.1708,49.9442],[21.161,49.9509],[21.1607,49.9665],[21.1507,49.9761],[21.1496,49.9956],[21.1557,50.0045],[21.1788,50.0118],[21.1929,50.0293],[21.1515,50.0453],[21.145,50.0531],[21.1664,50.0598],[21.1694,50.0654],[21.1658,50.0669],[21.1797,50.0761],[21.179,50.0807],[21.1692,50.0791],[21.1601,50.0895],[21.199,50.095],[21.1846,50.1003],[21.1869,50.1062],[21.1769,50.112],[21.1811,50.1179],[21.195,50.1198],[21.1485,50.1264],[21.1508,50.1301],[21.1462,50.13],[21.146,50.1345],[21.1643,50.136],[21.1758,50.1426],[21.1533,50.1492],[21.2213,50.1339],[21.2384,50.1346],[21.2486,50.1379],[21.2515,50.144],[21.2468,50.1478],[21.2543,50.1547],[21.2735,50.1494],[21.2703,50.1432],[21.274,50.1378],[21.2698,50.1373],[21.2971,50.1311],[21.3041,50.1343],[21.2953,50.1376],[21.3025,50.1363],[21.3093,50.1476],[21.3173,50.1511],[21.3648,50.1507],[21.3711,50.1562],[21.3687,50.1675],[21.3755,50.1696],[21.3967,50.1645],[21.4172,50.1691],[21.4439,50.1674],[21.4664,50.1594],[21.4805,50.1686],[21.4987,50.1612],[21.5112,50.1615]]]}},{"type":"Feature","properties":{"slug":"namyslowski","name":"powiat namysłowski","bdlUnitId":"031613106000","voivodeship":"opolskie"},"geometry":{"type":"Polygon","coordinates":[[[17.7953,51.1941],[17.8131,51.1869],[17.8257,51.1946],[17.848,51.1835],[17.8512,51.1724],[17.8324,51.1384],[17.8131,51.1379],[17.8122,51.1325],[17.8171,51.1323],[17.8225,51.1183],[17.8635,51.1146],[17.8854,51.1037],[17.9223,51.114],[17.9431,51.107],[17.9349,51.0939],[17.9534,51.0576],[17.9477,51.0498],[17.9358,51.0479],[17.9303,51.0381],[17.9329,51.0235],[17.9242,51.0125],[17.9398,50.9953],[17.9341,50.9829],[17.9886,50.9849],[18.0039,50.9788],[17.9961,50.9718],[18.0117,50.9636],[17.9713,50.9682],[17.9638,50.9412],[17.9576,50.9387],[17.9638,50.9339],[17.9527,50.933],[17.9564,50.9301],[17.9494,50.9053],[17.9051,50.9101],[17.8977,50.8841],[17.8912,50.8846],[17.895,50.8826],[17.8933,50.8778],[17.8857,50.8743],[17.89,50.8612],[17.9056,50.8606],[17.9044,50.8394],[17.8741,50.8379],[17.8609,50.8462],[17.8606,50.8539],[17.8501,50.8618],[17.8183,50.8653],[17.7859,50.8762],[17.8161,50.8768],[17.8032,50.8956],[17.7854,50.9004],[17.7727,50.9098],[17.7641,50.9039],[17.7471,50.9131],[17.7327,50.907],[17.6963,50.915],[17.6744,50.9289],[17.6675,50.9272],[17.6768,50.9424],[17.6563,50.9594],[17.6542,50.9632],[17.6659,50.9745],[17.6525,50.9847],[17.6459,50.9801],[17.6401,50.9828],[17.6372,50.9778],[17.592,50.9907],[17.5883,50.9784],[17.5752,50.9735],[17.5716,50.9753],[17.575,50.978],[17.5581,50.982],[17.56,50.9925],[17.549,50.9944],[17.542,51.0025],[17.5243,51.0041],[17.5143,51.0116],[17.5189,51.0254],[17.5349,51.0432],[17.5191,51.0503],[17.5239,51.0534],[17.5245,51.0585],[17.5187,51.0588],[17.5218,51.0627],[17.5351,51.0693],[17.5582,51.0678],[17.5821,51.0818],[17.5624,51.0926],[17.5782,51.1108],[17.5715,51.1176],[17.5764,51.1294],[17.5656,51.1335],[17.5677,51.1378],[17.5455,51.1436],[17.5447,51.1545],[17.5586,51.1568],[17.5679,51.1659],[17.5782,51.1622],[17.5893,51.1713],[17.5989,51.1679],[17.6027,51.1759],[17.5966,51.1785],[17.6115,51.1905],[17.6195,51.1844],[17.6206,51.1754],[17.6404,51.1731],[17.6394,51.1681],[17.6693,51.1608],[17.6822,51.1671],[17.6999,51.1632],[17.6984,51.1722],[17.7044,51.1739],[17.739,51.1743],[17.7495,51.1791],[17.7538,51.1868],[17.7798,51.1832],[17.783,51.1883],[17.7941,51.1893],[17.7953,51.1941]]]}},{"type":"Feature","properties":{"slug":"czarnkowsko-trzcianecki","name":"powiat czarnkowsko-trzcianecki","bdlUnitId":"023016002000","voivodeship":"wielkopolskie"},"geometry":{"type":"Polygon","coordinates":[[[16.3905,53.131],[16.4187,53.1292],[16.4794,53.1151],[16.4886,53.119],[16.4972,53.1143],[16.5004,53.1146],[16.4987,53.1219],[16.5207,53.1296],[16.5228,53.1257],[16.5347,53.128],[16.5556,53.1208],[16.5534,53.1145],[16.5661,53.111],[16.569,53.122],[16.5804,53.1213],[16.6087,53.1062],[16.6178,53.1104],[16.6562,53.1069],[16.6502,53.1134],[16.6404,53.1138],[16.6383,53.1193],[16.649,53.1249],[16.653,53.1186],[16.655,53.1224],[16.6762,53.1258],[16.6747,53.1297],[16.6795,53.1308],[16.6808,53.1273],[16.6984,53.1308],[16.7119,53.1236],[16.7085,53.1205],[16.7195,53.1178],[16.7182,53.1126],[16.7113,53.1144],[16.7027,53.1016],[16.6971,53.1023],[16.6918,53.0905],[16.67,53.094],[16.6582,53.0866],[16.6658,53.0838],[16.6677,53.0727],[16.6572,53.0707],[16.6587,53.0631],[16.6372,53.0582],[16.6076,53.0419],[16.6254,53.0444],[16.6502,53.0226],[16.6495,52.9914],[16.6325,52.9893],[16.6398,52.9698],[16.6471,52.9676],[16.6465,52.9577],[16.7013,52.9517],[16.7042,52.9574],[16.6984,52.9618],[16.7067,52.9687],[16.7398,52.9805],[16.7428,52.9693],[16.7673,52.9468],[16.7749,52.9316],[16.7703,52.9019],[16.7802,52.8888],[16.7764,52.8776],[16.7606,52.8657],[16.7401,52.8674],[16.7367,52.8754],[16.7316,52.8676],[16.7081,52.8664],[16.7015,52.8542],[16.7286,52.8522],[16.7297,52.8442],[16.7238,52.8443],[16.7271,52.8408],[16.722,52.8384],[16.7253,52.8339],[16.7382,52.8262],[16.7621,52.8224],[16.7608,52.819],[16.7501,52.8208],[16.747,52.8142],[16.7713,52.8145],[16.7756,52.8008],[16.7936,52.7987],[16.8001,52.7843],[16.7739,52.7746],[16.7662,52.766],[16.7198,52.7568],[16.714,52.7469],[16.7173,52.7384],[16.7328,52.7418],[16.7324,52.7495],[16.7623,52.7512],[16.7407,52.7372],[16.7404,52.7272],[16.708,52.7258],[16.6978,52.7287],[16.7041,52.7376],[16.7044,52.7497],[16.6303,52.751],[16.5582,52.7388],[16.5172,52.7596],[16.5045,52.7543],[16.4682,52.7517],[16.4554,52.7376],[16.423,52.7497],[16.4443,52.7564],[16.4394,52.7661],[16.4226,52.7629],[16.4144,52.77],[16.3862,52.7573],[16.384,52.7614],[16.3923,52.7717],[16.3621,52.7754],[16.3583,52.7756],[16.3605,52.7626],[16.3726,52.7572],[16.3351,52.7497],[16.3367,52.7607],[16.3276,52.7752],[16.3128,52.7764],[16.2858,52.7659],[16.2608,52.7862],[16.2419,52.7932],[16.185,52.7941],[16.1391,52.7855],[16.1114,52.768],[16.0759,52.7572],[16.0664,52.7489],[16.059,52.7271],[16.0401,52.7335],[16.0132,52.7347],[15.9814,52.7504],[15.9469,52.7549],[15.9257,52.7822],[15.9383,52.7862],[15.934,52.8041],[15.9117,52.8037],[15.8932,52.8128],[15.8972,52.8213],[15.8945,52.8258],[15.9045,52.8266],[15.9029,52.8359],[15.9187,52.8411],[15.9234,52.8311],[15.9517,52.8432],[15.9479,52.855],[15.97,52.8538],[15.9631,52.8571],[15.9729,52.8576],[15.973,52.8634],[15.9614,52.8693],[15.9631,52.874],[15.9756,52.873],[15.9794,52.8779],[15.9739,52.8948],[15.9673,52.9001],[15.9795,52.909],[15.9722,52.9288],[15.9793,52.9328],[15.9785,52.9374],[15.9605,52.9561],[15.9614,52.9708],[15.946,52.9713],[15.9561,52.9756],[15.9494,52.9985],[15.9558,53.0081],[15.954,53.013],[15.9587,53.0143],[15.9546,53.0173],[15.9571,53.032],[15.9516,53.0344],[15.9554,53.0403],[16.0238,53.0355],[16.0735,53.0162],[16.1208,53.012],[16.143,53.0154],[16.1861,53.0336],[16.2709,53.0492],[16.2949,53.0381],[16.3169,53.0367],[16.3173,53.044],[16.3104,53.0453],[16.3128,53.0497],[16.3241,53.0497],[16.324,53.058],[16.3391,53.0603],[16.3509,53.0728],[16.3639,53.0783],[16.346,53.1124],[16.3599,53.1144],[16.3669,53.1212],[16.363,53.123],[16.3724,53.1285],[16.3905,53.131]]]}},{"type":"Feature","properties":{"slug":"grajewski","name":"powiat grajewski","bdlUnitId":"062013904000","voivodeship":"podlaskie"},"geometry":{"type":"Polygon","coordinates":[[[22.6968,53.7616],[22.7255,53.7519],[22.7248,53.7571],[22.7444,53.7356],[22.7442,53.7295],[22.7236,53.7151],[22.7194,53.7011],[22.7121,53.7002],[22.7154,53.6967],[22.7047,53.6924],[22.7068,53.6856],[22.7235,53.6857],[22.7262,53.6903],[22.721,53.6939],[22.73,53.6993],[22.7338,53.6935],[22.7719,53.6892],[22.7939,53.6798],[22.8052,53.6872],[22.8179,53.6808],[22.8233,53.688],[22.8358,53.6892],[22.8292,53.6865],[22.837,53.68],[22.8375,53.686],[22.8442,53.6866],[22.8441,53.6692],[22.8371,53.6693],[22.8371,53.6764],[22.8075,53.6788],[22.7951,53.6698],[22.7766,53.6673],[22.7812,53.653],[22.795,53.6504],[22.7896,53.6443],[22.7666,53.6469],[22.7557,53.643],[22.7577,53.6379],[22.7529,53.6333],[22.7182,53.6297],[22.703,53.6245],[22.691,53.6123],[22.6707,53.6057],[22.6743,53.5943],[22.6986,53.5916],[22.7015,53.5865],[22.7077,53.5898],[22.7383,53.5751],[22.7226,53.5765],[22.712,53.5616],[22.6988,53.5685],[22.6347,53.5293],[22.6446,53.5207],[22.6276,53.5002],[22.6205,53.4949],[22.6119,53.4958],[22.6079,53.4875],[22.6216,53.4744],[22.6061,53.4621],[22.584,53.4612],[22.5702,53.4542],[22.5698,53.4408],[22.5654,53.4385],[22.5514,53.4395],[22.5376,53.4316],[22.5352,53.4284],[22.5456,53.4188],[22.5358,53.4096],[22.5437,53.4044],[22.5233,53.3896],[22.5258,53.3769],[22.5065,53.3695],[22.5087,53.3646],[22.4965,53.3575],[22.4976,53.3486],[22.4634,53.3501],[22.4623,53.3537],[22.4056,53.3514],[22.4054,53.3652],[22.3758,53.3716],[22.3722,53.3685],[22.3503,53.3787],[22.3662,53.384],[22.3585,53.3886],[22.3703,53.3975],[22.3414,53.4011],[22.3413,53.3913],[22.336,53.3881],[22.3219,53.3923],[22.3321,53.4068],[22.2964,53.4008],[22.2798,53.4387],[22.2309,53.4408],[22.2314,53.4577],[22.2452,53.4565],[22.2522,53.4641],[22.2522,53.473],[22.2631,53.4779],[22.2514,53.4799],[22.2482,53.4745],[22.2401,53.4779],[22.2471,53.4847],[22.2434,53.4936],[22.2507,53.4922],[22.2669,53.5029],[22.2636,53.5072],[22.2663,53.5137],[22.2535,53.513],[22.237,53.5359],[22.2391,53.5398],[22.2174,53.5303],[22.2136,53.5368],[22.2071,53.5356],[22.208,53.5155],[22.1855,53.51],[22.1751,53.5206],[22.1743,53.5368],[22.1415,53.5321],[22.1357,53.5445],[22.1943,53.5662],[22.2377,53.5953],[22.272,53.6106],[22.2808,53.6217],[22.3266,53.6318],[22.3599,53.6558],[22.4007,53.6671],[22.423,53.6815],[22.4448,53.6723],[22.4376,53.6674],[22.4406,53.6648],[22.4752,53.6639],[22.4685,53.6675],[22.467,53.6743],[22.4716,53.6783],[22.4654,53.6901],[22.4748,53.6957],[22.4676,53.699],[22.5141,53.6977],[22.5664,53.7214],[22.5847,53.7343],[22.5848,53.7269],[22.6068,53.717],[22.6264,53.7416],[22.6224,53.7452],[22.629,53.7574],[22.6407,53.7548],[22.6408,53.7476],[22.6968,53.7616]]]}},{"type":"Feature","properties":{"slug":"starachowicki","name":"powiat starachowicki","bdlUnitId":"052615211000","voivodeship":"świętokrzyskie"},"geometry":{"type":"Polygon","coordinates":[[[20.9132,51.0318],[20.9154,51.0414],[20.9207,51.0429],[20.9087,51.0473],[20.9094,51.0573],[20.9183,51.0662],[20.9104,51.0672],[20.9121,51.0726],[20.9028,51.0826],[20.9094,51.0884],[20.9231,51.0843],[20.9221,51.08],[20.9433,51.0803],[20.9564,51.0736],[20.9636,51.0766],[20.9636,51.0838],[20.9588,51.0849],[20.9694,51.1087],[20.9777,51.1103],[20.9599,51.1163],[20.9763,51.1226],[20.9759,51.1322],[20.9489,51.1433],[20.9533,51.1541],[20.9682,51.1512],[20.9837,51.1665],[21.0008,51.1596],[20.9932,51.152],[20.9985,51.1445],[21.0243,51.1504],[21.019,51.1547],[21.0229,51.1586],[21.0566,51.1571],[21.0734,51.1858],[21.0751,51.1976],[21.0684,51.2069],[21.07,51.2114],[21.1106,51.2008],[21.1079,51.1932],[21.1199,51.1887],[21.1168,51.1797],[21.0967,51.1647],[21.0912,51.1551],[21.1282,51.1409],[21.1342,51.1285],[21.1424,51.1285],[21.1395,51.1256],[21.1641,51.1285],[21.154,51.1255],[21.1602,51.1022],[21.153,51.1037],[21.1509,51.0995],[21.1519,51.087],[21.1558,51.0862],[21.1528,51.0803],[21.3555,51.0853],[21.3542,51.0662],[21.3704,51.0655],[21.3719,51.0588],[21.3831,51.0583],[21.3823,51.0368],[21.3217,51.0348],[21.294,51.0114],[21.2847,50.9869],[21.2728,50.9831],[21.2584,50.9974],[21.2496,50.9903],[21.2383,50.9967],[21.2252,50.9938],[21.2206,50.9959],[21.2212,51.0021],[21.206,50.9992],[21.1992,50.9877],[21.2065,50.9871],[21.2078,50.9799],[21.2008,50.9783],[21.1962,50.9706],[21.1991,50.9612],[21.1921,50.9564],[21.2007,50.9466],[21.1841,50.9437],[21.1827,50.9377],[21.1638,50.9366],[21.1618,50.9259],[21.1682,50.9169],[21.1581,50.9079],[21.1379,50.9159],[21.1185,50.9079],[21.1227,50.9014],[21.0985,50.9091],[21.0747,50.9051],[21.0716,50.8976],[21.0635,50.9004],[21.0547,50.8958],[21.027,50.8999],[21.0305,50.9082],[21.0075,50.915],[21.0052,50.9085],[20.9961,50.9081],[20.9923,50.9153],[20.9973,50.9203],[21.0004,50.9395],[20.9909,50.9412],[20.9939,50.9544],[21.0099,50.9522],[21.0148,50.9594],[21.0111,50.9627],[21.0198,50.97],[21.0002,50.9726],[20.9701,50.9921],[20.9964,51.0185],[20.9853,51.023],[20.9604,51.013],[20.9132,51.0318]]]}},{"type":"Feature","properties":{"slug":"konecki","name":"powiat konecki","bdlUnitId":"052615205000","voivodeship":"świętokrzyskie"},"geometry":{"type":"Polygon","coordinates":[[[20.2146,51.2096],[20.2172,51.1991],[20.2212,51.1991],[20.2324,51.2013],[20.2353,51.2089],[20.2516,51.2068],[20.2637,51.2159],[20.2641,51.2204],[20.2513,51.2216],[20.256,51.2367],[20.2419,51.2436],[20.246,51.2533],[20.2426,51.2573],[20.2605,51.2588],[20.2635,51.2543],[20.2601,51.2509],[20.278,51.2443],[20.3101,51.2431],[20.3308,51.2577],[20.354,51.2504],[20.3597,51.2414],[20.3711,51.2366],[20.3797,51.246],[20.3753,51.2618],[20.3857,51.2633],[20.3846,51.2693],[20.3904,51.2722],[20.3642,51.3114],[20.3849,51.3188],[20.4111,51.3189],[20.4144,51.3207],[20.4106,51.326],[20.42,51.3257],[20.4239,51.3334],[20.4327,51.3343],[20.4332,51.3425],[20.4635,51.3364],[20.4639,51.3317],[20.5086,51.3301],[20.5174,51.3166],[20.5112,51.3129],[20.5133,51.3081],[20.498,51.3107],[20.4926,51.3073],[20.4945,51.2988],[20.4979,51.293],[20.5108,51.2942],[20.5016,51.2869],[20.5333,51.2765],[20.5293,51.2734],[20.537,51.2697],[20.5248,51.2604],[20.5391,51.2546],[20.5332,51.2477],[20.5436,51.2313],[20.566,51.2315],[20.579,51.2447],[20.6072,51.2468],[20.633,51.2234],[20.6774,51.2096],[20.6834,51.204],[20.6908,51.2055],[20.6868,51.2027],[20.6893,51.198],[20.7003,51.196],[20.7027,51.1849],[20.6848,51.1725],[20.6887,51.1588],[20.6846,51.1531],[20.6865,51.1427],[20.6814,51.1418],[20.682,51.1314],[20.6752,51.1327],[20.6766,51.1288],[20.6718,51.1282],[20.6749,51.1209],[20.6705,51.12],[20.6687,51.1088],[20.663,51.1102],[20.656,51.1003],[20.6283,51.0988],[20.6204,51.0879],[20.6157,51.0887],[20.6015,51.0732],[20.6044,51.0513],[20.5772,51.0508],[20.5702,51.0555],[20.5704,51.0509],[20.5631,51.0471],[20.5566,51.0498],[20.5521,51.0587],[20.5548,51.0614],[20.5474,51.0485],[20.5371,51.0524],[20.5161,51.051],[20.5152,51.0666],[20.5078,51.0663],[20.508,51.0617],[20.4518,51.0526],[20.4575,51.0495],[20.4567,51.044],[20.4348,51.0478],[20.4358,51.0535],[20.4323,51.0537],[20.4311,51.0469],[20.4412,51.0422],[20.4301,51.0355],[20.4303,51.022],[20.4164,51.0217],[20.4095,51.0345],[20.3824,51.0418],[20.3848,51.034],[20.3536,51.0138],[20.3446,51.0015],[20.3224,51.0069],[20.3193,50.9984],[20.278,50.9921],[20.2744,51.0056],[20.2413,51.0104],[20.2447,50.9983],[20.2355,50.9973],[20.2352,51.0007],[20.2174,51.0047],[20.2237,50.9951],[20.2113,50.9925],[20.2073,50.9828],[20.2011,50.9837],[20.202,50.977],[20.1925,50.9748],[20.1871,50.9605],[20.1527,50.9817],[20.1363,50.9868],[20.0897,50.9808],[20.0791,50.9869],[20.0579,50.9808],[20.0339,50.9909],[20.0328,50.9959],[20.0432,51.0027],[20.051,51.017],[20.048,51.0534],[20.0562,51.0577],[20.0516,51.0628],[20.0446,51.06],[20.0454,51.0686],[19.9818,51.0731],[19.9929,51.1004],[19.9859,51.1346],[20.0017,51.1331],[19.9883,51.1395],[20.0127,51.1552],[20.022,51.1554],[20.0258,51.1647],[19.9938,51.184],[20.0101,51.1909],[20.011,51.1954],[20.0325,51.2012],[20.0535,51.2027],[20.0605,51.1986],[20.0551,51.1909],[20.0642,51.1968],[20.1195,51.1893],[20.1587,51.1938],[20.1581,51.1979],[20.1795,51.1955],[20.1788,51.2071],[20.2012,51.2041],[20.1958,51.1968],[20.2078,51.1998],[20.2146,51.2096]]]}},{"type":"Feature","properties":{"slug":"elblaski","name":"powiat elbląski","bdlUnitId":"042815404000","voivodeship":"warmińsko-mazurskie"},"geometry":{"type":"Polygon","coordinates":[[[19.9791,54.1338],[19.9852,54.1309],[19.9847,54.1209],[19.9969,54.1162],[19.996,54.112],[20.0331,54.1116],[20.0412,54.1038],[20.0395,54.1003],[20.0445,54.1001],[20.0421,54.0952],[20.0487,54.0848],[20.0453,54.0821],[20.0582,54.0769],[20.0463,54.0679],[20.0467,54.0564],[20.04,54.0544],[20.0422,54.0467],[20.0307,54.0446],[20.0205,54.033],[19.9783,54.0395],[19.9792,54.0245],[19.9846,54.019],[19.9816,54.0169],[19.9343,54.033],[19.8847,54.0349],[19.8853,54.0296],[19.8746,54.0158],[19.8324,54.0119],[19.8212,54.0158],[19.8202,54.0114],[19.8069,54.0071],[19.7979,53.9987],[19.7986,53.9919],[19.8213,53.9844],[19.8153,53.9775],[19.792,53.9856],[19.773,53.9766],[19.7766,53.9682],[19.7709,53.9637],[19.7623,53.9729],[19.7514,53.9721],[19.7447,53.9649],[19.7402,53.9695],[19.7264,53.9639],[19.7064,53.9663],[19.698,53.9526],[19.6876,53.9504],[19.6838,53.9412],[19.649,53.9521],[19.6349,53.9476],[19.6176,53.9621],[19.6081,53.9635],[19.6123,53.956],[19.6056,53.9525],[19.5835,53.9544],[19.5667,53.9434],[19.5567,53.948],[19.5362,53.9445],[19.4892,53.9466],[19.4842,53.9427],[19.4587,53.9421],[19.4168,53.9263],[19.4005,53.9302],[19.4017,53.9342],[19.369,53.938],[19.3724,53.9484],[19.3658,53.9608],[19.3777,53.985],[19.4107,53.9994],[19.3602,54.0045],[19.3247,54.0203],[19.3201,54.0271],[19.293,54.0248],[19.2851,54.0138],[19.2728,54.0164],[19.2715,54.0238],[19.258,54.0352],[19.2811,54.0445],[19.2747,54.053],[19.2663,54.051],[19.2207,54.0695],[19.2254,54.0771],[19.2555,54.0857],[19.2316,54.1121],[19.2173,54.1156],[19.238,54.1269],[19.2576,54.1508],[19.2547,54.1591],[19.2468,54.1614],[19.247,54.1672],[19.2853,54.1865],[19.3166,54.1898],[19.3259,54.2],[19.3247,54.2101],[19.3141,54.219],[19.3175,54.2257],[19.3047,54.2348],[19.2998,54.2464],[19.2534,54.2703],[19.2583,54.2817],[19.2908,54.2992],[19.415,54.3201],[19.6357,54.3922],[19.6239,54.3371],[19.6369,54.3276],[19.6191,54.302],[19.642,54.2941],[19.6478,54.2887],[19.6488,54.2768],[19.6745,54.2775],[19.68,54.2648],[19.7043,54.2696],[19.7414,54.2649],[19.7514,54.261],[19.747,54.2529],[19.7683,54.2534],[19.7684,54.2485],[19.7814,54.2457],[19.7775,54.2398],[19.781,54.2256],[19.7696,54.2218],[19.7776,54.2219],[19.7758,54.207],[19.7827,54.2064],[19.7842,54.1962],[19.7801,54.196],[19.784,54.174],[19.8134,54.1696],[19.8107,54.1591],[19.8059,54.1551],[19.7949,54.1566],[19.7896,54.1489],[19.7865,54.1529],[19.7735,54.148],[19.761,54.1525],[19.7611,54.146],[19.7535,54.1499],[19.7383,54.1458],[19.7476,54.1431],[19.741,54.1375],[19.7473,54.1329],[19.7241,54.1319],[19.7188,54.124],[19.7383,54.1239],[19.7394,54.1191],[19.7512,54.117],[19.754,54.1056],[19.7747,54.1157],[19.7867,54.1108],[19.7853,54.1051],[19.798,54.1021],[19.8157,54.1093],[19.8319,54.1069],[19.8426,54.1211],[19.8557,54.1235],[19.8727,54.118],[19.8726,54.123],[19.8873,54.1263],[19.8982,54.1245],[19.8929,54.1191],[19.9139,54.1171],[19.9142,54.1229],[19.9276,54.1293],[19.9319,54.1262],[19.9791,54.1338]],[[19.4719,54.213],[19.4769,54.2245],[19.4901,54.2243],[19.4975,54.2324],[19.5089,54.2325],[19.5051,54.2487],[19.4816,54.2527],[19.4741,54.2487],[19.4357,54.2632],[19.4349,54.2562],[19.4283,54.2552],[19.4392,54.2402],[19.4336,54.2384],[19.4348,54.2337],[19.4536,54.2287],[19.4334,54.2162],[19.3875,54.2206],[19.3845,54.2071],[19.3743,54.2067],[19.3819,54.1801],[19.378,54.1794],[19.3847,54.1729],[19.3725,54.1692],[19.3705,54.1636],[19.3591,54.1635],[19.3825,54.1399],[19.3917,54.1435],[19.4466,54.1344],[19.4507,54.1392],[19.4877,54.1492],[19.4624,54.1612],[19.4696,54.1663],[19.477,54.1633],[19.5066,54.1715],[19.5098,54.1816],[19.489,54.1837],[19.5051,54.1896],[19.5029,54.2062],[19.4977,54.2032],[19.4859,54.2087],[19.4735,54.2043],[19.4767,54.209],[19.4694,54.2112],[19.4719,54.213]]]}},{"type":"Feature","properties":{"slug":"nidzicki","name":"powiat nidzicki","bdlUnitId":"042815611000","voivodeship":"warmińsko-mazurskie"},"geometry":{"type":"Polygon","coordinates":[[[20.4111,53.2142],[20.388,53.2379],[20.3538,53.2272],[20.3359,53.2158],[20.3364,53.2256],[20.3268,53.2232],[20.3339,53.231],[20.3394,53.2297],[20.3389,53.2344],[20.3297,53.2358],[20.315,53.2249],[20.2851,53.2303],[20.2744,53.2374],[20.2476,53.2383],[20.2493,53.2439],[20.2426,53.2575],[20.2475,53.2614],[20.2471,53.2702],[20.2571,53.2774],[20.253,53.2801],[20.2574,53.2849],[20.2301,53.3061],[20.2055,53.3126],[20.2073,53.3208],[20.1801,53.3304],[20.1957,53.3523],[20.1951,53.3618],[20.1898,53.3636],[20.1997,53.376],[20.1949,53.3796],[20.2011,53.3952],[20.2121,53.4105],[20.2197,53.4113],[20.2146,53.4148],[20.2247,53.4087],[20.2288,53.412],[20.22,53.4154],[20.2305,53.4191],[20.1951,53.4297],[20.197,53.4327],[20.1862,53.44],[20.1984,53.4432],[20.1869,53.4584],[20.2255,53.4755],[20.2416,53.4727],[20.2459,53.4671],[20.2529,53.4687],[20.262,53.4606],[20.2907,53.4651],[20.2954,53.4537],[20.3096,53.4615],[20.3501,53.4622],[20.354,53.4672],[20.3744,53.4726],[20.3698,53.4738],[20.3696,53.4833],[20.3556,53.4934],[20.3668,53.4983],[20.377,53.4863],[20.3964,53.4945],[20.3993,53.5012],[20.4114,53.4962],[20.4162,53.5002],[20.4194,53.4966],[20.4323,53.4982],[20.4661,53.4838],[20.4684,53.4918],[20.4778,53.4975],[20.4655,53.5072],[20.4729,53.5153],[20.4675,53.5178],[20.472,53.5163],[20.4808,53.5244],[20.511,53.5307],[20.5208,53.5148],[20.5242,53.5219],[20.5575,53.5216],[20.5987,53.5307],[20.6037,53.5291],[20.6023,53.5161],[20.6168,53.499],[20.6085,53.4973],[20.6125,53.4935],[20.6075,53.4876],[20.5947,53.4867],[20.6007,53.4836],[20.5961,53.4755],[20.6053,53.473],[20.6053,53.468],[20.6261,53.4723],[20.6298,53.4659],[20.6245,53.4648],[20.632,53.4523],[20.6789,53.462],[20.6777,53.4537],[20.686,53.454],[20.6848,53.4439],[20.6905,53.434],[20.6952,53.4298],[20.7073,53.4321],[20.7122,53.4152],[20.7241,53.414],[20.7307,53.4185],[20.7371,53.4146],[20.7508,53.4197],[20.7532,53.3922],[20.7489,53.3868],[20.7684,53.3894],[20.7763,53.3749],[20.7895,53.3667],[20.7858,53.3526],[20.7928,53.3492],[20.7961,53.3408],[20.817,53.334],[20.7916,53.3095],[20.7646,53.3156],[20.7517,53.313],[20.7425,53.318],[20.7395,53.3149],[20.747,53.3078],[20.7413,53.3053],[20.7238,53.3068],[20.7166,53.3121],[20.7139,53.2999],[20.6924,53.3026],[20.6921,53.2885],[20.6868,53.2878],[20.676,53.2695],[20.6662,53.2654],[20.6572,53.2515],[20.6119,53.2523],[20.6131,53.2422],[20.5958,53.2344],[20.5823,53.2332],[20.5749,53.2404],[20.5619,53.2265],[20.5547,53.2245],[20.5315,53.2324],[20.5298,53.2278],[20.5353,53.227],[20.5256,53.2228],[20.5071,53.2288],[20.5074,53.2346],[20.4737,53.2342],[20.4584,53.2468],[20.4111,53.2142]]]}},{"type":"Feature","properties":{"slug":"nowomiejski","name":"powiat nowomiejski","bdlUnitId":"042815412000","voivodeship":"warmińsko-mazurskie"},"geometry":{"type":"Polygon","coordinates":[[[19.904,53.436],[19.8983,53.4309],[19.8652,53.4317],[19.8511,53.4184],[19.8372,53.4133],[19.8295,53.3972],[19.8476,53.3879],[19.8417,53.3699],[19.8357,53.3669],[19.8473,53.3625],[19.8516,53.3547],[19.7945,53.3524],[19.7988,53.3411],[19.7895,53.3275],[19.7667,53.3176],[19.7569,53.3212],[19.7386,53.3029],[19.6851,53.3041],[19.6893,53.3082],[19.6901,53.3363],[19.6416,53.3446],[19.6124,53.3383],[19.6073,53.3416],[19.587,53.3317],[19.5201,53.3304],[19.5226,53.3368],[19.519,53.3393],[19.5287,53.3527],[19.5211,53.3572],[19.524,53.3595],[19.5183,53.3585],[19.5199,53.3703],[19.5085,53.3709],[19.4833,53.36],[19.4786,53.3622],[19.4819,53.3709],[19.4732,53.3716],[19.458,53.3598],[19.4287,53.3592],[19.4474,53.3756],[19.4178,53.3789],[19.408,53.3925],[19.3948,53.3946],[19.3971,53.3882],[19.3928,53.3884],[19.3806,53.4109],[19.3689,53.4129],[19.3295,53.405],[19.3074,53.4115],[19.3077,53.4068],[19.2922,53.3988],[19.2987,53.4028],[19.3051,53.4001],[19.296,53.395],[19.2917,53.3851],[19.2875,53.3906],[19.2592,53.3965],[19.2457,53.4105],[19.2317,53.4146],[19.2372,53.4159],[19.2325,53.4212],[19.2395,53.4172],[19.2497,53.4226],[19.2546,53.4315],[19.2411,53.4409],[19.2457,53.444],[19.2417,53.453],[19.2465,53.4553],[19.2258,53.4531],[19.2259,53.4612],[19.2366,53.4675],[19.2232,53.4804],[19.2256,53.4888],[19.2058,53.4967],[19.1895,53.5153],[19.2106,53.5247],[19.2297,53.5186],[19.2881,53.5342],[19.3454,53.5628],[19.3624,53.5584],[19.3592,53.5545],[19.3626,53.5473],[19.3768,53.5399],[19.3934,53.5403],[19.3941,53.525],[19.4005,53.5276],[19.3974,53.5356],[19.378,53.5476],[19.3774,53.5528],[19.4115,53.5694],[19.4321,53.5678],[19.4634,53.563],[19.4665,53.5534],[19.5595,53.5253],[19.5685,53.5275],[19.5643,53.5213],[19.5695,53.5185],[19.5827,53.5304],[19.611,53.524],[19.6137,53.5167],[19.6078,53.5073],[19.6184,53.4977],[19.604,53.4926],[19.6299,53.4813],[19.6266,53.4759],[19.6322,53.4711],[19.6475,53.4632],[19.6581,53.4647],[19.6699,53.4549],[19.6997,53.467],[19.715,53.4443],[19.7358,53.4496],[19.7489,53.4403],[19.7656,53.4492],[19.7772,53.4393],[19.8101,53.4536],[19.8288,53.4555],[19.8438,53.4484],[19.8443,53.4412],[19.853,53.4357],[19.8719,53.4435],[19.904,53.436]]]}},{"type":"Feature","properties":{"slug":"bialogardzki","name":"powiat białogardzki","bdlUnitId":"023216301000","voivodeship":"zachodniopomorskie"},"geometry":{"type":"Polygon","coordinates":[[[16.4443,53.9185],[16.4405,53.9042],[16.4278,53.9004],[16.4147,53.9086],[16.3867,53.9094],[16.3661,53.9168],[16.3411,53.9005],[16.3345,53.8889],[16.338,53.8859],[16.3264,53.877],[16.2647,53.8709],[16.2736,53.8589],[16.2637,53.8569],[16.2551,53.8429],[16.2171,53.8407],[16.2075,53.8331],[16.2034,53.8356],[16.1971,53.8322],[16.2005,53.8254],[16.1832,53.8203],[16.185,53.8111],[16.1676,53.8081],[16.1437,53.8229],[16.1543,53.8345],[16.154,53.8435],[16.1444,53.855],[16.144,53.8785],[16.0997,53.885],[16.0905,53.898],[16.065,53.9009],[16.0658,53.8955],[16.0463,53.8806],[16.0553,53.8745],[16.0448,53.8737],[16.0296,53.8921],[16.013,53.9019],[15.9881,53.9013],[15.9819,53.9101],[15.9567,53.9181],[15.9415,53.912],[15.9123,53.9137],[15.9128,53.9215],[15.9024,53.9226],[15.8853,53.916],[15.8645,53.9159],[15.8672,53.9129],[15.8599,53.9102],[15.8593,53.9048],[15.8649,53.8949],[15.8576,53.8862],[15.8463,53.8987],[15.8217,53.8986],[15.8152,53.9076],[15.7978,53.9032],[15.807,53.8992],[15.8026,53.8945],[15.7869,53.8906],[15.7795,53.8934],[15.7863,53.8959],[15.7783,53.9114],[15.8153,53.9323],[15.7956,53.937],[15.7934,53.9339],[15.7595,53.9355],[15.7544,53.9427],[15.7643,53.9533],[15.7278,53.9616],[15.7284,53.9672],[15.7218,53.972],[15.7391,53.978],[15.7283,53.9824],[15.7315,53.9857],[15.7202,53.9925],[15.7281,54.0006],[15.7463,54.0005],[15.7446,54.0061],[15.7545,54.0105],[15.7393,54.0271],[15.7444,54.0355],[15.7449,54.051],[15.7323,54.0658],[15.743,54.0662],[15.7485,54.0768],[15.7664,54.068],[15.792,54.0675],[15.7962,54.0715],[15.7918,54.073],[15.793,54.0775],[15.8102,54.0748],[15.8124,54.0794],[15.8176,54.076],[15.8206,54.0829],[15.834,54.0839],[15.831,54.0939],[15.8428,54.0973],[15.8544,54.1087],[15.8634,54.1084],[15.8633,54.1161],[15.8805,54.1347],[15.876,54.1394],[15.8802,54.1457],[15.9182,54.1387],[15.9221,54.1348],[15.9128,54.126],[15.9359,54.1063],[15.9324,54.1004],[15.9095,54.089],[15.9105,54.0766],[15.9397,54.0761],[15.943,54.0732],[15.9371,54.0707],[15.9462,54.0655],[15.9576,54.0724],[15.9764,54.0732],[15.988,54.0808],[16.0026,54.0734],[16.0315,54.0896],[16.0549,54.0952],[16.0577,54.1031],[16.0492,54.1064],[16.0532,54.1064],[16.0555,54.1145],[16.0734,54.1125],[16.0905,54.0981],[16.0863,54.0857],[16.102,54.0824],[16.106,54.0716],[16.1224,54.058],[16.1783,54.0425],[16.1804,54.0374],[16.1879,54.0426],[16.1965,54.035],[16.2298,54.0258],[16.2345,54.023],[16.2309,54.0219],[16.2342,54.016],[16.2451,54.022],[16.259,54.0217],[16.2597,54.027],[16.2707,54.0269],[16.2862,54.0199],[16.3488,54.012],[16.3301,53.9982],[16.3268,53.9908],[16.3316,53.9867],[16.3278,53.9842],[16.3579,53.981],[16.3541,53.9858],[16.3629,53.9874],[16.3692,53.9855],[16.365,53.9803],[16.3829,53.9687],[16.4019,53.9742],[16.4308,53.9671],[16.4283,53.9614],[16.457,53.9515],[16.4438,53.9494],[16.4473,53.9289],[16.4338,53.9243],[16.4471,53.9227],[16.4443,53.9185]]]}},{"type":"Feature","properties":{"slug":"tarnogorski","name":"powiat tarnogórski","bdlUnitId":"012414513000","voivodeship":"śląskie"},"geometry":{"type":"Polygon","coordinates":[[[19.0791,50.5079],[19.1149,50.5122],[19.1336,50.5225],[19.1309,50.5115],[19.1345,50.5043],[19.1154,50.5004],[19.1141,50.4929],[19.1215,50.4911],[19.1158,50.4816],[19.0988,50.4816],[19.0977,50.4769],[19.104,50.4726],[19.0995,50.4636],[19.09,50.4635],[19.0898,50.4571],[19.0692,50.4536],[19.0638,50.4429],[19.0569,50.4439],[19.0602,50.4489],[19.0219,50.4565],[19.0238,50.4488],[19.0117,50.4292],[18.988,50.4319],[18.9904,50.4226],[18.9778,50.4122],[18.9471,50.4208],[18.9192,50.4173],[18.9234,50.4035],[18.9143,50.3719],[18.8955,50.3794],[18.8945,50.3849],[18.893,50.3806],[18.8854,50.3814],[18.888,50.394],[18.8945,50.3973],[18.8836,50.399],[18.8845,50.4057],[18.8786,50.41],[18.8633,50.413],[18.8602,50.4061],[18.8354,50.4134],[18.8287,50.4001],[18.8129,50.4055],[18.7903,50.3995],[18.7948,50.3954],[18.7886,50.3925],[18.8009,50.3824],[18.7986,50.3704],[18.7714,50.3756],[18.7634,50.3672],[18.745,50.3683],[18.7508,50.3505],[18.7584,50.3454],[18.7541,50.3416],[18.7356,50.3418],[18.7319,50.3315],[18.7135,50.3281],[18.6841,50.3388],[18.675,50.3372],[18.6741,50.3473],[18.6648,50.3526],[18.6547,50.3489],[18.6448,50.3544],[18.6657,50.3627],[18.6632,50.3724],[18.6525,50.383],[18.656,50.4078],[18.6501,50.4099],[18.6461,50.4195],[18.6339,50.4221],[18.6313,50.4312],[18.614,50.4372],[18.6249,50.4473],[18.6237,50.4561],[18.6493,50.4633],[18.6555,50.473],[18.6443,50.471],[18.6332,50.4787],[18.6228,50.4774],[18.6231,50.4883],[18.6433,50.4901],[18.6526,50.4991],[18.6384,50.527],[18.6498,50.5262],[18.6658,50.5354],[18.6355,50.5488],[18.6153,50.5433],[18.6236,50.5511],[18.6082,50.5489],[18.6054,50.5527],[18.6162,50.5692],[18.598,50.5686],[18.6004,50.5744],[18.5949,50.5728],[18.5912,50.576],[18.5955,50.5776],[18.5908,50.5778],[18.6017,50.6045],[18.6883,50.5865],[18.7079,50.5864],[18.7262,50.5955],[18.7472,50.5952],[18.7789,50.5882],[18.7738,50.587],[18.7798,50.5719],[18.8257,50.5595],[18.8413,50.5476],[18.8418,50.5421],[18.8587,50.5501],[18.8623,50.5538],[18.8559,50.5573],[18.8712,50.5655],[18.8609,50.5744],[18.8167,50.5829],[18.8158,50.5877],[18.8353,50.6024],[18.8453,50.6173],[18.8658,50.6004],[18.8752,50.5854],[18.9073,50.5834],[18.9062,50.5766],[18.949,50.5738],[18.95,50.5805],[18.9657,50.5795],[18.9673,50.5724],[18.9918,50.5708],[19.0033,50.5755],[19.0013,50.5635],[19.0299,50.5617],[19.0238,50.5551],[19.0227,50.5427],[19.0437,50.5404],[19.02,50.5324],[19.02,50.5287],[19.0335,50.5263],[19.0432,50.5184],[19.0528,50.4933],[19.0791,50.5079]]]}},{"type":"Feature","properties":{"slug":"zawiercianski","name":"powiat zawierciański","bdlUnitId":"012415016000","voivodeship":"śląskie"},"geometry":{"type":"Polygon","coordinates":[[[19.7513,50.686],[19.7142,50.7143],[19.7244,50.7184],[19.7129,50.7292],[19.759,50.7157],[19.7788,50.7217],[19.8017,50.7171],[19.8044,50.725],[19.8108,50.7254],[19.8083,50.7059],[19.8433,50.7057],[19.8504,50.6906],[19.8717,50.693],[19.873,50.683],[19.8616,50.6795],[19.8586,50.674],[19.8657,50.6649],[19.837,50.6704],[19.8329,50.6672],[19.8417,50.6583],[19.8285,50.6544],[19.8571,50.6459],[19.8829,50.6453],[19.8888,50.6366],[19.9198,50.6402],[19.9202,50.6345],[19.9151,50.6357],[19.8984,50.616],[19.8619,50.6217],[19.851,50.6122],[19.8409,50.5907],[19.8249,50.5829],[19.817,50.5729],[19.804,50.5656],[19.7897,50.5685],[19.7887,50.5545],[19.8443,50.5559],[19.8551,50.5438],[19.9011,50.5398],[19.9117,50.5118],[19.9345,50.5024],[19.95,50.5048],[19.9523,50.4942],[19.964,50.4887],[19.973,50.4755],[19.9369,50.4789],[19.9005,50.4735],[19.8921,50.4662],[19.903,50.4568],[19.8998,50.4534],[19.853,50.4474],[19.8535,50.4351],[19.8474,50.4343],[19.8379,50.439],[19.8107,50.4353],[19.8009,50.4439],[19.782,50.4401],[19.7673,50.4448],[19.7098,50.4414],[19.7082,50.4483],[19.7008,50.4497],[19.6943,50.4351],[19.6796,50.4347],[19.665,50.4266],[19.6717,50.4158],[19.6545,50.4141],[19.6582,50.4082],[19.6512,50.4127],[19.6366,50.4094],[19.6271,50.4146],[19.6131,50.4045],[19.6024,50.4044],[19.5912,50.4101],[19.566,50.4073],[19.5734,50.4117],[19.5572,50.4108],[19.5572,50.4144],[19.5462,50.4135],[19.5453,50.4189],[19.5379,50.4202],[19.5185,50.4167],[19.5045,50.4011],[19.4876,50.397],[19.4917,50.366],[19.4603,50.3729],[19.4565,50.3663],[19.4626,50.364],[19.4525,50.3598],[19.4037,50.3593],[19.4065,50.3663],[19.4021,50.3644],[19.3614,50.3856],[19.3521,50.3829],[19.346,50.3963],[19.3372,50.3933],[19.3292,50.3971],[19.3146,50.3904],[19.3123,50.3983],[19.3103,50.3942],[19.306,50.3981],[19.3015,50.3917],[19.296,50.3942],[19.2968,50.4058],[19.2903,50.4113],[19.2926,50.4232],[19.2498,50.4369],[19.2675,50.4326],[19.2942,50.4341],[19.2801,50.4409],[19.2868,50.444],[19.2843,50.4503],[19.2921,50.4498],[19.2834,50.4524],[19.2757,50.4713],[19.2754,50.4826],[19.2815,50.4851],[19.2714,50.4873],[19.2699,50.4916],[19.275,50.5034],[19.2909,50.5169],[19.3139,50.5243],[19.3185,50.5219],[19.3161,50.5179],[19.3452,50.5066],[19.353,50.5113],[19.3597,50.5096],[19.3688,50.5203],[19.388,50.5212],[19.3862,50.5249],[19.3911,50.5252],[19.3793,50.5421],[19.3895,50.5463],[19.3707,50.562],[19.3768,50.5626],[19.3866,50.5755],[19.3764,50.5749],[19.3853,50.5761],[19.3913,50.583],[19.377,50.5827],[19.3813,50.5879],[19.41,50.5891],[19.4203,50.596],[19.4411,50.5855],[19.4734,50.583],[19.4889,50.5896],[19.4862,50.6021],[19.5017,50.6023],[19.5141,50.6084],[19.5089,50.6099],[19.5131,50.6147],[19.5224,50.6151],[19.5234,50.6253],[19.53,50.6231],[19.525,50.6174],[19.5418,50.612],[19.5641,50.6247],[19.5868,50.6245],[19.5945,50.618],[19.6201,50.6229],[19.6144,50.6325],[19.6185,50.6372],[19.6291,50.6366],[19.6221,50.6606],[19.6685,50.6552],[19.6721,50.6642],[19.6807,50.6631],[19.6843,50.676],[19.6783,50.6774],[19.6881,50.6821],[19.6952,50.6948],[19.7011,50.6895],[19.7103,50.6899],[19.7086,50.6847],[19.7173,50.6767],[19.7018,50.6626],[19.7035,50.644],[19.7326,50.637],[19.7516,50.6568],[19.7723,50.6566],[19.7818,50.6606],[19.7864,50.6684],[19.7764,50.6785],[19.7697,50.6765],[19.767,50.6829],[19.7626,50.68],[19.7513,50.686]]]}},{"type":"Feature","properties":{"slug":"boleslawiecki","name":"powiat bolesławiecki","bdlUnitId":"030210101000","voivodeship":"dolnośląskie"},"geometry":{"type":"Polygon","coordinates":[[[15.714,51.5174],[15.7251,51.5174],[15.73,51.5123],[15.767,51.5107],[15.767,51.5072],[15.7793,51.5072],[15.7793,51.5024],[15.8075,51.5026],[15.8114,51.4925],[15.8017,51.4889],[15.8246,51.4833],[15.8459,51.4616],[15.8584,51.4566],[15.8212,51.4493],[15.816,51.4296],[15.8169,51.4084],[15.8503,51.3901],[15.8351,51.3816],[15.8328,51.372],[15.837,51.3701],[15.8278,51.3619],[15.8263,51.3531],[15.8161,51.3535],[15.8128,51.3443],[15.8086,51.3454],[15.7718,51.3194],[15.7711,51.3012],[15.7898,51.2863],[15.7768,51.2871],[15.7777,51.281],[15.7693,51.2789],[15.768,51.2689],[15.7472,51.263],[15.7524,51.2588],[15.7425,51.2522],[15.7568,51.2318],[15.7527,51.2286],[15.753,51.2186],[15.7606,51.2058],[15.7564,51.1882],[15.7513,51.1804],[15.7406,51.1785],[15.7428,51.1732],[15.7203,51.1717],[15.7115,51.1635],[15.6916,51.1593],[15.6883,51.1603],[15.6939,51.1625],[15.68,51.164],[15.6435,51.1844],[15.5987,51.1868],[15.6003,51.1812],[15.5877,51.1792],[15.5768,51.187],[15.5672,51.1841],[15.5655,51.1993],[15.5552,51.1943],[15.542,51.1954],[15.5423,51.1914],[15.5341,51.1878],[15.4785,51.1752],[15.4876,51.1494],[15.4744,51.1315],[15.4437,51.1187],[15.4408,51.1122],[15.4278,51.1185],[15.4317,51.1369],[15.4362,51.1389],[15.4264,51.1469],[15.4305,51.1489],[15.3907,51.1564],[15.385,51.165],[15.3936,51.176],[15.3577,51.1885],[15.3402,51.1995],[15.302,51.1834],[15.2743,51.1952],[15.2497,51.1885],[15.217,51.1931],[15.2208,51.1988],[15.2139,51.2017],[15.2091,51.2144],[15.2138,51.2165],[15.2067,51.2204],[15.2268,51.2294],[15.2416,51.2423],[15.24,51.255],[15.2556,51.2601],[15.2517,51.2663],[15.2729,51.2628],[15.2971,51.2684],[15.3101,51.2534],[15.3399,51.2591],[15.2916,51.2854],[15.2861,51.3194],[15.2673,51.3163],[15.2679,51.3276],[15.2486,51.3678],[15.2642,51.3685],[15.2687,51.3731],[15.2562,51.399],[15.2962,51.4066],[15.2755,51.4298],[15.2897,51.4314],[15.2928,51.4231],[15.3152,51.4177],[15.3215,51.4084],[15.3337,51.4099],[15.3249,51.4185],[15.3284,51.4296],[15.3433,51.4469],[15.3337,51.4516],[15.3394,51.4741],[15.3725,51.4697],[15.3821,51.4723],[15.3803,51.481],[15.3704,51.4805],[15.367,51.494],[15.3712,51.5079],[15.3824,51.5124],[15.3856,51.5283],[15.3965,51.531],[15.4058,51.5196],[15.437,51.5273],[15.4501,51.526],[15.4706,51.5182],[15.4692,51.5146],[15.4823,51.513],[15.4858,51.5136],[15.4877,51.5276],[15.5959,51.4696],[15.5809,51.4531],[15.5909,51.4489],[15.5971,51.4515],[15.5998,51.4457],[15.6234,51.4635],[15.6241,51.472],[15.6345,51.4721],[15.6347,51.4789],[15.6459,51.4791],[15.656,51.4724],[15.6642,51.4827],[15.6593,51.488],[15.6673,51.4889],[15.6676,51.499],[15.6788,51.5056],[15.6789,51.5124],[15.701,51.5125],[15.7006,51.5174],[15.714,51.5174]]]}},{"type":"Feature","properties":{"slug":"sepolenski","name":"powiat sępoleński","bdlUnitId":"040416813000","voivodeship":"kujawsko-pomorskie"},"geometry":{"type":"Polygon","coordinates":[[[17.7695,53.4332],[17.7707,53.4023],[17.7375,53.3969],[17.7396,53.3909],[17.7197,53.3839],[17.7061,53.3716],[17.7104,53.3617],[17.695,53.3533],[17.6873,53.3416],[17.6928,53.3328],[17.7308,53.3352],[17.7329,53.3225],[17.7255,53.3061],[17.7064,53.2985],[17.7113,53.2854],[17.6847,53.2864],[17.6761,53.2801],[17.6295,53.2893],[17.6363,53.2796],[17.614,53.2745],[17.5705,53.2849],[17.5553,53.2949],[17.5359,53.2785],[17.4532,53.284],[17.4505,53.2714],[17.4388,53.2675],[17.4201,53.2833],[17.4105,53.2871],[17.4073,53.2825],[17.3944,53.2892],[17.4013,53.2936],[17.3876,53.2987],[17.3788,53.3118],[17.355,53.321],[17.3578,53.3273],[17.3539,53.3344],[17.3421,53.3372],[17.3382,53.3477],[17.2572,53.3634],[17.2473,53.375],[17.2493,53.3804],[17.2585,53.3808],[17.2915,53.3991],[17.2961,53.4059],[17.2901,53.415],[17.2947,53.4218],[17.3288,53.4351],[17.3397,53.4501],[17.3825,53.4686],[17.3941,53.4903],[17.3907,53.491],[17.3955,53.4971],[17.3938,53.5078],[17.402,53.5121],[17.4108,53.5333],[17.4228,53.5375],[17.4209,53.5547],[17.4132,53.5608],[17.4201,53.5647],[17.4171,53.5684],[17.4249,53.5788],[17.4226,53.5847],[17.4466,53.6014],[17.481,53.602],[17.4997,53.6077],[17.5089,53.6173],[17.5154,53.6171],[17.5102,53.6132],[17.5239,53.6056],[17.5293,53.5929],[17.545,53.58],[17.5793,53.5785],[17.6044,53.5969],[17.6508,53.5816],[17.6567,53.5712],[17.6488,53.5655],[17.6318,53.5573],[17.6026,53.557],[17.6065,53.5389],[17.6226,53.543],[17.6411,53.5304],[17.641,53.5243],[17.6469,53.524],[17.6497,53.5155],[17.6651,53.5117],[17.6798,53.4993],[17.6997,53.506],[17.7198,53.5052],[17.7289,53.4345],[17.7695,53.4332]]]}},{"type":"Feature","properties":{"slug":"hajnowski","name":"powiat hajnowski","bdlUnitId":"062013805000","voivodeship":"podlaskie"},"geometry":{"type":"Polygon","coordinates":[[[23.9102,52.9043],[23.9257,52.8995],[23.9246,52.8307],[23.9396,52.8132],[23.9386,52.7129],[23.9001,52.6912],[23.8925,52.6797],[23.8794,52.6797],[23.7661,52.618],[23.7392,52.612],[23.7337,52.6069],[23.7186,52.6147],[23.6414,52.6075],[23.5481,52.5826],[23.5041,52.5662],[23.4666,52.5494],[23.4081,52.5115],[23.3139,52.4267],[23.3007,52.4382],[23.3001,52.4339],[23.2824,52.4326],[23.263,52.4397],[23.2816,52.444],[23.277,52.4463],[23.2695,52.4717],[23.2756,52.474],[23.2572,52.4903],[23.2919,52.497],[23.315,52.4964],[23.3148,52.5014],[23.267,52.5314],[23.2181,52.5431],[23.1962,52.5412],[23.1748,52.566],[23.1939,52.5684],[23.1881,52.5813],[23.2244,52.5752],[23.2218,52.581],[23.2111,52.5819],[23.2228,52.5898],[23.2145,52.5948],[23.2183,52.5976],[23.2162,52.6021],[23.2527,52.5884],[23.2762,52.597],[23.2738,52.6046],[23.2836,52.6168],[23.2788,52.6246],[23.2897,52.6239],[23.2815,52.6278],[23.2841,52.6372],[23.2961,52.6336],[23.3198,52.6463],[23.3267,52.644],[23.3195,52.6577],[23.3292,52.6595],[23.3611,52.6502],[23.3567,52.6445],[23.3688,52.6408],[23.3671,52.638],[23.3759,52.6414],[23.3766,52.6502],[23.3915,52.6672],[23.389,52.6721],[23.3955,52.6731],[23.3875,52.6772],[23.4025,52.6836],[23.3952,52.6908],[23.3908,52.7074],[23.3966,52.7204],[23.3943,52.7271],[23.3784,52.7263],[23.3885,52.7558],[23.3787,52.7556],[23.3705,52.8077],[23.3564,52.8046],[23.3457,52.8318],[23.3496,52.846],[23.326,52.8562],[23.3282,52.8606],[23.3346,52.8562],[23.3302,52.8935],[23.3682,52.8931],[23.3902,52.9041],[23.3862,52.9208],[23.3704,52.921],[23.3682,52.9292],[23.3746,52.9291],[23.3757,52.9597],[23.3684,52.9599],[23.375,52.9651],[23.4189,52.9639],[23.4187,52.9591],[23.433,52.9581],[23.4341,52.9746],[23.4934,52.9902],[23.5039,52.9823],[23.5035,52.9773],[23.5139,52.9725],[23.5317,52.9713],[23.5481,52.9784],[23.5834,52.9636],[23.5625,52.9551],[23.5826,52.9562],[23.6012,52.9675],[23.6345,52.9669],[23.6158,52.9547],[23.6191,52.931],[23.6987,52.9352],[23.7136,52.9466],[23.7303,52.9453],[23.7452,52.9386],[23.7562,52.9422],[23.7719,52.9358],[23.7915,52.9376],[23.8017,52.9212],[23.8114,52.9197],[23.8197,52.9116],[23.8642,52.9107],[23.8886,52.9014],[23.9102,52.9043]]]}},{"type":"Feature","properties":{"slug":"chrzanowski","name":"powiat chrzanowski","bdlUnitId":"011212303000","voivodeship":"małopolskie"},"geometry":{"type":"Polygon","coordinates":[[[19.5103,50.0257],[19.5043,50.036],[19.4921,50.0278],[19.4773,50.0279],[19.4683,50.0403],[19.4631,50.0394],[19.459,50.0301],[19.4377,50.0306],[19.4349,50.0232],[19.4268,50.0351],[19.4168,50.0272],[19.401,50.0332],[19.4034,50.0296],[19.3995,50.0263],[19.3961,50.0375],[19.3773,50.0364],[19.3702,50.0464],[19.3557,50.043],[19.348,50.0533],[19.3375,50.0459],[19.3288,50.0532],[19.3118,50.0461],[19.2967,50.0574],[19.2763,50.0475],[19.2729,50.0526],[19.2818,50.0648],[19.2898,50.0635],[19.2919,50.068],[19.2823,50.0696],[19.2859,50.0728],[19.2816,50.0771],[19.2904,50.0781],[19.2802,50.0848],[19.2863,50.0956],[19.263,50.1071],[19.2592,50.117],[19.2778,50.1197],[19.2706,50.1437],[19.2883,50.1404],[19.3281,50.1435],[19.3449,50.1501],[19.3448,50.1544],[19.3526,50.1526],[19.3499,50.165],[19.3451,50.1647],[19.3472,50.1709],[19.3666,50.1732],[19.3676,50.1792],[19.3481,50.1779],[19.3344,50.1859],[19.337,50.1897],[19.3732,50.1924],[19.3832,50.1997],[19.4024,50.201],[19.3997,50.2033],[19.4058,50.2069],[19.4136,50.2056],[19.4154,50.2009],[19.4165,50.2106],[19.442,50.2266],[19.4841,50.2291],[19.5054,50.2224],[19.5306,50.2221],[19.5252,50.2168],[19.5347,50.2103],[19.5631,50.2108],[19.5854,50.2056],[19.5887,50.1981],[19.5783,50.2017],[19.5253,50.2007],[19.5332,50.195],[19.5204,50.1886],[19.5466,50.1847],[19.5599,50.1713],[19.5424,50.1699],[19.537,50.1625],[19.5464,50.1395],[19.5319,50.1407],[19.5401,50.1229],[19.5363,50.1183],[19.5506,50.099],[19.5779,50.092],[19.6053,50.0624],[19.6064,50.0493],[19.629,50.0342],[19.6229,50.0291],[19.6066,50.0343],[19.5851,50.0213],[19.5593,50.0198],[19.5603,50.0121],[19.5402,50.0244],[19.5171,50.0223],[19.5103,50.0257]]]}},{"type":"Feature","properties":{"slug":"wejherowski","name":"powiat wejherowski","bdlUnitId":"042214015000","voivodeship":"pomorskie"},"geometry":{"type":"Polygon","coordinates":[[[18.431,54.5665],[18.4278,54.559],[18.411,54.5571],[18.4172,54.5542],[18.3896,54.5423],[18.3907,54.5361],[18.4044,54.5364],[18.4014,54.5323],[18.405,54.5294],[18.3846,54.5222],[18.3793,54.5142],[18.3849,54.5104],[18.3669,54.5034],[18.358,54.4932],[18.3666,54.4897],[18.3919,54.4944],[18.4102,54.4684],[18.4181,54.4656],[18.4179,54.4568],[18.401,54.4466],[18.399,54.4394],[18.3622,54.4387],[18.3638,54.4352],[18.345,54.4235],[18.3289,54.4275],[18.322,54.4239],[18.3141,54.4283],[18.3,54.4245],[18.2758,54.4322],[18.2621,54.4251],[18.2436,54.43],[18.2474,54.4399],[18.2362,54.4443],[18.2236,54.4421],[18.2266,54.4381],[18.2043,54.4363],[18.181,54.4178],[18.1451,54.4083],[18.1405,54.4093],[18.1436,54.4137],[18.1336,54.4143],[18.1342,54.4178],[18.1058,54.4167],[18.1054,54.4336],[18.0943,54.4289],[18.0666,54.4345],[18.0483,54.4335],[18.0275,54.4229],[17.9705,54.4342],[17.9578,54.4315],[17.947,54.4221],[17.9302,54.4197],[17.9279,54.4147],[17.8812,54.41],[17.8528,54.4439],[17.8458,54.4633],[17.8672,54.4758],[17.8868,54.4793],[17.8753,54.4915],[17.8797,54.4985],[17.8651,54.501],[17.8635,54.504],[17.8688,54.506],[17.858,54.5147],[17.8273,54.5126],[17.8239,54.522],[17.8368,54.5248],[17.8393,54.5386],[17.8309,54.5534],[17.8444,54.5565],[17.8463,54.5615],[17.8425,54.5662],[17.8267,54.5619],[17.8122,54.5643],[17.8151,54.5672],[17.7984,54.5884],[17.7844,54.5914],[17.7814,54.5971],[17.7783,54.6145],[17.818,54.6055],[17.8139,54.6124],[17.8201,54.616],[17.8141,54.6361],[17.8201,54.6397],[17.8289,54.6644],[17.797,54.6679],[17.7972,54.6759],[17.7885,54.6777],[17.7824,54.7018],[17.769,54.7055],[17.7694,54.7096],[17.7555,54.7104],[17.7546,54.7193],[17.748,54.7237],[17.7635,54.7337],[17.7725,54.7323],[17.7651,54.7433],[17.7364,54.7462],[17.7408,54.7489],[17.7251,54.756],[17.7238,54.7716],[17.7188,54.7761],[17.7029,54.7776],[17.6742,54.7711],[17.6666,54.7832],[17.7561,54.8016],[17.9159,54.8245],[17.9114,54.8118],[17.9172,54.8078],[17.917,54.7962],[17.9267,54.7946],[17.9253,54.7872],[17.9331,54.788],[17.9324,54.7782],[17.9627,54.7778],[17.9727,54.7618],[17.9995,54.7528],[18.0396,54.7573],[18.0228,54.7768],[18.038,54.7839],[18.0368,54.7951],[18.0534,54.7958],[18.0702,54.7648],[18.0823,54.7528],[18.0811,54.7475],[18.0928,54.7391],[18.0871,54.7313],[18.1169,54.6993],[18.1262,54.6952],[18.1587,54.6953],[18.16,54.6916],[18.1813,54.6997],[18.1871,54.6935],[18.181,54.6861],[18.2049,54.6789],[18.205,54.6715],[18.2225,54.6663],[18.2203,54.663],[18.2306,54.6711],[18.228,54.6728],[18.2337,54.6726],[18.2427,54.6482],[18.2946,54.6554],[18.2928,54.6438],[18.3117,54.6419],[18.3193,54.6361],[18.3289,54.639],[18.3405,54.6332],[18.3634,54.6419],[18.3746,54.639],[18.3831,54.635],[18.3796,54.6231],[18.3878,54.6143],[18.4123,54.6117],[18.4095,54.6065],[18.4242,54.5879],[18.418,54.5825],[18.4273,54.5748],[18.4249,54.5685],[18.431,54.5665]]]}},{"type":"Feature","properties":{"slug":"pucki","name":"powiat pucki","bdlUnitId":"042214011000","voivodeship":"pomorskie"},"geometry":{"type":"Polygon","coordinates":[[[18.4222,54.788],[18.4173,54.7694],[18.3974,54.7485],[18.3938,54.7296],[18.4215,54.7211],[18.4467,54.7042],[18.473,54.6946],[18.466,54.6862],[18.4638,54.6602],[18.474,54.6499],[18.4706,54.643],[18.4753,54.6401],[18.4689,54.6402],[18.4679,54.6349],[18.4871,54.6305],[18.5155,54.6362],[18.5119,54.6139],[18.5298,54.592],[18.5417,54.5851],[18.5334,54.5818],[18.5376,54.5769],[18.5351,54.5708],[18.5108,54.5618],[18.4634,54.5624],[18.4618,54.5574],[18.4335,54.5636],[18.434,54.5668],[18.4249,54.5685],[18.4273,54.5748],[18.418,54.5825],[18.4242,54.5879],[18.4095,54.6065],[18.4123,54.6117],[18.3878,54.6143],[18.3796,54.6231],[18.3831,54.635],[18.3746,54.639],[18.3634,54.6419],[18.3405,54.6332],[18.3289,54.639],[18.3193,54.6361],[18.3117,54.6419],[18.2928,54.6438],[18.2946,54.6554],[18.2427,54.6482],[18.2337,54.6726],[18.228,54.6728],[18.2306,54.6711],[18.2203,54.663],[18.2225,54.6663],[18.205,54.6715],[18.2049,54.6789],[18.181,54.6861],[18.1871,54.6935],[18.1813,54.6997],[18.16,54.6916],[18.1587,54.6953],[18.1262,54.6952],[18.1169,54.6993],[18.0871,54.7313],[18.0928,54.7391],[18.0811,54.7475],[18.0823,54.7528],[18.0636,54.7753],[18.057,54.7942],[18.0368,54.7951],[18.038,54.7839],[18.0228,54.7768],[18.0396,54.7573],[17.9995,54.7528],[17.9727,54.7618],[17.9627,54.7778],[17.9324,54.7782],[17.9331,54.788],[17.9253,54.7872],[17.9267,54.7946],[17.917,54.7962],[17.9172,54.8078],[17.9114,54.8118],[17.915,54.8274],[17.9678,54.8323],[18.3294,54.8353],[18.3697,54.8139],[18.4236,54.7972],[18.4342,54.7891],[18.6616,54.7111],[18.7332,54.6819],[18.8153,54.6337],[18.8262,54.6233],[18.8285,54.6062],[18.8164,54.5946],[18.8081,54.5937],[18.7996,54.5997],[18.7988,54.6072],[18.7781,54.614],[18.7778,54.621],[18.7642,54.6376],[18.7158,54.6782],[18.6909,54.693],[18.6732,54.6931],[18.6684,54.6987],[18.654,54.6998],[18.6183,54.722],[18.5284,54.7489],[18.5227,54.755],[18.4222,54.788]],[[18.5099,54.5637],[18.5129,54.5651],[18.5127,54.5653],[18.51,54.564],[18.5099,54.5637]]]}},{"type":"Feature","properties":{"slug":"rawski","name":"powiat rawski","bdlUnitId":"051011913000","voivodeship":"łódzkie"},"geometry":{"type":"Polygon","coordinates":[[[20.1158,51.7402],[20.1395,51.7415],[20.146,51.7603],[20.1654,51.7585],[20.1693,51.7643],[20.1666,51.7693],[20.1742,51.7713],[20.1793,51.7793],[20.1863,51.7776],[20.189,51.7839],[20.1892,51.7998],[20.1853,51.8028],[20.1244,51.8115],[20.1191,51.8192],[20.1365,51.8357],[20.1379,51.8442],[20.1518,51.8399],[20.1746,51.8423],[20.1869,51.8344],[20.2067,51.8393],[20.2065,51.8481],[20.215,51.8505],[20.271,51.8509],[20.2862,51.8497],[20.2824,51.8485],[20.2851,51.8437],[20.2985,51.8454],[20.3136,51.8403],[20.315,51.8472],[20.3406,51.8496],[20.3289,51.8629],[20.3318,51.8707],[20.3679,51.8651],[20.3772,51.8585],[20.415,51.8697],[20.4349,51.8484],[20.4587,51.8632],[20.4733,51.8625],[20.4785,51.8679],[20.5098,51.867],[20.5119,51.887],[20.5188,51.8924],[20.5364,51.8913],[20.5708,51.888],[20.5664,51.8763],[20.5857,51.8696],[20.591,51.8606],[20.5906,51.8494],[20.6054,51.8496],[20.5963,51.8398],[20.5997,51.8274],[20.619,51.8277],[20.6195,51.8204],[20.6077,51.8161],[20.5761,51.821],[20.5575,51.8188],[20.5602,51.8122],[20.582,51.8109],[20.5789,51.7936],[20.595,51.7693],[20.5877,51.7703],[20.594,51.768],[20.5841,51.7618],[20.5826,51.748],[20.6388,51.7375],[20.6389,51.7325],[20.6584,51.7242],[20.6545,51.7149],[20.6593,51.6986],[20.6532,51.6772],[20.6365,51.6762],[20.6339,51.6699],[20.624,51.669],[20.6216,51.6579],[20.5966,51.6572],[20.5843,51.6629],[20.5354,51.6687],[20.5227,51.6657],[20.5225,51.677],[20.5182,51.6709],[20.5145,51.6855],[20.4877,51.6836],[20.4672,51.6928],[20.467,51.6972],[20.4537,51.6934],[20.4506,51.6861],[20.4417,51.6913],[20.4368,51.6882],[20.4423,51.6847],[20.4382,51.6809],[20.4003,51.6728],[20.3904,51.6599],[20.3953,51.647],[20.3697,51.6321],[20.3592,51.6401],[20.3584,51.6476],[20.3378,51.6481],[20.3385,51.6517],[20.333,51.6527],[20.3265,51.6476],[20.3179,51.6503],[20.3206,51.6555],[20.2855,51.6544],[20.2807,51.6677],[20.2876,51.6823],[20.2858,51.6886],[20.2786,51.6958],[20.2796,51.7005],[20.2662,51.6965],[20.2646,51.7102],[20.2468,51.7116],[20.2402,51.7079],[20.2205,51.7244],[20.2089,51.7205],[20.2063,51.7239],[20.2085,51.7182],[20.1754,51.7107],[20.1777,51.7072],[20.1728,51.7019],[20.1527,51.7027],[20.138,51.711],[20.1513,51.714],[20.1509,51.7242],[20.134,51.7242],[20.116,51.7309],[20.1115,51.7385],[20.1158,51.7402]]]}},{"type":"Feature","properties":{"slug":"lowicki","name":"powiat łowicki","bdlUnitId":"051011905000","voivodeship":"łódzkie"},"geometry":{"type":"Polygon","coordinates":[[[19.8685,51.9159],[19.8572,51.9198],[19.8435,51.9354],[19.8319,51.9769],[19.8048,51.9745],[19.7862,51.9867],[19.7308,51.9967],[19.7195,52.0135],[19.736,52.022],[19.7378,52.0281],[19.7085,52.0213],[19.6727,52.029],[19.6338,52.0192],[19.6298,52.0198],[19.6309,52.026],[19.6207,52.0288],[19.591,52.0299],[19.5919,52.037],[19.5773,52.0321],[19.5551,52.0377],[19.555,52.0453],[19.5421,52.0473],[19.5418,52.0536],[19.5349,52.0549],[19.543,52.0615],[19.5377,52.0613],[19.5387,52.0744],[19.5127,52.0803],[19.5475,52.0857],[19.524,52.101],[19.5314,52.1249],[19.5797,52.1238],[19.6183,52.116],[19.6203,52.1224],[19.6348,52.1202],[19.6465,52.1375],[19.661,52.1325],[19.6657,52.1441],[19.698,52.1435],[19.7016,52.1528],[19.689,52.1723],[19.7004,52.1785],[19.7173,52.1794],[19.7124,52.192],[19.7137,52.2038],[19.7376,52.208],[19.7429,52.2223],[19.764,52.2294],[19.7615,52.2423],[19.7502,52.2534],[19.7361,52.2586],[19.7718,52.2642],[19.7929,52.2737],[19.7898,52.2798],[19.8051,52.2791],[19.816,52.2839],[19.8293,52.2746],[19.8475,52.2721],[19.8777,52.2877],[19.8617,52.2909],[19.8911,52.3113],[19.9026,52.3086],[19.9018,52.3039],[19.9125,52.2993],[19.9361,52.2997],[19.9392,52.2893],[19.9538,52.2834],[19.9593,52.2855],[19.9581,52.2783],[19.9651,52.2683],[19.9859,52.2624],[20.0421,52.2577],[20.0376,52.2467],[20.0805,52.233],[20.0631,52.1989],[20.0621,52.1881],[20.0874,52.1682],[20.091,52.1526],[20.117,52.1464],[20.1094,52.1394],[20.1117,52.1313],[20.0987,52.1299],[20.1017,52.1221],[20.1136,52.1253],[20.1241,52.0937],[20.0928,52.0857],[20.0979,52.0683],[20.1234,52.0674],[20.1256,52.0611],[20.121,52.0607],[20.1186,52.0509],[20.1287,52.0498],[20.1268,52.0428],[20.1117,52.0285],[20.122,52.0233],[20.0778,52.0282],[20.0894,52.0217],[20.0515,52.0038],[20.0617,51.9947],[20.0213,51.9864],[20.0054,51.9838],[20.0023,51.9959],[19.9612,51.9921],[19.9633,51.983],[19.9451,51.9813],[19.9479,51.9693],[19.924,51.967],[19.9266,51.9567],[19.9069,51.949],[19.9091,51.9321],[19.9245,51.9343],[19.9301,51.9236],[19.8986,51.9192],[19.9005,51.9095],[19.8685,51.9159]]]}},{"type":"Feature","properties":{"slug":"skierniewicki","name":"powiat skierniewicki","bdlUnitId":"051011915000","voivodeship":"łódzkie"},"geometry":{"type":"Polygon","coordinates":[[[20.1156,52.1438],[20.1606,52.1513],[20.1651,52.1386],[20.1966,52.1172],[20.2519,52.1173],[20.2574,52.1063],[20.2689,52.1007],[20.2699,52.0771],[20.2433,52.0731],[20.2531,52.0553],[20.2059,52.028],[20.2006,52.0301],[20.1987,52.0256],[20.2332,52.0019],[20.2432,51.9989],[20.2501,52.0062],[20.2624,52.0004],[20.2551,51.9956],[20.2722,51.9823],[20.2715,51.9713],[20.294,51.9671],[20.2407,51.951],[20.2435,51.9334],[20.2658,51.9309],[20.2687,51.9352],[20.2916,51.9397],[20.31,51.935],[20.3144,51.9241],[20.3116,51.9185],[20.2954,51.9123],[20.3182,51.9123],[20.3239,51.922],[20.3538,51.9197],[20.3598,51.9283],[20.3726,51.9236],[20.3837,51.937],[20.3779,51.9387],[20.3715,51.9338],[20.3707,51.9383],[20.3815,51.9425],[20.3891,51.942],[20.3971,51.9305],[20.4136,51.9304],[20.4235,51.941],[20.4201,51.9479],[20.4326,51.9374],[20.4394,51.9435],[20.4571,51.9332],[20.4755,51.9311],[20.478,51.9202],[20.4873,51.9189],[20.4909,51.9104],[20.4794,51.9],[20.4983,51.8895],[20.5101,51.8944],[20.5188,51.8924],[20.5087,51.8821],[20.51,51.8671],[20.4785,51.8679],[20.4733,51.8625],[20.4587,51.8632],[20.4525,51.8561],[20.4331,51.8483],[20.415,51.8697],[20.3772,51.8585],[20.3679,51.8651],[20.3318,51.8707],[20.3289,51.8629],[20.3406,51.8496],[20.315,51.8472],[20.3136,51.8403],[20.2985,51.8454],[20.2851,51.8437],[20.2824,51.8485],[20.2862,51.8497],[20.271,51.8509],[20.215,51.8505],[20.2065,51.8481],[20.2067,51.8393],[20.1869,51.8344],[20.1746,51.8423],[20.1518,51.8399],[20.1379,51.8442],[20.1365,51.8357],[20.1191,51.8192],[20.1244,51.8115],[20.1853,51.8028],[20.1894,51.79],[20.1863,51.7776],[20.1793,51.7793],[20.1742,51.7713],[20.1666,51.7693],[20.1693,51.7643],[20.1654,51.7585],[20.146,51.7603],[20.1363,51.7407],[20.1042,51.7426],[20.0938,51.7386],[20.0606,51.7626],[19.9891,51.7791],[19.9901,51.7938],[20.0024,51.7909],[20.0049,51.7987],[19.9952,51.7991],[19.995,51.8145],[20.0022,51.8148],[20.0141,51.8269],[19.9944,51.8369],[19.9786,51.8363],[19.9686,51.8431],[19.9658,51.851],[19.9449,51.8458],[19.8895,51.8624],[19.8761,51.8723],[19.8778,51.8831],[19.886,51.888],[19.8734,51.895],[19.8685,51.9159],[19.9005,51.9095],[19.8986,51.9192],[19.9301,51.9236],[19.9245,51.9343],[19.9091,51.9321],[19.9069,51.949],[19.9266,51.9567],[19.924,51.967],[19.9479,51.9693],[19.9451,51.9813],[19.9633,51.983],[19.9612,51.9921],[20.0023,51.9959],[20.0054,51.9838],[20.0213,51.9864],[20.0617,51.9947],[20.0515,52.0038],[20.0894,52.0217],[20.0778,52.0282],[20.122,52.0233],[20.1117,52.0285],[20.1268,52.0428],[20.1287,52.0498],[20.1186,52.0509],[20.121,52.0607],[20.1256,52.0611],[20.1234,52.0674],[20.0979,52.0683],[20.0928,52.0857],[20.1241,52.0937],[20.1136,52.1253],[20.1017,52.1221],[20.0987,52.1299],[20.1117,52.1313],[20.1094,52.1394],[20.1156,52.1438]],[[20.2005,51.9735],[20.2254,51.9714],[20.2333,51.9753],[20.22,51.9859],[20.1958,51.9816],[20.173,51.9863],[20.1635,51.9936],[20.1604,51.9874],[20.1499,51.9933],[20.1455,51.9902],[20.1502,51.9876],[20.1177,51.9754],[20.1224,51.9752],[20.107,51.9664],[20.1103,51.966],[20.1095,51.9582],[20.1049,51.9585],[20.1199,51.9507],[20.1119,51.9489],[20.1131,51.9432],[20.1071,51.9391],[20.1117,51.9361],[20.1051,51.9337],[20.1052,51.9272],[20.1229,51.9267],[20.1319,51.933],[20.1535,51.9303],[20.1586,51.9226],[20.1631,51.9329],[20.1815,51.9296],[20.1782,51.9429],[20.1888,51.9434],[20.1924,51.948],[20.1833,51.9498],[20.184,51.9641],[20.2001,51.9624],[20.1843,51.9657],[20.1864,51.9749],[20.2005,51.9735]]]}},{"type":"Feature","properties":{"slug":"ilawski","name":"powiat iławski","bdlUnitId":"042815407000","voivodeship":"warmińsko-mazurskie"},"geometry":{"type":"Polygon","coordinates":[[[19.771,53.608],[19.8109,53.6011],[19.8083,53.5961],[19.8164,53.5896],[19.8115,53.5854],[19.8163,53.5805],[19.8368,53.5747],[19.8409,53.5691],[19.8804,53.5619],[19.8886,53.5441],[19.8762,53.5383],[19.8779,53.5345],[19.8845,53.5255],[19.902,53.5156],[19.8972,53.5125],[19.9032,53.5114],[19.8967,53.5063],[19.9006,53.5041],[19.8959,53.4842],[19.9188,53.4761],[19.9327,53.4583],[19.9294,53.4573],[19.948,53.4384],[19.928,53.4329],[19.8719,53.4435],[19.853,53.4357],[19.8443,53.4412],[19.8438,53.4484],[19.8288,53.4555],[19.8101,53.4536],[19.7772,53.4393],[19.7656,53.4492],[19.7489,53.4403],[19.7358,53.4496],[19.715,53.4443],[19.6997,53.467],[19.6699,53.4549],[19.6581,53.4647],[19.6475,53.4632],[19.6322,53.4711],[19.6266,53.4759],[19.6299,53.4813],[19.604,53.4926],[19.6184,53.4977],[19.6078,53.5073],[19.6137,53.5167],[19.611,53.524],[19.5827,53.5304],[19.5695,53.5185],[19.5643,53.5213],[19.5685,53.5275],[19.5595,53.5253],[19.4665,53.5534],[19.4634,53.563],[19.4321,53.5678],[19.4115,53.5694],[19.3774,53.5528],[19.378,53.5476],[19.3974,53.5356],[19.4005,53.5276],[19.3941,53.525],[19.3934,53.5403],[19.3768,53.5399],[19.3626,53.5473],[19.3592,53.5545],[19.3624,53.5584],[19.3454,53.5628],[19.2881,53.5342],[19.2297,53.5186],[19.2188,53.5243],[19.2079,53.5481],[19.1952,53.544],[19.1893,53.5478],[19.1997,53.5701],[19.1758,53.5807],[19.1293,53.5883],[19.1276,53.6022],[19.1304,53.6083],[19.1629,53.6243],[19.1791,53.6404],[19.1845,53.6371],[19.1935,53.6411],[19.2026,53.6352],[19.2123,53.6434],[19.2137,53.6697],[19.2237,53.6687],[19.2129,53.6914],[19.2249,53.7043],[19.2373,53.7077],[19.2644,53.7302],[19.2893,53.7395],[19.3042,53.754],[19.2995,53.7623],[19.3041,53.7673],[19.2986,53.7709],[19.3029,53.7782],[19.2987,53.7789],[19.3049,53.7885],[19.3155,53.791],[19.3089,53.7945],[19.3097,53.8014],[19.323,53.8139],[19.3707,53.8142],[19.4542,53.7976],[19.4605,53.7832],[19.4815,53.7756],[19.4816,53.7811],[19.4719,53.7849],[19.5004,53.8066],[19.4796,53.8168],[19.5186,53.8466],[19.5123,53.8472],[19.5142,53.8567],[19.5244,53.8601],[19.5304,53.8743],[19.538,53.8752],[19.5397,53.8789],[19.5343,53.8813],[19.5572,53.8978],[19.5603,53.9167],[19.5734,53.9148],[19.5711,53.9089],[19.6008,53.9099],[19.5934,53.9039],[19.5856,53.9049],[19.5827,53.897],[19.5976,53.8888],[19.6214,53.888],[19.6257,53.8946],[19.6333,53.8938],[19.6325,53.8877],[19.6427,53.883],[19.6459,53.874],[19.6746,53.8892],[19.6898,53.8755],[19.6998,53.8775],[19.702,53.8703],[19.7127,53.8657],[19.7091,53.8556],[19.7235,53.8386],[19.7198,53.8366],[19.7405,53.8318],[19.7467,53.8106],[19.7681,53.8112],[19.7619,53.801],[19.7455,53.7949],[19.7523,53.785],[19.7511,53.7785],[19.7628,53.7779],[19.7584,53.7729],[19.7409,53.7739],[19.7327,53.7652],[19.7371,53.7596],[19.7238,53.7558],[19.7193,53.7498],[19.7241,53.7437],[19.7215,53.7379],[19.7306,53.7281],[19.7025,53.7198],[19.7001,53.7108],[19.709,53.7073],[19.7042,53.6999],[19.7414,53.6922],[19.745,53.6818],[19.7585,53.6834],[19.7623,53.6746],[19.7903,53.688],[19.8045,53.6818],[19.808,53.6707],[19.7918,53.6617],[19.7724,53.6393],[19.7601,53.6374],[19.7594,53.6293],[19.7385,53.6172],[19.771,53.608]]]}},{"type":"Feature","properties":{"slug":"nizanski","name":"powiat niżański","bdlUnitId":"061813612000","voivodeship":"podkarpackie"},"geometry":{"type":"Polygon","coordinates":[[[22.1908,50.5403],[22.2286,50.5479],[22.2268,50.5574],[22.2341,50.558],[22.2337,50.5645],[22.2089,50.561],[22.2075,50.555],[22.2026,50.5546],[22.2,50.5623],[22.2091,50.5636],[22.2072,50.568],[22.2499,50.5744],[22.251,50.5923],[22.2423,50.5949],[22.2536,50.5931],[22.2639,50.604],[22.2503,50.6104],[22.2337,50.6104],[22.2227,50.6184],[22.1965,50.6178],[22.2167,50.6251],[22.2463,50.6249],[22.2562,50.6203],[22.2898,50.623],[22.2898,50.6191],[22.3004,50.6169],[22.3195,50.6191],[22.3789,50.6041],[22.3827,50.5979],[22.3996,50.5938],[22.4201,50.5806],[22.4653,50.5919],[22.4684,50.586],[22.4653,50.5844],[22.4888,50.5801],[22.4836,50.5757],[22.4908,50.5765],[22.4917,50.5828],[22.5065,50.5842],[22.5058,50.5756],[22.515,50.5755],[22.5096,50.5801],[22.5197,50.5832],[22.5362,50.5721],[22.5385,50.5498],[22.5201,50.5488],[22.5236,50.5423],[22.5121,50.5389],[22.5202,50.5342],[22.5343,50.5375],[22.5354,50.5241],[22.5277,50.522],[22.5367,50.5167],[22.5288,50.5128],[22.5412,50.5057],[22.571,50.5099],[22.577,50.5043],[22.5671,50.4984],[22.5711,50.4953],[22.546,50.4857],[22.5057,50.4837],[22.5161,50.4773],[22.5274,50.4799],[22.5255,50.4751],[22.5672,50.4832],[22.5873,50.4809],[22.5538,50.4655],[22.5573,50.461],[22.5663,50.4634],[22.5665,50.4598],[22.5511,50.4621],[22.5454,50.452],[22.5303,50.4471],[22.5211,50.4554],[22.5242,50.4576],[22.5205,50.4642],[22.5073,50.4675],[22.51,50.4567],[22.5043,50.4552],[22.4663,50.46],[22.4633,50.4657],[22.4445,50.4621],[22.4563,50.4522],[22.4469,50.4467],[22.4564,50.4458],[22.4595,50.4342],[22.4501,50.433],[22.4462,50.419],[22.4119,50.4234],[22.403,50.3952],[22.4192,50.3853],[22.4414,50.38],[22.4358,50.3627],[22.4389,50.354],[22.4453,50.3572],[22.4556,50.3501],[22.4435,50.3439],[22.4539,50.3352],[22.4344,50.3309],[22.3921,50.3461],[22.375,50.3477],[22.3731,50.3651],[22.3502,50.3758],[22.3493,50.3893],[22.3363,50.3968],[22.3329,50.387],[22.3394,50.3699],[22.3342,50.3687],[22.3129,50.3748],[22.3124,50.3826],[22.3198,50.3862],[22.3099,50.3933],[22.2778,50.3842],[22.2577,50.3902],[22.2745,50.3638],[22.2685,50.3569],[22.2446,50.3644],[22.232,50.3529],[22.2278,50.3559],[22.2254,50.3519],[22.2297,50.3475],[22.2136,50.3504],[22.2159,50.3471],[22.2017,50.3349],[22.1884,50.3364],[22.1899,50.3417],[22.1999,50.3433],[22.1976,50.3521],[22.1738,50.3487],[22.17,50.3427],[22.1527,50.3476],[22.1526,50.3537],[22.1231,50.356],[22.1055,50.3698],[22.0863,50.3691],[22.0865,50.3586],[22.1015,50.3537],[22.0834,50.344],[22.074,50.3332],[21.9988,50.3239],[22.0056,50.3089],[21.9979,50.3089],[21.999,50.3036],[21.9732,50.3131],[21.9671,50.3268],[21.9947,50.3325],[21.9913,50.341],[21.9824,50.3444],[21.9902,50.3498],[21.9839,50.3674],[22.0177,50.3619],[22.0281,50.3767],[22.019,50.3795],[22.0391,50.4091],[22.0549,50.4047],[22.0623,50.4161],[22.0585,50.4535],[22.0866,50.4534],[22.0649,50.5129],[22.0929,50.5447],[22.0907,50.5486],[22.1012,50.543],[22.1013,50.5508],[22.1065,50.5531],[22.1096,50.5482],[22.141,50.5472],[22.1476,50.5518],[22.157,50.546],[22.1545,50.5353],[22.1631,50.5279],[22.1743,50.5344],[22.1685,50.5381],[22.1744,50.5354],[22.1908,50.5403]]]}},{"type":"Feature","properties":{"slug":"tarnobrzeski","name":"powiat tarnobrzeski","bdlUnitId":"061813620000","voivodeship":"podkarpackie"},"geometry":{"type":"Polygon","coordinates":[[[21.7792,50.645],[21.7787,50.6585],[21.7938,50.6757],[21.7863,50.68],[21.8218,50.6925],[21.8278,50.7165],[21.8434,50.7392],[21.8628,50.7276],[21.8679,50.7123],[21.8805,50.7027],[21.8598,50.6804],[21.8637,50.6761],[21.8728,50.6773],[21.8571,50.6509],[21.8688,50.6367],[21.8669,50.6337],[21.9043,50.6151],[21.9118,50.6002],[21.9407,50.5886],[21.9371,50.5781],[21.9632,50.5739],[21.9567,50.5707],[21.9626,50.5685],[21.9905,50.568],[21.9791,50.5588],[21.9689,50.5399],[21.9808,50.53],[21.9683,50.5196],[21.9517,50.5185],[21.9732,50.5058],[21.8839,50.4884],[21.8951,50.476],[21.8822,50.4729],[21.8662,50.4822],[21.8528,50.4705],[21.7764,50.4492],[21.7955,50.4314],[21.7924,50.4259],[21.797,50.4216],[21.794,50.4185],[21.7973,50.406],[21.7591,50.3878],[21.6856,50.4286],[21.6757,50.448],[21.6705,50.4369],[21.6423,50.4155],[21.6479,50.4101],[21.6411,50.4121],[21.6388,50.4085],[21.6368,50.39],[21.5918,50.3861],[21.582,50.3935],[21.5507,50.4009],[21.5596,50.4117],[21.5543,50.4124],[21.5656,50.4353],[21.5321,50.4506],[21.5313,50.4667],[21.5234,50.4637],[21.499,50.4747],[21.5028,50.4826],[21.4891,50.4841],[21.4821,50.4964],[21.5538,50.5205],[21.6012,50.5197],[21.6058,50.5142],[21.6228,50.5128],[21.6298,50.5242],[21.6457,50.5237],[21.6648,50.5366],[21.6996,50.5387],[21.7119,50.534],[21.7329,50.5513],[21.748,50.5781],[21.7527,50.5765],[21.7745,50.5928],[21.7963,50.6147],[21.7894,50.6135],[21.7848,50.6197],[21.7733,50.6226],[21.7731,50.6371],[21.7792,50.645]]]}},{"type":"Feature","properties":{"slug":"nowodworski-mazowieckie","name":"powiat nowodworski","bdlUnitId":"071413014000","voivodeship":"mazowieckie"},"geometry":{"type":"Polygon","coordinates":[[[20.4215,52.3311],[20.4185,52.3372],[20.424,52.3385],[20.4187,52.3711],[20.3976,52.3726],[20.4057,52.3748],[20.4048,52.3843],[20.4975,52.4219],[20.4817,52.4303],[20.4872,52.4359],[20.4849,52.4442],[20.5011,52.447],[20.5419,52.4671],[20.5732,52.4641],[20.5835,52.4879],[20.5804,52.5045],[20.5892,52.5065],[20.5902,52.5143],[20.6201,52.53],[20.6171,52.5482],[20.6043,52.5663],[20.6374,52.5832],[20.6574,52.58],[20.663,52.5858],[20.6558,52.5954],[20.704,52.5885],[20.7149,52.5916],[20.7116,52.5991],[20.7236,52.6059],[20.7148,52.6173],[20.7274,52.6199],[20.729,52.6323],[20.7466,52.6322],[20.7552,52.6436],[20.7877,52.6466],[20.7933,52.638],[20.8163,52.6361],[20.8256,52.6293],[20.8606,52.6382],[20.8556,52.6331],[20.8643,52.6217],[20.8563,52.6137],[20.8683,52.6041],[20.8952,52.5982],[20.9087,52.588],[20.9071,52.5718],[20.9304,52.5594],[20.919,52.5288],[20.9002,52.5192],[20.903,52.5175],[20.8919,52.4849],[20.8206,52.4853],[20.7864,52.4717],[20.7761,52.4746],[20.7624,52.4676],[20.765,52.4492],[20.7589,52.4462],[20.7609,52.4272],[20.7667,52.4249],[20.7613,52.4246],[20.756,52.4161],[20.7388,52.4135],[20.737,52.4064],[20.7617,52.4045],[20.8157,52.3828],[20.8205,52.3789],[20.8145,52.3645],[20.8284,52.36],[20.8205,52.3461],[20.8015,52.3444],[20.7789,52.3506],[20.7622,52.3231],[20.7405,52.3223],[20.7327,52.3497],[20.6966,52.3386],[20.6917,52.3348],[20.6933,52.3284],[20.6874,52.327],[20.6889,52.3314],[20.6464,52.3148],[20.6201,52.3113],[20.6041,52.3337],[20.5538,52.3261],[20.5646,52.312],[20.5295,52.3119],[20.5342,52.2948],[20.5143,52.2954],[20.5046,52.2881],[20.5077,52.2947],[20.476,52.2937],[20.4712,52.2851],[20.4392,52.2882],[20.4369,52.2973],[20.4298,52.2981],[20.4323,52.3048],[20.4485,52.3035],[20.4574,52.322],[20.4222,52.3213],[20.4273,52.3288],[20.4215,52.3311]]]}},{"type":"Feature","properties":{"slug":"pruszkowski","name":"powiat pruszkowski","bdlUnitId":"071413021000","voivodeship":"mazowieckie"},"geometry":{"type":"Polygon","coordinates":[[[20.6309,52.1651],[20.6384,52.1698],[20.6413,52.1814],[20.6507,52.1755],[20.6601,52.1835],[20.6787,52.1871],[20.7049,52.1833],[20.6976,52.1906],[20.7402,52.1876],[20.7478,52.1995],[20.7631,52.196],[20.7664,52.2011],[20.7752,52.1906],[20.8531,52.1972],[20.856,52.1878],[20.8671,52.1908],[20.8672,52.1825],[20.9148,52.1858],[20.9113,52.1795],[20.9187,52.1774],[20.9239,52.1663],[20.9833,52.1406],[20.9799,52.128],[20.989,52.1236],[20.9841,52.1159],[20.9643,52.1191],[20.9537,52.1106],[20.9437,52.1188],[20.9283,52.1198],[20.9111,52.1121],[20.9153,52.1002],[20.9022,52.1023],[20.8916,52.091],[20.8616,52.09],[20.8589,52.0876],[20.8656,52.0826],[20.8615,52.078],[20.867,52.074],[20.854,52.0724],[20.8565,52.0632],[20.8326,52.0631],[20.8292,52.0589],[20.8265,52.067],[20.811,52.0602],[20.8097,52.0515],[20.8371,52.0361],[20.8108,52.0361],[20.8121,52.0221],[20.7722,52.0006],[20.7622,52.0181],[20.7409,52.0397],[20.7174,52.0432],[20.7334,52.0625],[20.73,52.0678],[20.7335,52.0847],[20.7154,52.0938],[20.6905,52.0969],[20.7016,52.1145],[20.7017,52.1252],[20.7148,52.1137],[20.7445,52.1107],[20.7541,52.0943],[20.7797,52.0974],[20.7846,52.0892],[20.7937,52.0916],[20.7808,52.0979],[20.7777,52.1151],[20.7462,52.1183],[20.7482,52.1269],[20.7138,52.1291],[20.7028,52.1368],[20.6786,52.1291],[20.6814,52.1358],[20.6732,52.1442],[20.6545,52.1503],[20.6698,52.1589],[20.6309,52.1651]]]}},{"type":"Feature","properties":{"slug":"przysuski","name":"powiat przysuski","bdlUnitId":"071422723000","voivodeship":"mazowieckie"},"geometry":{"type":"MultiPolygon","coordinates":[[[[20.4203,51.6],[20.4165,51.6063],[20.4404,51.6169],[20.4569,51.6162],[20.4719,51.6075],[20.5364,51.6126],[20.5461,51.6097],[20.549,51.5994],[20.5136,51.5929],[20.4974,51.5823],[20.5003,51.5772],[20.4953,51.5605],[20.5409,51.5631],[20.565,51.5564],[20.5803,51.5679],[20.5721,51.5691],[20.5715,51.577],[20.6045,51.5784],[20.6193,51.5676],[20.6348,51.5687],[20.6394,51.5697],[20.6436,51.5837],[20.7045,51.5772],[20.7101,51.5593],[20.7003,51.556],[20.7009,51.5485],[20.7215,51.5394],[20.7326,51.543],[20.7383,51.552],[20.759,51.5506],[20.7665,51.5414],[20.7637,51.5316],[20.7946,51.5201],[20.7987,51.5117],[20.7903,51.4938],[20.7939,51.4857],[20.7841,51.4753],[20.7843,51.4626],[20.7925,51.4589],[20.7613,51.4609],[20.7573,51.4529],[20.7824,51.4474],[20.7645,51.419],[20.7811,51.415],[20.7978,51.4187],[20.8153,51.4085],[20.8193,51.4154],[20.8365,51.4149],[20.8511,51.4219],[20.8773,51.4145],[20.886,51.4092],[20.8869,51.4027],[20.8726,51.3919],[20.8472,51.3833],[20.8577,51.3766],[20.8382,51.3642],[20.8404,51.3562],[20.8617,51.3595],[20.8509,51.3392],[20.8313,51.3305],[20.8235,51.3199],[20.8181,51.3227],[20.8163,51.3164],[20.8015,51.3137],[20.7795,51.3192],[20.7744,51.3166],[20.7761,51.3122],[20.7668,51.3107],[20.7611,51.2961],[20.7702,51.2933],[20.7726,51.2989],[20.7777,51.2981],[20.779,51.2883],[20.784,51.2858],[20.7759,51.286],[20.7587,51.2649],[20.7483,51.2689],[20.728,51.2586],[20.7136,51.2627],[20.7045,51.2717],[20.707,51.2698],[20.6958,51.2655],[20.6817,51.266],[20.667,51.2516],[20.6525,51.2515],[20.6521,51.2629],[20.6398,51.2641],[20.6399,51.2552],[20.6347,51.25],[20.6145,51.2498],[20.6135,51.2418],[20.6072,51.2468],[20.579,51.2447],[20.566,51.2315],[20.5436,51.2313],[20.5332,51.2477],[20.5391,51.2546],[20.5248,51.2604],[20.537,51.2697],[20.5293,51.2734],[20.5333,51.2765],[20.5016,51.2869],[20.5108,51.2942],[20.4979,51.293],[20.4945,51.2988],[20.4926,51.3073],[20.498,51.3107],[20.5133,51.3081],[20.5112,51.3129],[20.5174,51.3166],[20.5086,51.3301],[20.4639,51.3317],[20.4635,51.3364],[20.4332,51.3425],[20.431,51.3394],[20.422,51.3615],[20.4168,51.3616],[20.4297,51.3694],[20.4283,51.3775],[20.4443,51.3943],[20.4423,51.3984],[20.4503,51.4144],[20.4586,51.4089],[20.4865,51.4125],[20.4846,51.4162],[20.4926,51.4248],[20.4853,51.432],[20.4877,51.441],[20.4977,51.4418],[20.4967,51.4484],[20.5124,51.4509],[20.5246,51.456],[20.5258,51.462],[20.534,51.4627],[20.5264,51.4684],[20.5199,51.5098],[20.5003,51.5062],[20.4945,51.5003],[20.4526,51.5036],[20.4499,51.5166],[20.4556,51.5422],[20.4677,51.5609],[20.4607,51.5744],[20.4414,51.5715],[20.4333,51.5753],[20.4378,51.5823],[20.4333,51.5933],[20.4296,51.5994],[20.4203,51.6]]],[[[20.6211,51.2349],[20.6174,51.2437],[20.6277,51.2399],[20.6221,51.2398],[20.6211,51.2349]]],[[[20.623,51.2342],[20.6223,51.2343],[20.6225,51.2351],[20.6234,51.2351],[20.623,51.2342]]]]}},{"type":"Feature","properties":{"slug":"bialobrzeski","name":"powiat białobrzeski","bdlUnitId":"071422701000","voivodeship":"mazowieckie"},"geometry":{"type":"Polygon","coordinates":[[[21.1248,51.7279],[21.1375,51.7226],[21.1488,51.7321],[21.1761,51.7321],[21.1755,51.6911],[21.1537,51.7007],[21.1534,51.692],[21.1587,51.6908],[21.1542,51.6825],[21.1584,51.6724],[21.1833,51.6715],[21.177,51.669],[21.1843,51.6705],[21.1967,51.6641],[21.1997,51.6687],[21.214,51.6664],[21.2145,51.6521],[21.2066,51.6446],[21.2219,51.6489],[21.2429,51.6367],[21.2282,51.6321],[21.2293,51.6228],[21.2187,51.6072],[21.2025,51.6057],[21.2075,51.6031],[21.2048,51.5986],[21.2161,51.5965],[21.2148,51.5904],[21.1665,51.5914],[21.131,51.5833],[21.1309,51.5759],[21.1176,51.586],[21.0892,51.5769],[21.0913,51.5656],[21.0705,51.5611],[21.0764,51.5521],[21.0721,51.5415],[21.025,51.5345],[21.0284,51.5256],[21.0339,51.5253],[21.0288,51.5191],[20.9984,51.5178],[21.001,51.5021],[20.9843,51.502],[20.9967,51.4884],[20.9891,51.4895],[20.983,51.4992],[20.9327,51.5007],[20.9428,51.5249],[20.8948,51.5224],[20.8907,51.5151],[20.8473,51.5153],[20.8429,51.5225],[20.7987,51.5117],[20.7946,51.5201],[20.7637,51.5316],[20.7665,51.5414],[20.759,51.5506],[20.7383,51.552],[20.7326,51.543],[20.7215,51.5394],[20.7009,51.5485],[20.7003,51.556],[20.7101,51.5593],[20.7045,51.5772],[20.6436,51.5837],[20.6443,51.5952],[20.6522,51.6069],[20.692,51.6096],[20.6915,51.6142],[20.7088,51.6157],[20.7076,51.6224],[20.7137,51.6241],[20.7701,51.6234],[20.7764,51.6326],[20.8141,51.6379],[20.8127,51.6676],[20.781,51.6764],[20.7787,51.6816],[20.7702,51.681],[20.7752,51.6849],[20.7636,51.6903],[20.8218,51.7088],[20.8288,51.7073],[20.8339,51.7122],[20.8477,51.7107],[20.854,51.7053],[20.8772,51.7052],[20.8822,51.7094],[20.8779,51.7215],[20.8869,51.7217],[20.8824,51.7269],[20.8891,51.7274],[20.8901,51.7397],[20.9009,51.74],[20.9064,51.7459],[20.904,51.7515],[20.9319,51.7459],[20.9452,51.7538],[20.9507,51.7457],[20.973,51.7458],[20.9742,51.7311],[20.988,51.7323],[20.9917,51.7253],[21.0097,51.7181],[21.0068,51.7168],[21.0165,51.7095],[21.007,51.7039],[21.0153,51.6945],[21.0235,51.6957],[21.0324,51.6902],[21.0365,51.6852],[21.0292,51.6833],[21.0306,51.6805],[21.0472,51.6817],[21.0468,51.6922],[21.0566,51.6905],[21.0734,51.6983],[21.0906,51.7113],[21.1026,51.7297],[21.1144,51.7273],[21.1115,51.7333],[21.1248,51.7279]],[[20.7015,51.5969],[20.7041,51.6028],[20.6953,51.6028],[20.6936,51.5972],[20.7015,51.5969]]]}},{"type":"Feature","properties":{"slug":"wyszkowski","name":"powiat wyszkowski","bdlUnitId":"071422635000","voivodeship":"mazowieckie"},"geometry":{"type":"Polygon","coordinates":[[[21.1428,52.519],[21.1501,52.5276],[21.1409,52.532],[21.1196,52.5315],[21.1178,52.5491],[21.1218,52.5536],[21.1343,52.5552],[21.1393,52.5604],[21.1418,52.5561],[21.1733,52.5597],[21.1757,52.5746],[21.2325,52.5694],[21.2516,52.596],[21.2704,52.5933],[21.2643,52.6015],[21.267,52.6106],[21.2554,52.611],[21.2463,52.6367],[21.2832,52.6335],[21.2965,52.6569],[21.3028,52.656],[21.3053,52.6603],[21.2731,52.6758],[21.2881,52.6774],[21.3236,52.6954],[21.333,52.7055],[21.338,52.7047],[21.3385,52.7216],[21.3534,52.7259],[21.3423,52.7297],[21.3472,52.7333],[21.3435,52.7457],[21.3281,52.7488],[21.3245,52.7768],[21.3201,52.7787],[21.3228,52.7866],[21.3308,52.7906],[21.3407,52.785],[21.3525,52.7906],[21.3824,52.785],[21.4037,52.7906],[21.4185,52.7793],[21.4385,52.7733],[21.4577,52.781],[21.4728,52.8005],[21.4958,52.7988],[21.4965,52.8033],[21.509,52.8052],[21.512,52.8124],[21.5419,52.8058],[21.5509,52.8118],[21.5713,52.8149],[21.5723,52.8044],[21.5976,52.8084],[21.6015,52.8124],[21.6019,52.8342],[21.618,52.8363],[21.6173,52.8398],[21.6303,52.8315],[21.633,52.8183],[21.6508,52.8168],[21.6509,52.8086],[21.6756,52.809],[21.676,52.7956],[21.7045,52.7962],[21.7031,52.7915],[21.7179,52.7829],[21.7095,52.7762],[21.6839,52.7797],[21.6836,52.776],[21.6922,52.7771],[21.7046,52.7684],[21.7006,52.7558],[21.706,52.7551],[21.7071,52.7479],[21.6941,52.748],[21.6973,52.7323],[21.6767,52.7336],[21.6752,52.7386],[21.6566,52.7353],[21.6573,52.7277],[21.6509,52.728],[21.6601,52.6988],[21.6812,52.6982],[21.6729,52.7076],[21.6772,52.7094],[21.6916,52.6992],[21.7058,52.7005],[21.723,52.6851],[21.7222,52.6802],[21.7042,52.6792],[21.693,52.671],[21.6993,52.6594],[21.7128,52.6618],[21.7178,52.6705],[21.7524,52.6692],[21.7625,52.6734],[21.773,52.6649],[21.7451,52.6568],[21.7324,52.6577],[21.7282,52.6529],[21.7297,52.6433],[21.7194,52.6405],[21.7148,52.6329],[21.7104,52.6346],[21.713,52.6413],[21.7071,52.6432],[21.6761,52.6306],[21.6735,52.6268],[21.6844,52.6215],[21.6559,52.6181],[21.6706,52.6125],[21.6596,52.6036],[21.6523,52.6036],[21.6472,52.6138],[21.6305,52.6114],[21.6242,52.617],[21.617,52.6125],[21.6205,52.6017],[21.5848,52.605],[21.5675,52.6015],[21.5674,52.5941],[21.5821,52.594],[21.5862,52.5884],[21.5788,52.5826],[21.587,52.5764],[21.5852,52.571],[21.599,52.5622],[21.5968,52.5532],[21.5578,52.5535],[21.5518,52.5366],[21.5568,52.5348],[21.5565,52.5203],[21.5793,52.5177],[21.5764,52.5101],[21.5406,52.5125],[21.528,52.4923],[21.5293,52.4828],[21.5071,52.4831],[21.5071,52.4768],[21.4821,52.4717],[21.4783,52.4669],[21.4788,52.4774],[21.4443,52.4736],[21.4268,52.4629],[21.3796,52.4713],[21.3843,52.4817],[21.3567,52.4866],[21.3521,52.503],[21.313,52.5026],[21.3149,52.5185],[21.3059,52.533],[21.2845,52.5296],[21.2253,52.5337],[21.1946,52.5265],[21.1762,52.5278],[21.172,52.5153],[21.1629,52.5094],[21.1428,52.519]]]}},{"type":"Feature","properties":{"slug":"bilgorajski","name":"powiat biłgorajski","bdlUnitId":"060611002000","voivodeship":"lubelskie"},"geometry":{"type":"Polygon","coordinates":[[[22.5197,50.5832],[22.5125,50.5898],[22.5523,50.5845],[22.5938,50.5917],[22.6607,50.6372],[22.6812,50.6381],[22.6783,50.6524],[22.6611,50.6621],[22.6604,50.6586],[22.6521,50.659],[22.6549,50.664],[22.6455,50.6917],[22.6398,50.6935],[22.6424,50.6978],[22.6135,50.7106],[22.6544,50.729],[22.6427,50.7396],[22.6767,50.7694],[22.6567,50.7824],[22.6598,50.7858],[22.6498,50.789],[22.6524,50.792],[22.642,50.7944],[22.6469,50.7965],[22.6421,50.8011],[22.6254,50.8028],[22.626,50.821],[22.6114,50.8185],[22.6142,50.8325],[22.5792,50.8406],[22.5913,50.8461],[22.6013,50.8389],[22.6507,50.8583],[22.6659,50.856],[22.6784,50.8479],[22.7158,50.8747],[22.7027,50.8769],[22.7007,50.8822],[22.705,50.8837],[22.7128,50.88],[22.7508,50.8816],[22.7563,50.8758],[22.7792,50.8749],[22.7823,50.8792],[22.7694,50.8808],[22.7774,50.8839],[22.8036,50.8778],[22.8041,50.8453],[22.8111,50.8334],[22.8625,50.8126],[22.8799,50.8223],[22.8981,50.811],[22.8787,50.8083],[22.8819,50.8015],[22.8677,50.7838],[22.8393,50.7884],[22.8394,50.7917],[22.8169,50.7741],[22.7957,50.769],[22.7665,50.7709],[22.7689,50.7635],[22.7607,50.7626],[22.7618,50.7564],[22.7539,50.7542],[22.7721,50.7556],[22.7781,50.736],[22.7824,50.7365],[22.7822,50.7273],[22.7884,50.7278],[22.7901,50.7234],[22.7762,50.7276],[22.776,50.7243],[22.8067,50.7229],[22.8269,50.7137],[22.8397,50.7175],[22.8207,50.7042],[22.8341,50.7091],[22.8341,50.7026],[22.8121,50.7046],[22.7939,50.6885],[22.7928,50.6798],[22.8021,50.6684],[22.8005,50.6571],[22.7902,50.6473],[22.7755,50.6441],[22.786,50.6428],[22.8127,50.6237],[22.8249,50.6211],[22.8205,50.6123],[22.8271,50.6107],[22.8263,50.594],[22.8356,50.5954],[22.829,50.5973],[22.8293,50.6082],[22.8434,50.6133],[22.8329,50.6218],[22.8374,50.6255],[22.8348,50.6322],[22.8698,50.6392],[22.871,50.6444],[22.8849,50.6446],[22.879,50.6393],[22.8821,50.636],[22.8732,50.6361],[22.8753,50.6312],[22.8884,50.6191],[22.9084,50.6152],[22.9082,50.611],[22.8991,50.612],[22.9048,50.6076],[22.893,50.6033],[22.899,50.5954],[22.9303,50.601],[22.9359,50.5976],[22.9338,50.5944],[22.9407,50.5932],[22.9333,50.5934],[22.9413,50.5784],[22.9458,50.5782],[22.9434,50.573],[22.9634,50.5733],[22.9795,50.5638],[22.986,50.566],[22.9982,50.5513],[22.9807,50.5461],[23.0038,50.5316],[22.9992,50.523],[23.0099,50.5192],[23.02,50.5219],[23.0301,50.5325],[23.0353,50.5301],[23.0324,50.5234],[23.0419,50.5217],[23.0629,50.5295],[23.112,50.5342],[23.1587,50.5151],[23.1796,50.4963],[23.1777,50.4913],[23.1689,50.4921],[23.1768,50.4866],[23.188,50.4873],[23.1755,50.4816],[23.1544,50.4882],[23.1346,50.4758],[23.1207,50.4813],[23.1078,50.4716],[23.1166,50.4667],[23.1255,50.4472],[23.1228,50.4433],[23.1131,50.4407],[23.1157,50.4438],[23.0946,50.4565],[23.048,50.4216],[23.1413,50.3667],[23.0891,50.3298],[23.0675,50.3236],[23.0541,50.3058],[23.0281,50.2889],[23.0081,50.2877],[22.976,50.2949],[22.937,50.2924],[22.8905,50.3015],[22.8552,50.2945],[22.8214,50.302],[22.7567,50.3032],[22.7375,50.3021],[22.7076,50.2914],[22.6862,50.2992],[22.6732,50.2981],[22.6459,50.3058],[22.6382,50.3031],[22.6069,50.3111],[22.6103,50.3299],[22.6869,50.3451],[22.6871,50.357],[22.6665,50.3539],[22.6378,50.3586],[22.5955,50.3487],[22.5656,50.3591],[22.5331,50.3553],[22.507,50.3436],[22.5011,50.3462],[22.5037,50.3529],[22.4804,50.3531],[22.4552,50.3668],[22.4514,50.3708],[22.4529,50.3886],[22.4352,50.3925],[22.4372,50.3997],[22.403,50.3952],[22.4119,50.4234],[22.4462,50.419],[22.4501,50.433],[22.4595,50.4342],[22.4564,50.4458],[22.4469,50.4467],[22.4563,50.4522],[22.4445,50.4621],[22.4633,50.4657],[22.4663,50.46],[22.5043,50.4552],[22.51,50.4567],[22.5073,50.4675],[22.5205,50.4642],[22.5242,50.4576],[22.5211,50.4554],[22.5303,50.4471],[22.5454,50.452],[22.5511,50.4621],[22.5665,50.4598],[22.5663,50.4634],[22.5573,50.461],[22.5538,50.4655],[22.5862,50.4773],[22.5864,50.483],[22.5672,50.4832],[22.5255,50.4751],[22.5274,50.4799],[22.5161,50.4773],[22.5057,50.4837],[22.546,50.4857],[22.5711,50.4953],[22.5671,50.4984],[22.577,50.5043],[22.571,50.5099],[22.5412,50.5057],[22.5288,50.5128],[22.5367,50.5167],[22.5277,50.522],[22.5354,50.5241],[22.5343,50.5375],[22.5202,50.5342],[22.5121,50.5389],[22.5236,50.5423],[22.5201,50.5488],[22.5385,50.5498],[22.5362,50.5721],[22.5197,50.5832]]]}},{"type":"Feature","properties":{"slug":"chelmski","name":"powiat chełmski","bdlUnitId":"060611003000","voivodeship":"lubelskie"},"geometry":{"type":"Polygon","coordinates":[[[23.2692,51.3298],[23.2837,51.3453],[23.285,51.3623],[23.322,51.3588],[23.3524,51.3496],[23.3691,51.3551],[23.393,51.3533],[23.4319,51.3639],[23.4374,51.3572],[23.4607,51.3478],[23.4639,51.3509],[23.4581,51.3545],[23.4628,51.3562],[23.4651,51.3688],[23.478,51.3741],[23.5087,51.3584],[23.5062,51.3552],[23.5111,51.347],[23.4995,51.348],[23.5064,51.3262],[23.5595,51.3168],[23.5545,51.2954],[23.5797,51.3007],[23.591,51.2839],[23.5931,51.2711],[23.6054,51.2761],[23.6052,51.2656],[23.6511,51.2681],[23.6536,51.2768],[23.6962,51.2713],[23.7093,51.2773],[23.7052,51.2752],[23.7202,51.2696],[23.7173,51.2643],[23.7265,51.2616],[23.7242,51.2465],[23.7313,51.2387],[23.7265,51.2365],[23.7389,51.2316],[23.743,51.2244],[23.7361,51.2199],[23.7389,51.2122],[23.7566,51.2123],[23.7609,51.2027],[23.7631,51.2056],[23.7692,51.1999],[23.7834,51.1985],[23.7805,51.1968],[23.7851,51.1896],[23.8089,51.1846],[23.8143,51.1785],[23.8136,51.1714],[23.8263,51.1673],[23.8215,51.1664],[23.8242,51.1617],[23.836,51.1635],[23.8382,51.1594],[23.8434,51.1641],[23.842,51.1607],[23.8513,51.1596],[23.8499,51.1552],[23.861,51.1577],[23.8624,51.1516],[23.8693,51.1503],[23.8654,51.1476],[23.8714,51.1451],[23.868,51.1424],[23.8694,51.1294],[23.8547,51.1309],[23.8496,51.124],[23.8518,51.1185],[23.857,51.1184],[23.8553,51.1143],[23.8622,51.1125],[23.8569,51.1105],[23.8626,51.108],[23.8577,51.107],[23.862,51.103],[23.8568,51.1003],[23.8714,51.0949],[23.8757,51.0774],[23.885,51.0822],[23.8927,51.0745],[23.9028,51.074],[23.9052,51.0784],[23.9114,51.0742],[23.9088,51.0642],[23.9128,51.0636],[23.9138,51.0467],[23.9199,51.047],[23.913,51.0418],[23.9214,51.0366],[23.9315,51.0379],[23.9159,51.0284],[23.9273,51.02],[23.9233,51.0164],[23.9357,51.0147],[23.9263,51.015],[23.9223,51.0096],[23.9157,51.0124],[23.915,51.0073],[23.937,51.0034],[23.9291,50.9852],[23.9351,50.9925],[23.9431,50.9889],[23.944,50.9826],[23.9307,50.9807],[23.9326,50.9773],[23.9276,50.9749],[23.8754,50.9732],[23.8876,50.9339],[23.8379,50.9419],[23.7861,50.9324],[23.7793,50.9243],[23.746,50.9285],[23.7445,50.9227],[23.7339,50.9234],[23.7291,50.9192],[23.718,50.9272],[23.7168,50.94],[23.721,50.9474],[23.7083,50.9522],[23.6969,50.9501],[23.6944,50.9408],[23.6349,50.9393],[23.5999,50.9314],[23.596,50.8858],[23.6146,50.8746],[23.5922,50.8791],[23.5707,50.8698],[23.5483,50.8836],[23.5123,50.895],[23.5085,50.8867],[23.4775,50.8891],[23.4771,50.8955],[23.4922,50.8948],[23.4565,50.9093],[23.4527,50.9211],[23.4612,50.9198],[23.4319,50.9328],[23.4275,50.9385],[23.4353,50.9406],[23.4275,50.9441],[23.4273,50.9518],[23.4183,50.954],[23.4125,50.9638],[23.3857,50.9786],[23.3875,50.9832],[23.4036,50.986],[23.4395,51.0084],[23.4498,51.0085],[23.455,51.0168],[23.4486,51.0416],[23.4295,51.0384],[23.4138,51.0444],[23.3588,51.0502],[23.3418,51.0452],[23.31,51.0478],[23.3145,51.0559],[23.2739,51.0572],[23.2296,51.0719],[23.2212,51.0815],[23.2087,51.0802],[23.2113,51.0828],[23.2065,51.0851],[23.1906,51.0769],[23.17,51.0988],[23.1466,51.0962],[23.1308,51.0871],[23.139,51.0862],[23.1263,51.0854],[23.1252,51.0919],[23.0894,51.0898],[23.0739,51.0834],[23.0672,51.0966],[23.0539,51.1004],[23.0578,51.1021],[23.0507,51.1062],[23.0528,51.1137],[23.0692,51.1249],[23.0446,51.1276],[23.0524,51.1372],[23.0429,51.1419],[23.0527,51.1422],[23.0521,51.1465],[23.0682,51.1458],[23.0682,51.1502],[23.0406,51.1536],[23.0437,51.176],[23.0375,51.1931],[23.0404,51.2051],[23.0692,51.2152],[23.0711,51.2219],[23.0544,51.2326],[23.091,51.243],[23.1205,51.2379],[23.1533,51.2406],[23.1487,51.248],[23.1632,51.2596],[23.1889,51.2623],[23.1966,51.2585],[23.2035,51.2625],[23.2073,51.2619],[23.2052,51.2574],[23.2102,51.2614],[23.2113,51.2568],[23.2128,51.2609],[23.2264,51.2581],[23.2366,51.2695],[23.2325,51.2742],[23.2152,51.2758],[23.2143,51.2824],[23.2188,51.2838],[23.2121,51.2896],[23.2186,51.288],[23.2206,51.2972],[23.2317,51.297],[23.2339,51.3138],[23.2443,51.3147],[23.2692,51.3298]],[[23.4899,51.1033],[23.5134,51.1135],[23.5139,51.1173],[23.5302,51.1105],[23.5342,51.1285],[23.5569,51.1306],[23.5594,51.1367],[23.5214,51.1446],[23.5087,51.1529],[23.5002,51.1513],[23.463,51.1679],[23.4513,51.1665],[23.4508,51.1555],[23.4241,51.1595],[23.4259,51.1497],[23.42,51.1489],[23.4219,51.1427],[23.4273,51.1437],[23.4242,51.137],[23.4371,51.1332],[23.4387,51.1238],[23.443,51.1255],[23.4442,51.1206],[23.4588,51.114],[23.4605,51.1171],[23.4835,51.1134],[23.4848,51.1177],[23.4899,51.1033]]]}},{"type":"Feature","properties":{"slug":"parczewski","name":"powiat parczewski","bdlUnitId":"060610913000","voivodeship":"lubelskie"},"geometry":{"type":"Polygon","coordinates":[[[23.3209,51.6566],[23.3196,51.6368],[23.3109,51.6278],[23.2528,51.6324],[23.2483,51.6263],[23.2562,51.6114],[23.2283,51.6058],[23.225,51.6106],[23.2277,51.619],[23.2018,51.6144],[23.202,51.6089],[23.1783,51.5959],[23.1815,51.5917],[23.1778,51.5781],[23.1713,51.5739],[23.1637,51.5773],[23.1469,51.5591],[23.1685,51.5494],[23.1954,51.5309],[23.2068,51.5169],[23.2161,51.5141],[23.1927,51.467],[23.1765,51.4593],[23.1015,51.4657],[23.0912,51.4621],[23.0995,51.4447],[23.0779,51.4475],[23.0751,51.4421],[23.0809,51.4392],[23.0677,51.4373],[23.0675,51.4337],[23.076,51.4313],[23.0642,51.4288],[23.0602,51.4177],[23.0637,51.4162],[23.0525,51.4091],[23.0444,51.4115],[23.0533,51.4185],[23.0291,51.429],[23.0271,51.4346],[23.0198,51.4345],[23.0039,51.4175],[22.9812,51.4239],[22.9829,51.4343],[22.9762,51.4462],[22.9785,51.4542],[22.973,51.4697],[22.9892,51.4689],[23.0014,51.4767],[23.0065,51.4758],[23.0077,51.4672],[23.0122,51.4673],[23.0172,51.476],[23.0147,51.4812],[23.0012,51.4814],[23.0025,51.4948],[23.0089,51.4993],[23.0244,51.4995],[23.0031,51.5134],[23.0074,51.5206],[22.9937,51.5258],[22.9654,51.5265],[22.9212,51.5439],[22.9133,51.5491],[22.9165,51.5547],[22.8815,51.5625],[22.8792,51.5376],[22.8752,51.5357],[22.8803,51.5294],[22.8465,51.5308],[22.8396,51.5236],[22.8413,51.5169],[22.7853,51.5208],[22.7851,51.5607],[22.7257,51.5714],[22.7075,51.5833],[22.6772,51.5933],[22.683,51.6177],[22.6694,51.616],[22.6696,51.6303],[22.6986,51.6287],[22.7094,51.6324],[22.7089,51.643],[22.7161,51.6439],[22.7151,51.6513],[22.7235,51.6533],[22.7196,51.6592],[22.7296,51.6617],[22.7235,51.6774],[22.7467,51.6807],[22.7553,51.6763],[22.7766,51.6771],[22.7796,51.6871],[22.7946,51.6974],[22.8219,51.7331],[22.8543,51.7284],[22.8734,51.7412],[22.9101,51.7436],[22.927,51.7705],[22.9342,51.7699],[22.9443,51.7907],[22.9837,51.7861],[22.9779,51.7743],[22.9894,51.7709],[23.023,51.7803],[23.0393,51.77],[23.0397,51.7617],[23.0581,51.7511],[23.1152,51.7534],[23.1502,51.7279],[23.1546,51.7156],[23.1715,51.705],[23.1965,51.7164],[23.2242,51.7168],[23.2883,51.6964],[23.3117,51.6727],[23.3209,51.6566]]]}},{"type":"Feature","properties":{"slug":"swidnicki-lubelskie","name":"powiat świdnicki","bdlUnitId":"060611117000","voivodeship":"lubelskie"},"geometry":{"type":"Polygon","coordinates":[[[22.7699,51.2781],[22.808,51.2847],[22.8238,51.2721],[22.8476,51.2734],[22.8446,51.2672],[22.8485,51.2599],[22.8581,51.2594],[22.8545,51.2514],[22.8585,51.2493],[22.8435,51.2499],[22.853,51.2393],[22.8447,51.2352],[22.8611,51.2126],[22.8648,51.1957],[22.8612,51.1888],[22.8758,51.1807],[22.9316,51.1747],[22.9381,51.1762],[22.9439,51.1854],[22.9913,51.198],[23.002,51.1963],[23.0038,51.1921],[22.9957,51.1876],[23.0023,51.1828],[22.9942,51.1796],[22.9974,51.1773],[23.021,51.1841],[23.0278,51.1844],[23.0291,51.1802],[23.0409,51.1836],[23.0406,51.1536],[23.0682,51.1502],[23.0682,51.1458],[23.0521,51.1465],[23.0527,51.1422],[23.0429,51.1419],[23.0524,51.1372],[23.0446,51.1276],[23.0692,51.1249],[23.0554,51.1164],[23.0507,51.1062],[23.0578,51.1021],[23.0539,51.1004],[23.0647,51.0973],[23.0363,51.0876],[23.0056,51.0929],[22.9972,51.1007],[23.0041,51.1062],[22.9738,51.1114],[22.9753,51.1143],[22.9594,51.1197],[22.9381,51.1178],[22.9297,51.1228],[22.9163,51.111],[22.8875,51.0695],[22.8806,51.0702],[22.8775,51.0563],[22.8803,51.0493],[22.8959,51.0479],[22.9015,51.0243],[22.9519,51.0211],[22.9487,51.0107],[22.9534,51.008],[22.9479,51.0021],[22.9264,50.9972],[22.9297,50.9924],[22.9166,50.989],[22.9177,50.9765],[22.877,50.9648],[22.836,50.9786],[22.8185,50.972],[22.7881,50.9834],[22.7753,50.9939],[22.8101,51.0183],[22.8119,51.0464],[22.7857,51.0546],[22.7725,51.0737],[22.7762,51.0847],[22.7582,51.081],[22.7378,51.084],[22.7271,51.0893],[22.7298,51.1027],[22.69,51.1065],[22.6938,51.1271],[22.6811,51.1521],[22.689,51.1679],[22.6848,51.1792],[22.7013,51.1911],[22.6388,51.214],[22.6514,51.2168],[22.6518,51.244],[22.7199,51.235],[22.7418,51.2501],[22.724,51.2641],[22.7699,51.2781]]]}},{"type":"Feature","properties":{"slug":"kutnowski","name":"powiat kutnowski","bdlUnitId":"051011902000","voivodeship":"łódzkie"},"geometry":{"type":"Polygon","coordinates":[[[19.2892,52.3927],[19.308,52.3874],[19.3089,52.3816],[19.2922,52.3773],[19.2906,52.3726],[19.295,52.3691],[19.3234,52.369],[19.3287,52.3607],[19.3222,52.3484],[19.3768,52.3406],[19.4059,52.3451],[19.4072,52.3389],[19.4261,52.3373],[19.4396,52.3398],[19.4476,52.3516],[19.4549,52.3501],[19.4632,52.3427],[19.5021,52.3333],[19.4915,52.3203],[19.5169,52.3051],[19.538,52.3049],[19.5361,52.3021],[19.5486,52.2941],[19.616,52.2882],[19.6137,52.2764],[19.6311,52.2778],[19.6344,52.2744],[19.6238,52.264],[19.6322,52.262],[19.6345,52.2562],[19.6548,52.2537],[19.6895,52.2595],[19.684,52.2628],[19.6994,52.2786],[19.7291,52.2682],[19.7357,52.2589],[19.7502,52.2534],[19.7615,52.2423],[19.764,52.2294],[19.7429,52.2223],[19.7376,52.208],[19.7137,52.2038],[19.7124,52.192],[19.7173,52.1794],[19.7004,52.1785],[19.689,52.1723],[19.7016,52.1528],[19.698,52.1435],[19.6657,52.1441],[19.661,52.1325],[19.6465,52.1375],[19.6348,52.1202],[19.6203,52.1224],[19.6183,52.116],[19.6088,52.1153],[19.5844,52.1233],[19.5314,52.1249],[19.5293,52.1322],[19.4748,52.1254],[19.4621,52.1322],[19.4547,52.1308],[19.4505,52.12],[19.3677,52.1087],[19.3549,52.1135],[19.358,52.1145],[19.3534,52.1193],[19.3483,52.147],[19.3386,52.1493],[19.3182,52.1737],[19.3038,52.1665],[19.2934,52.1765],[19.2786,52.1714],[19.2824,52.1672],[19.2669,52.163],[19.2486,52.1777],[19.2516,52.1803],[19.2467,52.191],[19.2211,52.1811],[19.2137,52.1819],[19.2046,52.1923],[19.1815,52.1878],[19.176,52.1927],[19.1862,52.197],[19.1764,52.2061],[19.1428,52.2057],[19.1359,52.1954],[19.0776,52.2001],[19.0898,52.2067],[19.0821,52.2228],[19.0733,52.2228],[19.0709,52.2284],[19.0799,52.2307],[19.0805,52.2385],[19.105,52.2415],[19.1003,52.2659],[19.0743,52.2734],[19.0302,52.2711],[19.0457,52.2957],[19.0385,52.2993],[19.0363,52.3154],[19.0312,52.318],[19.045,52.3185],[19.0471,52.3328],[19.064,52.3306],[19.0552,52.3376],[19.0765,52.3395],[19.0992,52.3479],[19.124,52.3428],[19.1504,52.3467],[19.1596,52.3408],[19.1874,52.3485],[19.1996,52.36],[19.206,52.356],[19.2007,52.3513],[19.2183,52.3412],[19.2249,52.3442],[19.2092,52.3534],[19.21,52.3656],[19.2367,52.3622],[19.2364,52.3693],[19.2639,52.3842],[19.2614,52.3876],[19.2706,52.393],[19.2892,52.3927]]]}},{"type":"Feature","properties":{"slug":"lodzki-wschodni","name":"powiat łódzki wschodni","bdlUnitId":"051011506000","voivodeship":"łódzkie"},"geometry":{"type":"Polygon","coordinates":[[[19.9813,51.741],[19.9776,51.7354],[19.983,51.7345],[19.9822,51.727],[19.9687,51.7282],[19.9557,51.7191],[19.9559,51.7127],[19.9463,51.7093],[19.9537,51.7061],[19.9129,51.6644],[19.8789,51.6604],[19.8809,51.6656],[19.8743,51.6753],[19.8771,51.6798],[19.8576,51.6945],[19.846,51.6863],[19.8335,51.6969],[19.825,51.6951],[19.8254,51.7],[19.7907,51.708],[19.78,51.7078],[19.7789,51.6953],[19.7702,51.6954],[19.7722,51.7061],[19.7519,51.7102],[19.7335,51.6926],[19.7465,51.6874],[19.7319,51.6803],[19.7208,51.6387],[19.7278,51.6379],[19.7266,51.6347],[19.6911,51.6274],[19.6903,51.6495],[19.6851,51.6495],[19.6644,51.649],[19.6397,51.6244],[19.6094,51.6346],[19.599,51.6214],[19.6124,51.6203],[19.6187,51.6102],[19.6272,51.6135],[19.6339,51.6053],[19.6228,51.6046],[19.6158,51.59],[19.6004,51.5876],[19.5942,51.5811],[19.6186,51.5526],[19.6189,51.5465],[19.6098,51.5464],[19.5991,51.5223],[19.5981,51.515],[19.6038,51.5139],[19.5986,51.5083],[19.5411,51.513],[19.5315,51.525],[19.5059,51.5218],[19.4996,51.5332],[19.4819,51.532],[19.4827,51.5439],[19.4683,51.5426],[19.4761,51.5674],[19.4634,51.5695],[19.4523,51.5778],[19.4615,51.5807],[19.4658,51.593],[19.474,51.5961],[19.466,51.5964],[19.4668,51.603],[19.4429,51.604],[19.4563,51.6174],[19.4278,51.6236],[19.4189,51.6313],[19.4354,51.6465],[19.4369,51.6735],[19.4318,51.6866],[19.4687,51.6883],[19.467,51.6954],[19.4908,51.6984],[19.5133,51.6977],[19.5181,51.6896],[19.5332,51.6907],[19.5364,51.695],[19.5615,51.697],[19.5628,51.7038],[19.5766,51.7066],[19.5816,51.7028],[19.5864,51.7075],[19.5912,51.7061],[19.5883,51.7018],[19.5996,51.6973],[19.6037,51.7029],[19.6075,51.6976],[19.6295,51.7235],[19.6277,51.7482],[19.6399,51.7547],[19.6205,51.7557],[19.6245,51.7577],[19.617,51.7635],[19.6243,51.7673],[19.6094,51.7789],[19.6183,51.7836],[19.6136,51.8081],[19.6164,51.8144],[19.5828,51.8161],[19.5601,51.8089],[19.5473,51.8169],[19.5474,51.8282],[19.5574,51.8348],[19.586,51.8358],[19.5913,51.847],[19.6101,51.8473],[19.6115,51.8646],[19.6223,51.8576],[19.6591,51.8544],[19.6686,51.8447],[19.6543,51.8277],[19.6695,51.8199],[19.6691,51.8106],[19.6749,51.8118],[19.68,51.7791],[19.6756,51.7719],[19.6446,51.7571],[19.6682,51.738],[19.6753,51.7417],[19.6718,51.7472],[19.6867,51.7459],[19.685,51.7522],[19.7306,51.7502],[19.7342,51.7588],[19.7502,51.7582],[19.7583,51.7461],[19.7648,51.7492],[19.7633,51.7531],[19.7684,51.752],[19.7662,51.7609],[19.7743,51.7662],[19.7988,51.7577],[19.8035,51.7647],[19.8131,51.7649],[19.8104,51.7744],[19.8053,51.7707],[19.7955,51.773],[19.7912,51.7824],[19.8101,51.7792],[19.8168,51.7735],[19.8183,51.7775],[19.8404,51.7772],[19.8443,51.7831],[19.8575,51.7793],[19.8634,51.7702],[19.8794,51.776],[19.9228,51.7785],[19.9211,51.7703],[19.9353,51.7639],[19.9328,51.7513],[19.917,51.7513],[19.9036,51.7314],[19.9338,51.7322],[19.9396,51.7398],[19.9524,51.7352],[19.9586,51.7413],[19.9478,51.7449],[19.9504,51.7477],[19.9813,51.741]]]}},{"type":"Feature","properties":{"slug":"kolbuszowski","name":"powiat kolbuszowski","bdlUnitId":"061813506000","voivodeship":"podkarpackie"},"geometry":{"type":"Polygon","coordinates":[[[21.6479,50.4101],[21.6423,50.4155],[21.6705,50.4369],[21.6757,50.448],[21.6848,50.4292],[21.7109,50.4115],[21.7399,50.4005],[21.7506,50.3899],[21.7674,50.3905],[21.7973,50.406],[21.794,50.4185],[21.797,50.4216],[21.7924,50.4259],[21.7955,50.4314],[21.7764,50.4492],[21.8528,50.4705],[21.8662,50.4822],[21.8822,50.4729],[21.8519,50.4623],[21.8811,50.3919],[21.891,50.3935],[21.8968,50.4027],[21.909,50.4055],[21.9072,50.4087],[21.9192,50.4148],[21.9253,50.4132],[21.9224,50.4103],[21.9344,50.3977],[21.9515,50.3998],[21.9539,50.3946],[21.9473,50.3854],[21.9735,50.3903],[21.9749,50.3855],[21.9661,50.3728],[21.9839,50.3674],[21.9902,50.3498],[21.9824,50.3444],[21.9913,50.341],[21.9947,50.3325],[21.9671,50.3268],[21.9732,50.3131],[21.9878,50.3091],[21.992,50.3031],[21.9998,50.3038],[21.9979,50.3089],[22.0156,50.311],[22.0068,50.306],[22.0082,50.3026],[22.086,50.3076],[22.0887,50.3023],[22.0792,50.3],[22.0836,50.2898],[22.0808,50.2831],[22.0961,50.2801],[22.0933,50.2755],[22.0966,50.2732],[22.0605,50.2535],[22.0617,50.2472],[22.0456,50.2457],[22.0517,50.237],[22.05,50.2318],[22.0009,50.2323],[21.9759,50.2484],[21.9507,50.2487],[21.9226,50.2376],[21.9205,50.2349],[21.9308,50.2193],[21.9269,50.2199],[21.9285,50.2083],[21.9343,50.2006],[21.9156,50.1824],[21.8879,50.1856],[21.8648,50.1774],[21.8594,50.151],[21.8069,50.1504],[21.8034,50.1514],[21.8056,50.161],[21.7991,50.1678],[21.7728,50.173],[21.753,50.1664],[21.7434,50.1577],[21.7306,50.1672],[21.716,50.1673],[21.7071,50.1759],[21.6953,50.1786],[21.6194,50.1807],[21.6415,50.1934],[21.631,50.2009],[21.6132,50.2016],[21.5737,50.2274],[21.6007,50.2339],[21.5998,50.2401],[21.6108,50.244],[21.6076,50.2457],[21.6102,50.2497],[21.5561,50.2762],[21.5413,50.2761],[21.5312,50.2854],[21.5298,50.2937],[21.5369,50.3007],[21.5739,50.2961],[21.5711,50.3005],[21.5767,50.3086],[21.5668,50.3323],[21.6011,50.3425],[21.6405,50.3446],[21.6234,50.3552],[21.6227,50.3617],[21.6052,50.3744],[21.5985,50.3869],[21.6368,50.39],[21.6388,50.4085],[21.6411,50.4121],[21.6479,50.4101]]]}},{"type":"Feature","properties":{"slug":"oleski","name":"powiat oleski","bdlUnitId":"031613208000","voivodeship":"opolskie"},"geometry":{"type":"Polygon","coordinates":[[[18.5177,51.113],[18.5155,51.1336],[18.5208,51.1403],[18.5537,51.1388],[18.5676,51.119],[18.5623,51.1065],[18.5808,51.0903],[18.5776,51.082],[18.6083,51.0817],[18.6236,51.0772],[18.6375,51.0634],[18.6607,51.0546],[18.673,51.0569],[18.672,51.0491],[18.6954,51.0157],[18.6798,51.0083],[18.6562,51.005],[18.6682,50.989],[18.6636,50.9706],[18.6385,50.9645],[18.6222,50.9656],[18.6124,50.9551],[18.6303,50.9312],[18.6493,50.9312],[18.6547,50.9192],[18.6177,50.8546],[18.5882,50.8516],[18.558,50.8341],[18.5622,50.8089],[18.5046,50.801],[18.504,50.797],[18.521,50.7969],[18.5222,50.7917],[18.5161,50.7889],[18.5252,50.7862],[18.5251,50.7764],[18.5343,50.7788],[18.5381,50.7742],[18.5349,50.7714],[18.55,50.7596],[18.581,50.7525],[18.5705,50.7447],[18.5517,50.7523],[18.5483,50.732],[18.509,50.7261],[18.5069,50.7132],[18.4787,50.7038],[18.4937,50.7005],[18.4926,50.6968],[18.5009,50.6938],[18.4994,50.6895],[18.4841,50.6857],[18.487,50.6786],[18.5089,50.6737],[18.4968,50.6707],[18.4941,50.6643],[18.5228,50.6594],[18.5133,50.6581],[18.5065,50.6417],[18.5168,50.6396],[18.5094,50.6213],[18.4829,50.6165],[18.4636,50.6215],[18.4681,50.6251],[18.4606,50.6354],[18.4553,50.6621],[18.4611,50.6755],[18.4498,50.6838],[18.4292,50.6822],[18.4276,50.69],[18.3718,50.7045],[18.3731,50.6915],[18.3613,50.6903],[18.3401,50.6989],[18.3543,50.7063],[18.3231,50.7044],[18.2974,50.7294],[18.274,50.7229],[18.2392,50.7392],[18.2301,50.7393],[18.2507,50.7478],[18.2496,50.752],[18.2639,50.7606],[18.2599,50.7696],[18.2461,50.7665],[18.2541,50.7811],[18.2284,50.7827],[18.2252,50.7901],[18.2364,50.8018],[18.2656,50.8154],[18.2738,50.8274],[18.2954,50.8117],[18.2886,50.8217],[18.3236,50.8045],[18.351,50.8114],[18.3299,50.8335],[18.3298,50.8398],[18.3601,50.8507],[18.3417,50.8647],[18.3454,50.8683],[18.3368,50.8775],[18.3395,50.8914],[18.3313,50.9094],[18.3442,50.9268],[18.3307,50.9396],[18.3435,50.9426],[18.3509,50.9374],[18.3677,50.9388],[18.3806,50.946],[18.381,50.9523],[18.3611,50.9714],[18.3542,50.9886],[18.3529,51.0088],[18.3148,51.0193],[18.3122,51.0128],[18.299,51.0154],[18.2998,51.0234],[18.2916,51.0272],[18.3059,51.0328],[18.3075,51.0412],[18.3191,51.049],[18.3376,51.0534],[18.3459,51.0614],[18.3405,51.0783],[18.3481,51.0936],[18.3147,51.0985],[18.3168,51.1361],[18.3672,51.1388],[18.3817,51.1288],[18.4189,51.1259],[18.4219,51.1171],[18.4359,51.1143],[18.4645,51.12],[18.4697,51.1044],[18.4814,51.0997],[18.4783,51.0923],[18.4895,51.0907],[18.4987,51.0996],[18.5156,51.1043],[18.5197,51.108],[18.5177,51.113]]]}},{"type":"Feature","properties":{"slug":"strzelecki","name":"powiat strzelecki","bdlUnitId":"031613211000","voivodeship":"opolskie"},"geometry":{"type":"Polygon","coordinates":[[[18.3427,50.6958],[18.3731,50.6915],[18.3704,50.7032],[18.3785,50.7037],[18.4276,50.69],[18.4292,50.6822],[18.4403,50.6804],[18.4483,50.6844],[18.4588,50.6793],[18.4608,50.67],[18.4553,50.6621],[18.4606,50.6354],[18.4681,50.6251],[18.4647,50.6208],[18.4829,50.6165],[18.4995,50.6188],[18.5094,50.6213],[18.5132,50.6307],[18.5174,50.6255],[18.5873,50.6138],[18.5901,50.6064],[18.6017,50.6045],[18.5918,50.5742],[18.6004,50.5744],[18.6007,50.568],[18.6162,50.5692],[18.6054,50.5527],[18.6075,50.55],[18.5727,50.5481],[18.5573,50.5398],[18.4779,50.5527],[18.437,50.5459],[18.4299,50.5316],[18.4382,50.5272],[18.4479,50.4994],[18.4665,50.4995],[18.4704,50.4796],[18.4852,50.4678],[18.4813,50.4583],[18.452,50.4626],[18.4526,50.4769],[18.44,50.4807],[18.4097,50.4746],[18.3796,50.4817],[18.3869,50.4588],[18.3818,50.449],[18.3891,50.4398],[18.3856,50.4313],[18.3669,50.4268],[18.3649,50.4191],[18.3781,50.4135],[18.3963,50.389],[18.385,50.3847],[18.385,50.3804],[18.3739,50.3799],[18.3882,50.3745],[18.3886,50.3704],[18.3725,50.3716],[18.3728,50.3611],[18.3644,50.3575],[18.3577,50.3566],[18.3285,50.383],[18.3175,50.3852],[18.2986,50.4047],[18.2749,50.3869],[18.2293,50.3953],[18.2297,50.3831],[18.1906,50.3765],[18.177,50.3846],[18.1434,50.3891],[18.1604,50.3999],[18.1433,50.4069],[18.1535,50.4144],[18.1479,50.4297],[18.1568,50.434],[18.1634,50.4486],[18.1606,50.4508],[18.1549,50.4452],[18.1574,50.4432],[18.1502,50.4436],[18.1466,50.4563],[18.1587,50.4618],[18.129,50.4804],[18.096,50.49],[18.0758,50.5079],[18.0915,50.5124],[18.118,50.5543],[18.127,50.5583],[18.1289,50.5785],[18.1218,50.5907],[18.1504,50.5927],[18.1594,50.6012],[18.1564,50.6084],[18.1719,50.6119],[18.1797,50.6255],[18.2071,50.6495],[18.2431,50.6372],[18.2779,50.6423],[18.2775,50.6711],[18.3114,50.6713],[18.3427,50.6958]]]}},{"type":"Feature","properties":{"slug":"zlotowski","name":"powiat złotowski","bdlUnitId":"023016031000","voivodeship":"wielkopolskie"},"geometry":{"type":"Polygon","coordinates":[[[16.8487,53.6287],[16.8665,53.6503],[16.8696,53.6477],[16.8922,53.6559],[16.9,53.6396],[16.8934,53.6285],[16.902,53.6268],[16.8962,53.6211],[16.9188,53.6053],[16.9143,53.6016],[16.923,53.5996],[16.9239,53.5929],[16.9405,53.5841],[16.9383,53.5727],[16.9491,53.5588],[16.9515,53.5432],[16.9811,53.5568],[17.0005,53.5519],[17.0065,53.5346],[16.9914,53.529],[17.0008,53.5251],[16.9998,53.518],[17.0129,53.5202],[17.0325,53.5155],[17.0585,53.5204],[17.0898,53.5427],[17.1614,53.5278],[17.1835,53.5345],[17.1973,53.5323],[17.2084,53.5364],[17.2445,53.5312],[17.2707,53.5372],[17.2958,53.5246],[17.3049,53.5285],[17.31,53.5242],[17.3055,53.5127],[17.3245,53.513],[17.3267,53.5028],[17.3388,53.5025],[17.3365,53.4977],[17.3412,53.4953],[17.3867,53.4967],[17.387,53.4911],[17.3941,53.4903],[17.3825,53.4686],[17.3397,53.4501],[17.3288,53.4351],[17.2947,53.4218],[17.2901,53.415],[17.2957,53.4037],[17.2891,53.3971],[17.2481,53.3796],[17.2475,53.3745],[17.2659,53.3508],[17.2608,53.3271],[17.2492,53.3236],[17.2553,53.3185],[17.2485,53.3125],[17.1943,53.2975],[17.1859,53.2891],[17.1899,53.2704],[17.142,53.262],[17.1433,53.2534],[17.1487,53.252],[17.1436,53.2385],[17.0824,53.2406],[17.0701,53.2295],[17.0453,53.224],[17.0286,53.2335],[16.9956,53.2343],[16.9725,53.2257],[16.9691,53.2189],[16.9493,53.2213],[16.9145,53.2065],[16.9151,53.1987],[16.9061,53.197],[16.914,53.1789],[16.8529,53.1693],[16.857,53.1779],[16.7995,53.1913],[16.7797,53.1894],[16.7908,53.2038],[16.7861,53.2059],[16.7938,53.2137],[16.7928,53.2207],[16.8063,53.2255],[16.8151,53.2341],[16.8145,53.2398],[16.8216,53.2415],[16.8001,53.2515],[16.8038,53.2529],[16.7923,53.2638],[16.7906,53.2845],[16.8008,53.2896],[16.7724,53.2915],[16.7525,53.2984],[16.7409,53.2825],[16.721,53.2916],[16.7134,53.3016],[16.6969,53.301],[16.6943,53.3074],[16.6812,53.3116],[16.6782,53.3197],[16.6704,53.3178],[16.6368,53.3285],[16.6387,53.335],[16.6291,53.3392],[16.6287,53.3474],[16.5851,53.3467],[16.572,53.3584],[16.5626,53.353],[16.5516,53.3563],[16.5355,53.3783],[16.5257,53.3672],[16.5084,53.3761],[16.5102,53.3796],[16.5024,53.3843],[16.4751,53.3881],[16.477,53.3973],[16.4725,53.405],[16.4666,53.4041],[16.4438,53.4532],[16.4598,53.4525],[16.4637,53.4598],[16.4467,53.4572],[16.4362,53.4606],[16.4542,53.4885],[16.4901,53.4703],[16.5322,53.4783],[16.5803,53.4787],[16.5844,53.4837],[16.6494,53.4859],[16.6954,53.5181],[16.7104,53.5161],[16.7298,53.5292],[16.717,53.5336],[16.7186,53.5438],[16.7272,53.5551],[16.7278,53.5673],[16.7402,53.5668],[16.7464,53.5757],[16.738,53.5885],[16.7439,53.596],[16.7406,53.5988],[16.7495,53.6009],[16.7629,53.6181],[16.7582,53.6241],[16.8138,53.6308],[16.8132,53.64],[16.8261,53.6434],[16.8408,53.6264],[16.8487,53.6287]]]}},{"type":"Feature","properties":{"slug":"koscianski","name":"powiat kościański","bdlUnitId":"023015911000","voivodeship":"wielkopolskie"},"geometry":{"type":"Polygon","coordinates":[[[16.8601,51.9271],[16.834,51.9297],[16.8309,51.9385],[16.818,51.9348],[16.8153,51.9442],[16.8067,51.9452],[16.806,51.9497],[16.7779,51.9482],[16.7778,51.9543],[16.7657,51.9535],[16.7671,51.9603],[16.7519,51.9573],[16.6892,51.9679],[16.6421,51.9645],[16.6282,51.9739],[16.6237,51.9645],[16.6045,51.9621],[16.5816,51.9677],[16.5748,51.9625],[16.5591,51.9642],[16.5496,51.9549],[16.5396,51.9572],[16.5334,51.9693],[16.5284,51.9601],[16.5037,51.9589],[16.4981,51.9411],[16.4866,51.9486],[16.4905,51.9534],[16.4629,51.9545],[16.4466,51.9474],[16.4206,51.9653],[16.4335,51.9905],[16.4415,51.9899],[16.4525,52.0081],[16.4653,52.0083],[16.4657,52.0161],[16.4495,52.0227],[16.4505,52.0322],[16.4467,52.0336],[16.4536,52.0371],[16.4502,52.0424],[16.4615,52.0459],[16.4504,52.0533],[16.4698,52.0571],[16.4567,52.0685],[16.4641,52.068],[16.4661,52.0821],[16.4951,52.0917],[16.5244,52.0947],[16.5227,52.1115],[16.5367,52.1166],[16.5713,52.1116],[16.5754,52.1147],[16.5671,52.1227],[16.5707,52.1417],[16.5827,52.1608],[16.629,52.1799],[16.6245,52.1812],[16.628,52.187],[16.624,52.189],[16.6501,52.1938],[16.6622,52.2091],[16.6831,52.2098],[16.7102,52.1936],[16.723,52.2083],[16.7413,52.2155],[16.7797,52.2043],[16.7829,52.1973],[16.7746,52.1851],[16.8021,52.1751],[16.8034,52.1631],[16.7903,52.1408],[16.8122,52.1319],[16.8221,52.1183],[16.8408,52.1146],[16.8492,52.1194],[16.8581,52.1152],[16.8683,52.1195],[16.858,52.102],[16.884,52.1026],[16.8884,52.0935],[16.8728,52.0908],[16.8784,52.0805],[16.8761,52.0671],[16.9181,52.0684],[16.9258,52.0639],[16.917,52.046],[16.9013,52.0365],[16.8884,52.0213],[16.9088,52.0134],[16.9207,52.0175],[16.9431,52.0157],[16.9594,52.0052],[16.9928,51.9951],[17.0063,51.9785],[17.0097,51.9651],[16.9676,51.9556],[16.9683,51.9488],[16.9578,51.9481],[16.9326,51.9353],[16.9248,51.9352],[16.9204,51.9415],[16.9097,51.9394],[16.9135,51.9308],[16.9082,51.9298],[16.909,51.9169],[16.8713,51.9283],[16.8601,51.9271]]]}},{"type":"Feature","properties":{"slug":"grodziski-wielkopolskie","name":"powiat grodziski","bdlUnitId":"023015905000","voivodeship":"wielkopolskie"},"geometry":{"type":"Polygon","coordinates":[[[16.4504,52.0533],[16.4615,52.0459],[16.4502,52.0424],[16.4536,52.0371],[16.4493,52.0332],[16.431,52.0419],[16.3958,52.0474],[16.3767,52.0546],[16.37,52.0755],[16.3465,52.0777],[16.3405,52.0841],[16.2832,52.0579],[16.2517,52.0995],[16.2146,52.0943],[16.2143,52.1023],[16.2038,52.1095],[16.2151,52.1218],[16.1922,52.1128],[16.1907,52.1203],[16.1801,52.1237],[16.1705,52.1394],[16.1499,52.1476],[16.1473,52.1516],[16.1542,52.1535],[16.1557,52.1574],[16.1512,52.1594],[16.1542,52.1622],[16.1741,52.1612],[16.1642,52.1644],[16.1715,52.1674],[16.1632,52.1735],[16.1692,52.1749],[16.148,52.1762],[16.1452,52.1716],[16.1262,52.1724],[16.1172,52.1679],[16.1159,52.1728],[16.1079,52.1616],[16.0737,52.1684],[16.0874,52.1758],[16.0832,52.1827],[16.0631,52.1797],[16.0748,52.1892],[16.0707,52.1924],[16.0854,52.1934],[16.0834,52.2052],[16.0756,52.2081],[16.0835,52.2173],[16.0795,52.2286],[16.0841,52.2357],[16.0725,52.2437],[16.0748,52.2504],[16.0866,52.2485],[16.0903,52.2405],[16.1001,52.2457],[16.1088,52.2379],[16.1173,52.243],[16.1252,52.24],[16.121,52.2318],[16.1491,52.2321],[16.163,52.2264],[16.1797,52.2532],[16.1734,52.2681],[16.1919,52.2749],[16.2262,52.2717],[16.2277,52.2797],[16.2322,52.2729],[16.2995,52.2872],[16.3053,52.2821],[16.3123,52.2849],[16.321,52.281],[16.3266,52.2851],[16.3698,52.2662],[16.3762,52.2551],[16.3807,52.2692],[16.3854,52.2687],[16.4201,52.2488],[16.4263,52.2545],[16.443,52.2546],[16.4526,52.2692],[16.4766,52.2587],[16.4843,52.2485],[16.5049,52.2561],[16.5136,52.2745],[16.544,52.2745],[16.5662,52.2792],[16.5721,52.2848],[16.6022,52.2725],[16.6074,52.2565],[16.5891,52.2363],[16.574,52.2302],[16.581,52.2213],[16.5952,52.2157],[16.5922,52.2032],[16.6001,52.1929],[16.5896,52.189],[16.5936,52.1841],[16.5895,52.1833],[16.603,52.1711],[16.5827,52.1608],[16.5727,52.1479],[16.5671,52.1227],[16.5754,52.1147],[16.5662,52.1105],[16.5367,52.1166],[16.5227,52.1115],[16.5244,52.0947],[16.4951,52.0917],[16.4661,52.0821],[16.4641,52.068],[16.4567,52.0685],[16.4698,52.0571],[16.4504,52.0533]]]}},{"type":"Feature","properties":{"slug":"szamotulski","name":"powiat szamotulski","bdlUnitId":"023016124000","voivodeship":"wielkopolskie"},"geometry":{"type":"Polygon","coordinates":[[[16.0138,52.7347],[16.0401,52.7335],[16.059,52.7271],[16.0664,52.7489],[16.0759,52.7572],[16.1114,52.768],[16.1391,52.7855],[16.185,52.7941],[16.2419,52.7932],[16.2608,52.7862],[16.2858,52.7659],[16.3128,52.7764],[16.3276,52.7752],[16.3367,52.7607],[16.3351,52.7497],[16.3726,52.7572],[16.3605,52.7626],[16.3583,52.7756],[16.3923,52.7717],[16.384,52.7614],[16.3862,52.7573],[16.4144,52.77],[16.4226,52.7629],[16.4394,52.7661],[16.4443,52.7564],[16.423,52.7497],[16.4554,52.7376],[16.4682,52.7517],[16.5045,52.7543],[16.5172,52.7596],[16.5582,52.7388],[16.5833,52.7431],[16.5762,52.7245],[16.5821,52.7123],[16.6367,52.6921],[16.6386,52.6864],[16.647,52.6834],[16.6507,52.6776],[16.6477,52.6759],[16.6282,52.6802],[16.6116,52.6728],[16.6134,52.6686],[16.6036,52.672],[16.6001,52.6667],[16.6112,52.6614],[16.622,52.6483],[16.6332,52.6446],[16.6227,52.6377],[16.6323,52.6292],[16.6522,52.6307],[16.641,52.6278],[16.6448,52.6107],[16.6545,52.5985],[16.6792,52.5856],[16.6757,52.5848],[16.6728,52.567],[16.6996,52.5728],[16.7079,52.5635],[16.7298,52.5661],[16.7408,52.5595],[16.734,52.5414],[16.7251,52.5407],[16.7167,52.5288],[16.7211,52.5213],[16.7093,52.519],[16.7048,52.5317],[16.691,52.5345],[16.6416,52.5268],[16.6523,52.5197],[16.635,52.5003],[16.637,52.4933],[16.6289,52.4943],[16.624,52.4742],[16.6077,52.4677],[16.6096,52.4598],[16.6032,52.4594],[16.608,52.4452],[16.602,52.4414],[16.5882,52.4473],[16.5843,52.4418],[16.5541,52.4365],[16.5725,52.4361],[16.5994,52.4192],[16.6005,52.4122],[16.5765,52.4121],[16.5781,52.4006],[16.584,52.3976],[16.567,52.381],[16.5555,52.3789],[16.5513,52.391],[16.528,52.3898],[16.522,52.4006],[16.5156,52.4013],[16.5123,52.3926],[16.507,52.3918],[16.5098,52.3833],[16.486,52.3808],[16.4808,52.3738],[16.458,52.3772],[16.4415,52.3867],[16.4387,52.397],[16.4423,52.4052],[16.4201,52.4114],[16.4116,52.4025],[16.3926,52.4145],[16.3918,52.424],[16.3761,52.4215],[16.3682,52.4278],[16.3596,52.4255],[16.3428,52.4396],[16.3163,52.446],[16.324,52.4491],[16.3175,52.4535],[16.2869,52.4595],[16.2877,52.4743],[16.2533,52.4733],[16.2284,52.4803],[16.2312,52.4891],[16.1949,52.4881],[16.1867,52.4993],[16.1864,52.5071],[16.199,52.5126],[16.2279,52.513],[16.2292,52.518],[16.2348,52.5173],[16.2388,52.524],[16.2324,52.5286],[16.2271,52.5497],[16.2497,52.5477],[16.2607,52.5564],[16.2574,52.5695],[16.2902,52.5751],[16.2714,52.595],[16.2742,52.5979],[16.259,52.6025],[16.2685,52.6183],[16.3265,52.6132],[16.3385,52.6203],[16.3219,52.6357],[16.3185,52.6513],[16.3086,52.6492],[16.3065,52.6397],[16.2884,52.6399],[16.2818,52.6504],[16.2674,52.6483],[16.259,52.6564],[16.254,52.6555],[16.2532,52.6469],[16.2439,52.6572],[16.2458,52.6693],[16.2214,52.6655],[16.2088,52.6769],[16.1917,52.6781],[16.1914,52.6823],[16.1517,52.6845],[16.155,52.6887],[16.1495,52.6928],[16.1233,52.6877],[16.106,52.7005],[16.0788,52.7041],[16.0564,52.7238],[16.0321,52.7206],[16.0181,52.7253],[16.0138,52.7347]]]}},{"type":"Feature","properties":{"slug":"staszowski","name":"powiat staszowski","bdlUnitId":"052615312000","voivodeship":"świętokrzyskie"},"geometry":{"type":"MultiPolygon","coordinates":[[[[20.8741,50.6357],[20.8781,50.6614],[20.9052,50.6547],[20.9319,50.6551],[20.9445,50.6583],[20.9553,50.6727],[20.9734,50.6745],[20.9969,50.6689],[21.0018,50.6634],[20.9972,50.661],[20.9959,50.633],[21.0142,50.6309],[21.013,50.621],[21.0237,50.6204],[21.0354,50.6457],[21.0551,50.6426],[21.0671,50.6301],[21.1027,50.6368],[21.1091,50.6309],[21.141,50.6379],[21.1575,50.6474],[21.1522,50.6574],[21.1622,50.6713],[21.147,50.6692],[21.1403,50.677],[21.1521,50.6913],[21.166,50.6912],[21.1457,50.698],[21.1474,50.7036],[21.1896,50.7041],[21.1976,50.7019],[21.1978,50.6925],[21.2015,50.6914],[21.2192,50.6965],[21.2626,50.6846],[21.2891,50.6988],[21.301,50.6908],[21.3502,50.6835],[21.3523,50.6734],[21.3603,50.6711],[21.3547,50.6695],[21.3566,50.6604],[21.3515,50.6585],[21.3551,50.6559],[21.3985,50.6506],[21.3928,50.6463],[21.3945,50.6385],[21.4081,50.6405],[21.3941,50.6354],[21.389,50.6283],[21.3936,50.6217],[21.4083,50.6209],[21.4171,50.6144],[21.3944,50.6088],[21.4032,50.5911],[21.4142,50.5924],[21.427,50.5798],[21.4502,50.5733],[21.4455,50.565],[21.4505,50.5623],[21.4739,50.56],[21.4681,50.5547],[21.478,50.5517],[21.4719,50.5446],[21.4747,50.5394],[21.4847,50.53],[21.5099,50.5223],[21.5178,50.5093],[21.4821,50.4964],[21.4456,50.4903],[21.4427,50.4847],[21.4515,50.464],[21.4366,50.4533],[21.4013,50.4392],[21.362,50.4396],[21.281,50.4084],[21.2797,50.3917],[21.2567,50.3909],[21.2513,50.3789],[21.2292,50.3729],[21.2196,50.3573],[21.1901,50.3521],[21.1853,50.3347],[21.1737,50.3301],[21.1667,50.3331],[21.1649,50.3431],[21.1484,50.3552],[21.1406,50.3559],[21.1424,50.3613],[21.1349,50.3619],[21.1382,50.3721],[21.1315,50.3607],[21.1171,50.3614],[21.1132,50.3661],[21.1093,50.3754],[21.1152,50.3802],[21.1118,50.3841],[21.1251,50.3882],[21.124,50.4044],[21.1167,50.4091],[21.086,50.4112],[21.092,50.4258],[21.0797,50.4264],[21.0809,50.4333],[21.0372,50.4341],[21.034,50.4404],[20.9807,50.4577],[20.9766,50.463],[21.0061,50.4693],[21.0154,50.4894],[21.0389,50.4868],[21.0611,50.4768],[21.0752,50.4879],[21.0803,50.4883],[21.0759,50.4765],[21.0912,50.4805],[21.0947,50.4863],[21.1166,50.4851],[21.1105,50.4881],[21.1139,50.492],[21.1112,50.4953],[21.0843,50.4999],[21.0854,50.5088],[21.1025,50.5141],[21.1024,50.519],[21.0698,50.5189],[21.0737,50.5288],[21.0641,50.5419],[21.0572,50.5435],[21.0625,50.5439],[21.0631,50.5557],[21.07,50.5614],[21.0529,50.5663],[21.0232,50.5582],[20.976,50.5584],[20.9317,50.5367],[20.9297,50.5443],[20.9506,50.5682],[20.9502,50.5751],[20.9441,50.5729],[20.9461,50.5854],[20.942,50.5848],[20.9374,50.5941],[20.947,50.6057],[20.922,50.6105],[20.9119,50.6026],[20.9048,50.6036],[20.9163,50.6142],[20.9229,50.6306],[20.9096,50.6372],[20.8741,50.6357]]],[[[21.087,50.4941],[21.0786,50.4962],[21.0834,50.4999],[21.087,50.4941]]]]}},{"type":"Feature","properties":{"slug":"elcki","name":"powiat ełcki","bdlUnitId":"042815505000","voivodeship":"warmińsko-mazurskie"},"geometry":{"type":"Polygon","coordinates":[[[22.0596,53.8599],[22.0787,53.8692],[22.1448,53.865],[22.1357,53.8751],[22.1543,53.8822],[22.153,53.8921],[22.1384,53.8887],[22.1308,53.8917],[22.1275,53.8848],[22.1165,53.888],[22.1186,53.8955],[22.097,53.9031],[22.1131,53.9164],[22.0891,53.9249],[22.0939,53.9274],[22.0875,53.9402],[22.1057,53.9506],[22.0995,53.9554],[22.108,53.9604],[22.1141,53.9805],[22.1402,53.9862],[22.1361,53.9957],[22.1284,53.9978],[22.1333,53.9982],[22.1307,54.0011],[22.1449,53.9963],[22.1515,54.0019],[22.1694,54.0043],[22.1775,54.0006],[22.183,54.0023],[22.1809,54.0059],[22.1887,54.0067],[22.1901,54.0013],[22.2074,54.0017],[22.2434,53.9773],[22.235,53.9567],[22.2634,53.9558],[22.2556,53.9463],[22.2614,53.9417],[22.2772,53.941],[22.2881,53.9547],[22.3046,53.944],[22.3286,53.9401],[22.3238,53.9366],[22.3301,53.9288],[22.3557,53.9386],[22.3596,53.9339],[22.3732,53.939],[22.3869,53.9337],[22.4334,53.9442],[22.4365,53.9389],[22.4165,53.9377],[22.4195,53.9254],[22.4259,53.9254],[22.4281,53.9305],[22.4329,53.928],[22.4281,53.9264],[22.4331,53.9244],[22.4331,53.9103],[22.4396,53.9043],[22.4665,53.9132],[22.4701,53.8977],[22.5085,53.8876],[22.5112,53.8971],[22.5187,53.8986],[22.5322,53.8925],[22.5568,53.8966],[22.558,53.8898],[22.5654,53.8888],[22.5947,53.9026],[22.5909,53.9095],[22.5986,53.9157],[22.6125,53.9174],[22.6109,53.9214],[22.6268,53.921],[22.6217,53.9293],[22.6258,53.9355],[22.6515,53.9387],[22.6724,53.9509],[22.7287,53.9529],[22.7512,53.9432],[22.7816,53.9197],[22.7754,53.9054],[22.7796,53.8989],[22.775,53.8963],[22.7854,53.8834],[22.779,53.8656],[22.7267,53.8332],[22.7268,53.8039],[22.6968,53.7616],[22.6408,53.7476],[22.6407,53.7548],[22.629,53.7574],[22.6224,53.7452],[22.6264,53.7416],[22.6068,53.717],[22.5848,53.7269],[22.5847,53.7343],[22.5664,53.7214],[22.5141,53.6977],[22.4676,53.699],[22.4748,53.6957],[22.4654,53.6901],[22.4716,53.6783],[22.467,53.6724],[22.473,53.6631],[22.4406,53.6648],[22.4376,53.6674],[22.4448,53.6723],[22.423,53.6815],[22.4007,53.6671],[22.3599,53.6558],[22.3266,53.6318],[22.3056,53.6268],[22.2886,53.6351],[22.2731,53.6351],[22.2685,53.6431],[22.2582,53.642],[22.2444,53.6495],[22.2175,53.653],[22.2044,53.6572],[22.204,53.6638],[22.1747,53.6698],[22.1861,53.6939],[22.184,53.699],[22.1898,53.7004],[22.195,53.6956],[22.2042,53.7051],[22.2138,53.7074],[22.222,53.7028],[22.227,53.7095],[22.2229,53.7113],[22.2201,53.7284],[22.2141,53.7301],[22.215,53.7401],[22.1983,53.7392],[22.1927,53.7629],[22.1744,53.763],[22.1807,53.77],[22.1577,53.7743],[22.1484,53.7878],[22.13,53.7847],[22.1173,53.7911],[22.132,53.792],[22.1172,53.7996],[22.1395,53.816],[22.1292,53.8187],[22.1235,53.8154],[22.1245,53.8201],[22.1194,53.8229],[22.1282,53.8259],[22.1274,53.8296],[22.1181,53.8255],[22.0997,53.8319],[22.1024,53.8351],[22.0605,53.8368],[22.0725,53.845],[22.0863,53.846],[22.081,53.8482],[22.0476,53.8406],[22.0414,53.8347],[22.0375,53.8423],[22.0239,53.8444],[22.0299,53.8556],[22.0392,53.8574],[22.0538,53.8517],[22.0607,53.8561],[22.0596,53.8599]]]}},{"type":"Feature","properties":{"slug":"dzierzoniowski","name":"powiat dzierżoniowski","bdlUnitId":"030210302000","voivodeship":"dolnośląskie"},"geometry":{"type":"Polygon","coordinates":[[[16.6971,50.8431],[16.7071,50.845],[16.7389,50.8366],[16.7532,50.8438],[16.775,50.8445],[16.7739,50.8399],[16.7806,50.8356],[16.8062,50.8349],[16.8038,50.8216],[16.8129,50.8194],[16.824,50.82],[16.8201,50.8279],[16.8293,50.8277],[16.8283,50.8321],[16.8329,50.8339],[16.8807,50.8292],[16.8763,50.8227],[16.8895,50.8137],[16.883,50.8105],[16.8834,50.8054],[16.8952,50.7988],[16.8841,50.791],[16.894,50.7842],[16.8975,50.7919],[16.9042,50.7885],[16.897,50.7784],[16.8905,50.7801],[16.8842,50.7717],[16.8817,50.762],[16.8893,50.7582],[16.8588,50.7236],[16.8631,50.7202],[16.8773,50.7246],[16.895,50.7216],[16.8803,50.7085],[16.8765,50.701],[16.8808,50.6981],[16.8799,50.6916],[16.8757,50.6918],[16.8725,50.6805],[16.8492,50.6784],[16.8057,50.6602],[16.7971,50.6601],[16.8003,50.6693],[16.7956,50.6699],[16.7824,50.6667],[16.7728,50.6584],[16.7656,50.6631],[16.7188,50.6662],[16.7008,50.6598],[16.7024,50.6408],[16.6728,50.6427],[16.6704,50.6465],[16.6149,50.625],[16.594,50.6452],[16.5803,50.6354],[16.5831,50.6283],[16.5582,50.6336],[16.5475,50.639],[16.5429,50.6485],[16.5141,50.6579],[16.4993,50.6757],[16.4797,50.6811],[16.4844,50.6855],[16.4804,50.6934],[16.491,50.6973],[16.4935,50.7035],[16.4837,50.7093],[16.4837,50.715],[16.4978,50.7112],[16.5033,50.7178],[16.5197,50.7206],[16.5301,50.7314],[16.5634,50.7446],[16.5592,50.7527],[16.5716,50.7574],[16.548,50.7772],[16.5938,50.7989],[16.5789,50.8179],[16.5834,50.826],[16.6138,50.8184],[16.6337,50.8259],[16.6387,50.8258],[16.6351,50.8174],[16.65,50.8228],[16.669,50.8205],[16.6704,50.8266],[16.6785,50.8263],[16.6971,50.8431]]]}},{"type":"Feature","properties":{"slug":"tczewski","name":"powiat tczewski","bdlUnitId":"042214214000","voivodeship":"pomorskie"},"geometry":{"type":"Polygon","coordinates":[[[18.5907,54.1059],[18.5973,54.1212],[18.6259,54.1276],[18.6289,54.1423],[18.6544,54.133],[18.6608,54.1401],[18.6737,54.1386],[18.6744,54.1443],[18.6851,54.1514],[18.7055,54.146],[18.7388,54.1517],[18.7907,54.1534],[18.7895,54.1505],[18.8061,54.1541],[18.805,54.1488],[18.8113,54.1482],[18.8123,54.1427],[18.8282,54.1416],[18.8289,54.1297],[18.8059,54.0935],[18.8205,54.0933],[18.806,54.0924],[18.815,54.0705],[18.8154,54.05],[18.8195,54.0389],[18.8359,54.0214],[18.8401,53.9895],[18.8704,53.9687],[18.8718,53.9596],[18.8594,53.9452],[18.8585,53.9357],[18.8888,53.898],[18.8833,53.882],[18.8376,53.8291],[18.85,53.8026],[18.8389,53.7847],[18.8389,53.7755],[18.8574,53.7455],[18.8449,53.7274],[18.7896,53.7019],[18.764,53.6995],[18.7507,53.6926],[18.7488,53.6857],[18.7413,53.6928],[18.731,53.6844],[18.7084,53.6865],[18.6952,53.6928],[18.6975,53.7097],[18.6908,53.7208],[18.7,53.7295],[18.7138,53.7285],[18.7178,53.7353],[18.734,53.7368],[18.7321,53.744],[18.7165,53.7483],[18.7241,53.7575],[18.7229,53.7635],[18.7035,53.7663],[18.6998,53.7737],[18.6897,53.7753],[18.6344,53.77],[18.6339,53.7998],[18.5921,53.8025],[18.5985,53.8133],[18.5927,53.8152],[18.5951,53.818],[18.6023,53.825],[18.6123,53.8253],[18.6049,53.8419],[18.5875,53.8619],[18.5952,53.8662],[18.5955,53.8712],[18.6062,53.8694],[18.6116,53.8738],[18.6028,53.8814],[18.6035,53.8935],[18.6256,53.9132],[18.6257,53.9239],[18.6342,53.9319],[18.6312,53.9347],[18.6378,53.9399],[18.6376,53.9457],[18.6522,53.9543],[18.6773,53.956],[18.6724,53.9586],[18.6798,53.962],[18.6709,53.9685],[18.6747,53.9707],[18.6656,53.9741],[18.6696,53.9786],[18.6591,53.9815],[18.6641,53.9961],[18.674,54.0058],[18.6536,54.0124],[18.6578,54.0181],[18.6388,54.0165],[18.6175,54.0338],[18.6008,54.03],[18.5919,54.0401],[18.5715,54.0416],[18.5689,54.0533],[18.5552,54.0514],[18.5563,54.0592],[18.5499,54.0717],[18.5682,54.0676],[18.5673,54.0735],[18.5755,54.0744],[18.5721,54.0861],[18.5908,54.0932],[18.5907,54.1059]]]}},{"type":"Feature","properties":{"slug":"kolobrzeski","name":"powiat kołobrzeski","bdlUnitId":"023216308000","voivodeship":"zachodniopomorskie"},"geometry":{"type":"Polygon","coordinates":[[[15.792,54.2272],[15.8051,54.2207],[15.7925,54.2041],[15.8184,54.2043],[15.804,54.1926],[15.8076,54.19],[15.8057,54.1835],[15.8185,54.1734],[15.8196,54.1667],[15.8408,54.1618],[15.8374,54.1513],[15.8472,54.1472],[15.8802,54.1457],[15.876,54.1394],[15.8805,54.1347],[15.8633,54.1161],[15.8634,54.1084],[15.8544,54.1087],[15.8428,54.0973],[15.831,54.0939],[15.834,54.0839],[15.8206,54.0829],[15.8176,54.076],[15.8124,54.0794],[15.8102,54.0748],[15.793,54.0775],[15.7953,54.0695],[15.7754,54.0664],[15.7485,54.0768],[15.743,54.0662],[15.7323,54.0658],[15.7449,54.051],[15.7444,54.0355],[15.7393,54.0271],[15.7545,54.0105],[15.7446,54.0061],[15.7463,54.0005],[15.7224,53.9968],[15.7201,53.9911],[15.7391,53.978],[15.7218,53.972],[15.7284,53.9672],[15.7186,53.9623],[15.7224,53.96],[15.7058,53.9546],[15.6733,53.9704],[15.6706,53.9635],[15.6451,53.9643],[15.63,53.9459],[15.5875,53.9334],[15.5744,53.9168],[15.5532,53.9093],[15.5494,53.9033],[15.5637,53.8864],[15.5416,53.8855],[15.5291,53.8903],[15.5313,53.8736],[15.4792,53.8771],[15.4846,53.8959],[15.4773,53.8962],[15.483,53.8899],[15.4539,53.893],[15.4512,53.896],[15.4569,53.9007],[15.4365,53.9085],[15.4395,53.9142],[15.4335,53.922],[15.4448,53.9207],[15.4491,53.9268],[15.4636,53.9269],[15.4661,53.9404],[15.4444,53.9467],[15.4397,53.9547],[15.4191,53.9548],[15.4261,53.966],[15.4195,53.9893],[15.4252,54.0024],[15.4212,54.0029],[15.431,54.012],[15.4185,54.0186],[15.4321,54.0256],[15.4349,54.0402],[15.4531,54.0462],[15.4525,54.0551],[15.4365,54.07],[15.4382,54.074],[15.4142,54.081],[15.4007,54.0825],[15.3681,54.0737],[15.3666,54.0778],[15.3475,54.0757],[15.3599,54.0793],[15.3549,54.0859],[15.3761,54.0975],[15.3839,54.0973],[15.3801,54.1058],[15.3501,54.1182],[15.3534,54.1267],[15.3896,54.1513],[15.388,54.1591],[15.4319,54.1656],[15.4909,54.1671],[15.5335,54.1779],[15.5517,54.1892],[15.5884,54.1876],[15.6745,54.2008],[15.792,54.2272]]]}},{"type":"Feature","properties":{"slug":"klobucki","name":"powiat kłobucki","bdlUnitId":"012414606000","voivodeship":"śląskie"},"geometry":{"type":"Polygon","coordinates":[[[19.1236,50.9996],[19.1277,50.9931],[19.1216,50.9796],[19.1252,50.9743],[19.1192,50.972],[19.1056,50.9771],[19.1021,50.9671],[19.0903,50.9689],[19.0766,50.964],[19.0736,50.9552],[19.0838,50.9497],[19.0815,50.9431],[19.0864,50.9389],[19.1114,50.9351],[19.1026,50.933],[19.094,50.9236],[19.0752,50.9224],[19.0602,50.9155],[19.0645,50.9058],[19.079,50.9045],[19.07,50.8997],[19.0724,50.8851],[19.0862,50.88],[19.0897,50.8633],[19.0818,50.855],[19.0648,50.861],[19.0402,50.8414],[19.0382,50.8256],[18.9987,50.8237],[18.9852,50.812],[18.9641,50.8162],[18.9552,50.8262],[18.9657,50.8245],[18.9669,50.8281],[18.9554,50.8311],[18.9552,50.8357],[18.9391,50.8346],[18.9416,50.821],[18.8933,50.8143],[18.9013,50.8073],[18.8974,50.8118],[18.91,50.8144],[18.9089,50.803],[18.8612,50.7973],[18.8561,50.7865],[18.8623,50.7869],[18.8487,50.7661],[18.8099,50.7685],[18.8045,50.7975],[18.7324,50.7921],[18.7307,50.7858],[18.7085,50.8049],[18.6708,50.8202],[18.6411,50.8246],[18.6152,50.8442],[18.6191,50.8626],[18.6548,50.9156],[18.6493,50.9312],[18.6303,50.9312],[18.6124,50.9551],[18.6222,50.9656],[18.6385,50.9645],[18.6636,50.9706],[18.6682,50.989],[18.6562,51.005],[18.6798,51.0083],[18.6954,51.0157],[18.672,51.0491],[18.673,51.0569],[18.7092,51.0656],[18.8029,51.0634],[18.8007,51.0712],[18.8166,51.0729],[18.8179,51.0682],[18.8574,51.0726],[18.8565,51.0764],[18.8835,51.059],[18.8933,51.0602],[18.9003,51.0624],[18.8955,51.0666],[18.9009,51.08],[18.923,51.0994],[19.0116,51.0664],[19.0091,51.0603],[19.0167,51.0519],[19.0563,51.0399],[19.0566,51.0321],[19.0477,51.0295],[19.0497,51.0264],[19.0561,51.0242],[19.0727,51.0355],[19.1017,51.028],[19.1236,50.9996]]]}},{"type":"Feature","properties":{"slug":"gliwicki","name":"powiat gliwicki","bdlUnitId":"012414705000","voivodeship":"śląskie"},"geometry":{"type":"Polygon","coordinates":[[[18.6075,50.55],[18.6236,50.5511],[18.6153,50.5433],[18.6186,50.5423],[18.6355,50.5488],[18.6457,50.5468],[18.6658,50.5354],[18.6498,50.5262],[18.6384,50.527],[18.6526,50.4991],[18.6433,50.4901],[18.6231,50.4883],[18.6228,50.4774],[18.6332,50.4787],[18.6443,50.471],[18.6555,50.473],[18.6493,50.4633],[18.6237,50.4561],[18.6249,50.4473],[18.614,50.4372],[18.6313,50.4312],[18.6339,50.4221],[18.6461,50.4195],[18.6501,50.4099],[18.656,50.4078],[18.6525,50.383],[18.6585,50.3743],[18.6134,50.3691],[18.6054,50.3619],[18.5985,50.3647],[18.5973,50.3598],[18.6033,50.3538],[18.5841,50.3433],[18.5993,50.3378],[18.5982,50.3272],[18.5616,50.3442],[18.5434,50.3367],[18.5607,50.3261],[18.5471,50.323],[18.5973,50.3094],[18.5917,50.3052],[18.5916,50.2968],[18.5708,50.2944],[18.5713,50.2779],[18.566,50.2647],[18.5693,50.2639],[18.5634,50.2548],[18.5744,50.2562],[18.5797,50.2619],[18.642,50.2622],[18.6413,50.2476],[18.6309,50.2382],[18.6335,50.2351],[18.6588,50.2405],[18.6663,50.2329],[18.685,50.2347],[18.6851,50.2272],[18.7041,50.2278],[18.7062,50.236],[18.7211,50.2357],[18.7253,50.2724],[18.7319,50.2726],[18.7505,50.264],[18.7596,50.2531],[18.7975,50.2457],[18.7945,50.2386],[18.8043,50.2258],[18.7901,50.2148],[18.7976,50.2082],[18.7775,50.1941],[18.7532,50.2011],[18.7467,50.2072],[18.7406,50.2034],[18.7276,50.2062],[18.7219,50.2002],[18.7082,50.2019],[18.7052,50.1926],[18.7134,50.1837],[18.7006,50.1837],[18.6946,50.1752],[18.6838,50.1784],[18.6879,50.1764],[18.6723,50.175],[18.6615,50.1819],[18.6461,50.1826],[18.6439,50.189],[18.6285,50.1731],[18.6116,50.1781],[18.5874,50.1726],[18.5451,50.1857],[18.5111,50.1746],[18.4947,50.1799],[18.5032,50.1901],[18.487,50.1955],[18.4858,50.2017],[18.4764,50.201],[18.4769,50.2091],[18.4592,50.2098],[18.4669,50.2246],[18.4576,50.2263],[18.4566,50.2403],[18.448,50.2469],[18.4259,50.249],[18.4203,50.2615],[18.4261,50.2616],[18.427,50.2687],[18.4061,50.2771],[18.3939,50.2754],[18.4076,50.2899],[18.3932,50.3054],[18.3921,50.3134],[18.409,50.3172],[18.4067,50.3228],[18.3981,50.3232],[18.4008,50.3289],[18.3939,50.3385],[18.3577,50.3566],[18.3728,50.3611],[18.3725,50.3716],[18.3886,50.3704],[18.3882,50.3745],[18.3739,50.3799],[18.385,50.3804],[18.385,50.3847],[18.3963,50.389],[18.3781,50.4135],[18.3649,50.4191],[18.3669,50.4268],[18.3856,50.4313],[18.3891,50.4398],[18.3818,50.449],[18.3869,50.4588],[18.3796,50.4817],[18.4097,50.4746],[18.44,50.4807],[18.4526,50.4769],[18.452,50.4626],[18.4813,50.4583],[18.486,50.4699],[18.475,50.4731],[18.4744,50.4793],[18.4704,50.4796],[18.4665,50.4995],[18.4479,50.4994],[18.4382,50.5272],[18.4299,50.5316],[18.437,50.5459],[18.4779,50.5527],[18.5573,50.5398],[18.5727,50.5481],[18.6075,50.55]]]}},{"type":"Feature","properties":{"slug":"lubliniecki","name":"powiat lubliniecki","bdlUnitId":"012414507000","voivodeship":"śląskie"},"geometry":{"type":"Polygon","coordinates":[[[18.6017,50.6045],[18.5901,50.6064],[18.5873,50.6138],[18.5174,50.6255],[18.5132,50.6307],[18.5168,50.6396],[18.5064,50.6413],[18.5133,50.6581],[18.5228,50.6594],[18.4941,50.6643],[18.4968,50.6707],[18.5089,50.6737],[18.487,50.6786],[18.4841,50.6857],[18.4994,50.6895],[18.5009,50.6938],[18.4926,50.6968],[18.4937,50.7005],[18.4783,50.7031],[18.4841,50.703],[18.4839,50.7083],[18.5069,50.7132],[18.509,50.7261],[18.5483,50.732],[18.5517,50.7523],[18.5705,50.7447],[18.5799,50.7504],[18.5723,50.7563],[18.55,50.7596],[18.5349,50.7714],[18.5381,50.7742],[18.5343,50.7788],[18.5251,50.7764],[18.5252,50.7862],[18.5161,50.7889],[18.5222,50.7917],[18.521,50.7969],[18.5036,50.7974],[18.5091,50.8027],[18.5622,50.8089],[18.558,50.8341],[18.5882,50.8516],[18.6051,50.8541],[18.6159,50.8536],[18.6158,50.8425],[18.6264,50.8322],[18.7064,50.8059],[18.7307,50.7858],[18.7324,50.7921],[18.8045,50.7975],[18.8099,50.7685],[18.8422,50.7679],[18.8667,50.761],[18.9177,50.7652],[18.9183,50.7399],[18.9131,50.7334],[18.9357,50.7176],[18.9434,50.7024],[18.9868,50.6874],[18.9847,50.6627],[19.0039,50.6654],[19.0286,50.6606],[19.0637,50.6614],[19.0481,50.6475],[19.057,50.6358],[19.0957,50.6435],[19.0987,50.6297],[19.1093,50.6204],[19.0734,50.6161],[19.0937,50.5965],[19.0933,50.5915],[19.1053,50.5871],[19.1085,50.5773],[19.1029,50.5779],[19.0883,50.5602],[19.0772,50.5558],[19.0824,50.5335],[19.0934,50.5159],[19.0528,50.4933],[19.0432,50.5184],[19.0335,50.5263],[19.02,50.5287],[19.02,50.5324],[19.0437,50.5404],[19.0227,50.5427],[19.0238,50.5551],[19.0299,50.5617],[19.0013,50.5635],[19.0033,50.5755],[18.9918,50.5708],[18.9673,50.5724],[18.9657,50.5795],[18.95,50.5805],[18.949,50.5738],[18.9062,50.5766],[18.9073,50.5834],[18.8752,50.5854],[18.8658,50.6004],[18.8465,50.6171],[18.8158,50.5877],[18.8175,50.5816],[18.8609,50.5744],[18.871,50.5676],[18.8704,50.5633],[18.8559,50.5573],[18.8623,50.5538],[18.8587,50.5501],[18.8418,50.5421],[18.8413,50.5476],[18.8257,50.5595],[18.7798,50.5719],[18.776,50.5891],[18.7353,50.5959],[18.7079,50.5864],[18.6883,50.5865],[18.6017,50.6045]]]}},{"type":"Feature","properties":{"slug":"grudziadzki","name":"powiat grudziądzki","bdlUnitId":"040410706000","voivodeship":"kujawsko-pomorskie"},"geometry":{"type":"Polygon","coordinates":[[[19.2243,53.4566],[19.1952,53.4526],[19.1864,53.4418],[19.1395,53.4465],[19.1397,53.438],[19.1195,53.43],[19.1391,53.4213],[19.1078,53.3813],[19.0924,53.3782],[19.0768,53.3927],[19.0692,53.3906],[19.054,53.3784],[19.0448,53.3608],[19.0487,53.3582],[19.0388,53.3508],[19.0283,53.356],[19.0077,53.3536],[19.0043,53.3651],[18.9806,53.3628],[18.9832,53.3562],[18.9778,53.3556],[18.9753,53.3495],[18.9366,53.3399],[18.9328,53.3467],[18.8995,53.3393],[18.8918,53.3423],[18.8898,53.3335],[18.8848,53.332],[18.8692,53.3405],[18.8733,53.3435],[18.86,53.358],[18.8397,53.3657],[18.822,53.3832],[18.8106,53.3875],[18.7683,53.3771],[18.749,53.3785],[18.7498,53.3684],[18.7348,53.3663],[18.737,53.3622],[18.7075,53.3672],[18.7156,53.3791],[18.695,53.384],[18.6807,53.3951],[18.666,53.3979],[18.6402,53.393],[18.6281,53.4029],[18.607,53.3989],[18.5967,53.4114],[18.6072,53.4249],[18.6387,53.426],[18.6332,53.4336],[18.6612,53.4336],[18.704,53.4517],[18.7085,53.4497],[18.7053,53.4398],[18.6866,53.432],[18.6956,53.4345],[18.739,53.4208],[18.7426,53.4257],[18.762,53.4266],[18.7624,53.436],[18.779,53.4331],[18.7823,53.4373],[18.788,53.4328],[18.8067,53.4316],[18.8135,53.4461],[18.7793,53.4582],[18.7824,53.4632],[18.7955,53.4747],[18.8132,53.4781],[18.8133,53.4866],[18.8387,53.4878],[18.8437,53.4936],[18.8709,53.5009],[18.8557,53.5032],[18.8552,53.5128],[18.8293,53.524],[18.8218,53.5221],[18.8099,53.5075],[18.7967,53.512],[18.7886,53.5051],[18.7658,53.5076],[18.7698,53.5206],[18.7563,53.5239],[18.7648,53.5513],[18.7598,53.5643],[18.7636,53.6109],[18.7679,53.6058],[18.89,53.5995],[18.9086,53.5915],[18.9052,53.5776],[18.9151,53.5795],[18.9268,53.5917],[18.9768,53.5874],[18.9873,53.5899],[18.9888,53.5951],[19.0249,53.5906],[19.0849,53.5982],[19.1821,53.579],[19.1997,53.5701],[19.1893,53.5478],[19.1952,53.544],[19.2079,53.5481],[19.2138,53.5318],[19.2197,53.529],[19.2188,53.5243],[19.2043,53.5231],[19.1892,53.5116],[19.2058,53.4967],[19.2256,53.4888],[19.2232,53.4804],[19.2366,53.4675],[19.2243,53.4566]]]}},{"type":"Feature","properties":{"slug":"wolowski","name":"powiat wołowski","bdlUnitId":"030210422000","voivodeship":"dolnośląskie"},"geometry":{"type":"Polygon","coordinates":[[[16.8006,51.2587],[16.7622,51.2613],[16.7463,51.2566],[16.7277,51.2605],[16.6945,51.2412],[16.6761,51.2497],[16.6406,51.246],[16.6269,51.2514],[16.595,51.2398],[16.5792,51.2488],[16.5347,51.2436],[16.5026,51.2266],[16.4721,51.2306],[16.4694,51.2429],[16.4729,51.2499],[16.459,51.2577],[16.4637,51.2673],[16.4536,51.2736],[16.4363,51.275],[16.4157,51.2937],[16.4608,51.3257],[16.454,51.3464],[16.4668,51.3536],[16.4683,51.3614],[16.4772,51.3669],[16.4572,51.4001],[16.4446,51.4076],[16.446,51.4199],[16.4384,51.4275],[16.4546,51.4936],[16.4673,51.5015],[16.4781,51.499],[16.4783,51.5027],[16.4898,51.5035],[16.492,51.5003],[16.5042,51.5091],[16.5218,51.5023],[16.5241,51.5069],[16.5527,51.5108],[16.5611,51.5097],[16.5602,51.5052],[16.5862,51.5026],[16.5948,51.5135],[16.6186,51.5179],[16.6505,51.5149],[16.6431,51.4902],[16.6945,51.4966],[16.7114,51.4906],[16.7666,51.484],[16.7591,51.4703],[16.7839,51.4713],[16.7967,51.4561],[16.7981,51.44],[16.7896,51.4348],[16.7936,51.4291],[16.7891,51.4251],[16.7984,51.4208],[16.797,51.4164],[16.7922,51.4104],[16.7677,51.4037],[16.7881,51.4011],[16.785,51.3972],[16.8003,51.3892],[16.7752,51.362],[16.798,51.3574],[16.7774,51.3438],[16.7937,51.3435],[16.8081,51.3347],[16.8008,51.316],[16.8119,51.3155],[16.8107,51.3036],[16.7995,51.3029],[16.8063,51.2942],[16.8123,51.2938],[16.8069,51.2672],[16.8118,51.2635],[16.8068,51.2652],[16.8006,51.2587]]]}},{"type":"Feature","properties":{"slug":"torunski","name":"powiat toruński","bdlUnitId":"040410615000","voivodeship":"kujawsko-pomorskie"},"geometry":{"type":"Polygon","coordinates":[[[19.0942,52.969],[19.056,52.9709],[19.0407,52.9639],[19.0372,52.9677],[19.0096,52.9646],[19.0181,52.9579],[19.0127,52.9533],[19.0227,52.9429],[19.0153,52.9393],[19.0174,52.9333],[19.0321,52.9318],[19.0246,52.9129],[19.0386,52.9192],[19.0505,52.9157],[19.0587,52.8909],[19.0645,52.8856],[19.0425,52.8635],[19.0415,52.8541],[19.0231,52.8457],[18.9533,52.8519],[18.9431,52.8442],[18.9505,52.8305],[18.9073,52.8358],[18.8991,52.8539],[18.8502,52.8701],[18.8379,52.8785],[18.8312,52.8936],[18.8198,52.9035],[18.7528,52.915],[18.7226,52.9334],[18.7121,52.9302],[18.7082,52.9238],[18.695,52.9225],[18.689,52.8966],[18.6751,52.8993],[18.6702,52.8953],[18.6529,52.897],[18.6413,52.8893],[18.632,52.8922],[18.6244,52.8876],[18.6273,52.8802],[18.6088,52.8743],[18.6029,52.8688],[18.6071,52.8635],[18.5916,52.8581],[18.5779,52.8654],[18.5805,52.8685],[18.5717,52.8778],[18.5187,52.8993],[18.525,52.9029],[18.5078,52.907],[18.5129,52.908],[18.4957,52.9485],[18.4457,52.9424],[18.4397,52.9558],[18.3609,52.9461],[18.385,52.975],[18.3824,52.9807],[18.4073,52.9839],[18.4033,52.9896],[18.3669,52.9869],[18.3775,52.9934],[18.38,53.0175],[18.4074,53.0395],[18.2983,53.0812],[18.2604,53.0868],[18.2409,53.0838],[18.2011,53.0938],[18.1735,53.0935],[18.1449,53.1036],[18.1535,53.1105],[18.172,53.105],[18.1868,53.1063],[18.2365,53.1273],[18.2579,53.1317],[18.2732,53.1335],[18.2719,53.1249],[18.2645,53.1183],[18.2986,53.125],[18.3137,53.1444],[18.3034,53.1542],[18.3169,53.1631],[18.3416,53.1565],[18.3387,53.1664],[18.3533,53.1717],[18.3694,53.1709],[18.382,53.1826],[18.3924,53.1791],[18.4162,53.1833],[18.4236,53.1766],[18.468,53.2017],[18.472,53.1934],[18.4842,53.1967],[18.4822,53.2019],[18.4893,53.2069],[18.5129,53.2142],[18.5139,53.2244],[18.5398,53.2164],[18.5682,53.2266],[18.5748,53.221],[18.5887,53.2271],[18.6048,53.2432],[18.6356,53.236],[18.6304,53.2296],[18.653,53.2248],[18.6761,53.2407],[18.6701,53.2414],[18.6844,53.2569],[18.7032,53.2474],[18.7173,53.2504],[18.7249,53.263],[18.7708,53.2453],[18.7972,53.2512],[18.781,53.2412],[18.7727,53.228],[18.8034,53.2196],[18.7926,53.2141],[18.7828,53.2163],[18.7626,53.2063],[18.7522,53.1853],[18.7442,53.18],[18.7611,53.1662],[18.7608,53.1598],[18.7523,53.1554],[18.7333,53.1578],[18.7274,53.1528],[18.7631,53.1476],[18.7727,53.1385],[18.795,53.1355],[18.7897,53.1336],[18.8056,53.1271],[18.8168,53.1047],[18.8119,53.1003],[18.8186,53.0896],[18.8112,53.0854],[18.8284,53.0799],[18.823,53.0745],[18.8269,53.071],[18.8625,53.068],[18.8605,53.0608],[18.8697,53.0407],[18.9098,53.0308],[18.9087,53.0244],[18.9228,53.0257],[18.9514,53.015],[18.947,53.0021],[18.9346,52.9932],[18.9566,52.9878],[18.961,52.9778],[18.9581,52.9738],[18.9798,52.9772],[18.9826,52.9871],[18.989,52.9887],[19.0104,52.9869],[19.0151,52.9932],[19.0249,52.9895],[19.0219,53.0022],[19.0342,53.0059],[19.04,53.0053],[19.0506,52.9916],[19.0793,52.9918],[19.094,52.9796],[19.0942,52.969]],[[18.5504,52.9631],[18.5676,52.9753],[18.6082,52.9742],[18.6194,52.9833],[18.6601,52.99],[18.6752,52.9725],[18.6868,52.9707],[18.6876,52.9771],[18.7009,52.9769],[18.6888,52.998],[18.7068,52.9976],[18.7044,53.0011],[18.7121,53.0021],[18.7177,52.9941],[18.731,52.9955],[18.7253,52.9993],[18.7287,53.001],[18.7243,53.0116],[18.7311,53.0138],[18.7273,53.0152],[18.7313,53.0186],[18.7208,53.0259],[18.7277,53.031],[18.7165,53.0339],[18.7408,53.0428],[18.7289,53.0433],[18.7075,53.0567],[18.6752,53.058],[18.6596,53.065],[18.6513,53.0655],[18.6427,53.0578],[18.6178,53.0574],[18.5965,53.0633],[18.5739,53.0591],[18.5718,53.0641],[18.5496,53.0574],[18.5444,53.0597],[18.5325,53.0548],[18.5325,53.0512],[18.5386,53.0526],[18.531,53.0471],[18.5172,53.0434],[18.5245,53.0256],[18.4886,53.0277],[18.478,53.0165],[18.4607,53.0155],[18.4982,53.0081],[18.5354,53.0094],[18.5627,53.0023],[18.5586,52.9992],[18.5621,52.9875],[18.5509,52.9719],[18.5504,52.9631]]]}},{"type":"Feature","properties":{"slug":"chelminski","name":"powiat chełmiński","bdlUnitId":"040410704000","voivodeship":"kujawsko-pomorskie"},"geometry":{"type":"Polygon","coordinates":[[[18.6264,53.4274],[18.6072,53.4249],[18.6083,53.4217],[18.6025,53.4201],[18.5967,53.4114],[18.607,53.3989],[18.6281,53.4029],[18.6402,53.393],[18.666,53.3979],[18.6807,53.3951],[18.695,53.384],[18.7156,53.3791],[18.7075,53.3672],[18.7242,53.3648],[18.7281,53.3584],[18.7189,53.3508],[18.7069,53.3539],[18.6947,53.3436],[18.7077,53.3395],[18.6994,53.3279],[18.738,53.3193],[18.7408,53.2977],[18.7137,53.2816],[18.7304,53.2777],[18.7351,53.282],[18.7389,53.2772],[18.7173,53.2504],[18.7012,53.2477],[18.6844,53.2569],[18.6701,53.2414],[18.6761,53.2407],[18.653,53.2248],[18.6304,53.2296],[18.6356,53.236],[18.6048,53.2432],[18.5887,53.2271],[18.5748,53.221],[18.5682,53.2266],[18.5398,53.2164],[18.5139,53.2244],[18.5129,53.2142],[18.4893,53.2069],[18.4822,53.2019],[18.4842,53.1967],[18.472,53.1934],[18.468,53.2017],[18.4236,53.1766],[18.4162,53.1833],[18.3924,53.1791],[18.382,53.1826],[18.3694,53.1709],[18.3495,53.1698],[18.3463,53.1775],[18.3535,53.1902],[18.3489,53.2103],[18.3183,53.2228],[18.3101,53.2421],[18.2983,53.2458],[18.2672,53.2444],[18.2825,53.2548],[18.2946,53.2566],[18.3118,53.273],[18.3267,53.3],[18.3294,53.3171],[18.357,53.3407],[18.3889,53.3591],[18.4172,53.3653],[18.411,53.3681],[18.4256,53.381],[18.4421,53.3765],[18.45,53.3788],[18.4766,53.4019],[18.4789,53.4119],[18.4966,53.4165],[18.5453,53.4165],[18.5724,53.4276],[18.6145,53.4313],[18.6264,53.4274]]]}},{"type":"Feature","properties":{"slug":"wodzislawski","name":"powiat wodzisławski","bdlUnitId":"012414915000","voivodeship":"śląskie"},"geometry":{"type":"Polygon","coordinates":[[[18.4423,50.0864],[18.4417,50.0812],[18.4614,50.0804],[18.4591,50.0741],[18.4633,50.0694],[18.4528,50.0588],[18.4763,50.0627],[18.4794,50.0526],[18.5009,50.0488],[18.5049,50.0372],[18.5482,50.0341],[18.5551,50.0143],[18.574,50.0061],[18.5719,49.9981],[18.5953,49.9965],[18.6117,49.9787],[18.5744,49.977],[18.5564,49.9647],[18.5539,49.9515],[18.5474,49.9555],[18.5433,49.9471],[18.5208,49.949],[18.5234,49.9426],[18.5147,49.934],[18.5366,49.9302],[18.543,49.9224],[18.5399,49.912],[18.547,49.9091],[18.5344,49.8996],[18.4957,49.9063],[18.4909,49.9034],[18.4667,49.9163],[18.4633,49.9223],[18.4329,49.9282],[18.4308,49.9382],[18.3908,49.9341],[18.3361,49.9467],[18.2788,50.0003],[18.2789,50.0133],[18.2627,50.0217],[18.2623,50.0284],[18.2388,50.0449],[18.2386,50.0532],[18.2468,50.0579],[18.2593,50.058],[18.2764,50.0488],[18.3333,50.0567],[18.3494,50.0527],[18.3491,50.0576],[18.3812,50.0684],[18.3788,50.0752],[18.3999,50.071],[18.4288,50.087],[18.4423,50.0864]]]}},{"type":"Feature","properties":{"slug":"leski","name":"powiat leski","bdlUnitId":"061813321000","voivodeship":"podkarpackie"},"geometry":{"type":"Polygon","coordinates":[[[22.423,49.5535],[22.4471,49.544],[22.466,49.5437],[22.4692,49.5491],[22.4797,49.5447],[22.4703,49.5391],[22.4826,49.5337],[22.4808,49.5254],[22.4956,49.5208],[22.4913,49.4979],[22.476,49.4897],[22.5336,49.4628],[22.5291,49.4535],[22.4844,49.4362],[22.4737,49.4146],[22.4661,49.4113],[22.473,49.3958],[22.4932,49.3854],[22.4742,49.3768],[22.4764,49.3704],[22.4866,49.3685],[22.4849,49.36],[22.5,49.3568],[22.5089,49.3477],[22.5222,49.3462],[22.5165,49.3416],[22.5191,49.3238],[22.4972,49.3228],[22.5042,49.3079],[22.4994,49.3056],[22.4901,49.3149],[22.4789,49.2965],[22.461,49.2872],[22.4646,49.2809],[22.4582,49.2752],[22.4605,49.2698],[22.4493,49.2484],[22.4572,49.2433],[22.4563,49.2372],[22.4768,49.2283],[22.4735,49.2202],[22.4798,49.2146],[22.4775,49.2086],[22.4828,49.2074],[22.4782,49.2029],[22.4804,49.1853],[22.5145,49.1739],[22.5198,49.1665],[22.528,49.1678],[22.5531,49.1566],[22.5373,49.1262],[22.5419,49.1151],[22.5373,49.1112],[22.5494,49.1006],[22.5456,49.092],[22.5113,49.0922],[22.497,49.0859],[22.457,49.1036],[22.4284,49.0985],[22.4139,49.1021],[22.3918,49.1181],[22.3902,49.1274],[22.3785,49.1319],[22.3662,49.1469],[22.3346,49.1465],[22.3177,49.1356],[22.247,49.1533],[22.2246,49.153],[22.2263,49.1619],[22.2359,49.1685],[22.2306,49.1807],[22.2219,49.1844],[22.237,49.2006],[22.2449,49.2187],[22.2436,49.2329],[22.2502,49.2387],[22.2318,49.2566],[22.1929,49.2702],[22.1871,49.3077],[22.2179,49.3235],[22.214,49.3364],[22.2176,49.3474],[22.2363,49.3664],[22.235,49.3715],[22.2421,49.3775],[22.2388,49.3803],[22.249,49.397],[22.2528,49.3961],[22.2952,49.4504],[22.2856,49.4552],[22.2824,49.4763],[22.2831,49.4845],[22.2937,49.4916],[22.3004,49.5172],[22.3147,49.5106],[22.3165,49.5172],[22.3306,49.5287],[22.329,49.533],[22.3502,49.5503],[22.3956,49.5276],[22.4074,49.5467],[22.4173,49.5454],[22.423,49.5535]]]}},{"type":"Feature","properties":{"slug":"bieszczadzki","name":"powiat bieszczadzki","bdlUnitId":"061813301000","voivodeship":"podkarpackie"},"geometry":{"type":"Polygon","coordinates":[[[22.6861,49.5731],[22.6738,49.5483],[22.6632,49.5388],[22.6408,49.53],[22.6512,49.5084],[22.6704,49.4975],[22.6967,49.4951],[22.7004,49.4884],[22.7126,49.4382],[22.7442,49.3698],[22.7432,49.3358],[22.751,49.3166],[22.7441,49.2988],[22.7396,49.2473],[22.7213,49.2413],[22.7149,49.2265],[22.72,49.2213],[22.7477,49.2159],[22.7334,49.2108],[22.7308,49.1985],[22.7226,49.1959],[22.7075,49.1748],[22.7187,49.165],[22.7328,49.1822],[22.7563,49.1825],[22.7423,49.1686],[22.7389,49.1581],[22.7603,49.1525],[22.7893,49.1575],[22.7934,49.138],[22.8083,49.1323],[22.8074,49.1287],[22.8164,49.1298],[22.8123,49.1249],[22.8186,49.1263],[22.8302,49.1185],[22.8315,49.111],[22.8512,49.1147],[22.8603,49.1122],[22.8557,49.1036],[22.8928,49.0946],[22.8807,49.084],[22.8837,49.0812],[22.8682,49.0773],[22.8716,49.0716],[22.8647,49.0667],[22.8758,49.0511],[22.8664,49.0402],[22.8738,49.0366],[22.8792,49.0395],[22.8741,49.0305],[22.8941,49.0176],[22.889,49.0067],[22.8474,49.0025],[22.8337,49.0261],[22.8132,49.0251],[22.8095,49.0346],[22.7655,49.0535],[22.755,49.0429],[22.7179,49.0528],[22.6983,49.0494],[22.6818,49.039],[22.6692,49.0476],[22.6516,49.0508],[22.638,49.0614],[22.6279,49.0787],[22.605,49.0845],[22.5998,49.0935],[22.5825,49.0973],[22.5657,49.088],[22.5478,49.0903],[22.5494,49.1006],[22.5373,49.1112],[22.5419,49.1151],[22.5369,49.1227],[22.5531,49.1566],[22.528,49.1678],[22.5198,49.1665],[22.5145,49.1739],[22.4804,49.1853],[22.4782,49.2029],[22.4828,49.2074],[22.4775,49.2086],[22.4798,49.2146],[22.4735,49.2202],[22.4768,49.2283],[22.4563,49.2372],[22.4572,49.2433],[22.4499,49.2463],[22.4532,49.2614],[22.4605,49.2698],[22.4582,49.2752],[22.4646,49.2809],[22.461,49.2872],[22.4789,49.2965],[22.4901,49.3149],[22.4994,49.3056],[22.5042,49.3079],[22.4972,49.3228],[22.5191,49.3238],[22.5165,49.3416],[22.5222,49.3462],[22.5089,49.3477],[22.5,49.3568],[22.4849,49.36],[22.4866,49.3685],[22.4764,49.3704],[22.4742,49.3768],[22.4932,49.3854],[22.473,49.3958],[22.4661,49.4113],[22.4737,49.4146],[22.4844,49.4362],[22.5291,49.4535],[22.5336,49.4628],[22.476,49.4897],[22.4913,49.4979],[22.4956,49.5208],[22.4808,49.5254],[22.4826,49.5337],[22.4703,49.5391],[22.4797,49.5447],[22.4692,49.5491],[22.466,49.5437],[22.4471,49.544],[22.4014,49.5647],[22.395,49.5715],[22.397,49.5755],[22.4237,49.5808],[22.4279,49.5932],[22.4626,49.5899],[22.474,49.5999],[22.4746,49.6106],[22.4845,49.6085],[22.4931,49.6168],[22.5253,49.6258],[22.5238,49.6296],[22.5372,49.6374],[22.5264,49.6643],[22.5597,49.6634],[22.5688,49.6662],[22.569,49.6703],[22.5798,49.6712],[22.5867,49.6616],[22.5842,49.6512],[22.5965,49.6355],[22.5933,49.6333],[22.6035,49.6166],[22.5951,49.6093],[22.6165,49.6087],[22.6216,49.601],[22.6185,49.5919],[22.6315,49.595],[22.632,49.5898],[22.6412,49.5884],[22.6639,49.5932],[22.6847,49.5792],[22.6861,49.5731]]]}},{"type":"Feature","properties":{"slug":"prudnicki","name":"powiat prudnicki","bdlUnitId":"031613110000","voivodeship":"opolskie"},"geometry":{"type":"Polygon","coordinates":[[[17.763,50.5546],[17.8138,50.5302],[17.7575,50.4858],[17.7585,50.4704],[17.7642,50.4623],[17.7612,50.4617],[17.7665,50.4569],[17.7625,50.455],[17.7624,50.4429],[17.7551,50.4425],[17.7616,50.4393],[17.752,50.4336],[17.7535,50.4212],[17.7609,50.4164],[17.762,50.4096],[17.7698,50.4097],[17.7703,50.4186],[17.7807,50.4231],[17.7942,50.4168],[17.7953,50.4088],[17.8055,50.4093],[17.8064,50.4129],[17.8165,50.4099],[17.8247,50.4197],[17.8191,50.421],[17.8234,50.4266],[17.8464,50.4196],[17.8311,50.4014],[17.8319,50.3966],[17.8574,50.4123],[17.8816,50.4056],[17.8869,50.4079],[17.89,50.4062],[17.8715,50.3971],[17.8763,50.3885],[17.8886,50.3885],[17.8867,50.3813],[17.9244,50.3729],[17.9181,50.3646],[17.917,50.3506],[17.9278,50.3623],[17.9458,50.3591],[17.9466,50.3548],[17.9656,50.3592],[17.9926,50.3541],[18.0052,50.3571],[18.017,50.3509],[18.0217,50.3579],[18.0323,50.346],[18.029,50.3229],[17.9626,50.3176],[17.9545,50.3259],[17.9459,50.3157],[17.9116,50.304],[17.9177,50.293],[17.9354,50.2888],[17.9302,50.2735],[17.9198,50.2756],[17.9236,50.2699],[17.9191,50.2651],[17.9122,50.2766],[17.9046,50.2744],[17.9008,50.2811],[17.895,50.2799],[17.8952,50.2879],[17.8907,50.2832],[17.8813,50.2864],[17.8618,50.2777],[17.824,50.2833],[17.8366,50.2893],[17.8162,50.3175],[17.8255,50.3203],[17.823,50.3243],[17.8114,50.3223],[17.8099,50.3173],[17.792,50.316],[17.7968,50.3081],[17.787,50.3034],[17.7806,50.3074],[17.7514,50.2995],[17.7291,50.3034],[17.719,50.3203],[17.6869,50.328],[17.6891,50.3019],[17.686,50.299],[17.6507,50.2777],[17.6121,50.266],[17.5981,50.2707],[17.5913,50.2789],[17.549,50.2699],[17.4886,50.2776],[17.4628,50.2983],[17.4498,50.2999],[17.4516,50.3205],[17.4641,50.3292],[17.4569,50.3385],[17.4525,50.3641],[17.4639,50.3702],[17.4508,50.3777],[17.4476,50.3847],[17.4731,50.3818],[17.4799,50.397],[17.5323,50.4137],[17.5324,50.4053],[17.5512,50.3943],[17.5538,50.4034],[17.5623,50.4092],[17.5773,50.4125],[17.6076,50.433],[17.6286,50.4403],[17.6343,50.4488],[17.6518,50.4485],[17.6566,50.4558],[17.6701,50.4574],[17.6671,50.4862],[17.6872,50.4851],[17.6925,50.4905],[17.7194,50.4866],[17.7228,50.4927],[17.701,50.5019],[17.763,50.5546]]]}},{"type":"Feature","properties":{"slug":"zabkowicki","name":"powiat ząbkowicki","bdlUnitId":"030210324000","voivodeship":"dolnośląskie"},"geometry":{"type":"Polygon","coordinates":[[[17.1649,50.6135],[17.1219,50.6075],[17.1149,50.5874],[17.0992,50.5759],[17.0941,50.5644],[17.0757,50.556],[17.0637,50.5423],[17.0629,50.5302],[17.0743,50.5226],[17.0748,50.5171],[17.0567,50.5049],[17.0626,50.497],[17.0588,50.4917],[17.0643,50.4889],[17.0587,50.485],[17.0626,50.4766],[17.0546,50.4757],[17.0516,50.4654],[17.0192,50.4651],[17.0166,50.4685],[17.0251,50.4708],[17.0173,50.4736],[17.0201,50.4803],[17.0073,50.4794],[17.006,50.4744],[16.9975,50.4778],[16.9823,50.4738],[16.976,50.4756],[16.9805,50.4824],[16.9763,50.4821],[16.9739,50.4891],[16.9683,50.4844],[16.959,50.4878],[16.9474,50.4802],[16.9403,50.4611],[16.9144,50.4498],[16.8831,50.4435],[16.8603,50.4077],[16.8481,50.3997],[16.8276,50.3975],[16.8067,50.401],[16.7924,50.4239],[16.7674,50.4256],[16.7567,50.4445],[16.7571,50.4539],[16.7361,50.4778],[16.7079,50.4764],[16.6947,50.4823],[16.702,50.483],[16.7003,50.4968],[16.6899,50.5021],[16.6838,50.5156],[16.6751,50.5165],[16.6778,50.5246],[16.6737,50.5259],[16.6796,50.5322],[16.6864,50.532],[16.6855,50.5372],[16.642,50.5497],[16.6264,50.5614],[16.6354,50.573],[16.6059,50.5884],[16.5988,50.5989],[16.5969,50.613],[16.5876,50.6179],[16.5883,50.6251],[16.5794,50.6335],[16.594,50.6452],[16.6149,50.625],[16.6704,50.6465],[16.6728,50.6427],[16.7024,50.6408],[16.7008,50.6598],[16.7264,50.6675],[16.7656,50.6631],[16.7728,50.6584],[16.7824,50.6667],[16.7956,50.6699],[16.8003,50.6693],[16.7971,50.6601],[16.8057,50.6602],[16.8492,50.6784],[16.8676,50.6772],[16.8762,50.686],[16.8757,50.6918],[16.8799,50.6916],[16.8808,50.6981],[16.8765,50.701],[16.8803,50.7085],[16.9012,50.7062],[16.9139,50.711],[16.9149,50.7159],[16.9375,50.7064],[16.9395,50.6998],[16.9486,50.7023],[16.958,50.6933],[16.9754,50.6901],[16.9754,50.6851],[16.9821,50.6877],[16.9806,50.6936],[17.0051,50.696],[17.0246,50.6922],[17.0279,50.6965],[17.042,50.6958],[17.0445,50.7008],[17.0648,50.6936],[17.0709,50.6847],[17.0687,50.6804],[17.1191,50.672],[17.1241,50.6678],[17.1226,50.6631],[17.1457,50.6627],[17.1203,50.6441],[17.1519,50.6317],[17.1649,50.6135]]]}},{"type":"Feature","properties":{"slug":"makowski","name":"powiat makowski","bdlUnitId":"071422611000","voivodeship":"mazowieckie"},"geometry":{"type":"Polygon","coordinates":[[[21.1817,53.1146],[21.2182,53.1022],[21.2519,53.0773],[21.2557,53.0802],[21.2469,53.0893],[21.2574,53.0933],[21.2705,53.0899],[21.2759,53.083],[21.2979,53.0798],[21.2966,53.0711],[21.3181,53.0661],[21.3379,53.0395],[21.3705,53.0572],[21.3677,53.0516],[21.372,53.0348],[21.3811,53.0279],[21.4319,53.0105],[21.4362,53.0018],[21.4659,52.9993],[21.4788,52.9954],[21.4761,52.9913],[21.4834,52.9876],[21.4973,52.9847],[21.4896,52.9783],[21.4896,52.9679],[21.4689,52.9627],[21.4734,52.9534],[21.4711,52.9486],[21.4427,52.9373],[21.4689,52.9132],[21.4616,52.9133],[21.4566,52.9024],[21.4448,52.9022],[21.4318,52.885],[21.4231,52.8843],[21.4273,52.8789],[21.434,52.8831],[21.4384,52.8802],[21.4336,52.8771],[21.437,52.8697],[21.429,52.8677],[21.4182,52.8729],[21.4284,52.8612],[21.4428,52.855],[21.4374,52.8471],[21.4773,52.811],[21.4803,52.8022],[21.4728,52.8005],[21.4577,52.781],[21.4375,52.7733],[21.4185,52.7793],[21.4037,52.7906],[21.3824,52.785],[21.3525,52.7906],[21.3407,52.785],[21.3308,52.7906],[21.3228,52.7866],[21.3207,52.7759],[21.2836,52.7789],[21.2244,52.767],[21.2148,52.7631],[21.2149,52.7574],[21.2029,52.7563],[21.1879,52.7587],[21.1905,52.7658],[21.1823,52.7852],[21.1304,52.8037],[21.1032,52.799],[21.0945,52.7797],[21.0822,52.7811],[21.0644,52.791],[21.0413,52.7786],[21.0053,52.7678],[20.988,52.7807],[20.9794,52.7798],[20.9551,52.8086],[20.9374,52.8105],[20.9144,52.8277],[20.8965,52.8257],[20.8726,52.8365],[20.8807,52.8431],[20.8718,52.8614],[20.8617,52.8699],[20.8921,52.8641],[20.8914,52.8752],[20.9017,52.8748],[20.898,52.8827],[20.9099,52.8907],[20.9125,52.8787],[20.9413,52.8763],[20.9395,52.8846],[20.9579,52.8867],[20.9767,52.8818],[21,52.8974],[21.0117,52.8937],[21.0165,52.8979],[21.0054,52.9055],[21.0097,52.9116],[20.9984,52.9126],[20.9726,52.9413],[21.0385,52.9454],[21.0331,52.9619],[21.0375,52.9668],[21.036,52.9787],[21.0261,52.9777],[21.0081,52.9857],[21.0019,52.9937],[21.0076,52.9982],[21.008,53.0064],[20.9956,53.0103],[20.9971,53.0238],[21.0121,53.0421],[21.0074,53.0424],[21.006,53.0504],[21.0237,53.0535],[21.0241,53.0596],[21.0575,53.0782],[21.0824,53.0825],[21.086,53.1077],[21.0947,53.1073],[21.1159,53.1189],[21.1191,53.1124],[21.1237,53.1129],[21.1224,53.1389],[21.1301,53.1376],[21.1247,53.1329],[21.131,53.1245],[21.1461,53.1372],[21.1817,53.1146]]]}},{"type":"Feature","properties":{"slug":"pszczynski","name":"powiat pszczyński","bdlUnitId":"012415110000","voivodeship":"śląskie"},"geometry":{"type":"MultiPolygon","coordinates":[[[[18.9331,50.0819],[19.035,50.0818],[19.034,50.0717],[19.0449,50.0611],[19.0371,50.0464],[19.0306,50.0455],[19.0482,50.04],[19.0459,50.0346],[19.0494,50.0315],[19.0585,50.0342],[19.0529,50.0311],[19.056,50.0275],[19.0502,50.0171],[19.0957,50.0254],[19.1078,50.0348],[19.1445,50.0394],[19.1459,50.0312],[19.1361,50.0347],[19.142,50.024],[19.119,50.0092],[19.122,50.0024],[19.1134,50.0031],[19.1179,50.0014],[19.1113,49.9959],[19.1232,49.9885],[19.1194,49.9867],[19.1219,49.9839],[19.1148,49.9849],[19.1181,49.9822],[19.1099,49.9779],[19.114,49.9752],[19.1102,49.9726],[19.123,49.972],[19.1176,49.9681],[19.1241,49.9633],[19.1151,49.9581],[19.1082,49.9611],[19.1032,49.9552],[19.0901,49.9588],[19.0762,49.9517],[19.0372,49.9549],[19.0339,49.9485],[19.0267,49.9507],[19.027,49.9464],[19.0078,49.9461],[19.0059,49.9413],[18.9845,49.9333],[18.978,49.9235],[18.962,49.9194],[18.9403,49.9198],[18.9291,49.93],[18.916,49.9156],[18.8923,49.9224],[18.8875,49.9176],[18.8984,49.9134],[18.8858,49.9138],[18.8556,49.8983],[18.8615,49.903],[18.8551,49.9058],[18.8601,49.9095],[18.8528,49.92],[18.8218,49.917],[18.8094,49.9208],[18.8055,49.915],[18.7927,49.9141],[18.7864,49.9085],[18.7714,49.9187],[18.7744,49.9243],[18.7513,49.9359],[18.7445,49.9338],[18.7504,49.9311],[18.7413,49.9258],[18.7294,49.9268],[18.7135,49.9377],[18.7103,49.9228],[18.7253,49.9138],[18.7204,49.907],[18.7282,49.9067],[18.7172,49.8952],[18.6675,49.886],[18.6609,49.8791],[18.618,49.9068],[18.6316,49.921],[18.6575,49.9213],[18.6693,49.9142],[18.6753,49.9212],[18.6866,49.9542],[18.6395,49.9622],[18.6538,49.9645],[18.6576,49.97],[18.657,49.9815],[18.6678,50.0095],[18.6935,50.001],[18.7028,50.0143],[18.7115,50.0145],[18.7294,50.0102],[18.7232,49.9963],[18.7695,49.9987],[18.7736,50.0009],[18.7761,50.0178],[18.7492,50.0258],[18.7536,50.0544],[18.788,50.0601],[18.7978,50.0663],[18.8012,50.0643],[18.7968,50.0595],[18.8015,50.0546],[18.8186,50.0598],[18.858,50.0601],[18.8633,50.0686],[18.8478,50.0704],[18.8475,50.0771],[18.8564,50.0854],[18.8555,50.0953],[18.865,50.1008],[18.8903,50.0906],[18.8947,50.0911],[18.8905,50.0948],[18.9001,50.0965],[18.9331,50.0819]]],[[[18.8517,49.8926],[18.8466,49.8941],[18.8578,49.8982],[18.8517,49.8926]]]]}},{"type":"Feature","properties":{"slug":"goldapski","name":"powiat gołdapski","bdlUnitId":"042815518000","voivodeship":"warmińsko-mazurskie"},"geometry":{"type":"Polygon","coordinates":[[[22.1462,54.1815],[22.1194,54.1744],[22.0881,54.1765],[22.0636,54.1703],[22.0523,54.179],[22.0315,54.1723],[21.9975,54.1778],[21.9942,54.1957],[21.9688,54.2289],[21.9756,54.2337],[21.9595,54.2424],[21.9681,54.2437],[21.9761,54.2549],[21.9877,54.2564],[21.9621,54.2845],[21.963,54.3062],[21.9675,54.3109],[21.9511,54.3168],[21.938,54.3333],[22.1795,54.3372],[22.2257,54.3438],[22.232,54.3403],[22.3188,54.3405],[22.3293,54.3445],[22.643,54.3538],[22.6806,54.3602],[22.785,54.3638],[22.792,54.3633],[22.8061,54.3495],[22.803,54.341],[22.7765,54.328],[22.7953,54.3249],[22.784,54.3058],[22.79,54.2999],[22.7791,54.2936],[22.768,54.2894],[22.7513,54.2982],[22.7457,54.2912],[22.6945,54.2754],[22.6447,54.2878],[22.6107,54.2599],[22.576,54.2672],[22.5794,54.2583],[22.5688,54.2584],[22.5627,54.252],[22.566,54.2498],[22.5319,54.2489],[22.5278,54.2294],[22.5151,54.2246],[22.5188,54.2178],[22.5101,54.2202],[22.4923,54.2144],[22.4974,54.2105],[22.4839,54.2081],[22.4839,54.2028],[22.4578,54.215],[22.4457,54.2071],[22.4292,54.2083],[22.4164,54.2033],[22.4007,54.2081],[22.3691,54.1977],[22.3795,54.1849],[22.3559,54.1837],[22.297,54.1922],[22.2653,54.17],[22.2566,54.1576],[22.248,54.166],[22.2539,54.1675],[22.2553,54.1731],[22.2438,54.1775],[22.2321,54.1754],[22.2341,54.1792],[22.2273,54.1819],[22.2328,54.1835],[22.2267,54.1868],[22.2089,54.1792],[22.1824,54.1939],[22.1837,54.1978],[22.162,54.1937],[22.1543,54.2003],[22.1533,54.1914],[22.1427,54.1914],[22.1462,54.1815]]]}},{"type":"Feature","properties":{"slug":"rzeszowski","name":"powiat rzeszowski","bdlUnitId":"061813516000","voivodeship":"podkarpackie"},"geometry":{"type":"Polygon","coordinates":[[[22.1931,50.3366],[22.1886,50.3186],[22.2073,50.3121],[22.2027,50.3047],[22.212,50.2999],[22.1997,50.2872],[22.1963,50.2734],[22.2107,50.2775],[22.2133,50.2717],[22.2336,50.2701],[22.2404,50.262],[22.2523,50.2639],[22.2266,50.2361],[22.1976,50.2337],[22.1852,50.228],[22.194,50.225],[22.1993,50.2153],[22.1922,50.2091],[22.1959,50.2056],[22.1814,50.2023],[22.1856,50.1971],[22.1802,50.1958],[22.1896,50.1977],[22.176,50.1874],[22.1836,50.1759],[22.1765,50.1741],[22.1399,50.1852],[22.1261,50.1829],[22.1223,50.1746],[22.0857,50.1711],[22.0992,50.1695],[22.0967,50.1568],[22.1109,50.1535],[22.102,50.1499],[22.1036,50.1414],[22.1155,50.14],[22.1181,50.1334],[22.1245,50.1322],[22.1281,50.1148],[22.1335,50.1101],[22.1448,50.1089],[22.1541,50.1149],[22.1551,50.1107],[22.1762,50.1009],[22.1685,50.0961],[22.168,50.0834],[22.1541,50.0802],[22.1568,50.0786],[22.1473,50.0607],[22.123,50.0475],[22.1287,50.0403],[22.1326,50.0174],[22.1484,50.0033],[22.1672,50.0054],[22.1837,50.0009],[22.2015,49.9796],[22.2126,49.9752],[22.2106,49.9712],[22.23,49.9668],[22.2255,49.9637],[22.2243,49.9442],[22.2112,49.9382],[22.2357,49.9313],[22.2376,49.9215],[22.2324,49.9172],[22.2457,49.9066],[22.2384,49.9005],[22.2657,49.8805],[22.2668,49.8729],[22.3102,49.8698],[22.3043,49.8572],[22.3102,49.8521],[22.3002,49.8452],[22.3083,49.8335],[22.3029,49.8237],[22.3214,49.8117],[22.3119,49.8096],[22.3082,49.8024],[22.2942,49.8001],[22.3364,49.7666],[22.3272,49.7491],[22.3126,49.7531],[22.2945,49.7446],[22.2467,49.7693],[22.2256,49.7678],[22.2197,49.7712],[22.2203,49.778],[22.2335,49.7841],[22.2351,49.79],[22.2227,49.7931],[22.2163,49.7909],[22.2062,49.7956],[22.1714,49.7816],[22.1557,49.7827],[22.1235,49.8034],[22.1226,49.8097],[22.1082,49.8199],[22.0979,49.8356],[22.0485,49.8244],[22.0324,49.8325],[22.0282,49.8303],[22.0179,49.8438],[21.9845,49.8527],[21.9446,49.8759],[21.902,49.9229],[21.9018,49.9327],[21.9164,49.9472],[21.8958,49.9573],[21.867,49.9505],[21.8597,49.9608],[21.8401,49.9675],[21.8322,49.9647],[21.7923,49.9729],[21.7469,49.9709],[21.7757,49.9798],[21.7738,49.9896],[21.7828,49.9973],[21.7995,49.9985],[21.7969,50.0004],[21.8078,50.0086],[21.8118,50.0235],[21.8215,50.0308],[21.7969,50.0438],[21.803,50.045],[21.7955,50.0602],[21.7985,50.0723],[21.8202,50.0809],[21.8223,50.0866],[21.8124,50.0975],[21.7888,50.0973],[21.779,50.1142],[21.7925,50.1198],[21.8033,50.14],[21.8034,50.1514],[21.8594,50.151],[21.8648,50.1774],[21.8879,50.1856],[21.9156,50.1824],[21.9347,50.2014],[21.9285,50.2083],[21.9283,50.2272],[21.9202,50.2357],[21.933,50.2425],[21.9507,50.2487],[21.9759,50.2484],[22.0009,50.2323],[22.05,50.2318],[22.0517,50.237],[22.0456,50.2457],[22.0617,50.2472],[22.0605,50.2535],[22.0966,50.2732],[22.0933,50.2755],[22.0961,50.2801],[22.0808,50.2831],[22.0836,50.2898],[22.0792,50.3],[22.0887,50.3023],[22.086,50.3076],[22.0082,50.3026],[22.0068,50.306],[22.0161,50.3103],[22.0056,50.3089],[21.9988,50.3239],[22.07,50.3313],[22.1015,50.3537],[22.0865,50.3586],[22.0863,50.3691],[22.1012,50.3705],[22.1231,50.356],[22.1526,50.3537],[22.1527,50.3476],[22.1669,50.3432],[22.1738,50.3487],[22.1976,50.3521],[22.1999,50.3433],[22.188,50.3381],[22.1931,50.3366]],[[21.9733,49.9351],[21.9819,49.9326],[21.9799,49.9365],[21.9899,49.9398],[21.9952,49.963],[22.0196,49.9634],[22.0224,49.9696],[22.0163,49.9748],[22.0336,49.9704],[22.0434,49.99],[22.0659,49.9848],[22.0835,49.9959],[22.0825,50.0079],[22.0928,50.0104],[22.0923,50.0182],[22.0535,50.0486],[22.0709,50.0579],[22.077,50.0674],[22.0663,50.0677],[22.0704,50.0749],[22.0374,50.0693],[22.0412,50.0676],[21.9849,50.0816],[21.9759,50.073],[21.9517,50.077],[21.9345,50.0721],[21.933,50.0616],[21.9231,50.0566],[21.889,50.0556],[21.8858,50.0506],[21.8587,50.0427],[21.8681,50.0354],[21.902,50.0369],[21.9174,50.0287],[21.9352,50.0323],[21.9476,50.0293],[21.9387,50.019],[21.9363,49.9977],[21.9653,49.992],[21.9555,49.9843],[21.9589,49.9766],[21.9553,49.9737],[21.9583,49.9574],[21.9679,49.9488],[21.9733,49.9351]]]}},{"type":"Feature","properties":{"slug":"jeleniogorski","name":"powiat jeleniogórski","bdlUnitId":"030210106000","voivodeship":"dolnośląskie"},"geometry":{"type":"Polygon","coordinates":[[[15.8319,50.7427],[15.8143,50.7554],[15.7915,50.7527],[15.7792,50.7423],[15.7598,50.7436],[15.7398,50.7359],[15.7234,50.7398],[15.7057,50.7373],[15.6886,50.7428],[15.6803,50.7547],[15.62,50.7678],[15.6324,50.7751],[15.6487,50.8013],[15.6294,50.8078],[15.6325,50.8148],[15.6383,50.8142],[15.6335,50.8241],[15.656,50.8302],[15.6629,50.8388],[15.6608,50.8441],[15.6661,50.8471],[15.6907,50.8519],[15.7073,50.8469],[15.7196,50.8594],[15.7168,50.8633],[15.7323,50.8732],[15.7469,50.8679],[15.7481,50.8592],[15.7662,50.8561],[15.7708,50.866],[15.7775,50.8682],[15.7651,50.8757],[15.7637,50.8813],[15.7871,50.8934],[15.7975,50.8839],[15.7948,50.8964],[15.8096,50.9026],[15.8275,50.893],[15.8772,50.9003],[15.8698,50.9133],[15.8547,50.9179],[15.8446,50.9159],[15.8483,50.925],[15.8395,50.9304],[15.8204,50.9296],[15.8201,50.9234],[15.8012,50.9158],[15.7683,50.9326],[15.7333,50.9204],[15.716,50.9315],[15.6843,50.9109],[15.6677,50.9114],[15.6541,50.9012],[15.6578,50.8963],[15.6499,50.8942],[15.6641,50.8845],[15.6606,50.8807],[15.6637,50.8769],[15.6574,50.8704],[15.6302,50.8624],[15.6408,50.8565],[15.6207,50.8465],[15.6237,50.8425],[15.6177,50.8307],[15.6104,50.8343],[15.605,50.8268],[15.6231,50.8285],[15.6059,50.8219],[15.6069,50.8187],[15.5867,50.8165],[15.5845,50.795],[15.5779,50.7787],[15.5724,50.7774],[15.5457,50.7805],[15.5243,50.777],[15.511,50.7908],[15.4805,50.7908],[15.4388,50.8091],[15.4208,50.8032],[15.4091,50.7868],[15.3933,50.7762],[15.3748,50.7776],[15.3701,50.7812],[15.3725,50.7958],[15.3662,50.8018],[15.3741,50.8077],[15.37,50.8144],[15.3761,50.821],[15.3682,50.836],[15.3858,50.8386],[15.4109,50.8319],[15.4134,50.853],[15.4392,50.8523],[15.4562,50.8848],[15.4763,50.8779],[15.4894,50.8792],[15.501,50.8931],[15.4876,50.8989],[15.4849,50.9099],[15.4961,50.9153],[15.5068,50.9137],[15.5044,50.9258],[15.5171,50.9313],[15.5252,50.9409],[15.5686,50.9396],[15.5854,50.9483],[15.6073,50.9483],[15.6146,50.9529],[15.6381,50.9492],[15.6339,50.9555],[15.649,50.9532],[15.6728,50.9594],[15.6945,50.9555],[15.6978,50.9644],[15.69,50.9695],[15.6903,50.9767],[15.6769,50.9843],[15.6935,50.9897],[15.6864,50.9946],[15.6915,50.9997],[15.7199,50.9966],[15.717,51.0024],[15.7384,51.013],[15.7739,51.0016],[15.7755,50.9958],[15.7719,50.9947],[15.822,50.9811],[15.8226,50.9741],[15.8151,50.9663],[15.8353,50.9332],[15.8381,50.9374],[15.8477,50.9358],[15.879,50.9446],[15.8844,50.9505],[15.8902,50.942],[15.9041,50.9368],[15.9011,50.9316],[15.9069,50.9271],[15.9326,50.924],[15.9296,50.8985],[15.962,50.8946],[15.9523,50.8715],[15.9572,50.8485],[15.9368,50.8354],[15.9237,50.8366],[15.9277,50.8282],[15.9232,50.8226],[15.8888,50.8042],[15.8938,50.7977],[15.8899,50.7948],[15.8925,50.7907],[15.8675,50.7697],[15.8676,50.7631],[15.8593,50.7575],[15.8663,50.7552],[15.8618,50.7454],[15.8319,50.7427]]]}},{"type":"Feature","properties":{"slug":"swidnicki-dolnoslaskie","name":"powiat świdnicki","bdlUnitId":"030210319000","voivodeship":"dolnośląskie"},"geometry":{"type":"Polygon","coordinates":[[[16.3372,51.029],[16.3404,51.0208],[16.3666,51.0259],[16.3807,51.0128],[16.4058,51.0096],[16.4131,51.0041],[16.4309,51.0078],[16.4299,51.014],[16.5265,50.991],[16.5957,51.0034],[16.616,50.9953],[16.6152,50.989],[16.6302,50.9803],[16.615,50.9795],[16.617,50.9748],[16.6054,50.9734],[16.5991,50.9798],[16.5855,50.9781],[16.5817,50.9756],[16.5907,50.9598],[16.5842,50.9493],[16.5661,50.9514],[16.5747,50.9367],[16.5831,50.9363],[16.5729,50.9229],[16.5924,50.9153],[16.606,50.9239],[16.6167,50.9225],[16.618,50.9282],[16.6532,50.924],[16.651,50.9327],[16.6732,50.9348],[16.6716,50.9379],[16.6902,50.9394],[16.6891,50.9341],[16.7004,50.9337],[16.7017,50.9299],[16.675,50.917],[16.6898,50.9165],[16.6872,50.9104],[16.6975,50.9089],[16.6916,50.9059],[16.6964,50.8893],[16.6841,50.8885],[16.6857,50.8855],[16.6795,50.8855],[16.6716,50.8768],[16.6775,50.8715],[16.675,50.8515],[16.6871,50.8502],[16.6872,50.8403],[16.6972,50.841],[16.6785,50.8263],[16.6704,50.8266],[16.669,50.8205],[16.65,50.8228],[16.6351,50.8174],[16.6387,50.8258],[16.6337,50.8259],[16.6138,50.8184],[16.5834,50.826],[16.5789,50.8179],[16.5938,50.7989],[16.548,50.7772],[16.5716,50.7574],[16.5592,50.7527],[16.5634,50.7446],[16.5301,50.7314],[16.5197,50.7206],[16.5107,50.7211],[16.4978,50.7112],[16.4903,50.7123],[16.4916,50.7196],[16.4838,50.7213],[16.4825,50.7284],[16.4722,50.7307],[16.4736,50.7356],[16.4591,50.738],[16.4621,50.7462],[16.4487,50.7495],[16.454,50.7516],[16.4376,50.755],[16.4346,50.7599],[16.4146,50.7585],[16.4061,50.7689],[16.3923,50.7662],[16.3666,50.7928],[16.3507,50.7932],[16.3553,50.796],[16.3322,50.8105],[16.3546,50.8221],[16.3421,50.8385],[16.3273,50.8394],[16.319,50.8453],[16.3135,50.8423],[16.2999,50.8496],[16.2804,50.8476],[16.2723,50.854],[16.2829,50.8584],[16.2741,50.8635],[16.2791,50.8708],[16.2653,50.8771],[16.2448,50.8716],[16.2389,50.8747],[16.2433,50.8822],[16.2396,50.8868],[16.2039,50.8857],[16.1945,50.8957],[16.2009,50.9058],[16.1995,50.915],[16.185,50.918],[16.1878,50.9195],[16.1751,50.9337],[16.1776,50.936],[16.1595,50.9507],[16.1714,50.9609],[16.1685,50.964],[16.2035,50.9713],[16.2008,50.9763],[16.2067,50.9973],[16.1955,51.0042],[16.1986,51.0167],[16.2176,51.0183],[16.2378,51.0081],[16.2651,51.0022],[16.2691,51.0121],[16.2893,51.0188],[16.3199,51.0135],[16.3201,51.0234],[16.3372,51.029]]]}},{"type":"Feature","properties":{"slug":"opoczynski","name":"powiat opoczyński","bdlUnitId":"051011707000","voivodeship":"łódzkie"},"geometry":{"type":"Polygon","coordinates":[[[19.9264,51.4242],[19.928,51.42],[19.9477,51.4283],[19.9707,51.4312],[19.9672,51.4264],[19.9732,51.425],[19.9771,51.4296],[19.9707,51.4312],[20.0398,51.4346],[20.0574,51.4409],[20.0583,51.4507],[20.0661,51.4565],[20.0579,51.4601],[20.0552,51.4681],[20.0782,51.4709],[20.0832,51.465],[20.1016,51.4706],[20.1193,51.4518],[20.1291,51.4633],[20.1918,51.4631],[20.185,51.486],[20.1994,51.4822],[20.21,51.4922],[20.2251,51.4887],[20.2316,51.5051],[20.2655,51.5016],[20.2671,51.5111],[20.2522,51.516],[20.2525,51.5246],[20.2678,51.5285],[20.2918,51.5505],[20.3004,51.5528],[20.3231,51.5741],[20.321,51.5779],[20.3256,51.5824],[20.3329,51.5849],[20.3363,51.5786],[20.3416,51.5803],[20.3353,51.5751],[20.347,51.5748],[20.3543,51.584],[20.3668,51.5764],[20.3997,51.5856],[20.4113,51.5983],[20.4225,51.6012],[20.4296,51.5994],[20.4372,51.5844],[20.4333,51.5753],[20.4414,51.5715],[20.4607,51.5744],[20.4677,51.5609],[20.4556,51.5422],[20.4499,51.5166],[20.4526,51.5036],[20.4945,51.5003],[20.5003,51.5062],[20.5199,51.5098],[20.5264,51.4684],[20.534,51.4627],[20.5258,51.462],[20.5246,51.456],[20.5124,51.4509],[20.4967,51.4484],[20.4977,51.4418],[20.4877,51.441],[20.4853,51.432],[20.4926,51.4248],[20.4846,51.4162],[20.4865,51.4125],[20.4586,51.4089],[20.4503,51.4144],[20.4467,51.41],[20.4443,51.3943],[20.4283,51.3775],[20.4297,51.3694],[20.4168,51.3621],[20.422,51.3615],[20.4229,51.3536],[20.4282,51.3515],[20.4327,51.3343],[20.4239,51.3334],[20.42,51.3257],[20.4106,51.326],[20.4144,51.3207],[20.4104,51.3186],[20.3849,51.3188],[20.3642,51.3114],[20.3904,51.2722],[20.3846,51.2693],[20.3857,51.2633],[20.3753,51.2618],[20.3797,51.246],[20.3711,51.2366],[20.3597,51.2414],[20.354,51.2504],[20.3308,51.2577],[20.3101,51.2431],[20.278,51.2443],[20.2601,51.2509],[20.2635,51.2543],[20.2605,51.2588],[20.2426,51.2573],[20.246,51.2533],[20.2419,51.2436],[20.256,51.2367],[20.2513,51.2216],[20.2644,51.2191],[20.2516,51.2068],[20.2353,51.2089],[20.2324,51.2013],[20.2172,51.1991],[20.2146,51.2096],[20.2078,51.1998],[20.1958,51.1968],[20.2012,51.2041],[20.1788,51.2071],[20.1795,51.1955],[20.1581,51.1979],[20.1587,51.1938],[20.1195,51.1893],[20.0642,51.1968],[20.0551,51.1909],[20.0605,51.1986],[20.0535,51.2027],[20.0258,51.2004],[19.9932,51.1844],[19.9921,51.1931],[20.0132,51.2005],[20.0122,51.21],[20.0009,51.2125],[19.9923,51.2206],[20.0039,51.2207],[20.0189,51.229],[20.0151,51.2296],[20.0156,51.2416],[20.0283,51.2444],[20.0299,51.24],[20.0408,51.2391],[20.0491,51.2481],[20.0642,51.2473],[20.0664,51.2597],[20.0606,51.269],[20.041,51.2795],[20.0493,51.2879],[20.0441,51.2907],[20.0472,51.2963],[20.034,51.3018],[20.0102,51.3343],[19.9866,51.3338],[19.9824,51.3435],[19.9909,51.3562],[19.9584,51.358],[19.9432,51.3489],[19.9283,51.3526],[19.9284,51.3578],[19.9188,51.3646],[19.892,51.3654],[19.8807,51.3766],[19.8659,51.378],[19.8662,51.3839],[19.856,51.3842],[19.8652,51.3872],[19.8548,51.3954],[19.8659,51.4044],[19.897,51.4074],[19.8957,51.411],[19.9032,51.4096],[19.9264,51.4242]]]}},{"type":"Feature","properties":{"slug":"czluchowski","name":"powiat człuchowski","bdlUnitId":"042217203000","voivodeship":"pomorskie"},"geometry":{"type":"Polygon","coordinates":[[[17.4666,53.6035],[17.4466,53.6014],[17.422,53.5841],[17.4249,53.5788],[17.4171,53.5684],[17.4201,53.5647],[17.4132,53.5608],[17.4209,53.5547],[17.4228,53.5375],[17.4108,53.5333],[17.4048,53.5256],[17.402,53.5121],[17.3938,53.5078],[17.3955,53.4971],[17.3907,53.491],[17.3867,53.4967],[17.3412,53.4953],[17.3365,53.4977],[17.3388,53.5025],[17.3267,53.5028],[17.3245,53.513],[17.3055,53.5127],[17.31,53.5242],[17.3049,53.5285],[17.2958,53.5246],[17.2707,53.5372],[17.2445,53.5312],[17.2084,53.5364],[17.1973,53.5323],[17.1835,53.5345],[17.1614,53.5278],[17.0898,53.5427],[17.0585,53.5204],[17.0325,53.5155],[17.0129,53.5202],[16.9998,53.518],[17.0008,53.5251],[16.9914,53.529],[17.0065,53.5346],[17.0005,53.5519],[16.9811,53.5568],[16.9701,53.5485],[16.957,53.5475],[16.9532,53.5419],[16.9491,53.5588],[16.9383,53.5727],[16.9405,53.5841],[16.9239,53.5929],[16.923,53.5996],[16.9143,53.6016],[16.9188,53.6053],[16.8962,53.6211],[16.902,53.626],[16.8934,53.6285],[16.8998,53.6409],[16.8803,53.6884],[16.8773,53.7191],[16.8577,53.7471],[16.9007,53.761],[16.9307,53.7772],[16.9481,53.8058],[16.9181,53.7981],[16.9095,53.8018],[16.9069,53.8131],[16.9104,53.8199],[16.8728,53.8296],[16.8685,53.8341],[16.8741,53.8362],[16.87,53.8505],[16.8608,53.8523],[16.8715,53.8586],[16.8724,53.8687],[16.8958,53.8728],[16.8925,53.8788],[16.9017,53.8743],[16.9547,53.8747],[16.9505,53.8792],[16.9765,53.8796],[16.9862,53.9184],[16.9815,53.9242],[16.9983,53.9295],[17.0019,53.9256],[17.02,53.9397],[17.0049,53.9576],[17.0306,53.9723],[17.0493,53.9646],[17.0872,53.9778],[17.0986,53.9757],[17.1045,53.9664],[17.1304,53.9649],[17.1086,53.9699],[17.0976,53.9887],[17.112,54.0038],[17.1071,54.0082],[17.1209,54.0112],[17.1427,54.0028],[17.1836,54.0097],[17.1842,54.0058],[17.1767,54.0044],[17.1839,54.002],[17.1819,53.9939],[17.1777,53.9934],[17.1813,53.9893],[17.1987,53.9877],[17.2104,53.9843],[17.2094,53.9813],[17.2317,53.9817],[17.2265,53.9585],[17.2308,53.9497],[17.2524,53.9361],[17.2755,53.906],[17.2648,53.8997],[17.2691,53.8971],[17.2643,53.8903],[17.3008,53.8695],[17.3072,53.8688],[17.3209,53.8779],[17.3307,53.8689],[17.3305,53.8603],[17.3423,53.8614],[17.3413,53.8338],[17.3684,53.8322],[17.3725,53.8264],[17.3504,53.8214],[17.3553,53.8087],[17.3671,53.8108],[17.3745,53.8039],[17.3772,53.7919],[17.4173,53.786],[17.4375,53.788],[17.4626,53.7644],[17.4651,53.7516],[17.4742,53.7439],[17.4751,53.7398],[17.4609,53.7344],[17.4567,53.7269],[17.4674,53.7179],[17.4933,53.721],[17.5211,53.7159],[17.4964,53.6552],[17.4917,53.6497],[17.4762,53.6501],[17.4711,53.6349],[17.4899,53.6291],[17.4688,53.6166],[17.4666,53.6035]]]}},{"type":"Feature","properties":{"slug":"ostrowski-wielkopolskie","name":"powiat ostrowski","bdlUnitId":"023015717000","voivodeship":"wielkopolskie"},"geometry":{"type":"Polygon","coordinates":[[[18.0874,51.7062],[18.0806,51.6909],[18.1224,51.6926],[18.1168,51.6894],[18.1185,51.6831],[18.1098,51.6728],[18.1122,51.6673],[18.0794,51.6542],[18.0744,51.6397],[18.0768,51.632],[18.0904,51.6277],[18.0885,51.618],[18.0972,51.6154],[18.0939,51.6051],[18.1829,51.5767],[18.1884,51.558],[18.1848,51.5508],[18.1884,51.5495],[18.1773,51.5464],[18.1753,51.5392],[18.1505,51.5373],[18.1354,51.5231],[18.131,51.5336],[18.1166,51.544],[18.0789,51.5407],[18.0814,51.5487],[18.0684,51.5471],[18.0607,51.558],[18.0507,51.5585],[18.0465,51.5658],[18.0236,51.5562],[18.013,51.5581],[18.0212,51.5699],[17.9967,51.5691],[18.0045,51.5784],[17.9997,51.5823],[17.9851,51.5722],[17.9819,51.5632],[17.9483,51.569],[17.9396,51.564],[17.9326,51.5478],[17.9003,51.5377],[17.8899,51.5256],[17.8748,51.518],[17.8731,51.5077],[17.8612,51.497],[17.8624,51.4897],[17.8561,51.4934],[17.8491,51.4866],[17.845,51.4882],[17.8472,51.496],[17.8334,51.503],[17.827,51.4992],[17.8375,51.4792],[17.7836,51.4961],[17.7766,51.4868],[17.7643,51.4946],[17.7597,51.4889],[17.7523,51.4904],[17.7534,51.4851],[17.7482,51.4861],[17.7506,51.4828],[17.7416,51.4779],[17.7475,51.4751],[17.7428,51.4714],[17.7537,51.4634],[17.7845,51.4656],[17.8005,51.4553],[17.7703,51.4468],[17.7558,51.4368],[17.7494,51.4276],[17.75,51.4113],[17.7342,51.4168],[17.738,51.4191],[17.7186,51.4226],[17.7141,51.4185],[17.7196,51.405],[17.7031,51.3995],[17.6743,51.4149],[17.6568,51.4112],[17.6391,51.4238],[17.6251,51.4191],[17.6129,51.423],[17.6039,51.4094],[17.5631,51.4063],[17.5406,51.4213],[17.5519,51.4352],[17.5482,51.4429],[17.5207,51.4624],[17.529,51.4698],[17.5216,51.4726],[17.5231,51.4849],[17.5161,51.4881],[17.5264,51.4999],[17.514,51.5015],[17.5122,51.5055],[17.5216,51.5146],[17.5543,51.5175],[17.5727,51.5299],[17.5763,51.5396],[17.5724,51.5668],[17.5601,51.5704],[17.5546,51.5785],[17.5562,51.5843],[17.5597,51.5824],[17.5694,51.5895],[17.5741,51.586],[17.5722,51.5972],[17.577,51.6017],[17.5733,51.6053],[17.581,51.6077],[17.5745,51.6095],[17.576,51.6155],[17.589,51.6209],[17.5826,51.6297],[17.5677,51.6265],[17.5711,51.6212],[17.5496,51.6232],[17.5613,51.6488],[17.5527,51.6506],[17.5477,51.6644],[17.562,51.6641],[17.5594,51.6658],[17.5671,51.6723],[17.6001,51.672],[17.6193,51.6981],[17.6324,51.6967],[17.6277,51.7032],[17.6614,51.715],[17.6576,51.7287],[17.6608,51.7363],[17.6945,51.7356],[17.693,51.743],[17.7072,51.7446],[17.7145,51.7508],[17.712,51.7568],[17.6891,51.7601],[17.6819,51.7747],[17.6683,51.7763],[17.6664,51.7811],[17.6585,51.7811],[17.6612,51.7843],[17.6453,51.7903],[17.6458,51.8032],[17.6539,51.8094],[17.6832,51.8084],[17.6968,51.8148],[17.7267,51.8165],[17.748,51.797],[17.7497,51.7898],[17.7704,51.7894],[17.8098,51.7991],[17.9315,51.7785],[17.9496,51.7861],[17.9692,51.7845],[17.9903,51.7783],[17.9865,51.7634],[18.0099,51.7592],[18.0061,51.7487],[17.995,51.7411],[18.018,51.7331],[18.0077,51.7242],[18.0017,51.7258],[17.9979,51.7176],[18.0338,51.7097],[18.0372,51.7136],[18.0516,51.7117],[18.0634,51.7015],[18.0874,51.7062]]]}},{"type":"Feature","properties":{"slug":"strzyzowski","name":"powiat strzyżowski","bdlUnitId":"061813519000","voivodeship":"podkarpackie"},"geometry":{"type":"Polygon","coordinates":[[[21.5508,49.8973],[21.5696,49.9136],[21.5873,49.9154],[21.595,49.921],[21.6725,49.9253],[21.6779,49.9363],[21.6933,49.9419],[21.6973,49.9528],[21.6905,49.9627],[21.6962,49.9648],[21.7923,49.9729],[21.8322,49.9647],[21.8411,49.9673],[21.8597,49.9608],[21.867,49.9505],[21.8958,49.9573],[21.9164,49.9472],[21.9018,49.9327],[21.902,49.9229],[21.9446,49.8759],[21.9845,49.8527],[22.0193,49.843],[22.0219,49.8393],[22.0106,49.8191],[22.0208,49.8088],[21.9999,49.8116],[21.9873,49.8204],[21.9633,49.8225],[21.9452,49.8133],[21.9383,49.7954],[21.9265,49.7861],[21.8948,49.7811],[21.8614,49.7912],[21.8343,49.7932],[21.8117,49.7812],[21.777,49.795],[21.772,49.801],[21.7433,49.7921],[21.6606,49.8438],[21.6292,49.8238],[21.6421,49.8169],[21.6362,49.8136],[21.6427,49.8101],[21.627,49.7975],[21.5887,49.7875],[21.5605,49.7857],[21.5525,49.8278],[21.4784,49.8402],[21.4767,49.847],[21.4876,49.8792],[21.521,49.8849],[21.5235,49.8929],[21.5415,49.8872],[21.5508,49.8973]]]}},{"type":"Feature","properties":{"slug":"minski","name":"powiat miński","bdlUnitId":"071412912000","voivodeship":"mazowieckie"},"geometry":{"type":"Polygon","coordinates":[[[21.4475,52.3037],[21.4928,52.2919],[21.4975,52.3015],[21.4872,52.3093],[21.4973,52.3293],[21.5106,52.3271],[21.5191,52.3376],[21.5827,52.3446],[21.582,52.3535],[21.5711,52.3602],[21.5937,52.3593],[21.623,52.3488],[21.6189,52.3562],[21.61,52.3592],[21.6303,52.3616],[21.6188,52.3706],[21.6191,52.3753],[21.6328,52.3701],[21.6529,52.3839],[21.6674,52.3743],[21.6794,52.3769],[21.6726,52.3877],[21.6803,52.3913],[21.6785,52.3876],[21.6867,52.3836],[21.6892,52.3886],[21.7055,52.3785],[21.7086,52.3814],[21.7042,52.39],[21.7291,52.3872],[21.7318,52.395],[21.7437,52.3715],[21.7532,52.3669],[21.754,52.3584],[21.7966,52.3533],[21.8036,52.3431],[21.7624,52.3323],[21.7335,52.3348],[21.7238,52.3268],[21.7295,52.3226],[21.7422,52.3237],[21.7382,52.3137],[21.7843,52.3077],[21.7684,52.2913],[21.7954,52.2899],[21.7927,52.2631],[21.8166,52.2584],[21.8277,52.2504],[21.8339,52.2589],[21.8475,52.2564],[21.8433,52.2442],[21.8591,52.2437],[21.8578,52.2396],[21.8742,52.2332],[21.8609,52.2261],[21.8601,52.2154],[21.869,52.2111],[21.8732,52.2211],[21.8857,52.2275],[21.8939,52.2231],[21.8905,52.2277],[21.8943,52.2313],[21.9093,52.2374],[21.9213,52.2374],[21.9214,52.2173],[21.9418,52.2164],[21.9346,52.1997],[21.9303,52.1996],[21.9333,52.1962],[21.9213,52.1943],[21.9064,52.1814],[21.9161,52.1752],[21.9003,52.1612],[21.9142,52.1594],[21.9199,52.149],[21.9312,52.1524],[21.9376,52.147],[21.9369,52.1342],[21.9468,52.1061],[21.9763,52.0908],[21.9464,52.0783],[21.9275,52.0645],[21.9229,52.0547],[21.9115,52.0554],[21.8679,52.0375],[21.8746,52.0262],[21.8874,52.0218],[21.8808,52.0151],[21.8879,51.9908],[21.8819,51.9878],[21.8272,51.9956],[21.8181,51.9789],[21.8109,51.9751],[21.7684,51.9749],[21.771,51.9797],[21.7517,51.9906],[21.7079,51.9979],[21.7088,52.0022],[21.699,52.007],[21.7034,52.0102],[21.6762,52.0146],[21.6572,52.0287],[21.6483,52.0278],[21.6462,52.0229],[21.6452,52.0083],[21.6496,52.0046],[21.6332,52.003],[21.6313,52.0175],[21.6146,52.0168],[21.6072,52.021],[21.5927,52.0399],[21.582,52.0411],[21.5777,52.0332],[21.571,52.0379],[21.5792,52.0455],[21.5752,52.0521],[21.5794,52.068],[21.5638,52.0661],[21.5489,52.0872],[21.5286,52.0836],[21.5236,52.0906],[21.5133,52.0913],[21.5128,52.0972],[21.5223,52.0965],[21.5203,52.1008],[21.5351,52.1007],[21.5271,52.1101],[21.5174,52.1119],[21.5261,52.1133],[21.5252,52.1183],[21.5028,52.1152],[21.5049,52.1189],[21.4988,52.1184],[21.501,52.1221],[21.478,52.1207],[21.4811,52.1351],[21.4778,52.1361],[21.483,52.138],[21.4568,52.1464],[21.4422,52.1412],[21.4408,52.1539],[21.4303,52.1572],[21.4355,52.1632],[21.4189,52.1686],[21.4218,52.1728],[21.4031,52.1655],[21.3954,52.1567],[21.3722,52.1664],[21.3979,52.1856],[21.3851,52.1921],[21.373,52.1905],[21.3707,52.1995],[21.358,52.2044],[21.353,52.212],[21.3483,52.2048],[21.3317,52.2121],[21.2924,52.2114],[21.2887,52.2188],[21.2959,52.2199],[21.2904,52.2211],[21.2919,52.2282],[21.285,52.2214],[21.2495,52.2226],[21.2548,52.2387],[21.2395,52.2363],[21.238,52.2449],[21.2537,52.2458],[21.2505,52.2627],[21.2955,52.2675],[21.2898,52.2755],[21.2976,52.2789],[21.4461,52.2633],[21.4585,52.2719],[21.4232,52.2848],[21.4025,52.2864],[21.4184,52.2908],[21.3913,52.3013],[21.4086,52.3053],[21.4475,52.3037]]]}},{"type":"Feature","properties":{"slug":"zwolenski","name":"powiat zwoleński","bdlUnitId":"071422736000","voivodeship":"mazowieckie"},"geometry":{"type":"Polygon","coordinates":[[[21.55,51.4446],[21.5568,51.4517],[21.6068,51.4515],[21.6133,51.4602],[21.6074,51.4722],[21.5986,51.4739],[21.6252,51.4761],[21.6513,51.4697],[21.6717,51.4765],[21.693,51.4721],[21.7004,51.4789],[21.704,51.4949],[21.7339,51.5008],[21.7374,51.4939],[21.7299,51.4857],[21.7423,51.4782],[21.7423,51.4724],[21.7198,51.4719],[21.7156,51.4709],[21.7167,51.467],[21.7454,51.4607],[21.7356,51.4541],[21.755,51.4404],[21.7447,51.4349],[21.7511,51.4328],[21.7501,51.4286],[21.7663,51.4218],[21.7877,51.4202],[21.7801,51.4116],[21.7677,51.4135],[21.7613,51.4058],[21.7685,51.3911],[21.7845,51.3975],[21.7917,51.3954],[21.797,51.3825],[21.8067,51.3753],[21.8117,51.3778],[21.816,51.3716],[21.8322,51.3805],[21.8378,51.3785],[21.8537,51.3518],[21.8454,51.3541],[21.8283,51.3393],[21.8366,51.3329],[21.829,51.3263],[21.8234,51.3033],[21.7938,51.2931],[21.7831,51.2937],[21.7868,51.285],[21.8118,51.2915],[21.8171,51.2892],[21.8124,51.2853],[21.823,51.2807],[21.8349,51.2889],[21.8364,51.2836],[21.8601,51.2747],[21.8217,51.2627],[21.8148,51.2689],[21.7997,51.2694],[21.785,51.2624],[21.7733,51.265],[21.7768,51.2692],[21.7713,51.272],[21.7426,51.2759],[21.6972,51.2939],[21.6979,51.2977],[21.6838,51.297],[21.673,51.3047],[21.6648,51.3038],[21.6686,51.2917],[21.6622,51.2793],[21.6542,51.2749],[21.6319,51.2742],[21.6356,51.2671],[21.6326,51.2643],[21.5929,51.2849],[21.5401,51.2952],[21.5399,51.2829],[21.5572,51.2795],[21.5535,51.2769],[21.5632,51.2676],[21.554,51.2622],[21.5358,51.2686],[21.5172,51.2634],[21.5035,51.2722],[21.4836,51.2719],[21.4848,51.2661],[21.4789,51.2595],[21.4596,51.2458],[21.4636,51.2431],[21.4599,51.2292],[21.4518,51.2207],[21.4162,51.2212],[21.4213,51.2272],[21.3635,51.2292],[21.3632,51.2229],[21.3487,51.2232],[21.349,51.2293],[21.335,51.2292],[21.3373,51.2338],[21.3448,51.2323],[21.346,51.2369],[21.3362,51.2432],[21.3362,51.2503],[21.3478,51.2461],[21.3532,51.2496],[21.3366,51.2571],[21.3432,51.2583],[21.3433,51.2638],[21.3255,51.2727],[21.3508,51.2781],[21.3583,51.2836],[21.3592,51.2914],[21.3672,51.2937],[21.3596,51.3135],[21.3616,51.3198],[21.3559,51.3209],[21.3516,51.3311],[21.3739,51.3349],[21.3932,51.3471],[21.3852,51.3549],[21.3885,51.356],[21.3972,51.3479],[21.4318,51.3542],[21.4451,51.3718],[21.4475,51.385],[21.4641,51.387],[21.4662,51.3971],[21.4722,51.3982],[21.4784,51.4079],[21.5085,51.4054],[21.513,51.4123],[21.5635,51.4252],[21.55,51.4446]]]}},{"type":"Feature","properties":{"slug":"zurominski","name":"powiat żuromiński","bdlUnitId":"071422537000","voivodeship":"mazowieckie"},"geometry":{"type":"Polygon","coordinates":[[[19.9915,52.828],[19.9711,52.826],[19.9592,52.8306],[19.9688,52.8465],[19.9549,52.8592],[19.964,52.8824],[19.9569,52.8906],[19.9147,52.9052],[19.888,52.9094],[19.8693,52.9039],[19.84,52.9206],[19.8216,52.9188],[19.817,52.9207],[19.8222,52.9325],[19.8116,52.932],[19.7897,52.9416],[19.7698,52.9592],[19.7341,52.9673],[19.717,52.9653],[19.698,52.9738],[19.6999,52.9651],[19.6816,52.9651],[19.6799,52.9784],[19.6649,52.9868],[19.6776,53.0007],[19.6787,53.0148],[19.6903,53.0215],[19.6783,53.0242],[19.6781,53.032],[19.6658,53.0401],[19.6522,53.0378],[19.6548,53.0538],[19.6458,53.0543],[19.6468,53.0662],[19.6616,53.0694],[19.6596,53.0745],[19.6461,53.0775],[19.647,53.0873],[19.6368,53.0947],[19.6385,53.1066],[19.6342,53.1117],[19.6506,53.1124],[19.6523,53.1069],[19.6671,53.1061],[19.6727,53.1127],[19.6827,53.1129],[19.6847,53.1231],[19.6929,53.1195],[19.7105,53.1215],[19.712,53.1347],[19.7326,53.1445],[19.7776,53.155],[19.8411,53.1411],[19.8389,53.1632],[19.8254,53.1733],[19.8471,53.1923],[19.882,53.2025],[19.8834,53.2085],[19.8931,53.2132],[19.8962,53.2097],[19.9134,53.2115],[19.9138,53.2063],[19.9179,53.2065],[19.9186,53.1913],[19.9114,53.1889],[19.9074,53.177],[19.9548,53.1602],[19.9638,53.15],[19.9782,53.1439],[20.0197,53.1531],[20.0256,53.1451],[20.0305,53.1458],[20.0387,53.1592],[20.0523,53.1552],[20.0762,53.1573],[20.0774,53.1654],[20.1042,53.1681],[20.119,53.1622],[20.1271,53.1467],[20.1352,53.1423],[20.1246,53.1273],[20.1371,53.12],[20.1379,53.1116],[20.1205,53.1095],[20.1172,53.0921],[20.1033,53.076],[20.1015,53.067],[20.0864,53.0702],[20.0856,53.0521],[20.0943,53.0427],[20.0545,53.0438],[20.0431,53.0339],[20.0776,53.0149],[20.0372,53.0122],[20.0387,52.9862],[20.0584,52.98],[20.0445,52.9768],[20.0373,52.9677],[20.0266,52.9687],[20.0264,52.9647],[20.0315,52.964],[20.0259,52.9637],[20.0282,52.9613],[20.0373,52.9677],[20.0401,52.963],[20.0421,52.9517],[20.0327,52.9486],[20.039,52.9406],[20.0325,52.9292],[20.0468,52.9263],[20.0468,52.9171],[20.0569,52.9108],[20.0497,52.9012],[20.0966,52.9079],[20.1069,52.9183],[20.1108,52.9132],[20.1018,52.9077],[20.1008,52.9022],[20.1056,52.9021],[20.1009,52.8929],[20.0934,52.8937],[20.0962,52.8801],[20.101,52.8725],[20.1176,52.8761],[20.1311,52.889],[20.1455,52.8876],[20.1382,52.8756],[20.1438,52.8735],[20.1442,52.864],[20.1283,52.8554],[20.1445,52.8514],[20.1328,52.8405],[20.1267,52.8261],[20.0851,52.836],[20.0702,52.8337],[20.066,52.8277],[20.0637,52.8322],[20.045,52.8364],[20.0338,52.8328],[20.0246,52.8199],[20.0183,52.8235],[20.0233,52.8243],[20.0245,52.8323],[20.0189,52.8356],[20.0221,52.8419],[20.0113,52.8401],[20.0167,52.8489],[20.0002,52.8541],[19.9928,52.8501],[19.9991,52.8479],[19.9915,52.828]]]}},{"type":"Feature","properties":{"slug":"lubelski","name":"powiat lubelski","bdlUnitId":"060611109000","voivodeship":"lubelskie"},"geometry":{"type":"Polygon","coordinates":[[[22.1678,51.2566],[22.1663,51.2623],[22.2243,51.2672],[22.2436,51.2623],[22.2877,51.2685],[22.3141,51.2778],[22.3001,51.2837],[22.3005,51.2878],[22.2769,51.2921],[22.2856,51.3062],[22.2844,51.3175],[22.2599,51.3238],[22.251,51.3334],[22.2938,51.35],[22.2658,51.3664],[22.2728,51.3807],[22.2932,51.3998],[22.2911,51.4069],[22.3023,51.4091],[22.2911,51.4127],[22.3003,51.419],[22.2886,51.4254],[22.3076,51.4237],[22.3013,51.4283],[22.3068,51.4289],[22.3566,51.43],[22.3654,51.4255],[22.3649,51.4197],[22.3767,51.4185],[22.3778,51.4233],[22.3936,51.4255],[22.3906,51.4044],[22.379,51.3939],[22.408,51.383],[22.4178,51.3699],[22.4223,51.3707],[22.419,51.3752],[22.4344,51.3774],[22.4253,51.3909],[22.4578,51.4089],[22.4687,51.406],[22.4676,51.4012],[22.4732,51.4006],[22.4741,51.4045],[22.4923,51.4014],[22.4789,51.3822],[22.4964,51.3814],[22.506,51.3874],[22.5118,51.3757],[22.5372,51.3833],[22.5457,51.3676],[22.5608,51.3707],[22.5666,51.3666],[22.5683,51.3757],[22.5585,51.3803],[22.553,51.3767],[22.5462,51.379],[22.5502,51.3849],[22.5457,51.3864],[22.566,51.3915],[22.583,51.3819],[22.6349,51.3796],[22.6351,51.3751],[22.648,51.3725],[22.6515,51.3623],[22.6473,51.3623],[22.653,51.3561],[22.6689,51.3645],[22.6815,51.3568],[22.6765,51.3467],[22.7007,51.3254],[22.7199,51.3165],[22.765,51.3083],[22.758,51.3044],[22.7845,51.3003],[22.7702,51.2916],[22.7699,51.2781],[22.724,51.2641],[22.7418,51.2501],[22.7192,51.2348],[22.6645,51.2425],[22.6735,51.2532],[22.6597,51.2528],[22.6346,51.2619],[22.6312,51.2759],[22.6504,51.2846],[22.6469,51.2905],[22.6301,51.2966],[22.6136,51.282],[22.6049,51.2806],[22.59,51.2861],[22.5484,51.2822],[22.4939,51.285],[22.494,51.2752],[22.4997,51.2719],[22.486,51.2771],[22.467,51.2604],[22.4661,51.2554],[22.4867,51.2554],[22.4841,51.2435],[22.4627,51.232],[22.4815,51.2312],[22.4543,51.2148],[22.4707,51.2127],[22.5011,51.2174],[22.502,51.2128],[22.4958,51.2078],[22.485,51.2053],[22.5158,51.1864],[22.5029,51.1781],[22.4977,51.1813],[22.4714,51.1589],[22.4842,51.1439],[22.4961,51.1398],[22.5095,51.1468],[22.5549,51.1487],[22.5541,51.1765],[22.5882,51.1744],[22.5875,51.1793],[22.5941,51.1833],[22.5994,51.1787],[22.6199,51.1797],[22.6246,51.1882],[22.621,51.188],[22.6222,51.1955],[22.6137,51.1968],[22.6134,51.2098],[22.6388,51.214],[22.7013,51.1911],[22.6848,51.1792],[22.689,51.1679],[22.6811,51.1521],[22.6938,51.1271],[22.69,51.1065],[22.7298,51.1027],[22.7271,51.0893],[22.7378,51.084],[22.7582,51.081],[22.7762,51.0847],[22.7725,51.0737],[22.7857,51.0546],[22.8119,51.0464],[22.8101,51.0183],[22.7753,50.9939],[22.7881,50.9834],[22.8135,50.9734],[22.8008,50.9649],[22.7861,50.9646],[22.7903,50.9549],[22.7814,50.9357],[22.7871,50.9372],[22.8007,50.926],[22.7732,50.9214],[22.7686,50.9154],[22.7748,50.9134],[22.7717,50.9094],[22.7571,50.9122],[22.7697,50.8935],[22.7694,50.8808],[22.7823,50.8792],[22.7792,50.8749],[22.7563,50.8758],[22.7508,50.8816],[22.7128,50.88],[22.705,50.8837],[22.7007,50.8822],[22.7027,50.8769],[22.7158,50.8747],[22.6784,50.8479],[22.6659,50.856],[22.6507,50.8583],[22.6013,50.8389],[22.5913,50.8461],[22.5781,50.8384],[22.5521,50.8399],[22.556,50.8429],[22.5319,50.8479],[22.5362,50.8572],[22.5477,50.8624],[22.5406,50.8683],[22.545,50.8751],[22.5395,50.8823],[22.545,50.8849],[22.5379,50.8908],[22.5373,50.9089],[22.5195,50.911],[22.5208,50.9047],[22.5041,50.9075],[22.504,50.902],[22.4823,50.9065],[22.4845,50.9126],[22.4765,50.9157],[22.4721,50.9124],[22.4561,50.9145],[22.455,50.9207],[22.4422,50.9218],[22.4431,50.9256],[22.4563,50.9242],[22.4544,50.9325],[22.4618,50.9308],[22.4749,50.9377],[22.4791,50.9611],[22.4686,50.9547],[22.4454,50.9725],[22.4526,50.9835],[22.3872,50.9992],[22.3793,51.0318],[22.3595,51.0486],[22.3191,51.0509],[22.3209,51.0403],[22.2721,51.0316],[22.1776,51.0355],[22.1675,51.0442],[22.1695,51.0485],[22.1814,51.044],[22.2172,51.0435],[22.2177,51.0573],[22.2123,51.0584],[22.2306,51.0765],[22.2356,51.0888],[22.2217,51.0877],[22.2319,51.1078],[22.2288,51.1264],[22.2328,51.1318],[22.2102,51.1275],[22.1805,51.1355],[22.1759,51.1388],[22.182,51.1545],[22.1659,51.1506],[22.1554,51.1511],[22.1533,51.1554],[22.125,51.1519],[22.1225,51.1561],[22.1196,51.1712],[22.1446,51.1739],[22.1455,51.18],[22.1661,51.1882],[22.1644,51.193],[22.1499,51.1974],[22.1583,51.201],[22.1599,51.2098],[22.1748,51.2142],[22.1687,51.2219],[22.1356,51.2149],[22.1293,51.2241],[22.1502,51.2235],[22.1503,51.2297],[22.1297,51.2301],[22.171,51.2508],[22.1678,51.2566]]]}},{"type":"Feature","properties":{"slug":"proszowicki","name":"powiat proszowicki","bdlUnitId":"011212014000","voivodeship":"małopolskie"},"geometry":{"type":"Polygon","coordinates":[[[20.5632,50.1997],[20.5724,50.1866],[20.5829,50.1893],[20.5816,50.1943],[20.5935,50.2016],[20.6306,50.202],[20.6245,50.202],[20.634,50.2117],[20.6391,50.2053],[20.6433,50.2073],[20.6402,50.2116],[20.6544,50.2037],[20.6817,50.2045],[20.6799,50.1973],[20.6662,50.1965],[20.6089,50.152],[20.5899,50.1522],[20.5916,50.142],[20.5878,50.1397],[20.5697,50.1486],[20.5608,50.1405],[20.538,50.1466],[20.496,50.1342],[20.4737,50.1384],[20.4571,50.1321],[20.4405,50.1434],[20.4265,50.1342],[20.405,50.1433],[20.3989,50.1378],[20.4046,50.13],[20.4028,50.1249],[20.3827,50.1224],[20.3692,50.1136],[20.3413,50.1223],[20.3218,50.1223],[20.3187,50.1374],[20.3324,50.1455],[20.3226,50.159],[20.3133,50.1601],[20.3065,50.1547],[20.2844,50.1593],[20.2766,50.1574],[20.2827,50.1461],[20.2791,50.1309],[20.266,50.1345],[20.2628,50.1201],[20.2659,50.1163],[20.2576,50.1188],[20.2504,50.1123],[20.2452,50.1156],[20.2238,50.1116],[20.2016,50.1175],[20.2032,50.1323],[20.1947,50.1337],[20.1891,50.143],[20.1811,50.1441],[20.1815,50.1484],[20.146,50.155],[20.1481,50.1621],[20.1696,50.1688],[20.1682,50.1756],[20.1608,50.1797],[20.1749,50.1868],[20.1749,50.1908],[20.1648,50.1952],[20.1656,50.2026],[20.1557,50.2042],[20.1633,50.2236],[20.1785,50.225],[20.1541,50.2268],[20.1452,50.2377],[20.135,50.2419],[20.1262,50.2604],[20.1382,50.2718],[20.1734,50.2759],[20.1769,50.2926],[20.1812,50.2907],[20.1936,50.2994],[20.2352,50.2994],[20.2499,50.3053],[20.2699,50.3032],[20.2683,50.3088],[20.2927,50.309],[20.2926,50.3222],[20.3127,50.322],[20.3284,50.3187],[20.3327,50.3045],[20.3432,50.3058],[20.3474,50.3016],[20.3491,50.2989],[20.3403,50.2987],[20.341,50.2871],[20.3488,50.2905],[20.3621,50.2846],[20.3617,50.2811],[20.3436,50.277],[20.3441,50.2716],[20.3326,50.2723],[20.3309,50.2675],[20.353,50.2636],[20.3762,50.2432],[20.3975,50.2415],[20.3994,50.2385],[20.3743,50.2272],[20.3746,50.216],[20.3847,50.2076],[20.4102,50.2118],[20.4151,50.2002],[20.4086,50.1985],[20.4155,50.1912],[20.4308,50.1973],[20.4515,50.1927],[20.455,50.1992],[20.4687,50.1966],[20.4663,50.1921],[20.4735,50.1908],[20.4697,50.2008],[20.5129,50.186],[20.5311,50.1914],[20.5348,50.1884],[20.5434,50.1987],[20.5632,50.1997]]]}},{"type":"Feature","properties":{"slug":"wielicki","name":"powiat wielicki","bdlUnitId":"011212019000","voivodeship":"małopolskie"},"geometry":{"type":"Polygon","coordinates":[[[20.3483,50.0999],[20.3553,50.096],[20.3504,50.0936],[20.3554,50.0706],[20.37,50.0723],[20.3645,50.066],[20.3797,50.0646],[20.3876,50.0221],[20.3208,50.0185],[20.3239,49.998],[20.3346,49.999],[20.3426,49.9947],[20.341,49.9887],[20.3524,49.989],[20.336,49.9849],[20.3285,49.9749],[20.3078,49.9755],[20.316,49.9678],[20.3074,49.9608],[20.3139,49.9582],[20.3095,49.9531],[20.3166,49.9512],[20.3038,49.9423],[20.3112,49.9312],[20.3002,49.9248],[20.3109,49.9261],[20.3059,49.9136],[20.2859,49.9044],[20.2879,49.893],[20.2713,49.8923],[20.2604,49.8818],[20.2594,49.8713],[20.2497,49.8636],[20.2034,49.8686],[20.1942,49.8739],[20.1973,49.8787],[20.1761,49.8765],[20.1751,49.8852],[20.1853,49.8874],[20.1725,49.8877],[20.1683,49.8939],[20.1425,49.8869],[20.1241,49.8885],[20.1079,49.9017],[20.1169,49.9033],[20.1188,49.9133],[20.1045,49.9227],[20.101,49.9176],[20.0821,49.9282],[20.0765,49.9283],[20.0751,49.9195],[20.0643,49.9141],[20.0445,49.9198],[20.0298,49.9161],[20.0166,49.906],[20.006,49.9173],[19.9996,49.9344],[20.0071,49.9405],[20.0063,49.9493],[19.9818,49.9493],[19.9831,49.9593],[19.9693,49.9602],[19.9634,49.9686],[19.9671,49.9737],[19.9644,49.9777],[19.9756,49.9809],[19.9824,49.981],[19.9813,49.9726],[20.0081,49.975],[20.0187,49.9864],[20.0033,49.998],[20.0063,50.0025],[20.0478,49.999],[20.0487,50.0043],[20.0657,50.0078],[20.0697,50.0186],[20.0649,50.0243],[20.0816,50.0342],[20.0803,50.0407],[20.0875,50.0447],[20.0948,50.037],[20.1069,50.0424],[20.1277,50.0398],[20.1381,50.0458],[20.1596,50.0428],[20.1893,50.0483],[20.2051,50.0436],[20.2269,50.0575],[20.2342,50.0678],[20.2526,50.0651],[20.2596,50.0746],[20.2862,50.0819],[20.2957,50.0975],[20.3355,50.0914],[20.3483,50.0999]]]}},{"type":"Feature","properties":{"slug":"sieradzki","name":"powiat sieradzki","bdlUnitId":"051011814000","voivodeship":"łódzkie"},"geometry":{"type":"Polygon","coordinates":[[[18.472,51.851],[18.4869,51.8494],[18.5073,51.8544],[18.5155,51.8342],[18.5346,51.8361],[18.535,51.8417],[18.55,51.8454],[18.5949,51.8481],[18.6132,51.8344],[18.6303,51.8308],[18.6425,51.8339],[18.6486,51.8268],[18.6857,51.821],[18.6812,51.8162],[18.6835,51.8106],[18.6683,51.8018],[18.6678,51.7854],[18.661,51.7851],[18.6653,51.772],[18.6567,51.7675],[18.6568,51.7538],[18.6514,51.7488],[18.7344,51.7347],[18.7342,51.7436],[18.7497,51.7489],[18.747,51.7588],[18.7609,51.7606],[18.7642,51.7496],[18.8395,51.7269],[18.8374,51.7103],[18.8415,51.6968],[18.821,51.685],[18.8016,51.6876],[18.8066,51.6657],[18.821,51.6627],[18.817,51.6617],[18.8192,51.6572],[18.8258,51.6582],[18.8273,51.6524],[18.8566,51.6423],[18.847,51.6353],[18.8734,51.6165],[18.8645,51.6123],[18.8727,51.6109],[18.8798,51.5994],[18.8712,51.591],[18.8446,51.5873],[18.8429,51.577],[18.8113,51.5633],[18.8235,51.5579],[18.8186,51.5498],[18.8329,51.5529],[18.8392,51.5463],[18.8478,51.5478],[18.8476,51.542],[18.8537,51.5373],[18.8623,51.538],[18.8544,51.5292],[18.8714,51.5185],[18.8661,51.5145],[18.8681,51.5098],[18.8579,51.5059],[18.8571,51.4984],[18.8688,51.4918],[18.8631,51.4866],[18.8693,51.4822],[18.8659,51.4782],[18.8693,51.4727],[18.8541,51.4558],[18.869,51.4695],[18.8785,51.4661],[18.8677,51.4529],[18.8571,51.455],[18.8375,51.4436],[18.83,51.4473],[18.8238,51.4381],[18.8313,51.4346],[18.8155,51.4321],[18.8128,51.423],[18.8052,51.4184],[18.8081,51.4117],[18.7978,51.408],[18.7827,51.4102],[18.7807,51.3964],[18.7899,51.3933],[18.7682,51.3799],[18.7668,51.3652],[18.7251,51.3572],[18.7002,51.3593],[18.6854,51.352],[18.6722,51.3617],[18.662,51.3585],[18.6219,51.366],[18.6168,51.3808],[18.5929,51.3743],[18.5662,51.3835],[18.5219,51.3845],[18.5196,51.3902],[18.5025,51.3961],[18.4642,51.3994],[18.3675,51.3895],[18.3293,51.3919],[18.3272,51.4005],[18.332,51.4108],[18.3263,51.4198],[18.3405,51.4301],[18.3407,51.441],[18.3562,51.4567],[18.358,51.4665],[18.3518,51.4698],[18.3616,51.468],[18.3828,51.4773],[18.3801,51.5182],[18.3585,51.5362],[18.3739,51.5479],[18.3683,51.5497],[18.3648,51.5645],[18.3727,51.5768],[18.3706,51.591],[18.3786,51.5923],[18.3768,51.6001],[18.3487,51.6014],[18.3685,51.6169],[18.3647,51.624],[18.35,51.6269],[18.3528,51.6333],[18.37,51.6343],[18.3813,51.6508],[18.3553,51.6605],[18.3576,51.6715],[18.3642,51.6817],[18.3799,51.6844],[18.3843,51.6939],[18.3969,51.6958],[18.3931,51.7014],[18.4122,51.7006],[18.4102,51.7161],[18.4005,51.7223],[18.4208,51.7268],[18.4235,51.7359],[18.4028,51.7504],[18.4172,51.7485],[18.42,51.7568],[18.4299,51.7572],[18.4322,51.7648],[18.4293,51.7732],[18.4093,51.7917],[18.4243,51.7928],[18.4244,51.8006],[18.4291,51.8016],[18.426,51.7924],[18.4443,51.7985],[18.4393,51.8255],[18.4719,51.8199],[18.467,51.8296],[18.4627,51.8298],[18.4671,51.8317],[18.4646,51.838],[18.4713,51.8411],[18.472,51.851]],[[18.8015,51.645],[18.8197,51.6503],[18.8181,51.6568],[18.7939,51.6535],[18.8015,51.645]]]}},{"type":"Feature","properties":{"slug":"brzezinski","name":"powiat brzeziński","bdlUnitId":"051011521000","voivodeship":"łódzkie"},"geometry":{"type":"Polygon","coordinates":[[[19.9889,51.7796],[20.0162,51.7735],[20.0073,51.7663],[19.9906,51.7625],[19.989,51.7558],[19.9963,51.7475],[19.9813,51.741],[19.9504,51.7477],[19.9478,51.7449],[19.9586,51.7413],[19.9524,51.7352],[19.9396,51.7398],[19.9338,51.7322],[19.9131,51.7295],[19.9036,51.7314],[19.9138,51.7478],[19.9328,51.7513],[19.9345,51.7596],[19.9353,51.7639],[19.9211,51.7703],[19.9228,51.7785],[19.8794,51.776],[19.8634,51.7702],[19.8575,51.7793],[19.8482,51.783],[19.8404,51.7772],[19.8183,51.7775],[19.8168,51.7735],[19.8101,51.7792],[19.7912,51.7824],[19.7955,51.773],[19.8053,51.7707],[19.8104,51.7744],[19.8131,51.7649],[19.8035,51.7647],[19.7988,51.7577],[19.7743,51.7662],[19.7662,51.7609],[19.7684,51.752],[19.7633,51.7531],[19.7648,51.7492],[19.7583,51.7461],[19.7502,51.7582],[19.7342,51.7588],[19.7306,51.7502],[19.685,51.7522],[19.6867,51.7459],[19.6718,51.7472],[19.6753,51.7417],[19.6682,51.738],[19.6446,51.7571],[19.6756,51.7719],[19.68,51.7791],[19.6749,51.8118],[19.6691,51.8106],[19.6695,51.8199],[19.6543,51.8277],[19.6685,51.844],[19.6605,51.8538],[19.7123,51.8782],[19.7064,51.8793],[19.7043,51.8938],[19.6768,51.8913],[19.6758,51.895],[19.7099,51.9263],[19.7037,51.9429],[19.7134,51.9401],[19.7243,51.9465],[19.7495,51.9366],[19.7646,51.9452],[19.84,51.952],[19.8435,51.9354],[19.8572,51.9198],[19.8685,51.9176],[19.8734,51.895],[19.886,51.888],[19.8778,51.8831],[19.8758,51.8736],[19.8895,51.8624],[19.9449,51.8458],[19.9658,51.851],[19.9686,51.8431],[19.9786,51.8363],[19.9944,51.8369],[20.0141,51.8269],[20.0022,51.8148],[19.995,51.8145],[19.9952,51.7991],[20.0049,51.7987],[20.0024,51.7909],[19.9901,51.7938],[19.9889,51.7796]]]}},{"type":"Feature","properties":{"slug":"strzelecko-drezdenecki","name":"powiat strzelecko-drezdenecki","bdlUnitId":"020811306000","voivodeship":"lubuskie"},"geometry":{"type":"Polygon","coordinates":[[[15.3317,52.9044],[15.3222,52.903],[15.292,52.9328],[15.283,52.9462],[15.2868,52.9572],[15.3517,52.9416],[15.363,52.9441],[15.362,52.9481],[15.3686,52.9466],[15.39,52.9621],[15.3862,52.9658],[15.3883,52.9716],[15.4438,52.9899],[15.4653,52.9887],[15.5328,53.0057],[15.5469,53.0145],[15.5552,53.0113],[15.5722,52.9869],[15.5805,52.9889],[15.588,52.9811],[15.6155,52.9843],[15.6334,52.9764],[15.6817,52.9973],[15.7044,52.9957],[15.7211,52.9866],[15.7605,52.9951],[15.7728,53.0034],[15.774,53.0144],[15.778,53.0151],[15.7627,53.0267],[15.778,53.0298],[15.7879,53.0428],[15.8076,53.0454],[15.802,53.0526],[15.7802,53.0605],[15.8216,53.0652],[15.8093,53.0811],[15.8115,53.0844],[15.86,53.0937],[15.8482,53.1152],[15.8571,53.1181],[15.9118,53.124],[15.9162,53.1193],[15.9793,53.1103],[15.982,53.1155],[15.9851,53.1134],[15.9809,53.0973],[15.9983,53.087],[15.9924,53.0808],[15.9943,53.0731],[15.9849,53.0644],[15.9896,53.0557],[15.9733,53.0563],[15.9727,53.0492],[15.9516,53.0344],[15.9571,53.032],[15.9546,53.0173],[15.9587,53.0143],[15.954,53.013],[15.9558,53.0081],[15.9494,52.9985],[15.9554,52.9885],[15.9515,52.981],[15.9562,52.9765],[15.946,52.9713],[15.9614,52.9708],[15.9605,52.9561],[15.9798,52.9337],[15.9722,52.9288],[15.9795,52.909],[15.9673,52.9001],[15.9739,52.8948],[15.9794,52.8779],[15.9756,52.873],[15.9631,52.874],[15.9614,52.8693],[15.9715,52.8669],[15.9741,52.859],[15.9631,52.8571],[15.9694,52.8537],[15.9479,52.855],[15.9506,52.8425],[15.9234,52.8311],[15.9187,52.8411],[15.9145,52.84],[15.9018,52.8353],[15.9045,52.8266],[15.8945,52.8258],[15.8972,52.8213],[15.8932,52.8128],[15.9032,52.8061],[15.934,52.8041],[15.9383,52.7862],[15.9257,52.7822],[15.9395,52.7618],[15.9487,52.7561],[15.9449,52.7292],[15.9199,52.7232],[15.9054,52.7142],[15.8849,52.7149],[15.8373,52.7063],[15.7953,52.7085],[15.7807,52.7004],[15.7377,52.7133],[15.6589,52.7016],[15.62,52.7037],[15.6045,52.7126],[15.6055,52.7254],[15.5874,52.7263],[15.5879,52.743],[15.579,52.756],[15.5852,52.7625],[15.5834,52.7665],[15.5614,52.764],[15.5386,52.7698],[15.4993,52.7513],[15.4903,52.752],[15.4562,52.7765],[15.4481,52.7711],[15.446,52.7785],[15.4683,52.7908],[15.4338,52.8096],[15.4079,52.8143],[15.4327,52.815],[15.4204,52.8341],[15.4248,52.8391],[15.4452,52.8424],[15.4401,52.8494],[15.4465,52.8612],[15.4402,52.8661],[15.4364,52.8791],[15.4234,52.8865],[15.3745,52.8873],[15.3653,52.8935],[15.367,52.9012],[15.3317,52.9044]]]}},{"type":"Feature","properties":{"slug":"swiebodzinski","name":"powiat świebodziński","bdlUnitId":"020811408000","voivodeship":"lubuskie"},"geometry":{"type":"Polygon","coordinates":[[[15.8808,52.2904],[15.8814,52.2842],[15.8731,52.2824],[15.8524,52.2621],[15.8608,52.2276],[15.8495,52.2133],[15.8249,52.2072],[15.8041,52.2149],[15.8006,52.2138],[15.8031,52.21],[15.7713,52.1935],[15.7367,52.1918],[15.7373,52.1845],[15.7252,52.1681],[15.7012,52.1665],[15.699,52.1743],[15.6903,52.1738],[15.6899,52.1656],[15.6713,52.161],[15.657,52.1827],[15.6404,52.1811],[15.6314,52.1769],[15.6344,52.1717],[15.6069,52.1641],[15.614,52.1556],[15.6055,52.1539],[15.5909,52.1375],[15.557,52.1234],[15.5401,52.1209],[15.5403,52.1259],[15.5263,52.1246],[15.4805,52.1009],[15.4378,52.1105],[15.406,52.095],[15.3992,52.1029],[15.413,52.1163],[15.3657,52.1145],[15.306,52.1313],[15.2917,52.1456],[15.304,52.1903],[15.3125,52.1951],[15.3144,52.2026],[15.2916,52.2131],[15.2534,52.2081],[15.2208,52.1946],[15.2146,52.2076],[15.2039,52.2058],[15.1978,52.2188],[15.101,52.205],[15.089,52.226],[15.1099,52.2341],[15.1317,52.2302],[15.1493,52.2338],[15.1579,52.2449],[15.1462,52.255],[15.1679,52.2661],[15.1746,52.2613],[15.1724,52.2576],[15.1795,52.2551],[15.2136,52.2805],[15.2278,52.2853],[15.1999,52.297],[15.2022,52.3098],[15.2427,52.3117],[15.2279,52.3417],[15.2406,52.3416],[15.2475,52.3478],[15.2574,52.3716],[15.2837,52.3721],[15.2996,52.3783],[15.3057,52.3779],[15.3059,52.371],[15.3174,52.3728],[15.3449,52.3659],[15.3491,52.3787],[15.354,52.3795],[15.3913,52.3766],[15.4049,52.3705],[15.4353,52.3759],[15.4418,52.3681],[15.455,52.3677],[15.455,52.3605],[15.4922,52.3661],[15.4978,52.3592],[15.5738,52.3513],[15.5654,52.345],[15.5709,52.3421],[15.6224,52.3427],[15.6262,52.3208],[15.6392,52.3231],[15.6507,52.3165],[15.6515,52.3105],[15.6963,52.2973],[15.7003,52.2904],[15.7298,52.2919],[15.7966,52.3184],[15.8302,52.3205],[15.8345,52.312],[15.8553,52.3071],[15.8491,52.3045],[15.8503,52.2941],[15.8268,52.2837],[15.8808,52.2904]]]}},{"type":"Feature","properties":{"slug":"lezajski","name":"powiat leżajski","bdlUnitId":"061813608000","voivodeship":"podkarpackie"},"geometry":{"type":"Polygon","coordinates":[[[22.4054,50.3944],[22.4205,50.4002],[22.4372,50.3997],[22.4352,50.3925],[22.4529,50.3886],[22.4514,50.3708],[22.4552,50.3668],[22.4804,50.3531],[22.5037,50.3529],[22.5011,50.3462],[22.507,50.3436],[22.5331,50.3553],[22.5656,50.3591],[22.5955,50.3487],[22.6378,50.3586],[22.6665,50.3539],[22.6877,50.3565],[22.6869,50.3451],[22.6198,50.3331],[22.6071,50.3264],[22.6069,50.3111],[22.6377,50.3038],[22.6432,50.296],[22.631,50.2934],[22.6274,50.283],[22.6348,50.2835],[22.6332,50.2787],[22.6195,50.2668],[22.5925,50.2757],[22.5827,50.2672],[22.5736,50.2512],[22.5885,50.2347],[22.6081,50.2271],[22.6078,50.2229],[22.5996,50.2182],[22.5847,50.2215],[22.5784,50.2337],[22.5676,50.2292],[22.5703,50.2254],[22.5573,50.225],[22.5524,50.22],[22.5607,50.2061],[22.5528,50.2007],[22.5397,50.203],[22.5406,50.1944],[22.5351,50.1941],[22.5375,50.1851],[22.5459,50.1891],[22.5478,50.1737],[22.5326,50.1718],[22.5311,50.1659],[22.5242,50.1638],[22.5278,50.1565],[22.5199,50.153],[22.5273,50.1453],[22.5379,50.1445],[22.5234,50.1377],[22.5259,50.1269],[22.4971,50.1287],[22.4933,50.1329],[22.487,50.1271],[22.4479,50.1231],[22.4403,50.128],[22.4343,50.123],[22.4313,50.1277],[22.4163,50.1312],[22.4093,50.1259],[22.378,50.1529],[22.3857,50.157],[22.3836,50.1593],[22.3722,50.1624],[22.3546,50.1772],[22.3214,50.1892],[22.3083,50.2021],[22.2819,50.2059],[22.2701,50.2177],[22.2686,50.2275],[22.2491,50.2322],[22.2335,50.2468],[22.2523,50.2639],[22.2404,50.262],[22.2336,50.2701],[22.2133,50.2717],[22.2107,50.2775],[22.1963,50.2734],[22.1997,50.2872],[22.212,50.2999],[22.2027,50.3047],[22.2073,50.3121],[22.1886,50.3186],[22.1889,50.3306],[22.195,50.3379],[22.2021,50.3351],[22.2159,50.3471],[22.2136,50.3504],[22.2297,50.3475],[22.2254,50.3519],[22.2278,50.3559],[22.232,50.3529],[22.2446,50.3644],[22.2685,50.3569],[22.2745,50.3638],[22.2577,50.3902],[22.2778,50.3842],[22.3099,50.3933],[22.3198,50.3862],[22.3124,50.3826],[22.3129,50.3748],[22.3342,50.3687],[22.3394,50.3699],[22.3329,50.387],[22.3363,50.3968],[22.3493,50.3893],[22.3502,50.3758],[22.3731,50.3651],[22.375,50.3477],[22.3921,50.3461],[22.4344,50.3309],[22.4539,50.3352],[22.4435,50.3439],[22.4556,50.3501],[22.4453,50.3572],[22.4389,50.354],[22.4358,50.3627],[22.4414,50.38],[22.4192,50.3853],[22.4054,50.3944]]]}},{"type":"Feature","properties":{"slug":"lubaczowski","name":"powiat lubaczowski","bdlUnitId":"061813409000","voivodeship":"podkarpackie"},"geometry":{"type":"Polygon","coordinates":[[[23.5479,50.2518],[23.5063,50.2303],[23.4701,50.2179],[23.4294,50.1842],[23.3803,50.1594],[23.314,50.112],[23.2969,50.1029],[23.2801,50.1005],[23.2793,50.0863],[23.2646,50.0789],[23.2393,50.0545],[23.216,50.0475],[23.213,50.0311],[23.1538,49.9808],[23.1186,49.9863],[23.1016,49.9833],[23.0929,49.9883],[23.0746,49.9827],[23.0623,49.9884],[23.0455,49.9869],[23.0427,49.9915],[23.0407,49.9885],[23.0356,49.9907],[23.0379,49.9966],[23.0069,49.9973],[23.0378,50.0209],[23.048,50.0411],[23.0708,50.0528],[23.0307,50.056],[22.9984,50.0685],[22.9711,50.0684],[22.9537,50.0738],[22.9479,50.0927],[22.9153,50.0987],[22.9154,50.1062],[22.9229,50.1057],[22.9231,50.1109],[22.8928,50.1143],[22.9154,50.1199],[22.9124,50.1241],[22.9292,50.1625],[22.9356,50.1695],[22.9443,50.1704],[22.9432,50.1734],[22.8857,50.165],[22.8938,50.1492],[22.8773,50.1486],[22.8736,50.1539],[22.88,50.1635],[22.8681,50.1764],[22.8689,50.1896],[22.7978,50.2094],[22.8215,50.2507],[22.8249,50.2686],[22.836,50.2698],[22.8413,50.2976],[22.8552,50.2945],[22.8905,50.3015],[22.937,50.2924],[22.9781,50.2948],[23.0254,50.2881],[23.0541,50.3058],[23.0675,50.3236],[23.0891,50.3298],[23.1791,50.3954],[23.1922,50.3953],[23.2047,50.3875],[23.2187,50.3883],[23.2181,50.3839],[23.2275,50.3773],[23.2521,50.3653],[23.2507,50.3593],[23.2791,50.3762],[23.3053,50.38],[23.3176,50.3927],[23.3535,50.4019],[23.3581,50.4105],[23.3876,50.4054],[23.3841,50.3988],[23.3742,50.4013],[23.3667,50.3938],[23.3662,50.3888],[23.3828,50.3833],[23.3739,50.377],[23.3789,50.3683],[23.4053,50.3648],[23.4044,50.3586],[23.4125,50.3515],[23.4358,50.347],[23.4034,50.3014],[23.4128,50.3076],[23.4285,50.3023],[23.457,50.3032],[23.47,50.2936],[23.4951,50.2997],[23.5199,50.2955],[23.5183,50.2899],[23.5011,50.2852],[23.5037,50.2804],[23.5139,50.2788],[23.5089,50.2613],[23.5314,50.262],[23.5479,50.2518]]]}},{"type":"Feature","properties":{"slug":"chodzieski","name":"powiat chodzieski","bdlUnitId":"023016001000","voivodeship":"wielkopolskie"},"geometry":{"type":"Polygon","coordinates":[[[17.289,53.084],[17.2922,53.0587],[17.2989,53.0512],[17.2815,53.031],[17.2534,53.0189],[17.2159,53.0226],[17.1866,53.0131],[17.1871,52.9916],[17.2033,52.98],[17.204,52.9729],[17.2017,52.9666],[17.1772,52.9561],[17.1743,52.9409],[17.1802,52.9341],[17.156,52.9274],[17.1635,52.9215],[17.1625,52.9128],[17.1725,52.9009],[17.165,52.9077],[17.1446,52.9068],[17.1391,52.9015],[17.0787,52.8906],[17.0583,52.8771],[17.0692,52.8644],[17.0607,52.8582],[17.0514,52.8376],[17.0427,52.8371],[17.0684,52.8272],[17.0603,52.8231],[17.0167,52.8354],[17.0208,52.831],[17.0033,52.8278],[16.973,52.8318],[16.933,52.816],[16.9001,52.8314],[16.8865,52.831],[16.8817,52.8427],[16.8747,52.8471],[16.8669,52.8448],[16.8561,52.8532],[16.8214,52.8575],[16.8231,52.8621],[16.8079,52.8538],[16.7964,52.8649],[16.8004,52.8744],[16.7881,52.869],[16.789,52.8823],[16.7714,52.897],[16.7749,52.9316],[16.7673,52.9468],[16.7428,52.9693],[16.7398,52.9805],[16.7324,52.9812],[16.7389,52.982],[16.741,53.0028],[16.7798,53.0135],[16.7751,53.0246],[16.7875,53.0212],[16.7903,53.0287],[16.8006,53.0266],[16.7963,53.0431],[16.8076,53.0443],[16.8078,53.053],[16.8479,53.0548],[16.884,53.0502],[16.9319,53.0567],[16.9508,53.0534],[16.9713,53.0593],[16.9985,53.06],[17.0022,53.0668],[17.0178,53.0741],[17.026,53.0669],[17.0659,53.0664],[17.0926,53.0755],[17.1288,53.0733],[17.1254,53.0757],[17.2076,53.0899],[17.2265,53.0839],[17.2276,53.0793],[17.289,53.084]]]}},{"type":"Feature","properties":{"slug":"miedzychodzki","name":"powiat międzychodzki","bdlUnitId":"023015914000","voivodeship":"wielkopolskie"},"geometry":{"type":"Polygon","coordinates":[[[15.9469,52.7549],[15.9814,52.7504],[16.0138,52.7347],[16.0181,52.7253],[16.0321,52.7206],[16.0564,52.7238],[16.0788,52.7041],[16.106,52.7005],[16.1233,52.6877],[16.1495,52.6928],[16.155,52.6887],[16.1517,52.6845],[16.1914,52.6823],[16.1917,52.6781],[16.2088,52.6769],[16.2214,52.6655],[16.2458,52.6693],[16.2439,52.6572],[16.2532,52.6469],[16.254,52.6555],[16.259,52.6564],[16.2674,52.6483],[16.2818,52.6504],[16.2884,52.6399],[16.3065,52.6397],[16.3086,52.6492],[16.3185,52.6513],[16.3219,52.6357],[16.3385,52.6203],[16.3265,52.6132],[16.2685,52.6183],[16.259,52.6025],[16.2742,52.5979],[16.2714,52.595],[16.2902,52.5751],[16.2574,52.5695],[16.2607,52.5564],[16.2497,52.5477],[16.2271,52.5497],[16.2324,52.5286],[16.2389,52.5228],[16.2279,52.513],[16.2154,52.5158],[16.1864,52.5071],[16.1942,52.4889],[16.1905,52.4876],[16.1463,52.4834],[16.1397,52.49],[16.1424,52.4962],[16.1376,52.5077],[16.0965,52.5141],[16.0717,52.5064],[16.0649,52.4905],[16.0255,52.4887],[16.0136,52.4515],[15.9999,52.4547],[15.9658,52.4483],[15.9486,52.4756],[15.9346,52.4835],[15.9353,52.4802],[15.9179,52.4815],[15.8916,52.4732],[15.8837,52.485],[15.8857,52.4896],[15.8676,52.5026],[15.8771,52.5108],[15.863,52.5104],[15.8348,52.5293],[15.8581,52.547],[15.8435,52.5541],[15.8431,52.5596],[15.8352,52.5646],[15.8247,52.5671],[15.8259,52.5759],[15.8303,52.5776],[15.8281,52.5825],[15.836,52.5872],[15.8098,52.5947],[15.8061,52.6046],[15.7959,52.6058],[15.7853,52.6174],[15.7863,52.6219],[15.8005,52.6246],[15.7939,52.6279],[15.7957,52.6362],[15.7763,52.6379],[15.7782,52.6496],[15.7861,52.6677],[15.814,52.6678],[15.8129,52.6792],[15.7942,52.7081],[15.8373,52.7063],[15.8849,52.7149],[15.9054,52.7142],[15.9199,52.7232],[15.9449,52.7292],[15.9469,52.7549]]]}},{"type":"Feature","properties":{"slug":"kluczborski","name":"powiat kluczborski","bdlUnitId":"031613204000","voivodeship":"opolskie"},"geometry":{"type":"Polygon","coordinates":[[[18.3514,51.0022],[18.3611,50.9714],[18.3805,50.954],[18.3814,50.9473],[18.3677,50.9388],[18.3509,50.9374],[18.3435,50.9426],[18.3307,50.9396],[18.3442,50.9268],[18.3313,50.9094],[18.3395,50.8914],[18.3368,50.8775],[18.3454,50.8683],[18.3417,50.8647],[18.3601,50.8507],[18.3298,50.8398],[18.3299,50.8335],[18.351,50.8114],[18.3236,50.8045],[18.2886,50.8217],[18.2954,50.8117],[18.2738,50.8274],[18.2656,50.8154],[18.2302,50.7968],[18.2021,50.8046],[18.2044,50.8257],[18.1888,50.8364],[18.1302,50.8295],[18.1232,50.8272],[18.1288,50.8212],[18.1268,50.8161],[18.0993,50.8122],[18.0941,50.827],[18.0991,50.835],[18.0926,50.844],[18.0936,50.8572],[18.106,50.8945],[18.1187,50.9042],[18.0901,50.9089],[18.0663,50.925],[18.0588,50.941],[18.0124,50.9575],[18.0109,50.9644],[17.9961,50.9718],[18.0033,50.9791],[17.9886,50.9849],[17.9347,50.9824],[17.9398,50.9953],[17.9242,51.0125],[17.9329,51.0235],[17.9303,51.0381],[17.9358,51.0479],[17.9477,51.0498],[17.9533,51.0566],[17.9349,51.0939],[17.9431,51.107],[17.9395,51.1089],[18.0503,51.1351],[18.0754,51.147],[18.0679,51.1495],[18.0818,51.1545],[18.0705,51.1556],[18.0782,51.1662],[18.0938,51.1566],[18.1021,51.1588],[18.1044,51.1536],[18.124,51.1684],[18.1611,51.1747],[18.1674,51.1639],[18.1869,51.1571],[18.2596,51.1576],[18.315,51.134],[18.3147,51.0985],[18.3481,51.0936],[18.3405,51.0783],[18.3459,51.0614],[18.3376,51.0534],[18.3191,51.049],[18.3075,51.0412],[18.3059,51.0328],[18.2916,51.0272],[18.2998,51.0234],[18.299,51.0154],[18.3122,51.0128],[18.3148,51.0193],[18.3524,51.0091],[18.3514,51.0022]]]}},{"type":"Feature","properties":{"slug":"jedrzejowski","name":"powiat jędrzejowski","bdlUnitId":"052615302000","voivodeship":"świętokrzyskie"},"geometry":{"type":"Polygon","coordinates":[[[20.2496,50.8653],[20.268,50.8572],[20.2727,50.8643],[20.2974,50.8573],[20.2968,50.8524],[20.3077,50.8483],[20.3034,50.8443],[20.3077,50.8423],[20.3073,50.832],[20.3209,50.8179],[20.3234,50.7994],[20.3547,50.786],[20.3872,50.7824],[20.386,50.7786],[20.405,50.7638],[20.4197,50.763],[20.4161,50.7525],[20.4112,50.7547],[20.4096,50.7504],[20.4156,50.7476],[20.4147,50.7418],[20.419,50.747],[20.462,50.7421],[20.4744,50.7307],[20.4948,50.723],[20.5037,50.7277],[20.5161,50.7223],[20.5196,50.7118],[20.5162,50.7072],[20.5347,50.6973],[20.5378,50.7023],[20.557,50.7008],[20.5605,50.6988],[20.5568,50.6892],[20.5815,50.6762],[20.5849,50.6657],[20.5719,50.666],[20.5669,50.6559],[20.5716,50.6536],[20.5642,50.6461],[20.5538,50.6414],[20.543,50.6469],[20.5278,50.6379],[20.5004,50.636],[20.5037,50.6311],[20.4978,50.6129],[20.5057,50.6168],[20.4982,50.6041],[20.5101,50.6043],[20.5142,50.595],[20.5067,50.5874],[20.508,50.5802],[20.5002,50.5683],[20.4714,50.5556],[20.4673,50.542],[20.4566,50.5366],[20.4601,50.5363],[20.4582,50.529],[20.4496,50.5283],[20.4386,50.535],[20.4316,50.5303],[20.4154,50.5412],[20.3807,50.5432],[20.3648,50.5388],[20.3632,50.5426],[20.3696,50.5484],[20.3417,50.5462],[20.3325,50.5324],[20.3435,50.5291],[20.3273,50.502],[20.3435,50.4988],[20.341,50.4946],[20.3481,50.4977],[20.3486,50.4933],[20.3705,50.4849],[20.3621,50.4743],[20.3688,50.4735],[20.3672,50.4705],[20.3334,50.4705],[20.3252,50.4547],[20.3271,50.4472],[20.2922,50.4599],[20.2834,50.4724],[20.2639,50.4671],[20.2473,50.4754],[20.2497,50.4791],[20.2258,50.4781],[20.2201,50.4901],[20.2108,50.4902],[20.2054,50.4957],[20.1716,50.491],[20.1666,50.4844],[20.1306,50.4899],[20.1056,50.486],[20.0871,50.4896],[20.097,50.4961],[20.0837,50.4994],[20.0847,50.5046],[20.0763,50.5096],[20.0542,50.5116],[20.0502,50.5052],[20.031,50.5006],[20.0271,50.5086],[19.9758,50.5204],[19.9532,50.5056],[19.9345,50.5024],[19.9117,50.5118],[19.9011,50.5398],[19.8551,50.5438],[19.8443,50.5559],[19.7887,50.5545],[19.7897,50.5685],[19.804,50.5656],[19.817,50.5729],[19.8249,50.5829],[19.8409,50.5907],[19.851,50.6122],[19.8619,50.6217],[19.8984,50.616],[19.8996,50.6209],[19.9228,50.6198],[19.9246,50.6237],[19.9504,50.6158],[19.9528,50.6287],[19.9653,50.635],[20.0011,50.6233],[20.0318,50.6336],[20.0246,50.6531],[20.0266,50.6616],[20.0419,50.6707],[20.0569,50.6687],[20.0467,50.684],[20.0729,50.68],[20.0786,50.695],[20.1016,50.7056],[20.0962,50.7148],[20.08,50.7156],[20.0629,50.723],[20.065,50.7305],[20.0524,50.7402],[20.0699,50.7591],[20.0816,50.7616],[20.08,50.7723],[20.0951,50.7729],[20.103,50.7874],[20.1077,50.7865],[20.1038,50.7886],[20.1039,50.8001],[20.1157,50.8076],[20.1191,50.8278],[20.1418,50.8433],[20.1516,50.8381],[20.1555,50.8425],[20.1792,50.8388],[20.1989,50.8235],[20.2131,50.8195],[20.2226,50.8265],[20.216,50.83],[20.2412,50.8485],[20.2266,50.863],[20.2496,50.8653]]]}},{"type":"Feature","properties":{"slug":"gostynski","name":"powiat gostyński","bdlUnitId":"023015904000","voivodeship":"wielkopolskie"},"geometry":{"type":"Polygon","coordinates":[[[17.1886,51.9675],[17.2287,51.9674],[17.2461,51.9493],[17.2692,51.9533],[17.2695,51.9375],[17.2879,51.9309],[17.314,51.9115],[17.3072,51.8966],[17.3226,51.8947],[17.3281,51.8872],[17.3368,51.8856],[17.3342,51.8808],[17.3193,51.88],[17.3159,51.8752],[17.3366,51.8635],[17.3231,51.8546],[17.3067,51.8605],[17.2997,51.8562],[17.3005,51.8609],[17.295,51.8613],[17.2912,51.8548],[17.2975,51.8466],[17.3189,51.8487],[17.3216,51.8427],[17.3405,51.8351],[17.3294,51.8154],[17.3172,51.813],[17.3182,51.7872],[17.3303,51.7829],[17.3225,51.7613],[17.3161,51.7559],[17.3011,51.7579],[17.2875,51.7521],[17.2864,51.7562],[17.2854,51.7511],[17.2714,51.7514],[17.2688,51.756],[17.2761,51.7654],[17.2696,51.7783],[17.2578,51.7815],[17.2559,51.7723],[17.2429,51.7711],[17.2215,51.7755],[17.2228,51.781],[17.2044,51.7872],[17.1812,51.7917],[17.1755,51.7758],[17.1798,51.7712],[17.1528,51.746],[17.1836,51.7379],[17.1769,51.7152],[17.1606,51.7167],[17.1533,51.7108],[17.128,51.7161],[17.1281,51.702],[17.1176,51.6991],[17.1183,51.7031],[17.1101,51.7052],[17.1027,51.7015],[17.1038,51.7102],[17.0791,51.7196],[17.0372,51.7139],[17.0329,51.7043],[17.0363,51.6984],[16.9948,51.694],[16.9875,51.6968],[16.9911,51.7001],[16.9838,51.7052],[16.9424,51.7133],[16.9373,51.7128],[16.9343,51.7037],[16.9386,51.7039],[16.9388,51.699],[16.9322,51.6958],[16.8907,51.6935],[16.8798,51.7027],[16.8815,51.7086],[16.8587,51.714],[16.8603,51.7339],[16.8033,51.7464],[16.7759,51.739],[16.7409,51.7407],[16.7289,51.7334],[16.7338,51.776],[16.7413,51.7923],[16.7691,51.784],[16.7904,51.7942],[16.8003,51.7945],[16.8011,51.7875],[16.8447,51.7951],[16.8493,51.7987],[16.847,51.8067],[16.8622,51.8133],[16.8512,51.842],[16.8664,51.8545],[16.8854,51.8574],[16.9043,51.8696],[16.8999,51.8711],[16.8994,51.8821],[16.888,51.8808],[16.8834,51.8916],[16.8731,51.8999],[16.8728,51.9094],[16.8606,51.9151],[16.8616,51.9291],[16.909,51.9169],[16.9082,51.9298],[16.9135,51.9308],[16.9097,51.9394],[16.9204,51.9415],[16.9248,51.9352],[16.9326,51.9353],[16.9578,51.9481],[16.9683,51.9488],[16.9676,51.9556],[17.0097,51.9651],[17.0047,51.9802],[17.0151,51.9753],[17.0366,51.9753],[17.0351,51.9713],[17.0433,51.9714],[17.0439,51.9676],[17.0331,51.9648],[17.0548,51.9617],[17.03,51.951],[17.037,51.9414],[17.045,51.9415],[17.052,51.9352],[17.1195,51.9248],[17.1313,51.9337],[17.1258,51.9465],[17.129,51.9501],[17.1446,51.9521],[17.1639,51.968],[17.1767,51.9616],[17.1886,51.9675]]]}},{"type":"Feature","properties":{"slug":"kazimierski","name":"powiat kazimierski","bdlUnitId":"052615303000","voivodeship":"świętokrzyskie"},"geometry":{"type":"Polygon","coordinates":[[[20.2926,50.3222],[20.2925,50.328],[20.3011,50.3348],[20.3305,50.3402],[20.3657,50.334],[20.3705,50.3421],[20.3614,50.3469],[20.3732,50.3564],[20.3878,50.3595],[20.4321,50.3542],[20.4305,50.3576],[20.4407,50.3636],[20.4517,50.3617],[20.4526,50.367],[20.4687,50.369],[20.4639,50.3847],[20.4665,50.3888],[20.4867,50.3908],[20.5097,50.3817],[20.5187,50.3659],[20.5296,50.3642],[20.5337,50.3543],[20.5301,50.3472],[20.543,50.3387],[20.5669,50.3387],[20.5755,50.3363],[20.5734,50.3322],[20.5795,50.3296],[20.6265,50.3313],[20.6454,50.3177],[20.6434,50.3145],[20.6703,50.3073],[20.6847,50.3098],[20.697,50.3215],[20.7047,50.3145],[20.6932,50.309],[20.6881,50.2897],[20.6966,50.2846],[20.7747,50.2777],[20.7694,50.2691],[20.729,50.2515],[20.7295,50.2309],[20.7097,50.2277],[20.7017,50.217],[20.6829,50.217],[20.6815,50.2059],[20.6754,50.2017],[20.6684,50.2064],[20.6544,50.2037],[20.6402,50.2116],[20.6433,50.2073],[20.6391,50.2053],[20.634,50.2117],[20.6245,50.202],[20.6306,50.202],[20.5935,50.2016],[20.5816,50.1943],[20.5829,50.1893],[20.5724,50.1866],[20.5651,50.192],[20.5629,50.2006],[20.5568,50.2016],[20.5392,50.1974],[20.5401,50.1912],[20.5348,50.1884],[20.5311,50.1914],[20.5129,50.186],[20.4697,50.2008],[20.4735,50.1908],[20.4663,50.1921],[20.4687,50.1966],[20.455,50.1992],[20.4515,50.1927],[20.4308,50.1973],[20.4155,50.1912],[20.4086,50.1985],[20.4151,50.2002],[20.4102,50.2118],[20.3847,50.2076],[20.3746,50.216],[20.3743,50.2272],[20.3994,50.2385],[20.3975,50.2415],[20.3762,50.2432],[20.353,50.2636],[20.3309,50.2675],[20.3326,50.2723],[20.3441,50.2716],[20.3436,50.277],[20.3621,50.2819],[20.3565,50.2889],[20.3405,50.2877],[20.3403,50.2987],[20.3491,50.2989],[20.344,50.3054],[20.3327,50.3045],[20.3284,50.3187],[20.2926,50.3222]]]}},{"type":"Feature","properties":{"slug":"kaliski","name":"powiat kaliski","bdlUnitId":"023015707000","voivodeship":"wielkopolskie"},"geometry":{"type":"Polygon","coordinates":[[[18.2285,52.039],[18.2405,52.0398],[18.2399,52.0455],[18.2555,52.0445],[18.2558,52.0401],[18.2734,52.0314],[18.2611,52.0206],[18.2589,52.0228],[18.2513,52.0083],[18.2811,51.9863],[18.2969,51.9813],[18.3233,51.9459],[18.3031,51.945],[18.3195,51.9429],[18.3232,51.9363],[18.3275,51.9368],[18.332,51.9307],[18.3269,51.9263],[18.344,51.9164],[18.3498,51.9063],[18.3648,51.9062],[18.3658,51.9021],[18.3795,51.9039],[18.3889,51.9115],[18.4102,51.911],[18.4162,51.8973],[18.413,51.8895],[18.4243,51.8805],[18.4232,51.8735],[18.4744,51.8696],[18.4816,51.8563],[18.4713,51.8503],[18.4713,51.8411],[18.4641,51.8373],[18.4671,51.8317],[18.4627,51.8298],[18.467,51.8296],[18.4719,51.8199],[18.4393,51.8255],[18.4443,51.7985],[18.426,51.7924],[18.4291,51.8016],[18.4244,51.8006],[18.4243,51.7928],[18.4093,51.7917],[18.4293,51.7732],[18.4322,51.7648],[18.4299,51.7572],[18.42,51.7568],[18.4172,51.7485],[18.4028,51.7504],[18.4235,51.7359],[18.4208,51.7268],[18.4005,51.7223],[18.4102,51.7161],[18.4122,51.7006],[18.3931,51.7014],[18.3969,51.6958],[18.3854,51.6946],[18.3791,51.6895],[18.3799,51.6844],[18.3642,51.6817],[18.3582,51.6732],[18.3553,51.6605],[18.3813,51.6508],[18.3743,51.6374],[18.3528,51.6333],[18.35,51.6269],[18.3647,51.624],[18.3685,51.6169],[18.3487,51.6014],[18.3768,51.6001],[18.3786,51.5923],[18.3706,51.591],[18.3727,51.5768],[18.3648,51.5645],[18.3683,51.5497],[18.3739,51.5479],[18.3586,51.5364],[18.3229,51.5419],[18.3187,51.5462],[18.2592,51.5469],[18.2298,51.5356],[18.2044,51.5329],[18.1773,51.5457],[18.1884,51.5495],[18.1848,51.5508],[18.1884,51.558],[18.1829,51.5767],[18.0939,51.6051],[18.0972,51.6154],[18.0885,51.618],[18.0897,51.6284],[18.0816,51.6274],[18.0768,51.632],[18.0771,51.648],[18.0794,51.6542],[18.1122,51.6673],[18.1098,51.6728],[18.1185,51.6831],[18.1168,51.6894],[18.1224,51.6926],[18.0861,51.6901],[18.08,51.6912],[18.081,51.6968],[18.0882,51.7078],[18.1216,51.711],[18.1302,51.7206],[18.1293,51.7315],[18.1492,51.7339],[18.1571,51.7487],[18.1505,51.7496],[18.1522,51.7593],[18.1323,51.7602],[18.1242,51.7682],[18.1274,51.7699],[18.1066,51.7866],[18.1004,51.7854],[18.0959,51.7939],[18.0601,51.7784],[18.0536,51.7808],[18.0498,51.7759],[18.0395,51.781],[18.0426,51.7854],[18.0287,51.7894],[18.0154,51.8001],[18.0222,51.8138],[18.0132,51.8246],[18.0169,51.8314],[18.0103,51.8485],[18.0048,51.8468],[17.9828,51.8561],[17.9812,51.8668],[17.9592,51.8808],[17.9651,51.8884],[17.9592,51.8988],[17.9523,51.8991],[17.9362,51.9156],[17.9584,51.9193],[17.9491,51.9192],[17.9363,51.9323],[17.934,51.9363],[17.9399,51.9458],[17.9504,51.9537],[17.98,51.9589],[17.9749,51.9711],[17.9472,52.0001],[17.9811,51.9991],[18.0611,51.9796],[18.105,51.9757],[18.1102,51.9823],[18.1683,51.9861],[18.1647,51.9993],[18.1675,52.0084],[18.1905,52.0024],[18.1938,52.0157],[18.2134,52.0146],[18.2255,52.0252],[18.2285,52.039]]]}},{"type":"Feature","properties":{"slug":"siemiatycki","name":"powiat siemiatycki","bdlUnitId":"062013810000","voivodeship":"podlaskie"},"geometry":{"type":"Polygon","coordinates":[[[23.1748,52.566],[23.1962,52.5412],[23.2181,52.5431],[23.267,52.5314],[23.3148,52.5014],[23.315,52.4964],[23.2919,52.497],[23.2572,52.4903],[23.2756,52.474],[23.2695,52.4717],[23.277,52.4463],[23.2816,52.444],[23.2622,52.4407],[23.268,52.4349],[23.2824,52.4326],[23.3001,52.4339],[23.3007,52.4382],[23.3139,52.4267],[23.3103,52.414],[23.278,52.3928],[23.2413,52.3574],[23.1783,52.2831],[23.1492,52.2807],[23.1392,52.2867],[23.1315,52.2855],[23.1123,52.3001],[23.0682,52.2816],[23.0482,52.2887],[23.0589,52.3041],[23.0452,52.3249],[23.0062,52.3364],[22.9956,52.3319],[22.9861,52.3393],[22.9894,52.3454],[22.9773,52.3462],[22.9708,52.3582],[22.9572,52.3682],[22.9197,52.3745],[22.8917,52.3647],[22.8616,52.3645],[22.8479,52.3587],[22.7932,52.3741],[22.7722,52.3709],[22.7612,52.3824],[22.7526,52.384],[22.7395,52.3815],[22.7279,52.3663],[22.7204,52.3723],[22.7228,52.3833],[22.7067,52.3922],[22.6869,52.393],[22.6647,52.3857],[22.6584,52.3933],[22.6433,52.3883],[22.6251,52.3928],[22.6147,52.3877],[22.6058,52.399],[22.5804,52.3932],[22.5783,52.4027],[22.5663,52.4034],[22.5578,52.4164],[22.5421,52.423],[22.5414,52.4393],[22.5542,52.4632],[22.5462,52.4677],[22.5297,52.4616],[22.525,52.4721],[22.512,52.4813],[22.5108,52.4922],[22.5267,52.5212],[22.4902,52.5471],[22.4837,52.5607],[22.4669,52.5673],[22.4577,52.5828],[22.4647,52.5919],[22.4893,52.5986],[22.4763,52.6028],[22.4838,52.6177],[22.5071,52.6289],[22.5013,52.6173],[22.5408,52.6064],[22.5375,52.6152],[22.5456,52.6121],[22.5582,52.6219],[22.5647,52.6209],[22.5566,52.6104],[22.5706,52.5981],[22.6035,52.5991],[22.6546,52.6233],[22.6835,52.624],[22.6981,52.6309],[22.7019,52.6544],[22.6975,52.6532],[22.6979,52.6584],[22.7022,52.657],[22.703,52.6663],[22.7182,52.6697],[22.7173,52.6746],[22.7279,52.681],[22.7371,52.6797],[22.7432,52.6879],[22.7668,52.6857],[22.7716,52.6937],[22.7875,52.6969],[22.7719,52.6751],[22.7864,52.6724],[22.7924,52.6504],[22.853,52.6633],[22.8384,52.6546],[22.844,52.6491],[22.8383,52.6408],[22.8808,52.6447],[22.8807,52.6366],[22.8946,52.6382],[22.9097,52.6195],[22.9415,52.6187],[22.9257,52.6078],[22.9231,52.5975],[22.9364,52.5916],[22.9955,52.5863],[23.0012,52.582],[22.9945,52.5792],[22.9959,52.5679],[23.002,52.5659],[23.0133,52.5762],[23.0744,52.5767],[23.0836,52.5928],[23.0873,52.5854],[23.115,52.5838],[23.1462,52.5725],[23.1704,52.5718],[23.1748,52.566]]]}},{"type":"Feature","properties":{"slug":"gdanski","name":"powiat gdański","bdlUnitId":"042214004000","voivodeship":"pomorskie"},"geometry":{"type":"Polygon","coordinates":[[[18.9407,54.2802],[18.9481,54.2625],[18.9456,54.2422],[18.9363,54.2292],[18.9128,54.2057],[18.8625,54.1861],[18.829,54.1479],[18.8282,54.1416],[18.8123,54.1427],[18.8113,54.1482],[18.805,54.1488],[18.8061,54.1541],[18.7895,54.1505],[18.7907,54.1534],[18.7388,54.1517],[18.7055,54.146],[18.6851,54.1514],[18.6744,54.1443],[18.6737,54.1386],[18.6608,54.1401],[18.6544,54.133],[18.6289,54.1423],[18.6284,54.13],[18.6237,54.1257],[18.5973,54.1212],[18.5944,54.1076],[18.5833,54.1036],[18.5617,54.1086],[18.5552,54.1052],[18.5478,54.1106],[18.5319,54.1086],[18.5333,54.1264],[18.4818,54.1193],[18.4454,54.1241],[18.3912,54.1212],[18.3566,54.1432],[18.3476,54.1372],[18.3361,54.1401],[18.3396,54.1429],[18.3178,54.1414],[18.3143,54.149],[18.2763,54.1477],[18.2781,54.1502],[18.2627,54.1613],[18.2406,54.1673],[18.2228,54.1662],[18.232,54.1703],[18.2301,54.1822],[18.2151,54.196],[18.2262,54.1995],[18.2285,54.207],[18.2547,54.2261],[18.2507,54.2283],[18.2543,54.2332],[18.3051,54.249],[18.328,54.2655],[18.358,54.2616],[18.3841,54.2762],[18.4063,54.2792],[18.4105,54.2778],[18.4085,54.2729],[18.4207,54.2799],[18.4333,54.2793],[18.4365,54.2812],[18.4336,54.288],[18.4452,54.2902],[18.4563,54.3006],[18.4524,54.3125],[18.4595,54.3129],[18.46,54.3076],[18.4864,54.3048],[18.4924,54.3087],[18.4875,54.3153],[18.4927,54.3189],[18.4947,54.33],[18.5056,54.3356],[18.5341,54.3356],[18.5341,54.3191],[18.54,54.3141],[18.5661,54.317],[18.5753,54.3032],[18.5918,54.3059],[18.6058,54.2987],[18.6116,54.2917],[18.5976,54.2858],[18.6073,54.2835],[18.6048,54.2785],[18.6358,54.275],[18.6427,54.2796],[18.6393,54.291],[18.6899,54.3015],[18.6873,54.3131],[18.7019,54.316],[18.7054,54.3128],[18.7279,54.3415],[18.7443,54.3412],[18.7641,54.3333],[18.7929,54.3465],[18.8136,54.3449],[18.8287,54.3404],[18.8406,54.3277],[18.8731,54.3104],[18.9101,54.3124],[18.9183,54.3034],[18.9226,54.2881],[18.9407,54.2802]]]}},{"type":"Feature","properties":{"slug":"szczycienski","name":"powiat szczycieński","bdlUnitId":"042815617000","voivodeship":"warmińsko-mazurskie"},"geometry":{"type":"Polygon","coordinates":[[[21.1048,53.7705],[21.1042,53.758],[21.1118,53.7558],[21.117,53.7472],[21.1116,53.7431],[21.1148,53.7343],[21.1506,53.725],[21.1633,53.7141],[21.1721,53.7139],[21.1815,53.7029],[21.2174,53.687],[21.2134,53.6787],[21.1993,53.6816],[21.2038,53.679],[21.2016,53.6753],[21.2177,53.6689],[21.2307,53.6539],[21.2341,53.656],[21.2303,53.6604],[21.2326,53.6698],[21.2512,53.6716],[21.2567,53.6678],[21.2524,53.664],[21.2957,53.645],[21.2969,53.6365],[21.3139,53.6279],[21.3434,53.6329],[21.3399,53.631],[21.3427,53.6259],[21.3514,53.6273],[21.3457,53.6303],[21.3499,53.6328],[21.356,53.6317],[21.3557,53.6273],[21.3689,53.6272],[21.375,53.6317],[21.3761,53.6453],[21.3871,53.6398],[21.4216,53.6382],[21.4101,53.6072],[21.4229,53.6032],[21.4367,53.5638],[21.4405,53.5628],[21.4374,53.5618],[21.456,53.5093],[21.4657,53.5103],[21.4709,53.5028],[21.4752,53.5054],[21.4818,53.4922],[21.5057,53.4936],[21.529,53.4881],[21.5302,53.4929],[21.55,53.486],[21.5517,53.4781],[21.5163,53.4768],[21.4314,53.4625],[21.4459,53.4459],[21.4248,53.4493],[21.445,53.4373],[21.435,53.4391],[21.4365,53.4331],[21.4336,53.4359],[21.41,53.4267],[21.3877,53.4308],[21.3733,53.4212],[21.355,53.4202],[21.3516,53.4143],[21.3026,53.4239],[21.2939,53.415],[21.2947,53.4086],[21.2841,53.4153],[21.2912,53.4227],[21.2815,53.4268],[21.2528,53.4205],[21.1754,53.3934],[21.1413,53.3773],[21.1361,53.3656],[21.1144,53.3544],[21.0558,53.3346],[21.0312,53.3513],[21.001,53.3567],[20.9976,53.3618],[20.9633,53.35],[20.9606,53.3544],[20.9363,53.3598],[20.9317,53.3525],[20.9185,53.3522],[20.9226,53.35],[20.9095,53.3427],[20.9207,53.3353],[20.916,53.3254],[20.9298,53.3242],[20.9269,53.3202],[20.921,53.3209],[20.9194,53.3157],[20.9171,53.3219],[20.9065,53.3207],[20.9043,53.3094],[20.8722,53.3211],[20.8732,53.3125],[20.8652,53.3038],[20.8527,53.3029],[20.8487,53.2923],[20.8252,53.3042],[20.7916,53.3095],[20.817,53.334],[20.7961,53.3408],[20.7928,53.3492],[20.7858,53.3526],[20.7895,53.3667],[20.7763,53.3749],[20.7684,53.3894],[20.7489,53.3868],[20.7532,53.3922],[20.7508,53.4197],[20.7371,53.4146],[20.7307,53.4185],[20.7241,53.414],[20.7122,53.4152],[20.7073,53.4321],[20.6952,53.4298],[20.6905,53.434],[20.6848,53.4439],[20.686,53.454],[20.6777,53.4537],[20.6789,53.462],[20.632,53.4523],[20.6245,53.4648],[20.6298,53.4659],[20.6261,53.4723],[20.6053,53.468],[20.6053,53.473],[20.5961,53.4755],[20.6007,53.4836],[20.5947,53.4867],[20.6075,53.4876],[20.6125,53.4935],[20.6085,53.4973],[20.6168,53.499],[20.6023,53.5161],[20.6037,53.5291],[20.5995,53.529],[20.589,53.5502],[20.6184,53.5663],[20.6147,53.5763],[20.6302,53.5811],[20.6523,53.6006],[20.6507,53.606],[20.6219,53.6142],[20.646,53.6199],[20.6687,53.6142],[20.6877,53.6202],[20.6923,53.6147],[20.6859,53.6086],[20.7002,53.6002],[20.7027,53.6026],[20.6964,53.6064],[20.7179,53.6046],[20.7181,53.6093],[20.7089,53.6088],[20.7134,53.6128],[20.7028,53.6137],[20.6882,53.6293],[20.7015,53.639],[20.697,53.6481],[20.7016,53.6524],[20.6994,53.6584],[20.7091,53.6655],[20.7095,53.674],[20.7201,53.6716],[20.7592,53.6951],[20.7708,53.6928],[20.8145,53.719],[20.8374,53.7179],[20.8309,53.7239],[20.8538,53.732],[20.8356,53.7378],[20.8389,53.7409],[20.9088,53.7794],[20.9585,53.7835],[20.9705,53.7645],[20.9943,53.7714],[20.9961,53.7759],[21.0202,53.7646],[21.0321,53.7669],[21.0334,53.7731],[21.0243,53.7786],[21.0304,53.7846],[21.0523,53.7912],[21.0594,53.7801],[21.0541,53.7786],[21.0589,53.7677],[21.0477,53.766],[21.0555,53.7592],[21.047,53.753],[21.0523,53.7511],[21.0572,53.7567],[21.069,53.7582],[21.067,53.7636],[21.1048,53.7705]]]}},{"type":"Feature","properties":{"slug":"lobeski","name":"powiat łobeski","bdlUnitId":"023216418000","voivodeship":"zachodniopomorskie"},"geometry":{"type":"Polygon","coordinates":[[[15.2225,53.7268],[15.2393,53.7302],[15.2536,53.7428],[15.2646,53.7428],[15.2633,53.7476],[15.2718,53.7528],[15.2999,53.7523],[15.3278,53.7617],[15.3265,53.7682],[15.3372,53.7811],[15.3579,53.7791],[15.3544,53.7824],[15.3606,53.791],[15.3525,53.792],[15.3663,53.8011],[15.3629,53.8045],[15.344,53.7989],[15.3386,53.8067],[15.3459,53.8069],[15.3461,53.8169],[15.3589,53.8219],[15.3538,53.827],[15.3692,53.8314],[15.3652,53.8412],[15.3962,53.8448],[15.4014,53.8608],[15.4403,53.8464],[15.4677,53.8561],[15.4645,53.8777],[15.5313,53.8736],[15.5419,53.8667],[15.5356,53.857],[15.5554,53.848],[15.563,53.8352],[15.5631,53.8287],[15.5547,53.8196],[15.5677,53.7973],[15.5655,53.7927],[15.5889,53.7722],[15.5968,53.7581],[15.6264,53.7502],[15.6456,53.7346],[15.6443,53.7308],[15.6627,53.7237],[15.6599,53.7188],[15.6775,53.7101],[15.6838,53.6989],[15.6811,53.6949],[15.7217,53.6833],[15.7282,53.6776],[15.7362,53.6803],[15.7519,53.676],[15.76,53.6658],[15.7907,53.66],[15.7877,53.6518],[15.8001,53.6397],[15.7733,53.6359],[15.7725,53.6268],[15.7834,53.6223],[15.7724,53.6124],[15.7772,53.6058],[15.7742,53.5922],[15.7561,53.5972],[15.7322,53.571],[15.7192,53.5744],[15.7115,53.5672],[15.7139,53.5626],[15.7085,53.5587],[15.7138,53.5546],[15.7055,53.5448],[15.7075,53.5403],[15.7014,53.5416],[15.6999,53.5332],[15.7056,53.5313],[15.7007,53.5279],[15.7245,53.5261],[15.7199,53.5146],[15.7354,53.5109],[15.7185,53.5137],[15.7171,53.5091],[15.7019,53.5062],[15.7064,53.4995],[15.6968,53.4982],[15.6885,53.4845],[15.6579,53.4849],[15.6439,53.4804],[15.6288,53.4814],[15.618,53.4908],[15.6279,53.4951],[15.6214,53.5032],[15.5853,53.5054],[15.5793,53.4961],[15.5641,53.4933],[15.5567,53.4966],[15.5521,53.4887],[15.5156,53.4708],[15.5072,53.4717],[15.508,53.468],[15.5018,53.4745],[15.4682,53.477],[15.4464,53.501],[15.428,53.5028],[15.4231,53.5097],[15.4372,53.5108],[15.4273,53.5207],[15.4056,53.5181],[15.3941,53.532],[15.4002,53.542],[15.3942,53.5485],[15.3538,53.5332],[15.3371,53.5316],[15.3204,53.5119],[15.2867,53.5042],[15.291,53.5094],[15.2861,53.5256],[15.2715,53.5202],[15.2743,53.5243],[15.2504,53.5373],[15.2248,53.5318],[15.2159,53.547],[15.1951,53.5464],[15.1911,53.5508],[15.1487,53.5558],[15.1446,53.564],[15.1535,53.5664],[15.1482,53.5695],[15.1639,53.5706],[15.1672,53.5848],[15.1824,53.5801],[15.1731,53.5876],[15.1747,53.5972],[15.1786,53.5981],[15.1817,53.5899],[15.2128,53.5966],[15.2091,53.6192],[15.212,53.6248],[15.2058,53.6295],[15.2409,53.6216],[15.2485,53.6114],[15.265,53.6177],[15.2731,53.6277],[15.3096,53.6219],[15.327,53.6277],[15.3263,53.6312],[15.3077,53.6328],[15.313,53.638],[15.2995,53.6455],[15.3018,53.6606],[15.2733,53.6618],[15.2803,53.6732],[15.2599,53.6801],[15.2568,53.6919],[15.2615,53.6962],[15.2569,53.7037],[15.2504,53.7018],[15.2463,53.7107],[15.2257,53.7128],[15.2311,53.7206],[15.2225,53.7268]]]}},{"type":"Feature","properties":{"slug":"gryficki","name":"powiat gryficki","bdlUnitId":"023216605000","voivodeship":"zachodniopomorskie"},"geometry":{"type":"Polygon","coordinates":[[[15.388,54.1591],[15.3896,54.1513],[15.3534,54.1267],[15.3501,54.1182],[15.3801,54.1058],[15.3839,54.0973],[15.3761,54.0975],[15.3549,54.0859],[15.3599,54.0793],[15.3478,54.0744],[15.4142,54.081],[15.4382,54.074],[15.4365,54.07],[15.4525,54.0551],[15.4531,54.0462],[15.4349,54.0402],[15.4321,54.0256],[15.4185,54.0186],[15.431,54.012],[15.4212,54.0029],[15.4252,54.0024],[15.4195,53.9893],[15.4261,53.966],[15.4179,53.9573],[15.4397,53.9547],[15.4444,53.9467],[15.4661,53.9404],[15.4636,53.9269],[15.4491,53.9268],[15.4448,53.9207],[15.4335,53.922],[15.4395,53.9142],[15.4361,53.9093],[15.4569,53.9007],[15.4512,53.896],[15.4539,53.893],[15.483,53.8899],[15.4773,53.8962],[15.4846,53.8959],[15.4858,53.8893],[15.4784,53.8755],[15.4645,53.8777],[15.463,53.8695],[15.4683,53.8624],[15.4645,53.8546],[15.4403,53.8464],[15.402,53.861],[15.3962,53.8448],[15.3652,53.8412],[15.3692,53.8314],[15.3538,53.827],[15.3589,53.8219],[15.3461,53.8169],[15.3459,53.8069],[15.3386,53.8067],[15.344,53.7989],[15.3629,53.8045],[15.3663,53.8011],[15.3525,53.792],[15.3606,53.791],[15.3544,53.7824],[15.3579,53.7791],[15.3372,53.7811],[15.3265,53.7682],[15.3278,53.7617],[15.2999,53.7523],[15.2718,53.7528],[15.2633,53.7476],[15.2646,53.7428],[15.2536,53.7428],[15.2432,53.7376],[15.2445,53.7331],[15.2266,53.7274],[15.2163,53.7289],[15.2064,53.7397],[15.1905,53.743],[15.1877,53.7484],[15.1915,53.7516],[15.1697,53.7576],[15.1482,53.7857],[15.136,53.7875],[15.1378,53.7901],[15.1238,53.7823],[15.1238,53.787],[15.0898,53.7903],[15.0912,53.7965],[15.0832,53.7939],[15.084,53.7988],[15.0958,53.7991],[15.0967,53.8127],[15.0588,53.8152],[15.0614,53.819],[15.0538,53.8203],[15.0641,53.8217],[15.0388,53.8373],[15.0501,53.85],[15.0554,53.8495],[15.0412,53.8778],[15.05,53.8886],[15.0593,53.8897],[15.0597,53.898],[15.0213,53.9163],[15.0269,53.924],[15.0582,53.9314],[15.0768,53.9293],[15.0747,53.9348],[15.0548,53.9445],[15.0597,53.966],[15.0427,53.9662],[15.0361,53.9792],[15.0087,53.9927],[15.0062,54.0013],[14.9928,54.0055],[14.9792,54.0007],[14.9697,54.0053],[14.972,54.0075],[14.9674,54.0054],[14.9656,54.0092],[14.9707,54.0124],[14.9654,54.0139],[14.9709,54.0146],[14.9673,54.0186],[14.983,54.0274],[14.9707,54.0339],[14.9613,54.048],[14.954,54.0403],[14.9296,54.0392],[14.9246,54.0416],[14.926,54.0475],[14.9011,54.0447],[14.8958,54.0546],[15.2472,54.135],[15.2847,54.1484],[15.388,54.1591]]]}},{"type":"Feature","properties":{"slug":"myszkowski","name":"powiat myszkowski","bdlUnitId":"012414609000","voivodeship":"śląskie"},"geometry":{"type":"Polygon","coordinates":[[[19.1766,50.6803],[19.1816,50.6829],[19.178,50.6882],[19.1934,50.6842],[19.198,50.6926],[19.2197,50.6856],[19.2323,50.6892],[19.238,50.6921],[19.236,50.703],[19.2452,50.7044],[19.2514,50.6982],[19.2811,50.6939],[19.2895,50.6826],[19.2994,50.6804],[19.3387,50.6871],[19.3446,50.6927],[19.3663,50.6834],[19.3809,50.6836],[19.3762,50.6757],[19.381,50.6722],[19.3756,50.6666],[19.3832,50.6629],[19.4141,50.6699],[19.4148,50.6738],[19.4027,50.6761],[19.4396,50.6815],[19.4509,50.69],[19.457,50.6803],[19.474,50.6863],[19.4819,50.6799],[19.4875,50.6819],[19.4831,50.6848],[19.4935,50.6848],[19.4999,50.6824],[19.4994,50.6748],[19.5192,50.6704],[19.5418,50.6885],[19.5627,50.6798],[19.5636,50.6729],[19.55,50.6589],[19.5244,50.6539],[19.5545,50.6536],[19.5783,50.6589],[19.5746,50.6505],[19.5989,50.6483],[19.6068,50.657],[19.6233,50.658],[19.6291,50.6366],[19.6185,50.6372],[19.6144,50.6325],[19.6201,50.6229],[19.5945,50.618],[19.5868,50.6245],[19.5641,50.6247],[19.5418,50.612],[19.525,50.6174],[19.53,50.6231],[19.5234,50.6253],[19.5224,50.6151],[19.5131,50.6147],[19.5089,50.6099],[19.5141,50.6084],[19.5017,50.6023],[19.4862,50.6021],[19.4889,50.5896],[19.4734,50.583],[19.4411,50.5855],[19.4203,50.596],[19.41,50.5891],[19.3813,50.5879],[19.377,50.5827],[19.3913,50.583],[19.3853,50.5761],[19.3764,50.5749],[19.3866,50.5755],[19.3768,50.5626],[19.3707,50.562],[19.3875,50.5503],[19.3895,50.5463],[19.3793,50.5421],[19.3911,50.5252],[19.3862,50.5249],[19.3872,50.5209],[19.3794,50.5225],[19.3791,50.5181],[19.3663,50.5193],[19.3597,50.5096],[19.3401,50.508],[19.3161,50.5179],[19.3174,50.5235],[19.3067,50.5213],[19.3041,50.5275],[19.2681,50.5364],[19.2492,50.53],[19.247,50.5235],[19.2343,50.5211],[19.2136,50.5217],[19.1827,50.5337],[19.1478,50.5292],[19.1149,50.5122],[19.0791,50.5079],[19.0934,50.5159],[19.0824,50.5335],[19.0772,50.5558],[19.0883,50.5602],[19.1084,50.5802],[19.0734,50.6161],[19.1093,50.6204],[19.0975,50.6352],[19.108,50.6362],[19.1085,50.6406],[19.1313,50.6442],[19.1456,50.6412],[19.1635,50.645],[19.1672,50.6506],[19.1783,50.6492],[19.175,50.6602],[19.1628,50.6656],[19.1766,50.6803]]]}},{"type":"Feature","properties":{"slug":"olesnicki","name":"powiat oleśnicki","bdlUnitId":"030210414000","voivodeship":"dolnośląskie"},"geometry":{"type":"Polygon","coordinates":[[[17.527,51.4572],[17.5476,51.4436],[17.5519,51.4352],[17.5406,51.4213],[17.5661,51.4056],[17.6039,51.4094],[17.6129,51.423],[17.6251,51.4191],[17.6408,51.4234],[17.6611,51.41],[17.6686,51.416],[17.6743,51.4149],[17.7031,51.3995],[17.7196,51.405],[17.7141,51.4185],[17.7186,51.4226],[17.7485,51.4146],[17.7456,51.4127],[17.7559,51.4049],[17.7522,51.3985],[17.7369,51.4],[17.7375,51.395],[17.7291,51.3957],[17.7329,51.3873],[17.72,51.3861],[17.7155,51.3714],[17.7061,51.3717],[17.7043,51.3667],[17.7098,51.3589],[17.723,51.3594],[17.7329,51.3494],[17.7436,51.3465],[17.7396,51.3429],[17.7438,51.3287],[17.7645,51.3172],[17.756,51.3113],[17.7644,51.3059],[17.7606,51.3021],[17.7662,51.3006],[17.7503,51.2907],[17.7473,51.286],[17.7516,51.2812],[17.7382,51.2757],[17.7494,51.2696],[17.7429,51.2573],[17.744,51.243],[17.7555,51.2332],[17.7565,51.2166],[17.7674,51.2039],[17.7953,51.1941],[17.7941,51.1893],[17.783,51.1883],[17.7798,51.1832],[17.7538,51.1868],[17.7495,51.1791],[17.739,51.1743],[17.7044,51.1739],[17.6984,51.1722],[17.6999,51.1632],[17.6822,51.1671],[17.6693,51.1608],[17.6394,51.1681],[17.6404,51.1731],[17.6206,51.1754],[17.6195,51.1844],[17.6066,51.1896],[17.5966,51.1785],[17.6027,51.1759],[17.5989,51.1679],[17.5893,51.1713],[17.5782,51.1622],[17.5679,51.1659],[17.5586,51.1568],[17.5447,51.1545],[17.5455,51.1436],[17.5677,51.1378],[17.5656,51.1335],[17.5764,51.1294],[17.5715,51.1176],[17.5782,51.1108],[17.5624,51.0926],[17.5821,51.0818],[17.5582,51.0678],[17.5273,51.067],[17.5187,51.0588],[17.5245,51.0585],[17.5239,51.0534],[17.5184,51.0515],[17.4969,51.059],[17.432,51.0677],[17.4219,51.0782],[17.4338,51.0895],[17.4218,51.0954],[17.4237,51.0979],[17.3941,51.0983],[17.3927,51.1034],[17.3795,51.1024],[17.3665,51.1102],[17.3288,51.1178],[17.33,51.1403],[17.3243,51.1451],[17.3152,51.1438],[17.3167,51.1379],[17.3105,51.1377],[17.3062,51.1485],[17.291,51.1502],[17.2929,51.1592],[17.3266,51.1587],[17.3475,51.167],[17.3248,51.1702],[17.3137,51.1672],[17.3059,51.1727],[17.2902,51.1739],[17.303,51.1918],[17.299,51.1955],[17.3106,51.2148],[17.294,51.2257],[17.2692,51.2255],[17.2657,51.2323],[17.251,51.2395],[17.2611,51.2524],[17.2382,51.2642],[17.265,51.2855],[17.252,51.2912],[17.2548,51.2976],[17.2687,51.304],[17.2555,51.3102],[17.2617,51.3356],[17.2492,51.3479],[17.2615,51.3544],[17.2879,51.3423],[17.2995,51.3437],[17.3147,51.353],[17.3196,51.365],[17.3154,51.3717],[17.3384,51.3733],[17.3537,51.3677],[17.3705,51.3681],[17.3845,51.3811],[17.3836,51.3913],[17.3977,51.3897],[17.3943,51.3997],[17.3972,51.4044],[17.4292,51.4139],[17.4295,51.4199],[17.419,51.4209],[17.4256,51.431],[17.4318,51.4298],[17.4331,51.4242],[17.4489,51.4406],[17.4616,51.4434],[17.4703,51.4396],[17.4808,51.4482],[17.4798,51.4532],[17.5128,51.4577],[17.5265,51.4534],[17.527,51.4572]]]}},{"type":"Feature","properties":{"slug":"strzelinski","name":"powiat strzeliński","bdlUnitId":"030210417000","voivodeship":"dolnośląskie"},"geometry":{"type":"Polygon","coordinates":[[[17.3183,50.8211],[17.3395,50.8083],[17.3502,50.8076],[17.3547,50.7948],[17.352,50.7904],[17.3451,50.7843],[17.3085,50.7878],[17.2859,50.7949],[17.2734,50.7879],[17.2712,50.7805],[17.2542,50.7721],[17.2695,50.7705],[17.2976,50.7533],[17.2914,50.7465],[17.3011,50.743],[17.2943,50.7376],[17.2756,50.7446],[17.2625,50.7391],[17.2632,50.7299],[17.252,50.7177],[17.2208,50.7137],[17.2202,50.7014],[17.2591,50.6905],[17.2472,50.6821],[17.2347,50.6811],[17.2389,50.6612],[17.2325,50.6551],[17.2389,50.6508],[17.2302,50.6407],[17.2343,50.6319],[17.2427,50.628],[17.2448,50.6197],[17.236,50.6132],[17.1649,50.6135],[17.1519,50.6317],[17.1203,50.6441],[17.1457,50.6627],[17.1226,50.6631],[17.1241,50.6678],[17.1191,50.672],[17.0687,50.6804],[17.0709,50.6847],[17.0648,50.6936],[17.0577,50.6933],[17.0548,50.6979],[17.0445,50.7008],[17.042,50.6958],[17.0279,50.6965],[17.0246,50.6922],[17.0051,50.696],[16.9806,50.6936],[16.9821,50.6877],[16.9754,50.6851],[16.9754,50.6901],[16.958,50.6933],[16.9486,50.7023],[16.9395,50.6998],[16.9375,50.7064],[16.9224,50.7095],[16.9226,50.715],[16.9149,50.7159],[16.9139,50.711],[16.9012,50.7062],[16.8892,50.7068],[16.8818,50.7091],[16.895,50.7216],[16.8773,50.7246],[16.8583,50.7215],[16.8662,50.7357],[16.8783,50.7439],[16.8733,50.7445],[16.8893,50.7582],[16.8817,50.762],[16.8842,50.7717],[16.8905,50.7801],[16.897,50.7784],[16.9042,50.7885],[16.8975,50.7919],[16.894,50.7842],[16.8847,50.7902],[16.8952,50.7988],[16.8834,50.8054],[16.883,50.8105],[16.91,50.8117],[16.8983,50.819],[16.8994,50.8291],[16.9139,50.8257],[16.9226,50.8378],[16.9171,50.8423],[16.9212,50.8454],[16.9028,50.8544],[16.9015,50.8704],[16.9423,50.8651],[16.9475,50.8698],[16.9448,50.878],[16.9573,50.8851],[16.9514,50.8914],[16.9585,50.9043],[16.9766,50.9],[16.9776,50.9115],[16.9891,50.9157],[16.9971,50.9071],[17.0034,50.9174],[17.0114,50.9204],[17.0229,50.9085],[17.0324,50.9084],[17.0415,50.9197],[17.0515,50.917],[17.0558,50.9047],[17.0701,50.903],[17.0682,50.8977],[17.0756,50.8932],[17.0709,50.8871],[17.0874,50.8845],[17.0859,50.8764],[17.0982,50.8721],[17.1001,50.8641],[17.1117,50.8597],[17.1104,50.8481],[17.1234,50.8406],[17.1366,50.8538],[17.1444,50.8501],[17.152,50.8671],[17.1639,50.8601],[17.1905,50.8599],[17.2002,50.8554],[17.2045,50.877],[17.2264,50.8577],[17.2318,50.8649],[17.2401,50.8641],[17.2451,50.8478],[17.2712,50.832],[17.278,50.8334],[17.2905,50.8227],[17.2813,50.8175],[17.297,50.8179],[17.309,50.8245],[17.3183,50.8211]]]}},{"type":"Feature","properties":{"slug":"wabrzeski","name":"powiat wąbrzeski","bdlUnitId":"040410717000","voivodeship":"kujawsko-pomorskie"},"geometry":{"type":"Polygon","coordinates":[[[19.1069,53.3806],[19.1166,53.3736],[19.084,53.3575],[19.1189,53.3434],[19.1224,53.3394],[19.119,53.3353],[19.1387,53.3335],[19.1434,53.3384],[19.1581,53.3264],[19.1326,53.3222],[19.1323,53.3136],[19.1251,53.3153],[19.1321,53.312],[19.1284,53.3076],[19.1348,53.3051],[19.1351,53.2896],[19.1429,53.2841],[19.1394,53.2771],[19.1135,53.2671],[19.1405,53.2466],[19.1334,53.2393],[19.1434,53.2311],[19.1404,53.2215],[19.1342,53.22],[19.139,53.2185],[19.1389,53.2131],[19.1181,53.215],[19.1,53.2049],[19.1071,53.1998],[19.0962,53.1928],[19.1071,53.1892],[19.0862,53.1848],[19.0743,53.188],[19.0651,53.1848],[19.0675,53.1794],[19.0634,53.1761],[19.0523,53.1771],[19.0483,53.1728],[19.0152,53.1727],[19.016,53.1788],[18.9993,53.1852],[19.0128,53.2028],[18.9882,53.2107],[18.9632,53.1862],[18.9408,53.1839],[18.9359,53.1898],[18.9004,53.1829],[18.8884,53.1974],[18.8751,53.1848],[18.8111,53.1838],[18.7618,53.2011],[18.7626,53.2063],[18.7828,53.2163],[18.7926,53.2141],[18.8034,53.2196],[18.7727,53.228],[18.781,53.2412],[18.7972,53.2512],[18.7708,53.2453],[18.7249,53.263],[18.7389,53.2772],[18.7351,53.282],[18.7304,53.2777],[18.7137,53.2816],[18.7408,53.2977],[18.738,53.3193],[18.6994,53.3279],[18.7077,53.3395],[18.6947,53.3436],[18.7069,53.3539],[18.7241,53.353],[18.7281,53.3584],[18.7242,53.3648],[18.737,53.3622],[18.7348,53.3663],[18.748,53.367],[18.749,53.3785],[18.7683,53.3771],[18.8106,53.3875],[18.822,53.3832],[18.8397,53.3657],[18.86,53.358],[18.8733,53.3435],[18.8692,53.3405],[18.8848,53.332],[18.8898,53.3335],[18.8918,53.3423],[18.8995,53.3393],[18.9328,53.3467],[18.9366,53.3399],[18.9753,53.3495],[18.9778,53.3556],[18.9832,53.3562],[18.9806,53.3628],[19.0043,53.3651],[19.0077,53.3536],[19.0283,53.356],[19.0388,53.3508],[19.0487,53.3582],[19.0448,53.3608],[19.054,53.3784],[19.0768,53.3927],[19.0924,53.3782],[19.1069,53.3806]]]}},{"type":"Feature","properties":{"slug":"ketrzynski","name":"powiat kętrzyński","bdlUnitId":"042815608000","voivodeship":"warmińsko-mazurskie"},"geometry":{"type":"Polygon","coordinates":[[[21.5622,54.0808],[21.5619,54.0662],[21.5407,54.0575],[21.5497,54.0416],[21.5414,54.0172],[21.5504,54.0189],[21.5515,53.9973],[21.5372,53.9852],[21.514,53.9866],[21.4888,53.9782],[21.4813,53.9734],[21.481,53.9663],[21.4721,53.9632],[21.4591,53.9594],[21.4356,53.9763],[21.4077,53.9678],[21.384,53.9958],[21.3496,53.9938],[21.3308,53.98],[21.3126,53.9945],[21.2793,53.978],[21.2327,53.9699],[21.232,53.9548],[21.2193,53.9604],[21.2388,53.9462],[21.1807,53.9382],[21.1717,53.9578],[21.1465,53.9595],[21.1277,53.9385],[21.1159,53.9397],[21.1115,53.9422],[21.1162,53.9454],[21.109,53.9435],[21.1035,53.9485],[21.1132,53.9507],[21.1058,53.9595],[21.117,53.9644],[21.121,53.973],[21.117,53.9776],[21.126,53.9859],[21.1124,53.9942],[21.1057,53.9916],[21.1026,53.9997],[21.0864,53.9978],[21.0818,54.0463],[21.0727,54.0528],[21.0882,54.0609],[21.0696,54.0828],[21.1107,54.0902],[21.0964,54.1042],[21.0574,54.1283],[21.0355,54.1227],[21.0226,54.1251],[21.022,54.1324],[21.0291,54.1367],[21.0257,54.1427],[21.0334,54.1446],[21.0323,54.1569],[21.0371,54.1666],[21.0301,54.1709],[21.0337,54.1788],[21.0477,54.1782],[21.046,54.1931],[21.0568,54.1975],[21.0523,54.2107],[21.0554,54.2142],[21.0307,54.2243],[21.0456,54.2484],[21.0519,54.2479],[21.0578,54.2589],[21.0928,54.2567],[21.0972,54.2842],[21.1009,54.2854],[21.1214,54.2764],[21.139,54.2569],[21.1793,54.26],[21.1822,54.2691],[21.1894,54.271],[21.1847,54.276],[21.1715,54.2758],[21.1709,54.2809],[21.1623,54.2858],[21.1662,54.2872],[21.1623,54.2919],[21.1677,54.2941],[21.1635,54.2977],[21.1984,54.3003],[21.1981,54.3082],[21.217,54.3125],[21.2103,54.3299],[21.2205,54.3348],[21.2744,54.3284],[21.3029,54.3335],[21.3239,54.3294],[21.3795,54.3311],[21.4337,54.3269],[21.4461,54.3182],[21.5528,54.3252],[21.5602,54.3192],[21.5507,54.3158],[21.5532,54.3129],[21.5483,54.3091],[21.5619,54.3008],[21.5606,54.2909],[21.5672,54.2831],[21.5382,54.2621],[21.5379,54.2435],[21.5644,54.2347],[21.5646,54.2245],[21.5723,54.2177],[21.5829,54.2152],[21.586,54.2232],[21.6023,54.2201],[21.595,54.1956],[21.5537,54.1857],[21.5627,54.1727],[21.5779,54.1631],[21.5737,54.1464],[21.5561,54.1435],[21.5434,54.147],[21.552,54.1337],[21.561,54.1299],[21.5382,54.1316],[21.5342,54.1289],[21.5374,54.125],[21.5311,54.1227],[21.541,54.0927],[21.5587,54.0874],[21.5622,54.0808]]]}},{"type":"Feature","properties":{"slug":"bialostocki","name":"powiat białostocki","bdlUnitId":"062013702000","voivodeship":"podlaskie"},"geometry":{"type":"Polygon","coordinates":[[[23.4077,53.274],[23.4366,53.2629],[23.4275,53.256],[23.4451,53.2675],[23.4451,53.2733],[23.4513,53.2737],[23.4472,53.2693],[23.4512,53.2661],[23.5126,53.2559],[23.4986,53.2336],[23.4888,53.2361],[23.4812,53.2201],[23.4726,53.2236],[23.4623,53.2184],[23.4696,53.2139],[23.4653,53.2127],[23.4724,53.2037],[23.4833,53.2053],[23.4923,53.1973],[23.4915,53.193],[23.4959,53.1934],[23.497,53.209],[23.4911,53.2096],[23.494,53.2151],[23.5248,53.2163],[23.5163,53.2092],[23.5396,53.1954],[23.5358,53.2103],[23.7117,53.1696],[23.7131,53.1573],[23.7166,53.1598],[23.7181,53.1542],[23.7415,53.1483],[23.7466,53.149],[23.7446,53.1538],[23.7502,53.1497],[23.7485,53.157],[23.7673,53.16],[23.7735,53.1544],[23.838,53.1497],[23.8418,53.1626],[23.8702,53.1599],[23.8722,53.1679],[23.8965,53.1624],[23.8981,53.1673],[23.9137,53.1669],[23.9103,53.1639],[23.9183,53.1576],[23.9097,53.1499],[23.9158,53.143],[23.8968,53.1307],[23.894,53.1261],[23.8975,53.1247],[23.8855,53.1141],[23.8888,53.105],[23.8719,53.0841],[23.8859,53.0625],[23.9026,53.0582],[23.9001,53.0478],[23.9164,53.04],[23.91,53.0328],[23.9254,53.0246],[23.9333,52.9884],[23.9311,52.9762],[23.9463,52.9587],[23.9165,52.9388],[23.9162,52.9048],[23.8886,52.9014],[23.8642,52.9107],[23.8197,52.9116],[23.8114,52.9197],[23.8017,52.9212],[23.7915,52.9376],[23.7719,52.9358],[23.7562,52.9422],[23.7452,52.9386],[23.7303,52.9453],[23.7136,52.9466],[23.6987,52.9352],[23.6191,52.931],[23.6158,52.9547],[23.6345,52.9669],[23.6012,52.9675],[23.5826,52.9562],[23.5625,52.9551],[23.5834,52.9636],[23.5481,52.9784],[23.5317,52.9713],[23.5139,52.9725],[23.5035,52.9773],[23.5039,52.9823],[23.4934,52.9902],[23.4341,52.9746],[23.433,52.9581],[23.4187,52.9591],[23.4189,52.9639],[23.375,52.9651],[23.3695,52.9609],[23.3757,52.9597],[23.3746,52.9291],[23.3682,52.9292],[23.3704,52.921],[23.3862,52.9208],[23.3905,52.9052],[23.3682,52.8931],[23.3,52.8926],[23.2869,52.9029],[23.2691,52.9058],[23.2348,52.9004],[23.1935,52.9053],[23.1875,52.9012],[23.1791,52.9123],[23.159,52.9141],[23.1289,52.906],[23.1068,52.9142],[23.0973,52.9127],[23.0929,52.9068],[23.0654,52.9068],[23.0622,52.9014],[23.0149,52.9098],[22.995,52.908],[22.9867,52.9145],[22.9406,52.9267],[22.9345,52.9216],[22.9385,52.8878],[22.9214,52.8849],[22.9073,52.8741],[22.9065,52.8682],[22.8749,52.8834],[22.8692,52.8772],[22.8565,52.8785],[22.8697,52.8645],[22.8511,52.8598],[22.8238,52.8604],[22.8241,52.8522],[22.8181,52.8505],[22.8127,52.8565],[22.7919,52.8543],[22.7893,52.8589],[22.7586,52.8499],[22.7548,52.8596],[22.7601,52.8763],[22.7506,52.8805],[22.7553,52.8844],[22.7335,52.9032],[22.7106,52.9114],[22.7142,52.9165],[22.7077,52.9205],[22.7101,52.9287],[22.715,52.9336],[22.7423,52.9254],[22.767,52.9283],[22.768,52.9499],[22.788,52.9659],[22.7687,52.982],[22.7693,52.99],[22.7615,52.9911],[22.7649,52.9966],[22.7715,52.9931],[22.7777,53.0013],[22.7641,53.0013],[22.7612,53.0066],[22.7738,53.015],[22.7864,53.0323],[22.8042,53.034],[22.8323,53.0477],[22.8629,53.0552],[22.8665,53.0765],[22.8413,53.0709],[22.8158,53.079],[22.8132,53.0934],[22.8028,53.1012],[22.8102,53.1208],[22.7492,53.1137],[22.7261,53.1255],[22.7247,53.1225],[22.6821,53.1306],[22.6865,53.1353],[22.6584,53.1438],[22.6535,53.1395],[22.6377,53.1425],[22.6163,53.1314],[22.6145,53.1273],[22.6183,53.1258],[22.6101,53.1195],[22.5976,53.0959],[22.584,53.0951],[22.5889,53.0994],[22.5493,53.1095],[22.5558,53.1163],[22.5503,53.1254],[22.5159,53.1328],[22.513,53.1418],[22.5052,53.1408],[22.5005,53.1531],[22.4946,53.1523],[22.4932,53.1571],[22.5016,53.1582],[22.4989,53.1652],[22.4837,53.165],[22.4814,53.171],[22.4852,53.1716],[22.4853,53.178],[22.4783,53.1793],[22.4691,53.2034],[22.4859,53.2059],[22.4797,53.2134],[22.5459,53.2206],[22.5644,53.2091],[22.6036,53.2115],[22.6205,53.2014],[22.6177,53.2321],[22.6079,53.2334],[22.6097,53.2366],[22.6211,53.2371],[22.6418,53.2491],[22.6656,53.2448],[22.7015,53.2727],[22.699,53.2769],[22.7233,53.2748],[22.7319,53.2726],[22.7312,53.2679],[22.7396,53.2678],[22.7402,53.2611],[22.7465,53.2603],[22.7409,53.2562],[22.7468,53.2406],[22.7606,53.2455],[22.7707,53.2374],[22.7784,53.2229],[22.7738,53.2139],[22.8174,53.225],[22.8303,53.2211],[22.8295,53.2168],[22.856,53.2294],[22.8844,53.2264],[22.8844,53.2324],[22.8892,53.2324],[22.8975,53.2437],[22.905,53.2426],[22.9074,53.2505],[22.9213,53.2601],[22.9552,53.2623],[22.9526,53.2733],[22.9319,53.2739],[22.9318,53.279],[22.9144,53.2851],[22.9331,53.2924],[22.9314,53.2966],[22.9482,53.3036],[22.9591,53.2953],[22.9342,53.2903],[22.9439,53.2806],[22.9622,53.2796],[22.9878,53.2904],[22.9885,53.2853],[22.9989,53.2874],[22.9993,53.2821],[23.0246,53.2805],[23.028,53.2997],[23.0516,53.2982],[23.0534,53.3077],[23.0775,53.3061],[23.0813,53.3276],[23.1097,53.3196],[23.1227,53.3276],[23.1312,53.3265],[23.1325,53.33],[23.1246,53.3309],[23.1263,53.3363],[23.1178,53.3392],[23.1202,53.3528],[23.1527,53.35],[23.1749,53.3615],[23.1555,53.3631],[23.1602,53.3832],[23.2056,53.3774],[23.2198,53.3847],[23.2313,53.3787],[23.2378,53.382],[23.3191,53.367],[23.3173,53.3589],[23.3096,53.3601],[23.3071,53.3544],[23.3405,53.35],[23.3246,53.3355],[23.3281,53.3338],[23.3653,53.3519],[23.3673,53.3411],[23.3558,53.3414],[23.3536,53.3361],[23.3665,53.3356],[23.3668,53.3312],[23.3607,53.3315],[23.367,53.3251],[23.3609,53.3236],[23.3863,53.3171],[23.3788,53.3126],[23.3927,53.3125],[23.3977,53.3024],[23.392,53.2966],[23.4037,53.2944],[23.4032,53.2841],[23.3955,53.2799],[23.3985,53.2774],[23.3885,53.2785],[23.3852,53.2733],[23.4077,53.274]],[[23.0802,53.1785],[23.0758,53.1756],[23.0852,53.1756],[23.0706,53.16],[23.0755,53.1555],[23.0707,53.1516],[23.0662,53.1316],[23.0707,53.1287],[23.0658,53.1276],[23.0726,53.1273],[23.0876,53.1061],[23.0953,53.1102],[23.119,53.105],[23.1285,53.0981],[23.115,53.0903],[23.124,53.0907],[23.1267,53.085],[23.1561,53.0834],[23.1546,53.0901],[23.1635,53.093],[23.1811,53.0911],[23.1833,53.0859],[23.2016,53.0857],[23.2085,53.0817],[23.2131,53.0666],[23.2234,53.0695],[23.2266,53.0786],[23.2316,53.0776],[23.2345,53.0837],[23.2434,53.0829],[23.2472,53.0998],[23.2202,53.1125],[23.2289,53.1151],[23.2238,53.1173],[23.2247,53.1234],[23.2326,53.1308],[23.2405,53.1666],[23.1982,53.1701],[23.2001,53.1801],[23.1708,53.1789],[23.1505,53.1708],[23.1374,53.1776],[23.1091,53.1718],[23.1092,53.1763],[23.0978,53.1789],[23.1088,53.1815],[23.1098,53.1884],[23.0802,53.1785]]]}},{"type":"Feature","properties":{"slug":"augustowski","name":"powiat augustowski","bdlUnitId":"062013901000","voivodeship":"podlaskie"},"geometry":{"type":"Polygon","coordinates":[[[23.1278,54.0205],[23.1294,54.0042],[23.0901,53.9893],[23.0956,53.9819],[23.08,53.962],[23.1006,53.9602],[23.0992,53.9703],[23.1121,53.9702],[23.1134,53.9612],[23.1363,53.961],[23.1381,53.9756],[23.1555,53.9758],[23.1478,53.9586],[23.1638,53.9515],[23.2262,53.9595],[23.266,53.9455],[23.2757,53.9547],[23.3032,53.9449],[23.3335,53.9507],[23.334,53.9471],[23.3537,53.9413],[23.337,53.937],[23.3713,53.9343],[23.389,53.9261],[23.3828,53.9219],[23.393,53.9174],[23.3894,53.915],[23.3918,53.9118],[23.3987,53.9115],[23.3943,53.9083],[23.4043,53.9061],[23.406,53.8997],[23.4167,53.8942],[23.4247,53.9019],[23.4643,53.8944],[23.4806,53.9073],[23.4913,53.9032],[23.5116,53.9159],[23.5264,53.8689],[23.5241,53.8626],[23.5468,53.8568],[23.552,53.8507],[23.5451,53.845],[23.5524,53.8408],[23.5479,53.8347],[23.554,53.831],[23.5463,53.8258],[23.5447,53.7963],[23.5491,53.7678],[23.5821,53.7438],[23.5887,53.6959],[23.5474,53.7094],[23.5321,53.7102],[23.5039,53.6996],[23.511,53.6934],[23.5023,53.6916],[23.4644,53.7041],[23.4147,53.7002],[23.3975,53.7055],[23.3981,53.7092],[23.34,53.7219],[23.3318,53.7158],[23.3259,53.717],[23.3268,53.7115],[23.316,53.7138],[23.292,53.7074],[23.2717,53.7112],[23.2466,53.7076],[23.2268,53.7184],[23.2174,53.7128],[23.2033,53.7132],[23.2019,53.7075],[23.1965,53.709],[23.1656,53.6945],[23.165,53.6904],[23.1498,53.6925],[23.1381,53.6804],[23.12,53.6763],[23.1199,53.672],[23.1113,53.6687],[23.099,53.6728],[23.0913,53.6662],[23.0748,53.6647],[23.0676,53.6576],[23.0716,53.6515],[23.0644,53.6461],[23.0668,53.6412],[23.0439,53.6307],[23.0091,53.6283],[23.0048,53.6102],[22.9577,53.6002],[22.9609,53.6188],[22.9487,53.6098],[22.9327,53.6095],[22.9278,53.6067],[22.9309,53.5855],[22.9156,53.5798],[22.9233,53.5777],[22.9176,53.5749],[22.9144,53.5774],[22.8993,53.5701],[22.8879,53.578],[22.8888,53.5728],[22.8838,53.5758],[22.8698,53.5723],[22.8764,53.585],[22.8929,53.5893],[22.9092,53.6031],[22.9195,53.6052],[22.8874,53.603],[22.8803,53.6289],[22.8828,53.6612],[22.8682,53.6705],[22.8775,53.6748],[22.8512,53.6901],[22.8375,53.686],[22.837,53.68],[22.8292,53.6865],[22.8358,53.6892],[22.8233,53.688],[22.8179,53.6808],[22.8052,53.6872],[22.7939,53.6798],[22.7719,53.6892],[22.7338,53.6935],[22.73,53.6993],[22.721,53.6939],[22.7262,53.6903],[22.7235,53.6857],[22.7044,53.6877],[22.7047,53.6924],[22.7154,53.6967],[22.7121,53.7002],[22.7194,53.7011],[22.7246,53.7084],[22.7236,53.7151],[22.745,53.731],[22.7343,53.7498],[22.7248,53.7571],[22.7255,53.7519],[22.6968,53.7616],[22.7268,53.8039],[22.7256,53.8309],[22.779,53.8656],[22.7854,53.8834],[22.775,53.8963],[22.7803,53.9016],[22.7762,53.9081],[22.7828,53.9155],[22.7783,53.9229],[22.7885,53.9285],[22.7958,53.9227],[22.8163,53.9334],[22.8219,53.9276],[22.8561,53.9426],[22.8517,53.9482],[22.8599,53.9528],[22.8409,53.9567],[22.84,53.9638],[22.8335,53.968],[22.8867,53.9683],[22.8718,53.9962],[22.9134,54.0117],[22.9221,54.0036],[22.9883,54.0163],[23.0371,54.0096],[23.124,54.0248],[23.1278,54.0205]]]}},{"type":"Feature","properties":{"slug":"walbrzyski","name":"powiat wałbrzyski","bdlUnitId":"030210321000","voivodeship":"dolnośląskie"},"geometry":{"type":"Polygon","coordinates":[[[16.2039,50.8857],[16.2396,50.8868],[16.2433,50.8822],[16.2389,50.8747],[16.2448,50.8716],[16.2653,50.8771],[16.2791,50.8708],[16.2741,50.8635],[16.2829,50.8584],[16.2524,50.8479],[16.2555,50.846],[16.2494,50.8381],[16.2597,50.8355],[16.247,50.8236],[16.2769,50.8168],[16.2639,50.807],[16.2803,50.7978],[16.2797,50.7932],[16.2694,50.7904],[16.2595,50.798],[16.2403,50.7955],[16.2349,50.8003],[16.2303,50.7906],[16.2396,50.7894],[16.2287,50.7756],[16.2338,50.7712],[16.2276,50.7509],[16.2553,50.7421],[16.2507,50.7277],[16.2641,50.7161],[16.3043,50.7238],[16.3086,50.7417],[16.3265,50.745],[16.339,50.7575],[16.3378,50.7644],[16.346,50.7666],[16.3276,50.7804],[16.3401,50.7899],[16.3666,50.7928],[16.3769,50.7861],[16.38,50.7759],[16.3906,50.7669],[16.4061,50.7689],[16.4146,50.7585],[16.4346,50.7599],[16.4376,50.755],[16.454,50.7516],[16.4487,50.7495],[16.4621,50.7462],[16.4591,50.738],[16.4736,50.7356],[16.4722,50.7307],[16.4825,50.7284],[16.4838,50.7213],[16.4916,50.7196],[16.4889,50.7144],[16.4837,50.715],[16.4837,50.7093],[16.4914,50.7078],[16.4927,50.699],[16.4804,50.6934],[16.4843,50.6839],[16.4766,50.668],[16.4567,50.66],[16.4476,50.6523],[16.4488,50.647],[16.4047,50.6541],[16.4031,50.6451],[16.3757,50.6364],[16.3625,50.6483],[16.3512,50.6478],[16.3397,50.6625],[16.3221,50.6666],[16.305,50.6591],[16.2841,50.6604],[16.28,50.6681],[16.2348,50.6716],[16.2215,50.6515],[16.2174,50.6333],[16.1876,50.6272],[16.1794,50.6287],[16.177,50.6396],[16.1704,50.6453],[16.1484,50.6533],[16.1395,50.6508],[16.1258,50.6606],[16.113,50.6586],[16.1073,50.6621],[16.1045,50.6677],[16.111,50.6778],[16.1343,50.6785],[16.1535,50.6865],[16.1647,50.6831],[16.1795,50.6938],[16.1788,50.7],[16.173,50.7089],[16.155,50.7125],[16.1341,50.7095],[16.116,50.7242],[16.1119,50.7372],[16.1005,50.749],[16.1074,50.76],[16.0881,50.7764],[16.0756,50.7796],[16.0758,50.7895],[16.0682,50.7908],[16.0726,50.7994],[16.0693,50.8105],[16.0807,50.8156],[16.0793,50.8191],[16.0869,50.8192],[16.0812,50.8258],[16.0677,50.8271],[16.0786,50.8455],[16.0836,50.846],[16.0808,50.8548],[16.0879,50.8544],[16.0833,50.8558],[16.0851,50.8608],[16.1015,50.8603],[16.12,50.853],[16.148,50.8635],[16.179,50.8639],[16.1976,50.8715],[16.2028,50.8805],[16.2003,50.8857],[16.2039,50.8857]]]}},{"type":"Feature","properties":{"slug":"klodzki","name":"powiat kłodzki","bdlUnitId":"030210308000","voivodeship":"dolnośląskie"},"geometry":{"type":"Polygon","coordinates":[[[16.4797,50.6811],[16.4993,50.6757],[16.5141,50.6579],[16.5429,50.6485],[16.5475,50.639],[16.5881,50.6254],[16.5876,50.6179],[16.5969,50.613],[16.5988,50.5989],[16.6059,50.5884],[16.6354,50.573],[16.6264,50.5614],[16.642,50.5497],[16.6855,50.5372],[16.6864,50.532],[16.6796,50.5322],[16.6737,50.5259],[16.6778,50.5246],[16.6751,50.5165],[16.6838,50.5156],[16.6899,50.5021],[16.7003,50.4968],[16.702,50.483],[16.6947,50.4823],[16.7079,50.4764],[16.7361,50.4778],[16.7571,50.4539],[16.7567,50.4445],[16.7674,50.4256],[16.7924,50.4239],[16.7998,50.4076],[16.813,50.3982],[16.8481,50.3997],[16.8622,50.4091],[16.899,50.3896],[16.911,50.389],[16.9193,50.37],[16.9156,50.3628],[16.9375,50.3422],[16.9385,50.3331],[16.9344,50.3299],[16.9407,50.3198],[16.9559,50.3122],[16.9683,50.3159],[16.9746,50.3078],[17.0006,50.3031],[17.0147,50.2885],[17.02,50.2783],[17.0174,50.2687],[17.0016,50.2564],[17.0108,50.2492],[17.0115,50.2414],[17.0283,50.23],[17.0148,50.2194],[16.9985,50.2159],[16.9763,50.2449],[16.9632,50.2391],[16.9611,50.2353],[16.9659,50.2304],[16.956,50.2225],[16.9174,50.2262],[16.8986,50.2227],[16.8981,50.2186],[16.885,50.2131],[16.8832,50.2002],[16.8754,50.1976],[16.8628,50.1982],[16.8469,50.2073],[16.8352,50.2024],[16.8359,50.1979],[16.8259,50.1946],[16.8229,50.1887],[16.8156,50.1922],[16.8099,50.1893],[16.7994,50.1779],[16.7945,50.1613],[16.7816,50.1513],[16.782,50.1445],[16.7554,50.1339],[16.7453,50.1349],[16.7185,50.1019],[16.7036,50.0963],[16.6893,50.0985],[16.6336,50.1113],[16.6252,50.121],[16.6138,50.1253],[16.6115,50.1327],[16.5801,50.1425],[16.5855,50.152],[16.5617,50.1634],[16.5578,50.1707],[16.5638,50.18],[16.5571,50.1848],[16.5545,50.1954],[16.5617,50.2076],[16.5534,50.215],[16.5573,50.2204],[16.5376,50.239],[16.5269,50.2381],[16.517,50.2433],[16.5063,50.2603],[16.4897,50.2642],[16.4671,50.2864],[16.4646,50.2957],[16.4482,50.305],[16.4311,50.3248],[16.4097,50.3243],[16.3993,50.3192],[16.3832,50.3288],[16.3752,50.3423],[16.3622,50.3497],[16.368,50.367],[16.3608,50.3795],[16.3023,50.3822],[16.2916,50.3701],[16.2792,50.3675],[16.2769,50.3762],[16.2659,50.3816],[16.2631,50.3936],[16.2475,50.396],[16.2529,50.4056],[16.2381,50.4141],[16.2218,50.4069],[16.2105,50.4112],[16.2141,50.4147],[16.2096,50.427],[16.1957,50.4321],[16.1988,50.4418],[16.2171,50.452],[16.224,50.4421],[16.2319,50.4435],[16.2341,50.4487],[16.2302,50.4538],[16.2204,50.4579],[16.2353,50.4599],[16.2318,50.4662],[16.2434,50.4631],[16.2553,50.4674],[16.2492,50.474],[16.2587,50.4802],[16.2739,50.4767],[16.2685,50.4829],[16.2715,50.4847],[16.2941,50.4792],[16.3006,50.4908],[16.3124,50.4941],[16.3117,50.5062],[16.3211,50.5075],[16.3478,50.4965],[16.3604,50.5012],[16.3739,50.5164],[16.3999,50.5274],[16.3982,50.5345],[16.3874,50.5418],[16.4109,50.5479],[16.4046,50.5693],[16.4264,50.5708],[16.4449,50.5796],[16.4443,50.584],[16.423,50.6063],[16.3866,50.6245],[16.3778,50.6369],[16.4031,50.6451],[16.4047,50.6541],[16.4488,50.647],[16.4476,50.6523],[16.4567,50.66],[16.4766,50.668],[16.4797,50.6811]]]}},{"type":"Feature","properties":{"slug":"sokolowski","name":"powiat sokołowski","bdlUnitId":"071427129000","voivodeship":"mazowieckie"},"geometry":{"type":"Polygon","coordinates":[[[22.1783,52.459],[22.1822,52.4606],[22.1589,52.4821],[22.1345,52.4761],[22.132,52.4861],[22.124,52.4863],[22.1315,52.5002],[22.1108,52.5065],[22.0956,52.505],[22.0965,52.5153],[22.086,52.5316],[22.0505,52.5379],[22.0417,52.5478],[22.0636,52.561],[22.0618,52.5643],[22.0393,52.5673],[22.0397,52.5739],[22.0151,52.5744],[22.0148,52.5699],[22.0066,52.5698],[21.9981,52.5894],[21.9781,52.5947],[21.9904,52.6098],[21.9741,52.6093],[21.9758,52.6119],[21.9998,52.6219],[22.0351,52.6216],[22.0411,52.631],[22.0489,52.6339],[22.0511,52.6414],[22.0446,52.6475],[22.0537,52.6613],[22.043,52.6762],[22.1032,52.693],[22.1592,52.7025],[22.1617,52.6921],[22.1803,52.6984],[22.2167,52.6973],[22.228,52.6861],[22.2602,52.6802],[22.2749,52.6701],[22.3182,52.6664],[22.3495,52.6562],[22.3739,52.6348],[22.3713,52.6238],[22.3848,52.6225],[22.3931,52.6132],[22.4086,52.6097],[22.4174,52.5994],[22.4575,52.5866],[22.4669,52.5673],[22.4837,52.5607],[22.4902,52.5471],[22.5267,52.5212],[22.5108,52.4922],[22.512,52.4813],[22.525,52.4721],[22.5297,52.4616],[22.5462,52.4677],[22.5542,52.4632],[22.5414,52.4393],[22.5419,52.4242],[22.5629,52.4105],[22.5525,52.3999],[22.5634,52.3961],[22.564,52.39],[22.5194,52.3868],[22.537,52.3769],[22.5402,52.3653],[22.5517,52.368],[22.554,52.3567],[22.5508,52.3519],[22.5244,52.3544],[22.5128,52.3421],[22.5101,52.3296],[22.4914,52.3196],[22.4665,52.3222],[22.4606,52.3164],[22.4506,52.3198],[22.4165,52.3137],[22.4025,52.3187],[22.3818,52.3148],[22.3776,52.3214],[22.3627,52.3221],[22.3676,52.3041],[22.3178,52.3013],[22.3152,52.3055],[22.3001,52.3013],[22.2936,52.3118],[22.2703,52.3173],[22.2649,52.3102],[22.2465,52.3123],[22.2434,52.301],[22.2139,52.3039],[22.2107,52.2882],[22.197,52.291],[22.1862,52.2999],[22.171,52.2974],[22.1741,52.3116],[22.1701,52.3153],[22.1145,52.3134],[22.0924,52.3318],[22.076,52.3382],[22.1071,52.3433],[22.1336,52.3597],[22.1156,52.3766],[22.0818,52.3885],[22.0903,52.4099],[22.1355,52.4254],[22.1428,52.431],[22.1391,52.4358],[22.1448,52.4347],[22.1643,52.4461],[22.15,52.4655],[22.1783,52.459]]]}},{"type":"Feature","properties":{"slug":"grojecki","name":"powiat grójecki","bdlUnitId":"071427306000","voivodeship":"mazowieckie"},"geometry":{"type":"MultiPolygon","coordinates":[[[[20.6579,51.9255],[20.6711,51.9253],[20.6723,51.9311],[20.6439,51.9323],[20.6416,51.9428],[20.6527,51.9461],[20.6621,51.9449],[20.6639,51.9407],[20.6826,51.942],[20.686,51.9548],[20.6919,51.9531],[20.6912,51.9484],[20.7024,51.9515],[20.7032,51.9453],[20.7101,51.9436],[20.7538,51.9495],[20.7498,51.9454],[20.7578,51.9434],[20.7623,51.949],[20.7712,51.9469],[20.8021,51.9584],[20.8155,51.9459],[20.8274,51.9459],[20.8311,51.9335],[20.8381,51.9309],[20.8625,51.9285],[20.8933,51.9325],[20.8998,51.9293],[20.9001,51.9214],[20.9037,51.922],[20.9033,51.9333],[20.9258,51.9367],[20.9399,51.9221],[20.9451,51.9277],[20.9559,51.926],[20.9523,51.9186],[20.9644,51.9167],[20.9524,51.9101],[20.9671,51.9078],[20.9844,51.9124],[20.9879,51.9189],[21.0015,51.9216],[21.0059,51.9269],[21.0263,51.9296],[21.0283,51.937],[21.0449,51.9278],[21.0869,51.9396],[21.1264,51.9319],[21.1549,51.9348],[21.1582,51.9274],[21.1837,51.928],[21.1883,51.9127],[21.2065,51.9124],[21.1939,51.8924],[21.2006,51.898],[21.2195,51.8964],[21.2208,51.8895],[21.2275,51.888],[21.2211,51.8965],[21.2304,51.892],[21.2298,51.8985],[21.2391,51.9016],[21.2675,51.8845],[21.2864,51.8617],[21.2762,51.8604],[21.2548,51.8457],[21.2627,51.8442],[21.2672,51.8351],[21.2829,51.8293],[21.2882,51.8222],[21.2839,51.8149],[21.2428,51.7984],[21.2446,51.7938],[21.2327,51.7901],[21.2361,51.7859],[21.2135,51.7881],[21.2036,51.7832],[21.2006,51.7723],[21.183,51.7612],[21.1706,51.7624],[21.1659,51.7703],[21.1563,51.7684],[21.1489,51.7627],[21.1578,51.7578],[21.1494,51.7518],[21.1413,51.7563],[21.1309,51.7508],[21.1352,51.7446],[21.1186,51.7439],[21.1179,51.7392],[21.1304,51.733],[21.1248,51.7279],[21.1115,51.7333],[21.1144,51.7273],[21.1007,51.7286],[21.0906,51.7113],[21.0734,51.6983],[21.0566,51.6905],[21.0468,51.6922],[21.0472,51.6817],[21.0292,51.6812],[21.0365,51.6852],[21.0324,51.6902],[21.0235,51.6957],[21.0153,51.6945],[21.007,51.7039],[21.0165,51.7095],[21.0068,51.7168],[21.0097,51.7181],[20.9917,51.7253],[20.988,51.7323],[20.9742,51.7311],[20.973,51.7458],[20.9507,51.7457],[20.9452,51.7538],[20.9319,51.7459],[20.9099,51.7476],[20.9058,51.7519],[20.9009,51.74],[20.8897,51.7391],[20.8891,51.7274],[20.8824,51.7269],[20.8869,51.7217],[20.8779,51.7215],[20.8822,51.7094],[20.8772,51.7052],[20.854,51.7053],[20.8477,51.7107],[20.8339,51.7122],[20.8288,51.7073],[20.8218,51.7088],[20.7636,51.6903],[20.7752,51.6849],[20.7702,51.681],[20.7787,51.6816],[20.781,51.6764],[20.8127,51.6676],[20.8141,51.6379],[20.7764,51.6326],[20.7701,51.6234],[20.7137,51.6241],[20.7076,51.6224],[20.7088,51.6157],[20.6915,51.6142],[20.692,51.6096],[20.6809,51.6118],[20.651,51.6065],[20.6379,51.5693],[20.6193,51.5676],[20.6045,51.5784],[20.5765,51.5781],[20.5715,51.577],[20.571,51.5708],[20.5803,51.5679],[20.565,51.5564],[20.5409,51.5631],[20.4953,51.5605],[20.5003,51.5772],[20.4974,51.5823],[20.5136,51.5929],[20.549,51.5994],[20.5461,51.6097],[20.5364,51.6126],[20.4719,51.6075],[20.4495,51.6171],[20.4254,51.6113],[20.4148,51.634],[20.3914,51.636],[20.385,51.6416],[20.3953,51.647],[20.391,51.6613],[20.4003,51.6728],[20.4382,51.6809],[20.4423,51.6847],[20.4368,51.6882],[20.4417,51.6913],[20.4506,51.6861],[20.4537,51.6934],[20.467,51.6972],[20.4672,51.6928],[20.4877,51.6836],[20.5145,51.6855],[20.5182,51.6709],[20.5225,51.677],[20.5227,51.6657],[20.5354,51.6687],[20.5843,51.6629],[20.5966,51.6572],[20.6216,51.6579],[20.624,51.669],[20.6339,51.6699],[20.6365,51.6762],[20.6532,51.6772],[20.6593,51.6986],[20.6545,51.7149],[20.6584,51.7242],[20.6389,51.7325],[20.6388,51.7375],[20.5826,51.748],[20.5841,51.7618],[20.594,51.768],[20.5877,51.7703],[20.595,51.7693],[20.5789,51.7936],[20.582,51.8109],[20.5602,51.8122],[20.5575,51.8188],[20.5761,51.821],[20.6077,51.8161],[20.6195,51.8204],[20.619,51.8277],[20.5997,51.8274],[20.5963,51.8398],[20.6054,51.8496],[20.6243,51.8443],[20.6434,51.8515],[20.6438,51.9017],[20.66,51.9024],[20.6578,51.9121],[20.6671,51.9158],[20.6579,51.9255]]],[[[20.7015,51.5969],[20.6936,51.5972],[20.6953,51.6028],[20.7041,51.6028],[20.7015,51.5969]]]]}},{"type":"Feature","properties":{"slug":"lubartowski","name":"powiat lubartowski","bdlUnitId":"060611108000","voivodeship":"lubelskie"},"geometry":{"type":"Polygon","coordinates":[[[22.3984,51.7138],[22.4178,51.7125],[22.4835,51.6945],[22.4784,51.6867],[22.4939,51.6825],[22.5139,51.6722],[22.5117,51.6698],[22.5398,51.6638],[22.5361,51.6599],[22.5713,51.6588],[22.5656,51.6552],[22.608,51.6346],[22.6156,51.6277],[22.6104,51.622],[22.6357,51.612],[22.6637,51.5911],[22.6772,51.5933],[22.7075,51.5833],[22.7257,51.5714],[22.7851,51.5607],[22.7853,51.5208],[22.8413,51.5169],[22.8396,51.5236],[22.8465,51.5308],[22.8803,51.5294],[22.8752,51.5357],[22.8792,51.5376],[22.8815,51.5625],[22.9165,51.5547],[22.9133,51.5491],[22.9212,51.5439],[22.9654,51.5265],[22.9937,51.5258],[23.0074,51.5206],[23.0031,51.5134],[23.0244,51.4995],[23.0089,51.4993],[23.0025,51.4948],[23.0012,51.4814],[23.0147,51.4812],[23.0159,51.472],[23.0077,51.4672],[23.0065,51.4758],[23.0014,51.4767],[22.9892,51.4689],[22.973,51.4697],[22.9785,51.4542],[22.9762,51.4462],[22.9829,51.4343],[22.9752,51.3986],[22.9584,51.4015],[22.9527,51.3956],[22.9294,51.4085],[22.9241,51.4044],[22.9289,51.4002],[22.9259,51.3989],[22.903,51.3998],[22.8721,51.3864],[22.8579,51.3872],[22.8477,51.3817],[22.8248,51.3841],[22.8297,51.3884],[22.8241,51.3957],[22.8116,51.3927],[22.812,51.3966],[22.7994,51.398],[22.7999,51.4026],[22.7797,51.4022],[22.767,51.4115],[22.7418,51.3877],[22.712,51.3873],[22.7073,51.3822],[22.6802,51.3779],[22.6663,51.3729],[22.6689,51.3645],[22.653,51.3561],[22.6473,51.3623],[22.6515,51.3623],[22.648,51.3725],[22.6351,51.3751],[22.6349,51.3796],[22.583,51.3819],[22.566,51.3915],[22.5457,51.3864],[22.5502,51.3849],[22.5462,51.379],[22.553,51.3767],[22.5585,51.3803],[22.5683,51.3757],[22.5666,51.3666],[22.5608,51.3707],[22.5457,51.3676],[22.5372,51.3833],[22.5118,51.3757],[22.506,51.3874],[22.4964,51.3814],[22.4789,51.3822],[22.4923,51.4014],[22.4741,51.4045],[22.4732,51.4006],[22.4676,51.4012],[22.4687,51.406],[22.4578,51.4089],[22.4253,51.3909],[22.4344,51.3774],[22.419,51.3752],[22.4223,51.3707],[22.4178,51.3699],[22.408,51.383],[22.379,51.3939],[22.3906,51.4044],[22.3936,51.4255],[22.3778,51.4233],[22.3767,51.4185],[22.3649,51.4197],[22.3654,51.4255],[22.3566,51.43],[22.3323,51.4274],[22.2779,51.4315],[22.2448,51.4259],[22.2398,51.4339],[22.2537,51.4369],[22.21,51.4583],[22.196,51.4745],[22.1899,51.4941],[22.2226,51.5049],[22.2145,51.5173],[22.2507,51.5098],[22.2667,51.5153],[22.262,51.5291],[22.2481,51.5321],[22.2494,51.5509],[22.2548,51.5544],[22.2264,51.5631],[22.2222,51.5742],[22.215,51.5736],[22.2117,51.5839],[22.1878,51.5844],[22.1928,51.5921],[22.1893,51.6035],[22.1957,51.6053],[22.2039,51.5972],[22.212,51.5972],[22.2179,51.5993],[22.2121,51.6043],[22.2172,51.6052],[22.2151,51.6077],[22.2358,51.6049],[22.2412,51.6061],[22.2431,51.6129],[22.207,51.626],[22.211,51.6292],[22.189,51.644],[22.1914,51.6529],[22.1873,51.6547],[22.1933,51.6597],[22.225,51.6481],[22.2238,51.6447],[22.2314,51.6531],[22.2616,51.647],[22.2614,51.6408],[22.2872,51.6373],[22.2915,51.6542],[22.2989,51.6554],[22.3036,51.6719],[22.316,51.6703],[22.321,51.6755],[22.3246,51.6507],[22.3371,51.6499],[22.3359,51.6422],[22.34,51.642],[22.3429,51.6589],[22.3676,51.6578],[22.3682,51.6667],[22.3986,51.7058],[22.3984,51.7138]]]}},{"type":"Feature","properties":{"slug":"pulawski","name":"powiat puławski","bdlUnitId":"060611214000","voivodeship":"lubelskie"},"geometry":{"type":"Polygon","coordinates":[[[22.0607,51.5735],[22.0784,51.5725],[22.0818,51.5674],[22.0828,51.5717],[22.1102,51.573],[22.1093,51.5698],[22.1155,51.5696],[22.1217,51.5734],[22.1259,51.5652],[22.1387,51.5729],[22.149,51.5734],[22.1529,51.5692],[22.1529,51.5737],[22.1661,51.5738],[22.1726,51.5825],[22.209,51.5844],[22.215,51.5736],[22.2222,51.5742],[22.2264,51.5631],[22.2548,51.5544],[22.2494,51.5509],[22.2481,51.5321],[22.262,51.5291],[22.2667,51.5153],[22.2507,51.5098],[22.2145,51.5173],[22.2226,51.5049],[22.1913,51.4977],[22.19,51.4873],[22.21,51.4583],[22.2537,51.4369],[22.2398,51.4339],[22.2448,51.4259],[22.2779,51.4315],[22.3074,51.427],[22.3065,51.4236],[22.2886,51.4254],[22.3003,51.419],[22.2911,51.4127],[22.3023,51.4091],[22.2911,51.4069],[22.2932,51.3998],[22.2728,51.3807],[22.2658,51.3664],[22.2938,51.35],[22.251,51.3334],[22.2599,51.3238],[22.2844,51.3175],[22.2856,51.3062],[22.2769,51.2921],[22.3005,51.2878],[22.3001,51.2837],[22.3141,51.2778],[22.2877,51.2685],[22.2436,51.2623],[22.2243,51.2672],[22.1663,51.2623],[22.1678,51.2566],[22.1593,51.2521],[22.1437,51.2539],[22.1437,51.2573],[22.1278,51.2623],[22.1314,51.2678],[22.0883,51.2782],[22.0952,51.2882],[22.0874,51.2869],[22.0842,51.2921],[22.0543,51.2928],[22.0392,51.2802],[22.0205,51.2857],[22.0236,51.2921],[22.0184,51.2877],[22.0206,51.2943],[22.0168,51.2875],[22.0126,51.2881],[22.0197,51.2963],[22.0162,51.2938],[22.0157,51.2973],[21.9981,51.3001],[21.9948,51.2967],[21.972,51.3005],[21.9507,51.2925],[21.9559,51.2825],[21.9651,51.2823],[21.9637,51.2766],[21.9537,51.2777],[21.9464,51.2697],[21.9248,51.278],[21.9159,51.2918],[21.8906,51.3087],[21.8633,51.2925],[21.8601,51.2747],[21.8364,51.2836],[21.8349,51.2889],[21.823,51.2807],[21.8124,51.2853],[21.8171,51.2892],[21.8118,51.2915],[21.7868,51.285],[21.7831,51.2937],[21.7938,51.2931],[21.8234,51.3033],[21.829,51.3263],[21.8366,51.3329],[21.8283,51.3393],[21.8454,51.3541],[21.8537,51.3518],[21.8378,51.3785],[21.8322,51.3805],[21.816,51.3716],[21.8117,51.3778],[21.8067,51.3753],[21.797,51.3825],[21.7917,51.3954],[21.7845,51.3975],[21.7685,51.3911],[21.761,51.4013],[21.7677,51.4135],[21.7801,51.4116],[21.8014,51.4276],[21.8283,51.4258],[21.8352,51.4202],[21.8333,51.4172],[21.8397,51.4175],[21.851,51.4306],[21.8605,51.457],[21.874,51.4716],[21.8488,51.4836],[21.8473,51.4921],[21.8558,51.5086],[21.8327,51.5362],[21.8331,51.5484],[21.8514,51.5479],[21.8846,51.5293],[21.889,51.5358],[21.9173,51.538],[21.9331,51.5447],[21.9497,51.5353],[21.9596,51.5453],[21.9714,51.5488],[21.9802,51.5584],[21.9755,51.5644],[21.9853,51.5641],[21.9898,51.569],[21.9874,51.5721],[22.026,51.5735],[22.0294,51.5664],[22.0332,51.5751],[22.0447,51.5688],[22.0587,51.5685],[22.0607,51.5735]]]}},{"type":"Feature","properties":{"slug":"radzynski","name":"powiat radzyński","bdlUnitId":"060610915000","voivodeship":"lubelskie"},"geometry":{"type":"Polygon","coordinates":[[[22.3984,51.7138],[22.4008,51.7196],[22.4109,51.7193],[22.4226,51.7364],[22.4289,51.736],[22.4366,51.7461],[22.4161,51.7703],[22.3985,51.783],[22.4008,51.7912],[22.3951,51.8016],[22.3662,51.8061],[22.3526,51.8134],[22.3665,51.8319],[22.3799,51.8349],[22.3564,51.8423],[22.3689,51.8546],[22.3583,51.8598],[22.3687,51.8733],[22.3738,51.8661],[22.3689,51.8593],[22.3862,51.8661],[22.3956,51.8537],[22.4226,51.8648],[22.4555,51.8424],[22.4701,51.8451],[22.4821,51.8561],[22.4903,51.8865],[22.5151,51.8735],[22.5267,51.8809],[22.5612,51.8902],[22.5687,51.8792],[22.5798,51.8804],[22.5652,51.8926],[22.5718,51.896],[22.567,51.9291],[22.5499,51.9341],[22.5637,51.941],[22.5604,51.9471],[22.5699,51.9535],[22.5689,51.9609],[22.576,51.9678],[22.5917,51.9726],[22.6156,51.9702],[22.6212,51.974],[22.6301,51.9672],[22.6335,51.9693],[22.6405,51.9499],[22.654,51.9393],[22.6726,51.9427],[22.6861,51.9352],[22.7014,51.9408],[22.7003,51.9457],[22.7065,51.9484],[22.724,51.9401],[22.7302,51.948],[22.7384,51.9458],[22.7371,51.9421],[22.7717,51.9375],[22.7621,51.9258],[22.773,51.9258],[22.7731,51.9195],[22.7789,51.9195],[22.7798,51.905],[22.7637,51.9007],[22.7564,51.8732],[22.7473,51.8621],[22.7376,51.8597],[22.741,51.8546],[22.7345,51.8393],[22.7306,51.8401],[22.7298,51.8293],[22.7434,51.8125],[22.764,51.8135],[22.782,51.8324],[22.7914,51.8573],[22.8082,51.8586],[22.8078,51.8531],[22.8191,51.8527],[22.8159,51.8557],[22.882,51.8624],[22.8808,51.8474],[22.9203,51.8664],[22.9472,51.8862],[22.9676,51.8929],[23.0356,51.8942],[23.0442,51.8808],[23.0394,51.8746],[23.0473,51.8772],[23.0621,51.8671],[23.0461,51.8426],[23.0243,51.781],[22.9894,51.7709],[22.9779,51.7743],[22.9837,51.7861],[22.9443,51.7907],[22.9342,51.7699],[22.927,51.7705],[22.9101,51.7436],[22.8734,51.7412],[22.8543,51.7284],[22.8219,51.7331],[22.7946,51.6974],[22.7796,51.6871],[22.7766,51.6771],[22.7553,51.6763],[22.7467,51.6807],[22.7235,51.6774],[22.7296,51.6617],[22.7196,51.6592],[22.7235,51.6533],[22.7151,51.6513],[22.7161,51.6439],[22.7089,51.643],[22.7094,51.6324],[22.6986,51.6287],[22.6696,51.6303],[22.6694,51.616],[22.683,51.6177],[22.6772,51.5933],[22.6637,51.5911],[22.6357,51.612],[22.6104,51.622],[22.6156,51.6277],[22.5656,51.6552],[22.5713,51.6588],[22.5361,51.6599],[22.5398,51.6638],[22.5117,51.6698],[22.5139,51.6722],[22.4939,51.6825],[22.4784,51.6867],[22.4835,51.6945],[22.4178,51.7125],[22.3984,51.7138]]]}},{"type":"Feature","properties":{"slug":"pilski","name":"powiat pilski","bdlUnitId":"023016019000","voivodeship":"wielkopolskie"},"geometry":{"type":"Polygon","coordinates":[[[17.2576,53.3256],[17.2668,53.3423],[17.2572,53.3634],[17.3382,53.3477],[17.3421,53.3372],[17.3539,53.3344],[17.3578,53.3273],[17.355,53.321],[17.3788,53.3118],[17.3876,53.2987],[17.4013,53.2936],[17.3944,53.2892],[17.4073,53.2825],[17.4105,53.2871],[17.4201,53.2833],[17.4388,53.2675],[17.4185,53.2534],[17.4279,53.2464],[17.4127,53.2414],[17.4173,53.231],[17.4051,53.2268],[17.3689,53.2268],[17.329,53.214],[17.3216,53.2163],[17.3211,53.2115],[17.3343,53.2085],[17.3471,53.1963],[17.3352,53.1795],[17.3369,53.1715],[17.3469,53.1638],[17.3354,53.1556],[17.3531,53.1548],[17.3513,53.151],[17.3928,53.142],[17.3871,53.1337],[17.3526,53.1311],[17.3609,53.1174],[17.3572,53.0872],[17.3345,53.0774],[17.2913,53.0841],[17.2276,53.0793],[17.2265,53.0839],[17.2076,53.0899],[17.1254,53.0757],[17.1288,53.0733],[17.0926,53.0755],[17.0659,53.0664],[17.026,53.0669],[17.0178,53.0741],[17.0022,53.0668],[16.9985,53.06],[16.9713,53.0593],[16.9508,53.0534],[16.9319,53.0567],[16.884,53.0502],[16.8479,53.0548],[16.8078,53.053],[16.8076,53.0443],[16.7963,53.0431],[16.8006,53.0266],[16.7903,53.0287],[16.7875,53.0212],[16.7751,53.0246],[16.7798,53.0135],[16.741,53.0028],[16.7389,52.982],[16.732,52.9835],[16.7378,52.9799],[16.7067,52.9687],[16.6984,52.9618],[16.7042,52.9574],[16.7013,52.9517],[16.696,52.9517],[16.6461,52.958],[16.6471,52.9676],[16.6398,52.9698],[16.6325,52.9893],[16.6495,52.9914],[16.6502,53.0226],[16.6254,53.0444],[16.6076,53.0419],[16.6372,53.0582],[16.6587,53.0631],[16.6572,53.0707],[16.6677,53.0727],[16.6658,53.0838],[16.6582,53.0866],[16.67,53.094],[16.6918,53.0905],[16.6971,53.1023],[16.7027,53.1016],[16.7113,53.1144],[16.7182,53.1126],[16.7195,53.1178],[16.7085,53.1205],[16.7119,53.1236],[16.6984,53.1308],[16.6808,53.1273],[16.6795,53.1308],[16.6747,53.1297],[16.6762,53.1258],[16.655,53.1224],[16.653,53.1186],[16.649,53.1249],[16.6383,53.1193],[16.6404,53.1138],[16.6502,53.1134],[16.6562,53.1069],[16.6178,53.1104],[16.6087,53.1062],[16.5804,53.1213],[16.569,53.122],[16.5661,53.111],[16.5534,53.1145],[16.5556,53.1208],[16.5347,53.128],[16.5228,53.1257],[16.5207,53.1296],[16.4987,53.1219],[16.5004,53.1146],[16.4972,53.1143],[16.4886,53.119],[16.4794,53.1151],[16.4187,53.1292],[16.3905,53.131],[16.3915,53.1409],[16.3983,53.1484],[16.3916,53.1578],[16.4018,53.1605],[16.3992,53.1637],[16.4095,53.1636],[16.4053,53.1585],[16.4167,53.1489],[16.4248,53.1486],[16.4325,53.1564],[16.4471,53.155],[16.4456,53.1621],[16.4494,53.1598],[16.4724,53.1698],[16.4838,53.1642],[16.5004,53.1637],[16.5011,53.1727],[16.5102,53.1823],[16.5157,53.1817],[16.513,53.1849],[16.5205,53.1858],[16.5279,53.1997],[16.5396,53.2014],[16.5301,53.2085],[16.5321,53.219],[16.5564,53.2213],[16.5507,53.2233],[16.5594,53.2332],[16.577,53.2312],[16.5795,53.2271],[16.5957,53.2295],[16.6004,53.2228],[16.5965,53.2176],[16.6096,53.2087],[16.6257,53.2086],[16.6202,53.2135],[16.6299,53.2184],[16.6382,53.215],[16.625,53.2264],[16.6345,53.2278],[16.6325,53.2338],[16.6207,53.2336],[16.6294,53.2494],[16.6446,53.2556],[16.63,53.26],[16.6456,53.2679],[16.6607,53.2668],[16.6509,53.2755],[16.6513,53.2806],[16.6621,53.2787],[16.6737,53.2922],[16.7145,53.2991],[16.721,53.2916],[16.7437,53.2819],[16.7525,53.2984],[16.7724,53.2915],[16.8008,53.2896],[16.7906,53.2845],[16.7923,53.2638],[16.8038,53.2529],[16.8001,53.2515],[16.8216,53.2415],[16.8145,53.2398],[16.8151,53.2341],[16.8063,53.2255],[16.7928,53.2207],[16.7938,53.2137],[16.7861,53.2059],[16.7908,53.2038],[16.7797,53.1894],[16.7995,53.1913],[16.857,53.1779],[16.8529,53.1693],[16.914,53.1789],[16.9061,53.197],[16.9151,53.1987],[16.9145,53.2065],[16.9493,53.2213],[16.9691,53.2189],[16.9725,53.2257],[16.9956,53.2343],[17.0286,53.2335],[17.0453,53.224],[17.0701,53.2295],[17.0824,53.2406],[17.1436,53.2385],[17.1487,53.252],[17.1433,53.2534],[17.142,53.262],[17.1899,53.2704],[17.1859,53.2891],[17.1943,53.2975],[17.2485,53.3125],[17.2555,53.3193],[17.2492,53.3236],[17.2576,53.3256]]]}},{"type":"Feature","properties":{"slug":"wysokomazowiecki","name":"powiat wysokomazowiecki","bdlUnitId":"062013813000","voivodeship":"podlaskie"},"geometry":{"type":"Polygon","coordinates":[[[22.2932,52.8711],[22.3004,52.876],[22.3062,52.8703],[22.3122,52.8836],[22.3231,52.8915],[22.3417,52.8917],[22.3395,52.8949],[22.3506,52.9076],[22.3444,52.9139],[22.3461,52.9244],[22.3412,52.927],[22.3451,52.9354],[22.3568,52.9386],[22.3579,52.9535],[22.3508,52.9552],[22.3499,52.9715],[22.3833,52.9771],[22.3834,52.9832],[22.4045,52.9864],[22.3981,52.995],[22.4043,53.0071],[22.4387,53.0223],[22.4425,53.0262],[22.4381,53.0359],[22.4413,53.0406],[22.458,53.0429],[22.4681,53.0387],[22.516,53.0581],[22.5621,53.0638],[22.5736,53.0714],[22.5825,53.0894],[22.5976,53.0959],[22.6101,53.1195],[22.6183,53.1258],[22.6145,53.1273],[22.6163,53.1314],[22.6352,53.1417],[22.6535,53.1395],[22.6613,53.1435],[22.6865,53.1353],[22.6821,53.1306],[22.7247,53.1225],[22.7261,53.1255],[22.7492,53.1137],[22.8102,53.1208],[22.8028,53.1012],[22.8132,53.0934],[22.8158,53.079],[22.8413,53.0709],[22.8615,53.0765],[22.8683,53.0741],[22.8629,53.0552],[22.8323,53.0477],[22.8042,53.034],[22.7864,53.0323],[22.7738,53.015],[22.7612,53.0066],[22.7641,53.0013],[22.7777,53.0013],[22.7715,52.9931],[22.7649,52.9966],[22.7615,52.9911],[22.7693,52.99],[22.7687,52.982],[22.788,52.9659],[22.768,52.9499],[22.767,52.9283],[22.7423,52.9254],[22.715,52.9336],[22.709,52.9259],[22.7129,52.9092],[22.7335,52.9032],[22.7553,52.8844],[22.7506,52.8805],[22.7601,52.8763],[22.7548,52.8596],[22.7586,52.8499],[22.7742,52.8571],[22.78,52.8505],[22.7764,52.8416],[22.7902,52.8284],[22.771,52.8296],[22.7641,52.8188],[22.7481,52.8192],[22.7456,52.8115],[22.7321,52.8107],[22.7249,52.8021],[22.703,52.8028],[22.6915,52.7877],[22.6965,52.7776],[22.6831,52.7693],[22.6797,52.7595],[22.6596,52.7516],[22.6265,52.75],[22.6121,52.7394],[22.6203,52.7351],[22.6145,52.7317],[22.631,52.7259],[22.6291,52.722],[22.661,52.7012],[22.6762,52.704],[22.6942,52.6917],[22.6973,52.687],[22.6941,52.6848],[22.7173,52.6746],[22.7182,52.6697],[22.703,52.6663],[22.7022,52.657],[22.6979,52.6584],[22.6975,52.6532],[22.7019,52.6544],[22.6981,52.6309],[22.6835,52.624],[22.6546,52.6233],[22.6035,52.5991],[22.5706,52.5981],[22.5566,52.6104],[22.5647,52.6209],[22.5582,52.6219],[22.5456,52.6121],[22.5375,52.6152],[22.5408,52.6064],[22.5013,52.6173],[22.5071,52.6289],[22.4838,52.6177],[22.4763,52.6028],[22.4893,52.5986],[22.467,52.5929],[22.4578,52.5854],[22.4174,52.5994],[22.4086,52.6097],[22.4191,52.6094],[22.4196,52.6148],[22.4509,52.6243],[22.4495,52.64],[22.4614,52.6389],[22.4652,52.6409],[22.4623,52.6454],[22.4736,52.6462],[22.4503,52.6527],[22.4425,52.6649],[22.4447,52.6821],[22.435,52.6969],[22.4469,52.7267],[22.4442,52.7418],[22.4532,52.7653],[22.4607,52.7707],[22.4538,52.7882],[22.3788,52.7944],[22.3881,52.7843],[22.3826,52.7776],[22.3446,52.7778],[22.341,52.7649],[22.3469,52.7574],[22.3373,52.7542],[22.3344,52.7405],[22.3242,52.7421],[22.3238,52.7483],[22.3037,52.748],[22.311,52.7552],[22.2999,52.7542],[22.302,52.7651],[22.2966,52.7664],[22.3038,52.7668],[22.3,52.7721],[22.308,52.7742],[22.3012,52.7747],[22.3014,52.7833],[22.2842,52.778],[22.2766,52.7836],[22.2784,52.7893],[22.2512,52.8256],[22.2517,52.8314],[22.2425,52.8328],[22.2626,52.8365],[22.2612,52.8442],[22.2757,52.8417],[22.2715,52.8393],[22.2747,52.832],[22.3051,52.8393],[22.3074,52.8577],[22.2873,52.8539],[22.2822,52.8461],[22.2828,52.8508],[22.2783,52.8481],[22.2846,52.8643],[22.2932,52.8711]]]}},{"type":"Feature","properties":{"slug":"buski","name":"powiat buski","bdlUnitId":"052615301000","voivodeship":"świętokrzyskie"},"geometry":{"type":"Polygon","coordinates":[[[20.8021,50.558],[20.8125,50.5686],[20.7842,50.5916],[20.8105,50.5833],[20.8165,50.5918],[20.8141,50.6017],[20.8245,50.6097],[20.8138,50.6134],[20.8279,50.6348],[20.8501,50.6317],[20.8968,50.6383],[20.9121,50.6367],[20.9241,50.6275],[20.9048,50.6036],[20.9119,50.6026],[20.922,50.6105],[20.947,50.6057],[20.9374,50.5941],[20.942,50.5848],[20.9461,50.5854],[20.9441,50.5729],[20.9502,50.5751],[20.9506,50.5682],[20.9297,50.5443],[20.9317,50.5367],[20.976,50.5584],[21.0232,50.5582],[21.0529,50.5663],[21.07,50.5614],[21.0631,50.5557],[21.0625,50.5439],[21.0572,50.5435],[21.0641,50.5419],[21.0737,50.5288],[21.0698,50.5189],[21.1024,50.519],[21.1025,50.5141],[21.0854,50.5088],[21.0843,50.4999],[21.1112,50.4953],[21.1139,50.492],[21.1105,50.4881],[21.1166,50.4851],[21.0947,50.4863],[21.0912,50.4805],[21.0759,50.4765],[21.0803,50.4883],[21.0752,50.4879],[21.0611,50.4768],[21.0389,50.4868],[21.0154,50.4894],[21.0061,50.4693],[20.9766,50.463],[20.9807,50.4577],[21.034,50.4404],[21.0372,50.4341],[21.0809,50.4333],[21.0797,50.4264],[21.092,50.4258],[21.086,50.4112],[21.1167,50.4091],[21.1255,50.4031],[21.1251,50.3882],[21.1118,50.3841],[21.1152,50.3802],[21.1093,50.3754],[21.1171,50.3614],[21.1338,50.3616],[21.1372,50.3723],[21.1349,50.3619],[21.1484,50.3552],[21.1224,50.3514],[21.1112,50.3378],[21.0848,50.3372],[21.0721,50.3227],[21.0555,50.3155],[21.033,50.3193],[21.0114,50.3129],[20.9552,50.316],[20.9451,50.3125],[20.9346,50.2985],[20.8973,50.3067],[20.8795,50.2956],[20.8549,50.2961],[20.8499,50.2918],[20.8482,50.2788],[20.8358,50.2733],[20.8135,50.2865],[20.7968,50.2904],[20.7825,50.2862],[20.7747,50.2777],[20.6966,50.2846],[20.6881,50.2897],[20.6932,50.309],[20.7047,50.3145],[20.697,50.3215],[20.6847,50.3098],[20.6703,50.3073],[20.6434,50.3145],[20.6454,50.3177],[20.6264,50.3299],[20.6264,50.3438],[20.6043,50.3562],[20.6211,50.3695],[20.6299,50.3683],[20.6385,50.374],[20.6495,50.3711],[20.6485,50.3859],[20.6427,50.3849],[20.6332,50.3947],[20.6206,50.3967],[20.629,50.4082],[20.6349,50.4066],[20.6334,50.427],[20.6416,50.4355],[20.6638,50.4303],[20.6497,50.4485],[20.6525,50.4505],[20.6337,50.4481],[20.6063,50.4597],[20.6212,50.4634],[20.648,50.4935],[20.6439,50.4951],[20.6478,50.5],[20.6219,50.5088],[20.6056,50.5226],[20.6598,50.5283],[20.663,50.5324],[20.6756,50.5278],[20.6917,50.5541],[20.7268,50.5665],[20.7523,50.5631],[20.7494,50.5437],[20.7746,50.5366],[20.7828,50.5473],[20.7835,50.559],[20.7888,50.5533],[20.8021,50.558]],[[21.087,50.4941],[21.0834,50.4999],[21.0786,50.4962],[21.087,50.4941]]]}},{"type":"Feature","properties":{"slug":"sremski","name":"powiat śremski","bdlUnitId":"023016126000","voivodeship":"wielkopolskie"},"geometry":{"type":"Polygon","coordinates":[[[17.0047,51.9802],[16.9928,51.9951],[16.9594,52.0052],[16.9431,52.0157],[16.9207,52.0175],[16.9088,52.0134],[16.8884,52.0213],[16.9013,52.0365],[16.917,52.046],[16.9258,52.0639],[16.9181,52.0684],[16.8761,52.0671],[16.8784,52.0805],[16.8732,52.0919],[16.8885,52.094],[16.884,52.1026],[16.858,52.102],[16.8683,52.1195],[16.8581,52.1152],[16.8492,52.1194],[16.8408,52.1146],[16.8221,52.1183],[16.8122,52.1319],[16.7903,52.1408],[16.8034,52.1631],[16.7993,52.1768],[16.8056,52.1755],[16.8172,52.1835],[16.8255,52.1804],[16.8499,52.1866],[16.8722,52.1824],[16.886,52.1874],[16.889,52.1928],[16.8859,52.196],[16.9053,52.198],[16.9245,52.1858],[16.9453,52.1797],[16.9415,52.1759],[16.9467,52.1674],[16.9819,52.1864],[16.9908,52.1847],[16.9887,52.1799],[17.001,52.1785],[17.0039,52.1715],[17.0349,52.1637],[17.037,52.152],[17.0411,52.1516],[17.0573,52.167],[17.0982,52.1839],[17.0923,52.1591],[17.1132,52.151],[17.1142,52.1402],[17.1256,52.1333],[17.143,52.133],[17.1439,52.1172],[17.1381,52.1001],[17.1607,52.1033],[17.1816,52.099],[17.2263,52.1097],[17.2345,52.1057],[17.244,52.1084],[17.2616,52.1],[17.2752,52.103],[17.2883,52.0957],[17.3166,52.1002],[17.3239,52.0941],[17.3198,52.0828],[17.2777,52.0698],[17.2719,52.0477],[17.2735,52.0367],[17.2897,52.0298],[17.3121,52.0349],[17.3086,52.0181],[17.3268,52.0104],[17.3235,51.9871],[17.2226,51.9877],[17.2037,51.9836],[17.1767,51.9616],[17.1639,51.968],[17.1446,51.9521],[17.129,51.9501],[17.1258,51.9465],[17.1313,51.9337],[17.1195,51.9248],[17.052,51.9352],[17.045,51.9415],[17.037,51.9414],[17.03,51.951],[17.0548,51.9617],[17.0331,51.9648],[17.0439,51.9676],[17.0433,51.9714],[17.0351,51.9713],[17.0366,51.9753],[17.0151,51.9753],[17.0047,51.9802]]]}},{"type":"Feature","properties":{"slug":"kepinski","name":"powiat kępiński","bdlUnitId":"023015708000","voivodeship":"wielkopolskie"},"geometry":{"type":"Polygon","coordinates":[[[18.0647,51.3821],[18.0638,51.3778],[18.0832,51.3836],[18.0988,51.362],[18.0745,51.3499],[18.0934,51.3411],[18.0925,51.3257],[18.1128,51.3108],[18.1088,51.3069],[18.1136,51.2971],[18.1098,51.2932],[18.12,51.2866],[18.105,51.2855],[18.1031,51.2804],[18.1169,51.2775],[18.1034,51.2683],[18.1068,51.2628],[18.1169,51.2611],[18.1199,51.2661],[18.1366,51.2697],[18.138,51.2641],[18.1533,51.264],[18.1507,51.2732],[18.1726,51.2683],[18.1692,51.2681],[18.172,51.2634],[18.1667,51.2463],[18.1802,51.2234],[18.1621,51.2055],[18.1622,51.1923],[18.1764,51.1908],[18.1669,51.1824],[18.1637,51.1725],[18.126,51.1691],[18.1044,51.1536],[18.1021,51.1588],[18.0938,51.1566],[18.0782,51.1662],[18.0705,51.1556],[18.0818,51.1545],[18.0679,51.1495],[18.0754,51.147],[18.0503,51.1351],[17.9395,51.1089],[17.9223,51.114],[17.8854,51.1037],[17.8635,51.1146],[17.8225,51.1183],[17.8171,51.1323],[17.8122,51.1325],[17.8131,51.1379],[17.8324,51.1384],[17.8512,51.1724],[17.848,51.1835],[17.8257,51.1946],[17.8131,51.1869],[17.7776,51.1978],[17.7565,51.2166],[17.7555,51.2332],[17.744,51.243],[17.7429,51.2573],[17.7494,51.2696],[17.7382,51.2757],[17.7516,51.2812],[17.7473,51.286],[17.7503,51.2907],[17.7662,51.3006],[17.7606,51.3021],[17.7644,51.3059],[17.7589,51.3083],[17.805,51.3033],[17.8007,51.2968],[17.8035,51.2931],[17.8244,51.294],[17.8255,51.2984],[17.8329,51.2973],[17.8343,51.3028],[17.8252,51.3086],[17.8274,51.3193],[17.8492,51.321],[17.8346,51.3307],[17.8539,51.3417],[17.8711,51.3385],[17.8769,51.3427],[17.8736,51.3536],[17.8864,51.3472],[17.9027,51.3484],[17.9229,51.3658],[17.9395,51.3462],[17.96,51.3387],[17.9806,51.3551],[17.9941,51.3458],[18,51.3494],[18.0045,51.3531],[18.0053,51.3667],[18.0435,51.392],[18.061,51.3893],[18.0565,51.3838],[18.0647,51.3821]]]}},{"type":"Feature","properties":{"slug":"turecki","name":"powiat turecki","bdlUnitId":"023015827000","voivodeship":"wielkopolskie"},"geometry":{"type":"Polygon","coordinates":[[[18.6857,51.821],[18.6486,51.8268],[18.6425,51.8339],[18.6303,51.8308],[18.6132,51.8344],[18.5949,51.8481],[18.55,51.8454],[18.535,51.8417],[18.5346,51.8361],[18.5155,51.8342],[18.5073,51.8544],[18.4869,51.8494],[18.472,51.851],[18.4816,51.8563],[18.4744,51.8696],[18.4232,51.8735],[18.4243,51.8805],[18.413,51.8895],[18.4162,51.8973],[18.4102,51.911],[18.3889,51.9115],[18.3795,51.9039],[18.3658,51.9021],[18.3648,51.9062],[18.3498,51.9063],[18.344,51.9164],[18.3269,51.9263],[18.332,51.9307],[18.3275,51.9368],[18.3232,51.9363],[18.3195,51.9429],[18.3031,51.945],[18.3233,51.9459],[18.2969,51.9813],[18.2811,51.9863],[18.2513,52.0083],[18.2589,52.0228],[18.2611,52.0206],[18.2734,52.0314],[18.2558,52.0401],[18.2555,52.0445],[18.2399,52.0455],[18.2405,52.0398],[18.2285,52.039],[18.2182,52.0767],[18.2293,52.0845],[18.2201,52.0899],[18.2319,52.098],[18.2747,52.109],[18.2827,52.1147],[18.2868,52.1255],[18.3265,52.1225],[18.3303,52.1288],[18.348,52.1273],[18.3516,52.1465],[18.3915,52.1374],[18.3869,52.1515],[18.4004,52.1481],[18.4209,52.1553],[18.4196,52.1665],[18.4233,52.1705],[18.4297,52.1597],[18.4348,52.1641],[18.4565,52.165],[18.4648,52.1708],[18.4887,52.1505],[18.511,52.1457],[18.5267,52.1366],[18.582,52.1257],[18.5902,52.1288],[18.6148,52.1209],[18.631,52.1208],[18.6517,52.1249],[18.6526,52.13],[18.6648,52.1358],[18.6855,52.1284],[18.6925,52.0892],[18.7146,52.0766],[18.7129,52.0727],[18.7204,52.0632],[18.7225,52.0547],[18.7165,52.0323],[18.727,52.0236],[18.7303,52.0143],[18.7269,52.0106],[18.7346,52.0027],[18.7171,51.9929],[18.7306,51.9853],[18.7332,51.9682],[18.715,51.9682],[18.7298,51.9547],[18.7382,51.9627],[18.7412,51.9507],[18.7361,51.9446],[18.7435,51.9435],[18.7425,51.9371],[18.7679,51.9278],[18.7368,51.901],[18.7354,51.8955],[18.7404,51.893],[18.7212,51.8807],[18.7233,51.8721],[18.6968,51.8657],[18.701,51.8529],[18.6947,51.8499],[18.6995,51.8486],[18.6928,51.8451],[18.6911,51.8318],[18.6866,51.8329],[18.6905,51.8285],[18.6857,51.821]]]}},{"type":"Feature","properties":{"slug":"opatowski","name":"powiat opatowski","bdlUnitId":"052615306000","voivodeship":"świętokrzyskie"},"geometry":{"type":"Polygon","coordinates":[[[21.5704,50.853],[21.5713,50.8641],[21.5661,50.8689],[21.5767,50.8878],[21.5679,50.8897],[21.5716,50.8966],[21.577,50.8966],[21.5839,50.9071],[21.6041,50.9079],[21.5986,50.9117],[21.6094,50.9163],[21.6036,50.9201],[21.6156,50.9252],[21.6058,50.9414],[21.5905,50.9532],[21.5967,50.9659],[21.6115,50.9778],[21.6354,50.9799],[21.6305,50.9878],[21.6385,50.9885],[21.6387,50.9926],[21.6573,50.9854],[21.676,50.9876],[21.6677,50.9902],[21.6707,50.9919],[21.6647,50.9995],[21.6681,51.002],[21.6596,51.0004],[21.6819,51.01],[21.687,51.018],[21.6629,51.0239],[21.6237,51.071],[21.6121,51.076],[21.6403,51.0763],[21.6496,51.0695],[21.6763,51.078],[21.6916,51.0658],[21.7052,51.0427],[21.7188,51.0411],[21.7299,51.0473],[21.7521,51.0374],[21.759,51.0374],[21.7606,51.0428],[21.779,51.042],[21.7806,51.0455],[21.7724,51.0488],[21.7895,51.0595],[21.7818,51.0608],[21.7851,51.0689],[21.803,51.0721],[21.8216,51.0587],[21.8259,51.0439],[21.8056,51.0326],[21.8027,51.0253],[21.8207,51.0046],[21.82,50.9675],[21.8129,50.9551],[21.8129,50.9345],[21.8307,50.905],[21.8306,50.8868],[21.8358,50.8783],[21.8242,50.8758],[21.8165,50.8809],[21.812,50.8731],[21.7989,50.8703],[21.7562,50.8787],[21.7526,50.874],[21.7594,50.8615],[21.7699,50.8571],[21.748,50.8454],[21.7349,50.8468],[21.7323,50.8388],[21.7187,50.8454],[21.7116,50.8421],[21.7097,50.8322],[21.721,50.8208],[21.7184,50.8071],[21.7324,50.8037],[21.7312,50.7974],[21.7232,50.7974],[21.7247,50.7877],[21.719,50.7861],[21.7185,50.7801],[21.6779,50.7733],[21.6732,50.7812],[21.6229,50.7961],[21.6035,50.7821],[21.5991,50.7836],[21.5952,50.7651],[21.5759,50.7696],[21.5555,50.7641],[21.5518,50.7598],[21.5566,50.7534],[21.5881,50.7339],[21.5664,50.727],[21.5656,50.7319],[21.556,50.7315],[21.548,50.7229],[21.5394,50.7241],[21.5337,50.7128],[21.541,50.6972],[21.5246,50.6906],[21.517,50.6799],[21.4898,50.7054],[21.4756,50.7115],[21.4654,50.7034],[21.4475,50.7069],[21.4453,50.6982],[21.4357,50.6971],[21.4125,50.7077],[21.4067,50.6985],[21.3994,50.6988],[21.3869,50.6902],[21.3542,50.6944],[21.3502,50.6835],[21.301,50.6908],[21.2891,50.6988],[21.2626,50.6846],[21.2192,50.6965],[21.2015,50.6914],[21.1978,50.6925],[21.1976,50.7019],[21.1896,50.7041],[21.1474,50.7036],[21.1394,50.6964],[21.1388,50.7029],[21.1327,50.704],[21.1373,50.7205],[21.1635,50.7137],[21.1655,50.7212],[21.1588,50.7325],[21.1645,50.7389],[21.1604,50.741],[21.1697,50.7497],[21.1501,50.7618],[21.1357,50.7643],[21.1359,50.7904],[21.1414,50.7943],[21.1387,50.7963],[21.1462,50.8115],[21.1343,50.8122],[21.1329,50.8222],[21.1493,50.8199],[21.1866,50.8264],[21.2327,50.8193],[21.2447,50.8285],[21.2543,50.8278],[21.2574,50.845],[21.2715,50.8405],[21.272,50.8593],[21.281,50.8607],[21.2915,50.8556],[21.321,50.8638],[21.3268,50.8718],[21.3606,50.8709],[21.3685,50.8827],[21.3942,50.8849],[21.3977,50.8899],[21.4034,50.8858],[21.3926,50.8734],[21.4049,50.8726],[21.4133,50.885],[21.4598,50.8755],[21.4574,50.8696],[21.4522,50.8693],[21.4564,50.8671],[21.4558,50.8604],[21.4694,50.8638],[21.4672,50.8682],[21.4738,50.8626],[21.4639,50.8524],[21.4536,50.8493],[21.4792,50.8388],[21.4873,50.8416],[21.4822,50.836],[21.4969,50.8267],[21.5187,50.8306],[21.52,50.8382],[21.5299,50.838],[21.5317,50.8447],[21.5464,50.8512],[21.5489,50.8574],[21.5704,50.853]]]}},{"type":"Feature","properties":{"slug":"pinczowski","name":"powiat pińczowski","bdlUnitId":"052615308000","voivodeship":"świętokrzyskie"},"geometry":{"type":"Polygon","coordinates":[[[20.5843,50.6679],[20.6266,50.6703],[20.6322,50.6624],[20.6479,50.661],[20.6343,50.6435],[20.6454,50.6433],[20.6449,50.638],[20.661,50.6348],[20.6495,50.6234],[20.6588,50.6152],[20.6773,50.6136],[20.6592,50.612],[20.6606,50.6012],[20.6663,50.6039],[20.6684,50.5994],[20.6585,50.5917],[20.6309,50.587],[20.6251,50.5706],[20.6453,50.5633],[20.6414,50.5566],[20.6844,50.5463],[20.6756,50.5278],[20.663,50.5324],[20.6598,50.5283],[20.6056,50.5226],[20.6219,50.5088],[20.6478,50.5],[20.6439,50.4951],[20.648,50.4935],[20.6212,50.4634],[20.6063,50.4597],[20.6337,50.4481],[20.6525,50.4505],[20.6497,50.4485],[20.6607,50.4386],[20.6641,50.4278],[20.6416,50.4355],[20.6334,50.427],[20.6349,50.4066],[20.629,50.4082],[20.6206,50.3967],[20.6332,50.3947],[20.6427,50.3849],[20.6485,50.3859],[20.6495,50.3711],[20.6385,50.374],[20.6299,50.3683],[20.6211,50.3695],[20.6043,50.3562],[20.6264,50.3438],[20.6265,50.3313],[20.5795,50.3296],[20.5734,50.3322],[20.5755,50.3363],[20.5669,50.3387],[20.543,50.3387],[20.5301,50.3472],[20.5337,50.3543],[20.5296,50.3642],[20.5187,50.3659],[20.5097,50.3817],[20.4867,50.3908],[20.4665,50.3888],[20.4639,50.3847],[20.4687,50.369],[20.4526,50.367],[20.4517,50.3617],[20.4407,50.3636],[20.4305,50.3576],[20.4321,50.3542],[20.3878,50.3595],[20.3732,50.3564],[20.3614,50.3469],[20.3705,50.3421],[20.371,50.3376],[20.3632,50.3333],[20.3305,50.3402],[20.3053,50.3359],[20.2924,50.3458],[20.2975,50.3521],[20.3131,50.3486],[20.3305,50.3527],[20.3318,50.3568],[20.3277,50.3574],[20.3391,50.3596],[20.3175,50.3707],[20.3222,50.3712],[20.3209,50.3845],[20.3058,50.389],[20.3039,50.3982],[20.293,50.4049],[20.2899,50.4191],[20.266,50.427],[20.2606,50.4415],[20.2765,50.471],[20.2834,50.4724],[20.2922,50.4599],[20.3271,50.4472],[20.3252,50.4547],[20.3334,50.4705],[20.3672,50.4705],[20.3688,50.4735],[20.3621,50.4743],[20.3694,50.4885],[20.3273,50.502],[20.3435,50.5291],[20.3325,50.5324],[20.3417,50.5462],[20.3696,50.5484],[20.3632,50.5426],[20.3648,50.5388],[20.3807,50.5432],[20.4154,50.5412],[20.4316,50.5303],[20.4386,50.535],[20.4496,50.5283],[20.4582,50.529],[20.4601,50.5363],[20.4566,50.5366],[20.4673,50.542],[20.4714,50.5556],[20.5002,50.5683],[20.508,50.5802],[20.5067,50.5874],[20.5142,50.595],[20.5101,50.6043],[20.4982,50.6041],[20.5057,50.6168],[20.4978,50.6129],[20.5037,50.6311],[20.5004,50.636],[20.5278,50.6379],[20.543,50.6469],[20.5538,50.6414],[20.5704,50.6512],[20.5669,50.6559],[20.5719,50.666],[20.5843,50.6679]]]}},{"type":"Feature","properties":{"slug":"koszalinski","name":"powiat koszaliński","bdlUnitId":"023216309000","voivodeship":"zachodniopomorskie"},"geometry":{"type":"Polygon","coordinates":[[[16.7317,54.2319],[16.7292,54.2256],[16.7114,54.2139],[16.7196,54.2093],[16.7197,54.2024],[16.7327,54.2037],[16.7357,54.1886],[16.7351,54.1846],[16.7287,54.1841],[16.7301,54.1795],[16.7489,54.1727],[16.7568,54.1578],[16.7743,54.1551],[16.7747,54.1336],[16.7841,54.1312],[16.7773,54.1273],[16.779,54.1192],[16.793,54.1212],[16.8046,54.1161],[16.7993,54.1014],[16.7935,54.1009],[16.7923,54.0792],[16.7967,54.0792],[16.7945,54.0752],[16.8035,54.0789],[16.8126,54.0731],[16.8084,54.0662],[16.8119,54.0617],[16.797,54.0547],[16.7976,54.0353],[16.7828,54.0225],[16.7883,54.0133],[16.7998,54.011],[16.7895,54.0108],[16.8014,54.004],[16.7957,53.9954],[16.798,53.987],[16.7691,53.988],[16.7606,53.9927],[16.7583,53.9887],[16.7631,53.9854],[16.7592,53.9851],[16.7589,53.9775],[16.7509,53.976],[16.7623,53.9662],[16.6903,53.9499],[16.7111,53.9365],[16.7145,53.9386],[16.7273,53.9233],[16.7101,53.9188],[16.71,53.9136],[16.7168,53.9048],[16.7362,53.8973],[16.7331,53.8903],[16.6807,53.8894],[16.6635,53.9092],[16.6341,53.8995],[16.6211,53.9006],[16.6158,53.9064],[16.594,53.9039],[16.5908,53.8992],[16.5944,53.8974],[16.587,53.8961],[16.5884,53.8918],[16.5768,53.8854],[16.5582,53.8941],[16.5351,53.8884],[16.5331,53.8978],[16.525,53.9027],[16.4993,53.9078],[16.4778,53.9098],[16.4405,53.9042],[16.4471,53.9227],[16.4338,53.9243],[16.4473,53.9289],[16.4438,53.9494],[16.457,53.9515],[16.4545,53.9537],[16.4283,53.9614],[16.4308,53.9671],[16.4019,53.9742],[16.3829,53.9687],[16.365,53.9803],[16.3692,53.9855],[16.3645,53.9871],[16.3541,53.9858],[16.3579,53.981],[16.3456,53.98],[16.3278,53.9842],[16.3316,53.9867],[16.3268,53.9908],[16.3301,53.9982],[16.3488,54.012],[16.2862,54.0199],[16.2707,54.0269],[16.2597,54.027],[16.259,54.0217],[16.2451,54.022],[16.2342,54.016],[16.2309,54.0219],[16.2345,54.023],[16.2298,54.0258],[16.1965,54.035],[16.1879,54.0426],[16.1804,54.0374],[16.1783,54.0425],[16.1224,54.058],[16.106,54.0716],[16.102,54.0824],[16.0863,54.0857],[16.0905,54.0981],[16.0734,54.1125],[16.0555,54.1145],[16.0532,54.1064],[16.0492,54.1064],[16.0577,54.1031],[16.0549,54.0952],[16.0315,54.0896],[16.0026,54.0734],[15.988,54.0808],[15.9764,54.0732],[15.9576,54.0724],[15.9462,54.0655],[15.9371,54.0707],[15.943,54.0732],[15.9397,54.0761],[15.9105,54.0766],[15.9095,54.089],[15.9324,54.1004],[15.9359,54.1063],[15.9128,54.126],[15.9221,54.1348],[15.9171,54.1391],[15.8374,54.1513],[15.8408,54.1618],[15.8196,54.1667],[15.8185,54.1734],[15.8047,54.1856],[15.8076,54.19],[15.804,54.1926],[15.8181,54.2047],[15.7925,54.2041],[15.8051,54.2207],[15.792,54.2272],[15.855,54.2421],[15.974,54.2513],[16.0571,54.2638],[16.1511,54.2909],[16.2209,54.3238],[16.2321,54.3149],[16.2315,54.3191],[16.2516,54.3148],[16.2597,54.3203],[16.2594,54.3306],[16.2799,54.334],[16.2926,54.3283],[16.2906,54.324],[16.2989,54.3195],[16.319,54.3211],[16.3356,54.2873],[16.3465,54.2828],[16.3895,54.2896],[16.3947,54.2923],[16.3931,54.2992],[16.3979,54.2992],[16.3975,54.3086],[16.4027,54.3108],[16.4132,54.3023],[16.4278,54.3001],[16.4075,54.299],[16.4125,54.2924],[16.4224,54.2908],[16.4231,54.284],[16.4121,54.2809],[16.4078,54.27],[16.4014,54.2703],[16.4006,54.2602],[16.395,54.2561],[16.4456,54.2486],[16.4434,54.2385],[16.4278,54.2329],[16.4129,54.2165],[16.438,54.2126],[16.465,54.2215],[16.492,54.2214],[16.4982,54.2248],[16.4956,54.2391],[16.529,54.2378],[16.5711,54.2241],[16.5713,54.2187],[16.5584,54.2174],[16.5582,54.2098],[16.5509,54.2094],[16.5521,54.204],[16.5355,54.1978],[16.5466,54.1909],[16.5801,54.1895],[16.6056,54.1931],[16.6121,54.2045],[16.6048,54.2113],[16.6163,54.223],[16.6396,54.2256],[16.6389,54.2189],[16.6634,54.2183],[16.6677,54.2078],[16.6829,54.2144],[16.7017,54.2152],[16.6965,54.2271],[16.7105,54.242],[16.7264,54.2401],[16.7317,54.2319]],[[16.3206,54.2057],[16.2987,54.2195],[16.2827,54.2132],[16.2769,54.2213],[16.265,54.2192],[16.2167,54.229],[16.1928,54.2154],[16.1802,54.2304],[16.1904,54.2292],[16.1868,54.2344],[16.2076,54.2449],[16.1959,54.2577],[16.1922,54.2729],[16.1768,54.277],[16.1687,54.2748],[16.1701,54.2618],[16.1391,54.2477],[16.1324,54.2502],[16.1285,54.2419],[16.1367,54.2336],[16.1297,54.2352],[16.1099,54.2217],[16.1148,54.2169],[16.1115,54.2129],[16.1165,54.2003],[16.1251,54.1969],[16.1368,54.1736],[16.1493,54.1796],[16.161,54.1713],[16.1646,54.162],[16.1929,54.1522],[16.1805,54.1374],[16.2212,54.1432],[16.2174,54.1544],[16.1994,54.1606],[16.2091,54.1667],[16.2405,54.1658],[16.2612,54.1584],[16.2825,54.1661],[16.2901,54.1587],[16.3044,54.1575],[16.2918,54.1662],[16.2871,54.1785],[16.3007,54.1831],[16.3011,54.1907],[16.3176,54.1935],[16.3228,54.1995],[16.3206,54.2057]]]}},{"type":"Feature","properties":{"slug":"bielski-slaskie","name":"powiat bielski","bdlUnitId":"012414402000","voivodeship":"śląskie"},"geometry":{"type":"MultiPolygon","coordinates":[[[[19.0932,49.9567],[19.0832,49.95],[19.0981,49.9522],[19.1065,49.9453],[19.1046,49.9427],[19.1217,49.9383],[19.1617,49.9395],[19.1663,49.9468],[19.1849,49.9501],[19.1841,49.9216],[19.1916,49.9199],[19.1945,49.9133],[19.1962,49.8874],[19.1729,49.8799],[19.1571,49.8651],[19.1709,49.853],[19.1969,49.8604],[19.1931,49.8682],[19.2062,49.8716],[19.2212,49.8687],[19.2208,49.8632],[19.2661,49.8621],[19.2946,49.85],[19.2866,49.8164],[19.2962,49.8105],[19.2974,49.8019],[19.3158,49.7845],[19.3168,49.7779],[19.2959,49.7801],[19.2696,49.7759],[19.249,49.7916],[19.2201,49.7888],[19.2,49.8053],[19.2068,49.8103],[19.1856,49.8288],[19.1714,49.8274],[19.1582,49.818],[19.1416,49.814],[19.1464,49.8002],[19.1396,49.7991],[19.1415,49.7948],[19.1275,49.7786],[19.1534,49.7669],[19.1464,49.761],[19.1395,49.7635],[19.1216,49.7435],[19.1145,49.7478],[19.1094,49.7418],[19.1141,49.7321],[19.1245,49.7324],[19.1291,49.7254],[19.1238,49.7252],[19.1231,49.7178],[19.1108,49.7148],[19.1174,49.7072],[19.0533,49.7043],[19.0248,49.6802],[19.0069,49.6721],[18.9987,49.6532],[18.9606,49.665],[18.9545,49.6789],[18.9973,49.7149],[18.9859,49.7358],[18.9951,49.74],[18.9937,49.7472],[19.0025,49.7606],[19.0316,49.7678],[19.0372,49.7628],[19.0615,49.7629],[19.0764,49.7771],[19.0841,49.7742],[19.1005,49.7848],[19.1153,49.7822],[19.1241,49.7872],[19.1255,49.7922],[19.1191,49.8001],[19.1064,49.7962],[19.0999,49.8014],[19.113,49.8155],[19.1313,49.8141],[19.1304,49.8204],[19.1191,49.8288],[19.1132,49.8759],[19.0959,49.8682],[19.0768,49.8747],[19.0661,49.8733],[19.0681,49.8769],[19.0549,49.8802],[19.0561,49.8855],[19.0482,49.8874],[19.0363,49.8816],[19.0418,49.8688],[19.0142,49.8693],[19.01,49.8555],[19.014,49.8544],[19.0133,49.8475],[18.9733,49.8405],[18.9746,49.8353],[18.9678,49.8278],[18.9635,49.8301],[18.9648,49.826],[18.9499,49.8133],[18.9535,49.809],[18.9677,49.8089],[18.9766,49.7892],[18.946,49.7555],[18.9546,49.7442],[18.9416,49.7546],[18.9155,49.7582],[18.9062,49.7725],[18.8889,49.7823],[18.8726,49.7838],[18.8571,49.7924],[18.8485,49.8031],[18.8487,49.8101],[18.8309,49.8141],[18.8471,49.8131],[18.8433,49.8177],[18.8557,49.8203],[18.8549,49.8262],[18.8437,49.8271],[18.833,49.8347],[18.8345,49.8472],[18.8462,49.8486],[18.8271,49.8624],[18.8343,49.8657],[18.8408,49.8776],[18.8536,49.8813],[18.8622,49.8897],[18.8817,49.8873],[18.8856,49.9064],[18.8925,49.9153],[18.8987,49.914],[18.8888,49.9161],[18.8908,49.922],[18.916,49.9156],[18.9291,49.93],[18.9403,49.9198],[18.962,49.9194],[18.978,49.9235],[18.9845,49.9333],[19.0059,49.9413],[19.0078,49.9461],[19.027,49.9464],[19.0267,49.9507],[19.0339,49.9485],[19.0372,49.9549],[19.0594,49.9553],[19.0617,49.951],[19.0932,49.9567]]],[[[18.9093,49.7627],[18.9081,49.7627],[18.9072,49.7642],[18.9073,49.7647],[18.9103,49.7652],[18.9106,49.7632],[18.9093,49.7627]]],[[[18.91,49.7603],[18.9097,49.7604],[18.9098,49.7619],[18.911,49.7624],[18.9122,49.7612],[18.911,49.761],[18.911,49.7606],[18.91,49.7603]]]]}},{"type":"Feature","properties":{"slug":"bedzinski","name":"powiat będziński","bdlUnitId":"012415001000","voivodeship":"śląskie"},"geometry":{"type":"MultiPolygon","coordinates":[[[[19.1336,50.5225],[19.1478,50.5292],[19.1827,50.5337],[19.2136,50.5217],[19.2343,50.5211],[19.247,50.5235],[19.2492,50.53],[19.2681,50.5364],[19.3041,50.5275],[19.3067,50.5213],[19.2909,50.5169],[19.275,50.5034],[19.2699,50.4916],[19.2714,50.4873],[19.2815,50.4851],[19.2754,50.4826],[19.2757,50.4713],[19.2834,50.4524],[19.2921,50.4498],[19.2843,50.4503],[19.2868,50.444],[19.2801,50.4409],[19.2947,50.4353],[19.2632,50.4333],[19.2457,50.439],[19.2386,50.4478],[19.2385,50.4407],[19.2286,50.4413],[19.2321,50.4308],[19.2265,50.4194],[19.2433,50.4149],[19.2396,50.4038],[19.219,50.4017],[19.1998,50.3905],[19.2002,50.3843],[19.1917,50.3983],[19.1793,50.3894],[19.1896,50.3546],[19.155,50.3321],[19.1616,50.3301],[19.1648,50.3184],[19.1612,50.3168],[19.1656,50.3133],[19.1474,50.3089],[19.1445,50.3014],[19.1211,50.3052],[19.1027,50.296],[19.1001,50.2997],[19.0713,50.2943],[19.0538,50.2969],[19.0452,50.3012],[19.0498,50.3201],[19.0566,50.3274],[19.0543,50.3387],[19.0604,50.3463],[19.0329,50.3495],[19.0081,50.3647],[18.9618,50.3747],[18.958,50.3815],[18.9757,50.3841],[18.981,50.3929],[18.97,50.4129],[18.9852,50.4156],[18.9846,50.4209],[18.9911,50.4256],[18.988,50.4319],[19.0117,50.4292],[19.0238,50.4488],[19.0219,50.4565],[19.0602,50.4489],[19.0569,50.4439],[19.0638,50.4429],[19.0692,50.4536],[19.0898,50.4571],[19.09,50.4635],[19.0995,50.4636],[19.104,50.4726],[19.0977,50.4769],[19.0988,50.4816],[19.115,50.4808],[19.1215,50.4911],[19.1141,50.4929],[19.1154,50.5004],[19.1345,50.5043],[19.1309,50.5115],[19.1336,50.5225]]],[[[19.3119,50.2583],[19.3116,50.27],[19.318,50.2722],[19.3114,50.275],[19.3157,50.276],[19.3032,50.2813],[19.2806,50.2805],[19.2867,50.2941],[19.2933,50.2932],[19.3006,50.2991],[19.3172,50.2984],[19.3205,50.3049],[19.3458,50.307],[19.3398,50.3111],[19.3488,50.3148],[19.3541,50.3259],[19.3849,50.3205],[19.3951,50.3229],[19.3991,50.3159],[19.4066,50.3174],[19.3984,50.3084],[19.4143,50.298],[19.4003,50.299],[19.4043,50.2981],[19.3964,50.2905],[19.3881,50.2892],[19.3826,50.2735],[19.3619,50.2707],[19.3715,50.2683],[19.3608,50.2635],[19.3632,50.2606],[19.3591,50.2592],[19.353,50.2666],[19.3119,50.2583]]]]}},{"type":"Feature","properties":{"slug":"wegorzewski","name":"powiat węgorzewski","bdlUnitId":"042815519000","voivodeship":"warmińsko-mazurskie"},"geometry":{"type":"Polygon","coordinates":[[[21.5622,54.0808],[21.5587,54.0874],[21.541,54.0927],[21.5311,54.1227],[21.5374,54.125],[21.5342,54.1289],[21.5382,54.1316],[21.561,54.1299],[21.552,54.1337],[21.5434,54.147],[21.5561,54.1435],[21.5737,54.1464],[21.5779,54.1631],[21.5627,54.1727],[21.5537,54.1857],[21.595,54.1956],[21.6023,54.2201],[21.586,54.2232],[21.5829,54.2152],[21.5723,54.2177],[21.5646,54.2245],[21.5644,54.2347],[21.5379,54.2435],[21.5392,54.2535],[21.5354,54.2564],[21.5475,54.2725],[21.5645,54.2779],[21.5672,54.2831],[21.5606,54.2909],[21.5619,54.3008],[21.5483,54.3091],[21.5532,54.3129],[21.5507,54.3158],[21.5736,54.3254],[21.9383,54.3332],[21.9511,54.3168],[21.9675,54.3109],[21.963,54.3062],[21.9621,54.2845],[21.9877,54.2564],[21.9761,54.2549],[21.9758,54.2496],[21.9598,54.2417],[21.9756,54.2337],[21.9688,54.2289],[21.9942,54.1957],[21.9975,54.1778],[22.0227,54.1725],[22.0204,54.1551],[22.026,54.1547],[22.0203,54.1547],[22.0232,54.1507],[22.0197,54.1505],[22.0261,54.1506],[22.0217,54.1442],[22.0251,54.1391],[21.9901,54.1352],[21.9868,54.1391],[21.9628,54.1311],[21.934,54.132],[21.9376,54.1287],[21.9291,54.1139],[21.9199,54.1117],[21.8997,54.0923],[21.8874,54.0872],[21.8383,54.0998],[21.825,54.1006],[21.8167,54.0918],[21.7823,54.0917],[21.7679,54.0953],[21.7658,54.1015],[21.746,54.0963],[21.7365,54.1013],[21.7205,54.0971],[21.6722,54.1025],[21.6484,54.1154],[21.6261,54.117],[21.6005,54.1127],[21.5829,54.097],[21.5623,54.1003],[21.5734,54.0876],[21.5622,54.0808]]]}},{"type":"Feature","properties":{"slug":"bierunsko-ledzinski","name":"powiat bieruńsko-lędziński","bdlUnitId":"012415114000","voivodeship":"śląskie"},"geometry":{"type":"Polygon","coordinates":[[[19.0816,50.1313],[19.0746,50.134],[19.0805,50.1422],[19.09,50.1429],[19.09,50.1472],[19.0999,50.143],[19.1064,50.1495],[19.1017,50.1551],[19.1069,50.1573],[19.1048,50.165],[19.1329,50.1524],[19.1495,50.1603],[19.1609,50.1605],[19.169,50.1544],[19.1848,50.1599],[19.1855,50.1694],[19.2229,50.1592],[19.2432,50.1607],[19.255,50.1368],[19.2121,50.0768],[19.2296,50.0712],[19.2336,50.0657],[19.2234,50.0676],[19.2189,50.059],[19.2135,50.0653],[19.2074,50.0614],[19.1945,50.0649],[19.1779,50.0572],[19.168,50.0604],[19.1601,50.0506],[19.1498,50.0519],[19.1457,50.0455],[19.1547,50.047],[19.1505,50.0454],[19.1532,50.0421],[19.1482,50.0439],[19.149,50.0397],[19.1078,50.0348],[19.0957,50.0254],[19.0502,50.0171],[19.056,50.0275],[19.0529,50.0311],[19.0585,50.0342],[19.0494,50.0315],[19.0459,50.0346],[19.0482,50.04],[19.0309,50.0444],[19.0371,50.0464],[19.0449,50.0611],[19.0332,50.0769],[19.0425,50.0835],[19.0513,50.0823],[19.0497,50.0914],[19.0578,50.0895],[19.0605,50.0974],[19.054,50.1062],[19.0912,50.1017],[19.0884,50.1066],[19.0746,50.11],[19.0887,50.1104],[19.0759,50.1193],[19.0816,50.1313]]]}},{"type":"Feature","properties":{"slug":"policki","name":"powiat policki","bdlUnitId":"023216611000","voivodeship":"zachodniopomorskie"},"geometry":{"type":"Polygon","coordinates":[[[14.2739,53.7852],[14.3814,53.7686],[14.498,53.7035],[14.523,53.6743],[14.5606,53.6502],[14.5738,53.6318],[14.583,53.6079],[14.5984,53.5997],[14.6015,53.5591],[14.6329,53.5443],[14.636,53.5345],[14.6283,53.5328],[14.6041,53.5371],[14.595,53.5308],[14.5785,53.5358],[14.5724,53.5329],[14.5705,53.5377],[14.5543,53.5325],[14.5547,53.5257],[14.5683,53.5199],[14.574,53.5233],[14.5813,53.5177],[14.587,53.5052],[14.5626,53.4973],[14.5541,53.4988],[14.5503,53.4935],[14.5422,53.4924],[14.5454,53.4943],[14.5398,53.4989],[14.5076,53.4958],[14.5083,53.4921],[14.502,53.4907],[14.491,53.4943],[14.4812,53.4914],[14.4788,53.4957],[14.4681,53.4929],[14.4645,53.497],[14.4438,53.4954],[14.4494,53.4948],[14.4439,53.4848],[14.4606,53.4764],[14.4586,53.4726],[14.4703,53.461],[14.4629,53.4611],[14.4615,53.4565],[14.4707,53.455],[14.473,53.4498],[14.4653,53.4502],[14.4632,53.4461],[14.4488,53.4482],[14.4459,53.4442],[14.483,53.4365],[14.4691,53.4177],[14.4845,53.4172],[14.4845,53.4072],[14.4724,53.4059],[14.4684,53.4009],[14.4806,53.3976],[14.479,53.394],[14.4862,53.3909],[14.4918,53.3936],[14.5356,53.3824],[14.5329,53.3735],[14.5374,53.372],[14.5437,53.3755],[14.5864,53.3671],[14.5545,53.3545],[14.5472,53.3613],[14.546,53.3548],[14.5398,53.3541],[14.539,53.3481],[14.5297,53.3425],[14.5074,53.34],[14.5041,53.325],[14.492,53.3265],[14.4843,53.3179],[14.4853,53.3125],[14.4713,53.3153],[14.4699,53.3065],[14.4452,53.2744],[14.4212,53.2761],[14.4149,53.3019],[14.4068,53.3087],[14.4154,53.3244],[14.4055,53.3471],[14.3903,53.3537],[14.3948,53.3757],[14.3733,53.4089],[14.3687,53.4326],[14.3713,53.4564],[14.3581,53.4573],[14.3507,53.496],[14.3269,53.5038],[14.3158,53.5251],[14.3194,53.5298],[14.3026,53.5534],[14.3139,53.5651],[14.3169,53.6181],[14.2839,53.6344],[14.2848,53.6587],[14.2708,53.6656],[14.2823,53.6743],[14.2837,53.6826],[14.272,53.6896],[14.2668,53.6987],[14.2719,53.7058],[14.2684,53.7084],[14.2735,53.7444],[14.267,53.7535],[14.2836,53.7723],[14.2739,53.7852]]]}},{"type":"Feature","properties":{"slug":"polkowicki","name":"powiat polkowicki","bdlUnitId":"030210216000","voivodeship":"dolnośląskie"},"geometry":{"type":"Polygon","coordinates":[[[15.714,51.5174],[15.7123,51.5465],[15.7032,51.5464],[15.7038,51.5569],[15.7236,51.5521],[15.7425,51.5557],[15.7695,51.5696],[15.8236,51.5727],[15.8158,51.6029],[15.834,51.6222],[15.8304,51.6368],[15.8376,51.645],[15.8572,51.6504],[15.8559,51.6578],[15.8428,51.6613],[15.8451,51.6642],[15.8678,51.6734],[15.8742,51.6721],[15.8683,51.67],[15.8817,51.6684],[15.9125,51.6717],[15.9225,51.6676],[15.9208,51.6606],[15.9331,51.6631],[15.9364,51.6493],[15.9487,51.6477],[15.9385,51.64],[15.9625,51.6385],[15.9679,51.6334],[15.972,51.6249],[15.9674,51.6227],[15.9692,51.6183],[15.9578,51.6138],[15.9757,51.6096],[15.9989,51.6156],[16.019,51.6083],[15.9851,51.5613],[15.9634,51.55],[15.9626,51.5459],[15.9819,51.5473],[15.9986,51.5379],[16.0298,51.5592],[16.0417,51.5537],[16.0697,51.5562],[16.0756,51.563],[16.0947,51.5608],[16.0964,51.5639],[16.0845,51.5743],[16.0854,51.58],[16.0985,51.5908],[16.1067,51.5906],[16.0946,51.594],[16.096,51.6003],[16.082,51.6043],[16.0868,51.6112],[16.0992,51.6146],[16.1126,51.6076],[16.1431,51.6117],[16.1421,51.6169],[16.1706,51.6174],[16.1787,51.6114],[16.1854,51.613],[16.184,51.6174],[16.1964,51.6191],[16.1867,51.6296],[16.2037,51.6267],[16.2045,51.6317],[16.2138,51.6343],[16.2384,51.6168],[16.2825,51.6106],[16.3037,51.613],[16.3169,51.6059],[16.3152,51.6012],[16.3277,51.5984],[16.3181,51.5883],[16.3212,51.5705],[16.2684,51.566],[16.2607,51.5569],[16.2679,51.5519],[16.2621,51.5494],[16.2702,51.5444],[16.2509,51.5387],[16.2435,51.5221],[16.2102,51.5246],[16.2008,51.5113],[16.1864,51.5121],[16.178,51.4879],[16.1867,51.4784],[16.2022,51.4846],[16.1859,51.4572],[16.1624,51.454],[16.1522,51.4596],[16.1377,51.4575],[16.13,51.4628],[16.1366,51.4677],[16.1269,51.4717],[16.1137,51.4638],[16.0973,51.4679],[16.075,51.455],[16.0714,51.4378],[16.088,51.4166],[16.0989,51.418],[16.1086,51.4005],[16.102,51.3964],[16.0981,51.3837],[16.0695,51.3808],[16.0662,51.3766],[16.0677,51.3711],[16.0799,51.3668],[16.0719,51.3505],[16.0945,51.3466],[16.0722,51.3363],[16.0477,51.3333],[16.0266,51.3363],[16.0187,51.3281],[16.008,51.3263],[15.9849,51.3371],[15.9537,51.3435],[15.9458,51.3375],[15.9224,51.3445],[15.9267,51.3493],[15.9061,51.3634],[15.8937,51.3631],[15.8879,51.3714],[15.8761,51.3693],[15.8403,51.3836],[15.8503,51.3901],[15.8162,51.4099],[15.8192,51.4442],[15.8222,51.4507],[15.8584,51.4566],[15.8459,51.4616],[15.8246,51.4833],[15.8017,51.4889],[15.8114,51.4925],[15.8075,51.5026],[15.7793,51.5024],[15.7793,51.5072],[15.767,51.5072],[15.767,51.5107],[15.73,51.5123],[15.7251,51.5174],[15.714,51.5174]]]}},{"type":"Feature","properties":{"slug":"tatrzanski","name":"powiat tatrzański","bdlUnitId":"011216917000","voivodeship":"małopolskie"},"geometry":{"type":"Polygon","coordinates":[[[20.1547,49.3861],[20.155,49.3794],[20.172,49.3681],[20.1691,49.3623],[20.1846,49.3464],[20.1896,49.3329],[20.1842,49.3278],[20.1706,49.3277],[20.1736,49.325],[20.1686,49.321],[20.1758,49.3141],[20.1578,49.3029],[20.15,49.3192],[20.1346,49.3064],[20.1285,49.2765],[20.1008,49.2501],[20.0978,49.2345],[20.1016,49.2227],[20.0872,49.2075],[20.0844,49.1962],[20.0882,49.1797],[20.0693,49.1807],[20.0388,49.1977],[20.0205,49.2015],[20.0065,49.2132],[20.0086,49.2201],[19.9816,49.2318],[19.9193,49.2358],[19.9034,49.231],[19.9019,49.213],[19.8694,49.1958],[19.8414,49.1932],[19.8295,49.2017],[19.8198,49.1995],[19.8075,49.2057],[19.795,49.1984],[19.7843,49.1993],[19.7594,49.2122],[19.7674,49.2237],[19.7668,49.2366],[19.785,49.2467],[19.7925,49.268],[19.8228,49.2768],[19.8098,49.2954],[19.7927,49.2989],[19.805,49.3227],[19.7953,49.3475],[19.8438,49.3541],[19.8542,49.3439],[19.8781,49.3359],[19.8869,49.327],[19.8993,49.3273],[19.8998,49.3398],[19.9191,49.351],[19.9415,49.3539],[19.9421,49.3823],[19.9708,49.3745],[19.9943,49.3842],[19.9996,49.3892],[19.9965,49.3953],[20.021,49.3946],[20.0269,49.3996],[20.0383,49.3956],[20.036,49.4028],[20.0498,49.4112],[20.0507,49.4264],[20.0799,49.4206],[20.0853,49.4284],[20.1004,49.4237],[20.0988,49.4197],[20.116,49.4138],[20.1127,49.3987],[20.1547,49.3861]]]}},{"type":"Feature","properties":{"slug":"nowotarski","name":"powiat nowotarski","bdlUnitId":"011216911000","voivodeship":"małopolskie"},"geometry":{"type":"Polygon","coordinates":[[[19.9389,49.62],[19.9513,49.6212],[19.9473,49.6337],[19.956,49.6406],[19.9476,49.6495],[19.9476,49.66],[19.9709,49.6611],[19.9901,49.6543],[20.0048,49.6363],[20.0045,49.625],[19.9984,49.6253],[19.9994,49.6133],[20.0123,49.6015],[20.0279,49.5728],[20.038,49.5667],[20.0373,49.5617],[20.0749,49.5594],[20.1143,49.5451],[20.1492,49.5426],[20.1576,49.5478],[20.2136,49.5509],[20.26,49.5678],[20.2814,49.5665],[20.2973,49.5732],[20.3203,49.5613],[20.3359,49.54],[20.3912,49.5309],[20.4056,49.5165],[20.4447,49.5135],[20.4443,49.4927],[20.4596,49.4883],[20.4742,49.4665],[20.4946,49.4673],[20.4987,49.4726],[20.5368,49.473],[20.5774,49.4653],[20.5816,49.4541],[20.607,49.4484],[20.6052,49.4437],[20.611,49.4394],[20.6051,49.429],[20.6171,49.4203],[20.6114,49.4136],[20.6136,49.4018],[20.6058,49.4013],[20.6002,49.3883],[20.5921,49.383],[20.5817,49.3839],[20.5755,49.3761],[20.5099,49.3934],[20.5049,49.4033],[20.4716,49.4155],[20.446,49.4163],[20.4509,49.4131],[20.4464,49.4119],[20.4326,49.4177],[20.4291,49.4079],[20.437,49.4063],[20.4333,49.3966],[20.4169,49.4058],[20.4123,49.3952],[20.393,49.3906],[20.3824,49.391],[20.3809,49.4033],[20.3757,49.4079],[20.3617,49.3982],[20.325,49.403],[20.3175,49.3887],[20.3307,49.3903],[20.3211,49.3774],[20.3262,49.3659],[20.3237,49.3518],[20.3169,49.3447],[20.3084,49.3439],[20.293,49.3515],[20.2731,49.3514],[20.2687,49.3457],[20.2532,49.3518],[20.2318,49.3463],[20.2208,49.3518],[20.2128,49.3448],[20.1901,49.3377],[20.1691,49.3623],[20.172,49.3681],[20.155,49.3794],[20.1541,49.3869],[20.1465,49.3859],[20.1127,49.3987],[20.116,49.4138],[20.0988,49.4197],[20.1012,49.4233],[20.0853,49.4284],[20.0799,49.4206],[20.0507,49.4264],[20.0495,49.4106],[20.0446,49.4114],[20.0441,49.4059],[20.0355,49.4015],[20.039,49.3959],[20.0269,49.3996],[20.021,49.3946],[19.9965,49.3953],[19.9996,49.3892],[19.9943,49.3842],[19.9708,49.3745],[19.9421,49.3823],[19.9415,49.3539],[19.9191,49.351],[19.8998,49.3398],[19.8993,49.3273],[19.8881,49.3266],[19.8781,49.3359],[19.8542,49.3439],[19.8438,49.3541],[19.7953,49.3475],[19.8025,49.3531],[19.8038,49.3655],[19.7925,49.3787],[19.7906,49.4107],[19.7676,49.413],[19.7463,49.4079],[19.7176,49.3864],[19.6996,49.3997],[19.6509,49.4099],[19.6317,49.4088],[19.6486,49.4353],[19.6378,49.4405],[19.6411,49.4576],[19.6114,49.4469],[19.5974,49.4586],[19.5815,49.4554],[19.5804,49.4613],[19.5671,49.4709],[19.5654,49.4807],[19.5537,49.4899],[19.5517,49.5074],[19.5292,49.5387],[19.5293,49.573],[19.592,49.5929],[19.5961,49.6004],[19.5866,49.6127],[19.5917,49.6228],[19.6193,49.6237],[19.6306,49.6103],[19.6555,49.5955],[19.6782,49.5746],[19.6953,49.5788],[19.7505,49.5715],[19.7635,49.5805],[19.7548,49.5864],[19.7667,49.5906],[19.7762,49.5855],[19.8041,49.5948],[19.8285,49.5923],[19.8627,49.5993],[19.8744,49.6164],[19.8706,49.6331],[19.8761,49.6368],[19.8937,49.6376],[19.919,49.6232],[19.9389,49.62]]]}},{"type":"Feature","properties":{"slug":"lwowecki","name":"powiat lwówecki","bdlUnitId":"030210112000","voivodeship":"dolnośląskie"},"geometry":{"type":"Polygon","coordinates":[[[15.6978,51.1593],[15.7272,51.1396],[15.7249,51.1272],[15.7198,51.1252],[15.7199,51.1069],[15.7477,51.0824],[15.752,51.0636],[15.7614,51.0647],[15.7561,51.0579],[15.7629,51.054],[15.7664,51.0409],[15.7607,51.0344],[15.7605,51.0251],[15.7458,51.0278],[15.7471,51.0218],[15.7213,51.0206],[15.7377,51.0114],[15.7225,51.0072],[15.7254,51.0036],[15.717,51.0024],[15.7199,50.9966],[15.6915,50.9997],[15.6864,50.9946],[15.6935,50.9897],[15.6769,50.9843],[15.6903,50.9767],[15.69,50.9695],[15.6978,50.9644],[15.6983,50.9574],[15.6728,50.9594],[15.649,50.9532],[15.6364,50.956],[15.6334,50.9548],[15.6381,50.9492],[15.6146,50.9529],[15.6073,50.9483],[15.5854,50.9483],[15.5686,50.9396],[15.5252,50.9409],[15.5171,50.9313],[15.5044,50.9258],[15.5068,50.9137],[15.4961,50.9153],[15.4849,50.9099],[15.4855,50.9015],[15.5,50.8941],[15.5,50.8877],[15.4811,50.8778],[15.4562,50.8848],[15.4392,50.8523],[15.4134,50.853],[15.4109,50.8319],[15.3858,50.8386],[15.3682,50.836],[15.3537,50.8514],[15.3123,50.8601],[15.2771,50.891],[15.2812,50.8994],[15.2999,50.9064],[15.3033,50.912],[15.3108,50.9087],[15.3178,50.9139],[15.3216,50.9122],[15.3177,50.9092],[15.3234,50.908],[15.3207,50.9053],[15.3332,50.905],[15.3369,50.8965],[15.3741,50.8916],[15.3737,50.897],[15.3796,50.901],[15.3716,50.8983],[15.3499,50.9034],[15.3458,50.9064],[15.3491,50.9098],[15.3465,50.9162],[15.3529,50.9219],[15.3443,50.9191],[15.3428,50.9231],[15.348,50.9241],[15.3432,50.9287],[15.3281,50.9303],[15.3406,50.9417],[15.3316,50.9629],[15.3178,50.964],[15.3058,50.9864],[15.3456,51.0039],[15.3499,51.0033],[15.3502,50.9942],[15.3844,50.9973],[15.3915,51.0149],[15.3757,51.0215],[15.3863,51.0249],[15.3879,51.031],[15.3951,51.0304],[15.4078,51.0423],[15.3959,51.0519],[15.4059,51.0621],[15.404,51.0704],[15.4105,51.0707],[15.4175,51.0808],[15.4075,51.1003],[15.4205,51.1102],[15.4196,51.1207],[15.4437,51.1124],[15.4437,51.1187],[15.4795,51.136],[15.4876,51.1494],[15.4785,51.1752],[15.4925,51.1754],[15.5341,51.1878],[15.5423,51.1914],[15.542,51.1954],[15.5552,51.1943],[15.5655,51.1993],[15.5672,51.1841],[15.5768,51.187],[15.5877,51.1792],[15.6003,51.1812],[15.5987,51.1868],[15.6435,51.1844],[15.68,51.164],[15.6939,51.1625],[15.6882,51.1597],[15.6978,51.1593]]]}},{"type":"Feature","properties":{"slug":"legionowski","name":"powiat legionowski","bdlUnitId":"071412908000","voivodeship":"mazowieckie"},"geometry":{"type":"Polygon","coordinates":[[[21.0852,52.3374],[21.0738,52.3673],[21.0492,52.3617],[21.0276,52.3651],[21.0233,52.3574],[21.0134,52.3561],[21.0057,52.3641],[20.9713,52.359],[20.9661,52.3682],[20.9542,52.3679],[20.9351,52.3632],[20.9385,52.3581],[20.9241,52.3596],[20.9151,52.354],[20.9068,52.3692],[20.8968,52.3746],[20.8761,52.3793],[20.8205,52.3789],[20.7999,52.3916],[20.7637,52.4039],[20.737,52.4064],[20.7388,52.4135],[20.756,52.4161],[20.7613,52.4246],[20.7667,52.4249],[20.7609,52.4272],[20.7589,52.4462],[20.765,52.4492],[20.7617,52.466],[20.7703,52.473],[20.7864,52.4717],[20.8206,52.4853],[20.8919,52.4849],[20.903,52.5175],[20.9002,52.5192],[20.919,52.5288],[20.9305,52.5589],[20.9708,52.5574],[20.9769,52.538],[20.986,52.5408],[21.0059,52.5351],[21.0138,52.5458],[21.0348,52.5346],[21.0534,52.5346],[21.0599,52.5426],[21.0501,52.5468],[21.0516,52.5508],[21.0864,52.5491],[21.0946,52.5519],[21.0982,52.5597],[21.1343,52.5662],[21.1178,52.5491],[21.1196,52.5315],[21.1409,52.532],[21.1501,52.5276],[21.1426,52.5186],[21.0802,52.5078],[21.0646,52.4777],[21.0925,52.477],[21.0917,52.4711],[21.1072,52.4611],[21.1116,52.4423],[21.0976,52.4319],[21.1071,52.4231],[21.0987,52.4201],[21.1137,52.42],[21.1208,52.4112],[21.0961,52.4018],[21.0985,52.3814],[21.1061,52.3713],[21.1167,52.3684],[21.0852,52.3374]]]}},{"type":"Feature","properties":{"slug":"olecki","name":"powiat olecki","bdlUnitId":"042815513000","voivodeship":"warmińsko-mazurskie"},"geometry":{"type":"Polygon","coordinates":[[[22.4815,54.2024],[22.4766,54.2013],[22.4879,54.1938],[22.5103,54.1908],[22.5099,54.1872],[22.5006,54.1864],[22.5038,54.1805],[22.516,54.1719],[22.5191,54.1613],[22.5369,54.1604],[22.5338,54.1552],[22.5389,54.1478],[22.5461,54.1476],[22.5471,54.1377],[22.5808,54.142],[22.5782,54.1465],[22.5914,54.1507],[22.5937,54.1412],[22.6129,54.1201],[22.6361,54.1079],[22.6355,54.093],[22.6038,54.0819],[22.6047,54.0738],[22.5969,54.0665],[22.5999,54.0528],[22.6286,54.0475],[22.6699,54.0296],[22.6799,54.0054],[22.691,54.0004],[22.6965,53.9735],[22.7237,53.9526],[22.6724,53.9509],[22.6515,53.9387],[22.6258,53.9355],[22.6217,53.9293],[22.6268,53.921],[22.6109,53.9214],[22.6125,53.9174],[22.5986,53.9157],[22.5909,53.9095],[22.5947,53.9026],[22.5654,53.8888],[22.558,53.8898],[22.5568,53.8966],[22.5322,53.8925],[22.5187,53.8986],[22.5112,53.8971],[22.5085,53.8876],[22.4701,53.8977],[22.4665,53.9132],[22.4396,53.9043],[22.4331,53.9103],[22.4331,53.9244],[22.4281,53.9264],[22.4329,53.928],[22.4281,53.9305],[22.4259,53.9254],[22.4195,53.9254],[22.4165,53.9377],[22.4365,53.9389],[22.4334,53.9442],[22.3869,53.9337],[22.3732,53.939],[22.3596,53.9339],[22.3557,53.9386],[22.3301,53.9288],[22.3238,53.9366],[22.3286,53.9401],[22.3046,53.944],[22.2881,53.9547],[22.2772,53.941],[22.2614,53.9417],[22.2556,53.9463],[22.2634,53.9558],[22.235,53.9567],[22.2434,53.9773],[22.2155,53.9972],[22.206,54.0024],[22.1901,54.0013],[22.1887,54.0067],[22.1724,54],[22.1568,54.0094],[22.1572,54.0186],[22.1498,54.0197],[22.1565,54.0266],[22.1514,54.0349],[22.192,54.038],[22.1905,54.045],[22.1949,54.0493],[22.2112,54.0487],[22.214,54.0537],[22.2006,54.0608],[22.1809,54.0915],[22.1499,54.1015],[22.1483,54.1083],[22.1102,54.1335],[22.1366,54.1397],[22.1575,54.1788],[22.1474,54.1794],[22.1427,54.1914],[22.1533,54.1914],[22.1543,54.2003],[22.162,54.1937],[22.1837,54.1978],[22.1824,54.1939],[22.2089,54.1792],[22.2267,54.1868],[22.2328,54.1835],[22.2273,54.1819],[22.2341,54.1792],[22.2321,54.1754],[22.2438,54.1775],[22.2553,54.1731],[22.2539,54.1675],[22.248,54.166],[22.2566,54.1576],[22.2653,54.17],[22.297,54.1922],[22.3559,54.1837],[22.3795,54.1849],[22.3691,54.1977],[22.4007,54.2081],[22.4164,54.2033],[22.4292,54.2083],[22.4457,54.2071],[22.4578,54.215],[22.4815,54.2024]]]}},{"type":"Feature","properties":{"slug":"tomaszowski-lodzkie","name":"powiat tomaszowski","bdlUnitId":"051011716000","voivodeship":"łódzkie"},"geometry":{"type":"MultiPolygon","coordinates":[[[[19.9707,51.4312],[19.9477,51.4283],[19.928,51.42],[19.9264,51.4242],[19.9359,51.4271],[19.9352,51.4411],[19.9434,51.4413],[19.9622,51.4529],[19.9519,51.4569],[19.9579,51.4604],[19.9534,51.467],[19.958,51.4769],[19.9185,51.4823],[19.921,51.4972],[19.8948,51.517],[19.8725,51.5061],[19.8704,51.5199],[19.8562,51.5234],[19.864,51.5286],[19.8809,51.5288],[19.8814,51.5394],[19.8906,51.5445],[19.8496,51.5784],[19.8417,51.579],[19.8257,51.5697],[19.8293,51.5562],[19.8218,51.543],[19.8355,51.5343],[19.8132,51.5399],[19.7962,51.5305],[19.778,51.5452],[19.7734,51.5586],[19.7384,51.5591],[19.7312,51.5635],[19.7341,51.5694],[19.7239,51.574],[19.7134,51.572],[19.7217,51.583],[19.7242,51.5967],[19.7174,51.6005],[19.7209,51.6123],[19.7091,51.6232],[19.7083,51.6295],[19.7271,51.6351],[19.7208,51.6387],[19.7319,51.6803],[19.7465,51.6874],[19.7335,51.6926],[19.7519,51.7102],[19.7722,51.7061],[19.7702,51.6954],[19.7789,51.6953],[19.78,51.7078],[19.7907,51.708],[19.8254,51.7],[19.825,51.6951],[19.8335,51.6969],[19.846,51.6863],[19.8576,51.6945],[19.8771,51.6798],[19.8743,51.6753],[19.8809,51.6656],[19.8789,51.6604],[19.9129,51.6644],[19.9537,51.7061],[19.9463,51.7093],[19.9559,51.7127],[19.9557,51.7191],[19.9687,51.7282],[19.9822,51.727],[19.983,51.7345],[19.9776,51.7361],[19.9856,51.7452],[19.9969,51.7489],[19.989,51.7558],[19.9906,51.7625],[20.0073,51.7663],[20.0162,51.7735],[20.0606,51.7626],[20.0938,51.7386],[20.1082,51.7422],[20.1158,51.7402],[20.1115,51.7385],[20.116,51.7309],[20.134,51.7242],[20.1509,51.7242],[20.1513,51.714],[20.138,51.711],[20.1527,51.7027],[20.1728,51.7019],[20.1777,51.7072],[20.1754,51.7107],[20.2085,51.7182],[20.2063,51.7239],[20.2089,51.7205],[20.2205,51.7244],[20.2402,51.7079],[20.2468,51.7116],[20.2646,51.7102],[20.2662,51.6965],[20.2796,51.7005],[20.2786,51.6958],[20.2858,51.6886],[20.2876,51.6823],[20.2807,51.6677],[20.2855,51.6544],[20.3206,51.6555],[20.3179,51.6503],[20.3265,51.6476],[20.333,51.6527],[20.3385,51.6517],[20.3378,51.6481],[20.3584,51.6476],[20.3592,51.6401],[20.3668,51.6328],[20.385,51.6416],[20.3914,51.636],[20.4187,51.6303],[20.4249,51.6116],[20.4151,51.6044],[20.4203,51.6],[20.4113,51.5983],[20.3997,51.5856],[20.3668,51.5764],[20.3543,51.584],[20.347,51.5748],[20.3353,51.5751],[20.3416,51.5803],[20.3363,51.5786],[20.3329,51.5849],[20.3256,51.5824],[20.321,51.5779],[20.3231,51.5741],[20.3004,51.5528],[20.2918,51.5505],[20.2678,51.5285],[20.2525,51.5246],[20.2522,51.516],[20.2671,51.5111],[20.2655,51.5016],[20.2316,51.5051],[20.2251,51.4887],[20.21,51.4922],[20.1994,51.4822],[20.185,51.486],[20.1918,51.4631],[20.1291,51.4633],[20.1193,51.4518],[20.1016,51.4706],[20.0832,51.465],[20.0782,51.4709],[20.0552,51.4681],[20.0579,51.4601],[20.0661,51.4565],[20.0583,51.4507],[20.0574,51.4409],[20.0165,51.431],[20.006,51.4351],[19.9707,51.4312]]],[[[19.9707,51.4312],[19.9771,51.4296],[19.9732,51.425],[19.9672,51.4264],[19.9707,51.4312]]]]}},{"type":"Feature","properties":{"slug":"zambrowski","name":"powiat zambrowski","bdlUnitId":"062013814000","voivodeship":"podlaskie"},"geometry":{"type":"Polygon","coordinates":[[[21.9761,52.9788],[22.0302,52.9861],[22.0284,52.993],[22.0387,53.0123],[22.058,53.0181],[22.0558,53.0278],[22.0613,53.0452],[22.0699,53.0454],[22.0555,53.0592],[22.0587,53.0599],[22.0525,53.0714],[22.0666,53.0731],[22.0567,53.0966],[22.0633,53.1001],[22.0572,53.1066],[22.0608,53.1091],[22.0927,53.1172],[22.1004,53.1036],[22.0843,53.1006],[22.0843,53.0969],[22.1198,53.1021],[22.132,53.099],[22.1344,53.0939],[22.1274,53.0934],[22.1287,53.0866],[22.1022,53.0896],[22.1019,53.0717],[22.0953,53.0597],[22.0997,53.054],[22.1114,53.0511],[22.1352,53.0583],[22.1401,53.0661],[22.1563,53.0682],[22.1563,53.0614],[22.1719,53.0482],[22.2191,53.0402],[22.2357,53.0481],[22.2348,53.056],[22.2448,53.0666],[22.2519,53.0666],[22.2482,53.0706],[22.251,53.074],[22.2894,53.0761],[22.2857,53.0802],[22.3139,53.0876],[22.3062,53.101],[22.2951,53.105],[22.293,53.1103],[22.2822,53.1107],[22.3292,53.1119],[22.327,53.119],[22.3203,53.1183],[22.3173,53.1283],[22.3626,53.1374],[22.3569,53.151],[22.3774,53.1589],[22.3807,53.1738],[22.4033,53.1721],[22.408,53.1878],[22.4123,53.1839],[22.4441,53.1881],[22.4503,53.1919],[22.4467,53.2022],[22.4691,53.2034],[22.4783,53.1793],[22.4853,53.178],[22.4852,53.1716],[22.4814,53.171],[22.4837,53.165],[22.4989,53.1652],[22.5016,53.1582],[22.4932,53.1571],[22.4946,53.1523],[22.5005,53.1531],[22.5052,53.1408],[22.513,53.1418],[22.5138,53.1336],[22.5503,53.1254],[22.5558,53.1163],[22.5493,53.1095],[22.5889,53.0994],[22.584,53.0951],[22.594,53.0941],[22.5825,53.0894],[22.5736,53.0714],[22.5621,53.0638],[22.516,53.0581],[22.4681,53.0387],[22.458,53.0429],[22.4413,53.0406],[22.4381,53.0359],[22.4425,53.0262],[22.4387,53.0223],[22.4043,53.0071],[22.3981,52.995],[22.4045,52.9864],[22.3834,52.9832],[22.3833,52.9771],[22.3499,52.9715],[22.3508,52.9552],[22.3579,52.9535],[22.3568,52.9386],[22.3451,52.9354],[22.3412,52.927],[22.3461,52.9244],[22.3444,52.9139],[22.3506,52.9076],[22.3395,52.8949],[22.3413,52.891],[22.3171,52.8889],[22.3062,52.8703],[22.3004,52.876],[22.292,52.8709],[22.2794,52.8861],[22.2527,52.8764],[22.2193,52.8845],[22.2072,52.883],[22.2097,52.8545],[22.1741,52.8581],[22.1498,52.8466],[22.1424,52.8513],[22.1242,52.8427],[22.1014,52.862],[22.084,52.8418],[22.0594,52.8501],[22.0379,52.8511],[22.0394,52.8603],[22.0266,52.8648],[22.0386,52.8822],[22.0252,52.8859],[22.0039,52.8779],[22.0091,52.9052],[21.9944,52.9111],[21.9917,52.9196],[22.0125,52.9239],[22.0112,52.9276],[22.0236,52.9314],[22.0288,52.9385],[22.0113,52.9418],[22.016,52.9499],[22.0046,52.9571],[21.9884,52.9574],[21.9895,52.9628],[21.9992,52.9621],[22.0018,52.9723],[21.9761,52.9788]]]}},{"type":"Feature","properties":{"slug":"bytowski","name":"powiat bytowski","bdlUnitId":"042214101000","voivodeship":"pomorskie"},"geometry":{"type":"Polygon","coordinates":[[[17.2979,53.8728],[17.2643,53.8903],[17.2691,53.8971],[17.2648,53.8997],[17.2755,53.906],[17.2524,53.9361],[17.2308,53.9497],[17.2265,53.9585],[17.2317,53.9817],[17.2094,53.9813],[17.2104,53.9843],[17.1987,53.9877],[17.1813,53.9893],[17.1777,53.9934],[17.1819,53.9939],[17.1839,54.002],[17.1767,54.0044],[17.1842,54.0058],[17.1836,54.0097],[17.1427,54.0028],[17.1209,54.0112],[17.1071,54.0082],[17.112,54.0038],[17.0976,53.9887],[17.1086,53.9699],[17.1304,53.9649],[17.1045,53.9664],[17.0986,53.9757],[17.0872,53.9778],[17.0493,53.9646],[17.0306,53.9723],[17.0049,53.9576],[17.02,53.9397],[17.0019,53.9256],[16.9983,53.9295],[16.9815,53.9242],[16.9819,53.9199],[16.9865,53.9215],[16.9846,53.9051],[16.9647,53.9046],[16.9506,53.9123],[16.9349,53.9142],[16.922,53.9254],[16.9087,53.9253],[16.8765,53.9402],[16.8725,53.9461],[16.8587,53.9469],[16.876,53.9521],[16.88,53.9637],[16.8746,53.977],[16.847,53.9839],[16.8423,53.9979],[16.8286,53.9952],[16.8251,54.0042],[16.8151,54.0048],[16.818,54.0009],[16.8034,53.9943],[16.8072,53.9875],[16.8025,53.9872],[16.8142,53.9799],[16.7878,53.9802],[16.7976,53.9863],[16.7957,53.9954],[16.8014,54.004],[16.791,54.0089],[16.7998,54.011],[16.7883,54.0133],[16.7831,54.0241],[16.7976,54.0353],[16.7946,54.0496],[16.8113,54.0604],[16.8084,54.0662],[16.8126,54.0731],[16.8035,54.0789],[16.7937,54.0756],[16.7967,54.0792],[16.7923,54.0792],[16.7933,54.0845],[16.8004,54.087],[16.8001,54.0964],[16.8318,54.0964],[16.8535,54.11],[16.8626,54.1101],[16.8676,54.1203],[16.8784,54.1154],[16.9054,54.1337],[16.9214,54.127],[16.9329,54.1326],[16.93,54.1374],[16.9336,54.1482],[16.9207,54.1457],[16.9164,54.1524],[16.9587,54.1569],[16.973,54.154],[16.9704,54.1865],[17.0083,54.1885],[17.0119,54.1924],[17.0088,54.1965],[17.019,54.1976],[17.0303,54.2111],[17.0128,54.2251],[17.0199,54.2596],[17.0144,54.2646],[17.0289,54.2697],[17.032,54.2775],[17.0289,54.2798],[17.0318,54.2938],[17.0264,54.2994],[17.047,54.2973],[17.0422,54.2992],[17.0435,54.3096],[17.0609,54.311],[17.0647,54.3174],[17.071,54.3188],[17.0758,54.3109],[17.0946,54.305],[17.1009,54.2928],[17.1185,54.2883],[17.1329,54.2904],[17.1411,54.2867],[17.1412,54.2822],[17.1788,54.2911],[17.2399,54.3141],[17.251,54.3137],[17.2771,54.2976],[17.291,54.2944],[17.3057,54.3073],[17.32,54.3051],[17.3238,54.3083],[17.3189,54.3103],[17.3241,54.3144],[17.3446,54.3134],[17.3461,54.2952],[17.3572,54.2949],[17.3507,54.2893],[17.3559,54.2813],[17.3424,54.2796],[17.3583,54.2619],[17.3464,54.2582],[17.3531,54.2438],[17.3606,54.2433],[17.3637,54.245],[17.3608,54.2479],[17.3674,54.25],[17.3901,54.249],[17.3925,54.2574],[17.4203,54.2666],[17.4204,54.2711],[17.4258,54.2698],[17.4211,54.2805],[17.4277,54.284],[17.4261,54.2955],[17.4203,54.3021],[17.4379,54.2985],[17.4291,54.3087],[17.4344,54.3106],[17.4343,54.3194],[17.4559,54.3262],[17.4604,54.3371],[17.4576,54.3429],[17.4627,54.3455],[17.4483,54.3492],[17.4566,54.3527],[17.454,54.3592],[17.459,54.3667],[17.4519,54.3717],[17.4623,54.3779],[17.4738,54.3722],[17.494,54.3822],[17.477,54.397],[17.4854,54.41],[17.5005,54.4167],[17.5065,54.4333],[17.515,54.4262],[17.539,54.4247],[17.5437,54.4278],[17.5386,54.4328],[17.5543,54.434],[17.574,54.4225],[17.5734,54.4264],[17.582,54.4261],[17.5966,54.4431],[17.6244,54.4293],[17.6309,54.4234],[17.627,54.4201],[17.6543,54.4237],[17.6528,54.406],[17.6653,54.3737],[17.6815,54.3801],[17.7162,54.3759],[17.7205,54.3901],[17.7279,54.3894],[17.7293,54.3803],[17.7446,54.3744],[17.7429,54.3627],[17.7501,54.3515],[17.7416,54.3493],[17.748,54.3406],[17.7429,54.3403],[17.74,54.324],[17.7154,54.3221],[17.7097,54.3125],[17.7079,54.3038],[17.7258,54.2942],[17.7121,54.2804],[17.7247,54.2647],[17.7189,54.2559],[17.7003,54.2449],[17.6975,54.2367],[17.716,54.2372],[17.7098,54.2325],[17.7161,54.2261],[17.711,54.2257],[17.7139,54.2205],[17.7231,54.2238],[17.7251,54.2167],[17.7031,54.1894],[17.68,54.1833],[17.6946,54.1818],[17.7115,54.1947],[17.7059,54.1817],[17.6963,54.1801],[17.6936,54.175],[17.7081,54.1795],[17.722,54.1977],[17.7375,54.2065],[17.7508,54.2],[17.7523,54.1944],[17.7462,54.1853],[17.7576,54.1827],[17.7538,54.18],[17.7578,54.1782],[17.7645,54.1763],[17.7741,54.1863],[17.7899,54.1836],[17.8001,54.1762],[17.7874,54.166],[17.7754,54.1397],[17.7672,54.1453],[17.7717,54.147],[17.7696,54.15],[17.739,54.1558],[17.7333,54.1431],[17.7275,54.1424],[17.7202,54.1327],[17.7281,54.1314],[17.7213,54.1283],[17.7227,54.1123],[17.7375,54.1032],[17.7366,54.0959],[17.7283,54.0995],[17.7246,54.0938],[17.713,54.0956],[17.7066,54.1009],[17.7021,54.0967],[17.7071,54.0917],[17.6965,54.0873],[17.7003,54.0824],[17.6852,54.0868],[17.6938,54.0902],[17.6827,54.0874],[17.6799,54.0908],[17.684,54.1029],[17.6723,54.1047],[17.6641,54.0997],[17.6623,54.0803],[17.6697,54.0684],[17.6654,54.0505],[17.6508,54.0279],[17.582,54.0313],[17.5747,53.9893],[17.5642,53.9895],[17.564,53.9832],[17.5509,53.9834],[17.5516,53.9871],[17.5321,53.9834],[17.5319,53.9771],[17.5185,53.9771],[17.5202,53.9689],[17.4987,53.9437],[17.5003,53.936],[17.5058,53.9338],[17.4942,53.9285],[17.4913,53.9223],[17.4791,53.9184],[17.4612,53.9209],[17.4328,53.9334],[17.429,53.9263],[17.4012,53.9188],[17.3893,53.9371],[17.3826,53.9368],[17.3854,53.9316],[17.3759,53.9282],[17.3715,53.9288],[17.3767,53.9338],[17.3635,53.9403],[17.362,53.9359],[17.3474,53.9326],[17.3406,53.9225],[17.3309,53.9219],[17.332,53.9152],[17.3232,53.9107],[17.3262,53.9056],[17.3176,53.9012],[17.2979,53.8728]]]}},{"type":"Feature","properties":{"slug":"plocki","name":"powiat płocki","bdlUnitId":"071427019000","voivodeship":"mazowieckie"},"geometry":{"type":"Polygon","coordinates":[[[19.964,52.7808],[19.9766,52.7702],[20.0006,52.7757],[20.0286,52.7719],[20.0455,52.7592],[20.0647,52.7595],[20.059,52.7498],[20.0598,52.7367],[20.042,52.727],[20.0421,52.7217],[20.0544,52.7197],[20.0625,52.711],[20.0468,52.7037],[20.0457,52.6989],[20.0633,52.6931],[20.0803,52.6968],[20.079,52.6891],[20.0922,52.6865],[20.0943,52.6809],[20.0885,52.6766],[20.0987,52.6692],[20.1114,52.6681],[20.117,52.6761],[20.1232,52.6763],[20.1252,52.6829],[20.149,52.6794],[20.1493,52.6754],[20.1619,52.6721],[20.1486,52.6537],[20.1668,52.65],[20.1562,52.6317],[20.15,52.6301],[20.1535,52.6217],[20.1476,52.6158],[20.1488,52.6073],[20.1566,52.6024],[20.1546,52.5935],[20.173,52.5808],[20.1633,52.5742],[20.1672,52.5708],[20.1631,52.568],[20.1878,52.5624],[20.2006,52.5472],[20.1882,52.5133],[20.2079,52.5166],[20.2259,52.5134],[20.2236,52.5028],[20.2305,52.5015],[20.2386,52.5064],[20.2334,52.496],[20.2421,52.4941],[20.2352,52.4874],[20.2413,52.4868],[20.2475,52.461],[20.2225,52.4494],[20.24,52.4424],[20.2298,52.432],[20.2367,52.4223],[20.2328,52.4172],[20.2428,52.413],[20.2516,52.399],[20.251,52.3881],[20.1947,52.3795],[20.1563,52.3803],[20.1348,52.3866],[20.0912,52.3793],[20.069,52.3845],[20.0324,52.3813],[20.0197,52.3831],[20.0076,52.3943],[19.9915,52.4003],[19.9769,52.4191],[19.9617,52.4163],[19.969,52.4037],[19.9867,52.3969],[19.9713,52.3764],[20.0023,52.369],[19.9996,52.3573],[19.9828,52.3376],[19.9574,52.3276],[19.9337,52.3273],[19.9417,52.3418],[19.913,52.3442],[19.9177,52.3523],[19.9022,52.3527],[19.8967,52.3574],[19.8957,52.3618],[19.907,52.3616],[19.9023,52.363],[19.9038,52.3674],[19.8468,52.3707],[19.8527,52.3823],[19.8121,52.3916],[19.8147,52.3757],[19.8212,52.3706],[19.797,52.3546],[19.7986,52.3513],[19.7821,52.3553],[19.7786,52.3496],[19.7542,52.3522],[19.7376,52.3383],[19.7239,52.337],[19.7251,52.3471],[19.7201,52.3543],[19.689,52.3554],[19.683,52.3797],[19.6966,52.384],[19.6722,52.3832],[19.6728,52.389],[19.6626,52.3884],[19.6665,52.411],[19.6329,52.4161],[19.6267,52.4118],[19.6334,52.4056],[19.6009,52.4015],[19.5574,52.4078],[19.565,52.4218],[19.5639,52.4407],[19.5504,52.4535],[19.5636,52.4583],[19.5531,52.467],[19.5595,52.4833],[19.5342,52.4904],[19.532,52.4972],[19.569,52.5063],[19.5135,52.5113],[19.5181,52.5201],[19.4999,52.526],[19.4347,52.5234],[19.4127,52.5158],[19.4105,52.5106],[19.3848,52.5195],[19.3217,52.5292],[19.3196,52.5349],[19.3309,52.5329],[19.3292,52.5379],[19.3436,52.5278],[19.3555,52.535],[19.3466,52.5447],[19.3411,52.5671],[19.3865,52.5715],[19.3949,52.5773],[19.3983,52.5934],[19.4051,52.5919],[19.421,52.602],[19.4261,52.6114],[19.3679,52.6283],[19.3837,52.6443],[19.403,52.6445],[19.4154,52.6713],[19.4303,52.6716],[19.4346,52.6767],[19.4509,52.6722],[19.4438,52.6829],[19.4364,52.6826],[19.4366,52.6931],[19.4467,52.7056],[19.4401,52.7119],[19.4419,52.7234],[19.4597,52.725],[19.4931,52.7146],[19.4919,52.7076],[19.5258,52.7037],[19.5185,52.7006],[19.5186,52.6922],[19.5768,52.6958],[19.5807,52.6936],[19.5767,52.6875],[19.6026,52.686],[19.6029,52.6895],[19.6209,52.6918],[19.64,52.6785],[19.6534,52.6769],[19.6918,52.6833],[19.6979,52.69],[19.7113,52.6903],[19.7126,52.6943],[19.7261,52.6926],[19.7371,52.7049],[19.7436,52.7011],[19.743,52.6963],[19.7531,52.6928],[19.7709,52.6988],[19.7755,52.6947],[19.7784,52.7056],[19.791,52.7082],[19.7938,52.7186],[19.801,52.7232],[19.7957,52.7255],[19.8165,52.7317],[19.816,52.7353],[19.8481,52.728],[19.8537,52.7334],[19.8605,52.732],[19.8625,52.7429],[19.8732,52.7482],[19.8953,52.7462],[19.9053,52.7607],[19.926,52.766],[19.9507,52.7633],[19.9567,52.7767],[19.964,52.7808]],[[19.6955,52.4737],[19.7166,52.492],[19.7465,52.4927],[19.7338,52.5045],[19.7341,52.5168],[19.7294,52.5237],[19.7605,52.5068],[19.7745,52.5061],[19.7777,52.5132],[19.8001,52.512],[19.8059,52.5251],[19.7666,52.5337],[19.7698,52.5415],[19.7663,52.5528],[19.7406,52.5528],[19.7308,52.5723],[19.7437,52.5745],[19.7458,52.5793],[19.6948,52.5963],[19.6507,52.5971],[19.6467,52.5703],[19.638,52.5678],[19.6313,52.5531],[19.6674,52.5428],[19.6563,52.5333],[19.6447,52.5361],[19.652,52.532],[19.651,52.5278],[19.6395,52.5332],[19.6357,52.53],[19.6449,52.5228],[19.6241,52.5184],[19.6562,52.5104],[19.6378,52.5027],[19.6478,52.4991],[19.6432,52.4965],[19.6622,52.4916],[19.6627,52.4872],[19.67,52.4887],[19.6796,52.4788],[19.6955,52.4737]]]}},{"type":"Feature","properties":{"slug":"pultuski","name":"powiat pułtuski","bdlUnitId":"071422524000","voivodeship":"mazowieckie"},"geometry":{"type":"Polygon","coordinates":[[[21.3208,52.7766],[21.3245,52.7768],[21.3281,52.7488],[21.3435,52.7457],[21.3472,52.7333],[21.3423,52.7297],[21.3534,52.7259],[21.3385,52.7216],[21.338,52.7047],[21.333,52.7055],[21.3236,52.6954],[21.2881,52.6774],[21.2731,52.6758],[21.3053,52.6603],[21.3028,52.656],[21.2965,52.6569],[21.2832,52.6335],[21.2463,52.6367],[21.2554,52.611],[21.267,52.6106],[21.2643,52.6015],[21.2704,52.5933],[21.2516,52.596],[21.2325,52.5694],[21.1757,52.5746],[21.1733,52.5597],[21.1418,52.5561],[21.1393,52.5604],[21.1343,52.5552],[21.1218,52.5536],[21.1343,52.5662],[21.0982,52.5597],[21.0946,52.5519],[21.0864,52.5491],[21.0516,52.5508],[21.0501,52.5468],[21.0599,52.5426],[21.0534,52.5346],[21.0348,52.5346],[21.0138,52.5458],[21.0059,52.5351],[20.986,52.5408],[20.9769,52.538],[20.9708,52.5574],[20.9335,52.5578],[20.9071,52.5718],[20.9087,52.588],[20.8898,52.6014],[20.8683,52.6041],[20.8556,52.6145],[20.8643,52.6217],[20.8556,52.6331],[20.8606,52.6382],[20.8256,52.6293],[20.8163,52.6361],[20.7933,52.638],[20.7877,52.6466],[20.7552,52.6436],[20.7466,52.6322],[20.729,52.6323],[20.7274,52.6199],[20.7019,52.6139],[20.6975,52.6221],[20.7055,52.6256],[20.7062,52.6368],[20.6947,52.651],[20.7025,52.6516],[20.7109,52.6627],[20.6961,52.6763],[20.73,52.6875],[20.7226,52.6959],[20.7275,52.7046],[20.7423,52.7026],[20.7497,52.7095],[20.7818,52.7133],[20.7843,52.7294],[20.7774,52.7363],[20.7811,52.738],[20.7787,52.7406],[20.787,52.7426],[20.8092,52.7352],[20.7894,52.7486],[20.7888,52.7537],[20.8013,52.7516],[20.8027,52.7572],[20.8245,52.7614],[20.831,52.7517],[20.8376,52.752],[20.8375,52.7584],[20.8589,52.7581],[20.872,52.7682],[20.9104,52.7564],[20.9205,52.7684],[20.9306,52.7679],[20.9081,52.7933],[20.9343,52.7962],[20.9337,52.8067],[20.9407,52.8099],[20.9551,52.8086],[20.9794,52.7798],[20.988,52.7807],[21.0053,52.7678],[21.0413,52.7786],[21.0644,52.791],[21.0822,52.7811],[21.0945,52.7797],[21.1032,52.799],[21.1304,52.8037],[21.1823,52.7852],[21.1905,52.7658],[21.1879,52.7587],[21.1959,52.7569],[21.2128,52.7565],[21.2148,52.7631],[21.2244,52.767],[21.2836,52.7789],[21.3208,52.7766]]]}},{"type":"Feature","properties":{"slug":"sochaczewski","name":"powiat sochaczewski","bdlUnitId":"071427328000","voivodeship":"mazowieckie"},"geometry":{"type":"Polygon","coordinates":[[[20.4849,52.1838],[20.4855,52.1752],[20.4604,52.1868],[20.4183,52.1902],[20.4136,52.1951],[20.3945,52.164],[20.4131,52.1614],[20.411,52.1403],[20.3912,52.1373],[20.3937,52.1322],[20.3798,52.1298],[20.377,52.1353],[20.3476,52.1314],[20.3469,52.1512],[20.3242,52.1495],[20.3231,52.1562],[20.3118,52.1375],[20.2684,52.1461],[20.2687,52.126],[20.2511,52.1171],[20.213,52.1186],[20.2023,52.1147],[20.1651,52.1386],[20.1606,52.1513],[20.1156,52.1438],[20.091,52.1526],[20.0874,52.1682],[20.0621,52.1881],[20.0631,52.1989],[20.0805,52.233],[20.0376,52.2467],[20.0421,52.2577],[19.9859,52.2624],[19.9651,52.2683],[19.9581,52.2783],[19.9593,52.2855],[19.9538,52.2834],[19.9392,52.2893],[19.9368,52.305],[19.9845,52.335],[19.9996,52.3573],[20.0023,52.369],[19.9713,52.3764],[19.9867,52.3969],[19.969,52.4037],[19.9617,52.4163],[19.9769,52.4191],[19.9915,52.4003],[20.0076,52.3943],[20.0197,52.3831],[20.0324,52.3813],[20.069,52.3845],[20.0912,52.3793],[20.1348,52.3866],[20.1563,52.3803],[20.1947,52.3795],[20.2438,52.3887],[20.3072,52.3912],[20.3719,52.3885],[20.3966,52.3811],[20.4048,52.3843],[20.4057,52.3748],[20.3976,52.3726],[20.4187,52.3711],[20.424,52.3385],[20.4185,52.3372],[20.4222,52.3311],[20.3876,52.3247],[20.3853,52.3194],[20.3799,52.3202],[20.3778,52.3101],[20.4128,52.3074],[20.407,52.2987],[20.3982,52.3039],[20.3957,52.3002],[20.3856,52.3027],[20.3829,52.2948],[20.3483,52.2945],[20.3468,52.286],[20.3263,52.288],[20.3123,52.2811],[20.3394,52.2809],[20.3357,52.2571],[20.3452,52.2537],[20.3394,52.245],[20.3305,52.2434],[20.3451,52.2379],[20.3716,52.2383],[20.3733,52.2299],[20.3774,52.229],[20.3843,52.2419],[20.3941,52.2391],[20.3972,52.2458],[20.4102,52.2441],[20.4169,52.2417],[20.4111,52.2192],[20.4255,52.2187],[20.4254,52.2351],[20.4349,52.2344],[20.4438,52.2414],[20.4682,52.2341],[20.4895,52.2376],[20.4903,52.2262],[20.4746,52.2223],[20.477,52.2182],[20.4892,52.2185],[20.4907,52.1932],[20.4804,52.1934],[20.4849,52.1838]]]}},{"type":"Feature","properties":{"slug":"ciechanowski","name":"powiat ciechanowski","bdlUnitId":"071422502000","voivodeship":"mazowieckie"},"geometry":{"type":"Polygon","coordinates":[[[20.6654,53.087],[20.6655,53.0824],[20.6826,53.0745],[20.6839,53.0694],[20.6799,53.0548],[20.683,53.0482],[20.6752,53.0402],[20.6834,53.0383],[20.6834,53.0322],[20.6688,53.0258],[20.6958,53.008],[20.6887,53.0059],[20.6953,52.9989],[20.6916,52.9935],[20.6992,52.9879],[20.7197,52.9931],[20.7206,52.9986],[20.7327,52.9919],[20.7273,52.9867],[20.7585,52.9834],[20.7532,52.98],[20.7703,52.9779],[20.7758,52.9838],[20.7826,52.9772],[20.801,52.98],[20.8021,52.9649],[20.7738,52.9498],[20.788,52.9461],[20.7856,52.9436],[20.8066,52.943],[20.8036,52.9331],[20.8281,52.9266],[20.8184,52.9234],[20.8182,52.9189],[20.8241,52.9112],[20.8361,52.908],[20.8305,52.8972],[20.8398,52.8951],[20.8377,52.8896],[20.8508,52.8874],[20.851,52.8764],[20.8587,52.8763],[20.8576,52.8721],[20.8718,52.8614],[20.881,52.8418],[20.8726,52.8365],[20.877,52.8313],[20.8965,52.8257],[20.9144,52.8277],[20.9407,52.8099],[20.9337,52.8067],[20.9343,52.7962],[20.9081,52.7933],[20.9306,52.7679],[20.9205,52.7684],[20.9104,52.7564],[20.872,52.7682],[20.8589,52.7581],[20.8375,52.7584],[20.8376,52.752],[20.831,52.7517],[20.8245,52.7614],[20.8027,52.7572],[20.8013,52.7516],[20.7888,52.7537],[20.7894,52.7486],[20.8092,52.7352],[20.787,52.7426],[20.7787,52.7406],[20.7811,52.738],[20.7774,52.7363],[20.7843,52.7294],[20.7818,52.7133],[20.7497,52.7095],[20.7423,52.7026],[20.7282,52.7045],[20.7274,52.7083],[20.7057,52.6999],[20.6974,52.7054],[20.694,52.7174],[20.6576,52.7112],[20.6504,52.7143],[20.6532,52.7169],[20.6483,52.7216],[20.614,52.7255],[20.6128,52.7353],[20.583,52.7331],[20.5864,52.7235],[20.57,52.7193],[20.5694,52.7137],[20.5631,52.7117],[20.5423,52.7068],[20.5409,52.7158],[20.5336,52.7151],[20.5217,52.7096],[20.5176,52.7006],[20.4965,52.7094],[20.506,52.7154],[20.4934,52.7217],[20.4744,52.7172],[20.4712,52.7203],[20.4763,52.7267],[20.4408,52.7393],[20.4021,52.7302],[20.3851,52.7351],[20.3818,52.7386],[20.3846,52.7435],[20.395,52.7482],[20.3696,52.7485],[20.3508,52.7573],[20.3468,52.7599],[20.3535,52.7691],[20.3475,52.7749],[20.3256,52.7676],[20.3146,52.7691],[20.3181,52.7732],[20.2991,52.7879],[20.2582,52.7778],[20.2159,52.7968],[20.2119,52.8101],[20.2168,52.8138],[20.2147,52.8236],[20.2401,52.8308],[20.2643,52.8475],[20.2724,52.844],[20.3051,52.851],[20.3124,52.8407],[20.3635,52.8463],[20.3619,52.853],[20.369,52.8596],[20.3993,52.8636],[20.4035,52.8679],[20.3998,52.8737],[20.4108,52.8796],[20.4083,52.8883],[20.4218,52.9005],[20.4249,52.9164],[20.4311,52.9137],[20.4336,52.919],[20.4565,52.9221],[20.4576,52.9347],[20.4409,52.9502],[20.4428,52.9548],[20.4614,52.9577],[20.4608,52.961],[20.5016,52.9592],[20.4973,52.9789],[20.528,52.995],[20.5398,52.9959],[20.544,52.9897],[20.5536,52.9915],[20.5375,53.0159],[20.5572,53.0272],[20.5619,53.0355],[20.5787,53.0291],[20.5851,53.0366],[20.5717,53.0399],[20.5756,53.0416],[20.5734,53.0457],[20.5597,53.0463],[20.5576,53.0566],[20.5765,53.0548],[20.5774,53.0622],[20.5703,53.0741],[20.5815,53.0763],[20.5808,53.0818],[20.5886,53.0817],[20.5887,53.0952],[20.61,53.0977],[20.6229,53.1047],[20.6422,53.0924],[20.6637,53.0933],[20.6654,53.087]]]}},{"type":"Feature","properties":{"slug":"bialski","name":"powiat bialski","bdlUnitId":"060610901000","voivodeship":"lubelskie"},"geometry":{"type":"Polygon","coordinates":[[[23.1284,52.2878],[23.1512,52.2803],[23.1802,52.2833],[23.2041,52.2765],[23.1997,52.2678],[23.2056,52.2572],[23.1941,52.2395],[23.2037,52.2266],[23.2675,52.2149],[23.3054,52.2215],[23.3073,52.2174],[23.2991,52.2117],[23.3377,52.2062],[23.3525,52.2107],[23.3531,52.2044],[23.366,52.208],[23.3751,52.1952],[23.3962,52.2006],[23.3933,52.1967],[23.4017,52.193],[23.3971,52.1868],[23.3988,52.1788],[23.416,52.1824],[23.4249,52.1725],[23.4582,52.1846],[23.4671,52.1742],[23.4856,52.1813],[23.5012,52.1789],[23.5074,52.1739],[23.4926,52.1751],[23.4956,52.1701],[23.4864,52.1653],[23.487,52.153],[23.4987,52.1472],[23.5098,52.1502],[23.5143,52.1372],[23.5417,52.1285],[23.5491,52.1099],[23.5563,52.1105],[23.5573,52.1188],[23.5681,52.1156],[23.5802,52.1199],[23.6185,52.1086],[23.6195,52.1051],[23.6108,52.1027],[23.6116,52.0982],[23.6245,52.0893],[23.6402,52.0858],[23.6429,52.0772],[23.6539,52.0721],[23.6441,52.0658],[23.6555,52.0596],[23.6423,52.0597],[23.6546,52.0539],[23.6627,52.0399],[23.6631,52.0242],[23.6573,52.0187],[23.6839,52.0007],[23.689,51.9919],[23.6857,51.9862],[23.665,51.9784],[23.6693,51.9647],[23.6514,51.9636],[23.6415,51.9541],[23.6285,51.952],[23.6289,51.9475],[23.6404,51.9497],[23.6459,51.9345],[23.6322,51.9313],[23.6307,51.9223],[23.6188,51.925],[23.6121,51.9188],[23.6204,51.911],[23.6184,51.9035],[23.638,51.893],[23.6223,51.8849],[23.6303,51.8734],[23.617,51.8783],[23.6065,51.8755],[23.6103,51.8607],[23.6175,51.8561],[23.6115,51.8449],[23.6001,51.8405],[23.6093,51.8387],[23.6029,51.8303],[23.6215,51.8307],[23.6245,51.8261],[23.6215,51.8209],[23.6285,51.819],[23.6402,51.8048],[23.6414,51.8004],[23.6344,51.7954],[23.6366,51.7918],[23.6285,51.7908],[23.6309,51.7802],[23.6266,51.7827],[23.615,51.7727],[23.597,51.7722],[23.5878,51.7596],[23.5656,51.7574],[23.559,51.7616],[23.546,51.7484],[23.5306,51.7431],[23.51,51.7499],[23.5187,51.7603],[23.483,51.772],[23.4877,51.7771],[23.4652,51.7806],[23.4554,51.777],[23.4474,51.7624],[23.4514,51.7547],[23.447,51.7421],[23.4156,51.7431],[23.4018,51.738],[23.4004,51.7285],[23.4141,51.7224],[23.412,51.7173],[23.3592,51.6863],[23.3308,51.6761],[23.3284,51.666],[23.3361,51.6571],[23.3239,51.6562],[23.2883,51.6964],[23.2242,51.7168],[23.1965,51.7164],[23.1715,51.705],[23.1546,51.7156],[23.1502,51.7279],[23.1152,51.7534],[23.0581,51.7511],[23.0397,51.7617],[23.0393,51.77],[23.023,51.7803],[23.0319,51.7954],[23.0461,51.8426],[23.0621,51.8671],[23.0473,51.8772],[23.0394,51.8746],[23.0442,51.8808],[23.0356,51.8942],[22.9676,51.8929],[22.9472,51.8862],[22.9203,51.8664],[22.8808,51.8474],[22.882,51.8624],[22.8159,51.8557],[22.8191,51.8527],[22.8078,51.8531],[22.8082,51.8586],[22.7914,51.8573],[22.782,51.8324],[22.764,51.8135],[22.7434,51.8125],[22.738,51.8167],[22.7298,51.8293],[22.7306,51.8401],[22.7345,51.8393],[22.741,51.8546],[22.7369,51.8585],[22.7407,51.8632],[22.7473,51.8621],[22.7564,51.8732],[22.7637,51.9007],[22.7798,51.905],[22.7789,51.9195],[22.7731,51.9195],[22.773,51.9258],[22.7621,51.9258],[22.7717,51.9375],[22.7371,51.9421],[22.7384,51.9458],[22.7302,51.948],[22.724,51.9401],[22.7065,51.9484],[22.7003,51.9457],[22.7014,51.9408],[22.6861,51.9352],[22.6726,51.9427],[22.654,51.9393],[22.6405,51.9499],[22.6295,51.9824],[22.6358,51.9869],[22.6334,51.9991],[22.6265,51.9994],[22.6175,52.011],[22.6338,52.0311],[22.6613,52.0366],[22.6691,52.0626],[22.6638,52.0705],[22.6667,52.0795],[22.6483,52.0909],[22.6505,52.0937],[22.6987,52.1175],[22.701,52.107],[22.7266,52.097],[22.7609,52.0912],[22.765,52.0814],[22.7835,52.0686],[22.8063,52.0792],[22.8307,52.0814],[22.8375,52.0799],[22.8499,52.0656],[22.8657,52.0724],[22.866,52.064],[22.9021,52.0635],[22.9074,52.077],[22.8983,52.0794],[22.8942,52.0913],[22.8875,52.092],[22.8979,52.1014],[22.893,52.102],[22.9026,52.1103],[22.9225,52.1068],[22.928,52.1116],[22.9501,52.1022],[22.9682,52.1154],[22.9331,52.1365],[22.939,52.1426],[22.9457,52.1404],[22.9437,52.1452],[22.9859,52.1589],[22.977,52.1722],[23.0292,52.174],[23.0294,52.1782],[23.0348,52.1784],[23.0715,52.1704],[23.0694,52.1748],[23.0397,52.1839],[23.0319,52.1984],[23.0313,52.2165],[23.0666,52.2368],[23.0781,52.2349],[23.0948,52.2565],[23.1024,52.2536],[23.11,52.2613],[23.1042,52.2654],[23.1284,52.2878]],[[23.1778,52.0076],[23.1989,52.0193],[23.2084,52.0171],[23.2099,52.0568],[23.1524,52.0522],[23.1471,52.0598],[23.1235,52.0617],[23.0944,52.0543],[23.0846,52.0431],[23.0885,52.0423],[23.0651,52.0339],[23.0906,52.0323],[23.0914,52.024],[23.0751,52.0239],[23.0851,52.0151],[23.0725,52.0135],[23.074,52.0028],[23.0959,52.0062],[23.1223,51.9964],[23.1778,52.0076]]]}},{"type":"Feature","properties":{"slug":"krasnostawski","name":"powiat krasnostawski","bdlUnitId":"060611006000","voivodeship":"lubelskie"},"geometry":{"type":"Polygon","coordinates":[[[23.0056,51.0929],[23.0363,51.0876],[23.0661,51.0973],[23.0739,51.0834],[23.0894,51.0898],[23.1252,51.0919],[23.1263,51.0854],[23.139,51.0862],[23.1308,51.0871],[23.1466,51.0962],[23.17,51.0988],[23.1906,51.0769],[23.2065,51.0851],[23.2113,51.0828],[23.2087,51.0802],[23.2212,51.0815],[23.2296,51.0719],[23.2739,51.0572],[23.3145,51.0559],[23.31,51.0478],[23.3418,51.0452],[23.3588,51.0502],[23.4138,51.0444],[23.4295,51.0384],[23.4486,51.0416],[23.455,51.0168],[23.4498,51.0085],[23.4395,51.0084],[23.4036,50.986],[23.3875,50.9832],[23.3857,50.9786],[23.4125,50.9638],[23.4183,50.954],[23.4273,50.9518],[23.4275,50.9441],[23.4345,50.9434],[23.4356,50.9391],[23.4275,50.9385],[23.429,50.9357],[23.4612,50.9198],[23.4527,50.9211],[23.4565,50.9093],[23.4795,50.8983],[23.4589,50.8761],[23.4205,50.8943],[23.3975,50.8967],[23.377,50.8905],[23.3468,50.8932],[23.3185,50.8986],[23.2979,50.9092],[23.2768,50.8983],[23.2719,50.8901],[23.2476,50.8876],[23.2412,50.8825],[23.2601,50.8737],[23.2536,50.8687],[23.2563,50.8651],[23.2481,50.8619],[23.2477,50.8551],[23.2018,50.8502],[23.1953,50.8704],[23.1607,50.8739],[23.1571,50.8793],[23.15,50.8724],[23.1534,50.849],[23.1377,50.8416],[23.1115,50.8407],[23.0893,50.847],[23.0956,50.8429],[23.0809,50.8426],[23.0816,50.8488],[23.0918,50.8496],[23.0652,50.8541],[23.0603,50.8601],[23.0336,50.8691],[23.0057,50.8467],[22.989,50.8226],[22.9482,50.8242],[22.9344,50.804],[22.9098,50.81],[22.8881,50.8078],[22.8981,50.811],[22.8799,50.8223],[22.8625,50.8126],[22.8111,50.8334],[22.8041,50.8453],[22.8036,50.8778],[22.7683,50.8861],[22.7697,50.8935],[22.7571,50.9122],[22.7717,50.9094],[22.7748,50.9134],[22.7686,50.9154],[22.7732,50.9214],[22.8007,50.926],[22.7871,50.9372],[22.7814,50.9357],[22.7903,50.9549],[22.7861,50.9646],[22.8008,50.9649],[22.8075,50.9713],[22.8259,50.9723],[22.836,50.9786],[22.879,50.9652],[22.9177,50.9765],[22.9166,50.989],[22.9297,50.9924],[22.9264,50.9972],[22.9469,51.0012],[22.9534,51.008],[22.9487,51.0107],[22.9519,51.0211],[22.9015,51.0243],[22.8959,51.0479],[22.8803,51.0493],[22.8775,51.0563],[22.8806,51.0702],[22.8875,51.0695],[22.9163,51.111],[22.9297,51.1228],[22.9381,51.1178],[22.9594,51.1197],[22.9753,51.1143],[22.9738,51.1114],[23.0041,51.1062],[22.9972,51.1007],[23.0056,51.0929]]]}},{"type":"Feature","properties":{"slug":"zamojski","name":"powiat zamojski","bdlUnitId":"060611020000","voivodeship":"lubelskie"},"geometry":{"type":"MultiPolygon","coordinates":[[[[23.4789,50.8985],[23.4922,50.8948],[23.4771,50.8955],[23.4775,50.8891],[23.4881,50.8863],[23.5085,50.8867],[23.5123,50.895],[23.5483,50.8836],[23.5692,50.8701],[23.5804,50.8735],[23.5834,50.8685],[23.6127,50.8634],[23.629,50.8539],[23.6356,50.8585],[23.6494,50.8537],[23.6425,50.8345],[23.6268,50.8369],[23.6219,50.8272],[23.6406,50.8228],[23.6362,50.8132],[23.6585,50.797],[23.6555,50.7925],[23.6635,50.7935],[23.6594,50.7837],[23.6638,50.7734],[23.6592,50.7533],[23.6492,50.7511],[23.6442,50.7387],[23.6606,50.7308],[23.6713,50.7132],[23.618,50.713],[23.6175,50.7093],[23.6254,50.7087],[23.6233,50.6982],[23.6169,50.6987],[23.6148,50.6878],[23.6223,50.6876],[23.6234,50.6774],[23.5962,50.6788],[23.5911,50.6721],[23.5915,50.6599],[23.5998,50.6613],[23.6042,50.6425],[23.5983,50.6276],[23.5939,50.6278],[23.5982,50.614],[23.5755,50.6024],[23.5778,50.5961],[23.5887,50.59],[23.5842,50.5842],[23.5738,50.5908],[23.5563,50.5898],[23.5573,50.6006],[23.5049,50.5951],[23.5034,50.6032],[23.4931,50.6024],[23.4888,50.593],[23.4292,50.5917],[23.4049,50.5963],[23.3958,50.6089],[23.3112,50.6102],[23.3097,50.5751],[23.2986,50.5625],[23.2949,50.5475],[23.3199,50.5426],[23.3268,50.5352],[23.3195,50.5345],[23.3158,50.5282],[23.3057,50.531],[23.3131,50.5229],[23.2944,50.5276],[23.2909,50.5236],[23.3139,50.5188],[23.3188,50.5031],[23.2963,50.4994],[23.2995,50.4935],[23.289,50.4908],[23.2962,50.4905],[23.292,50.4872],[23.2968,50.4844],[23.2934,50.4812],[23.2842,50.4855],[23.2688,50.4742],[23.2649,50.4765],[23.2676,50.4799],[23.2609,50.4794],[23.26,50.4862],[23.2449,50.4906],[23.2297,50.4874],[23.2363,50.4923],[23.2183,50.4984],[23.2153,50.5058],[23.198,50.4989],[23.1862,50.4876],[23.1761,50.5021],[23.1587,50.5151],[23.112,50.5342],[23.0629,50.5295],[23.0419,50.5217],[23.0324,50.5234],[23.0353,50.5301],[23.0301,50.5325],[23.0214,50.5225],[23.0099,50.5192],[22.9992,50.523],[23.0051,50.5287],[22.9996,50.5313],[22.9998,50.5365],[22.9807,50.5461],[22.9982,50.5513],[22.986,50.566],[22.9795,50.5638],[22.9634,50.5733],[22.9434,50.573],[22.9458,50.5782],[22.9413,50.5784],[22.9333,50.5934],[22.9407,50.5932],[22.9338,50.5944],[22.9359,50.5976],[22.9303,50.601],[22.899,50.5954],[22.893,50.6033],[22.9048,50.6076],[22.8991,50.612],[22.9082,50.611],[22.9084,50.6152],[22.8884,50.6191],[22.8753,50.6312],[22.8732,50.6361],[22.8821,50.636],[22.879,50.6393],[22.8849,50.6446],[22.871,50.6444],[22.8698,50.6392],[22.8348,50.6322],[22.8374,50.6255],[22.8329,50.6218],[22.8434,50.6133],[22.8293,50.6082],[22.829,50.5973],[22.8356,50.5954],[22.8326,50.5938],[22.8263,50.594],[22.8271,50.6107],[22.8208,50.6108],[22.8249,50.6211],[22.8127,50.6237],[22.786,50.6428],[22.7756,50.6436],[22.7917,50.6481],[22.8005,50.6571],[22.8021,50.6684],[22.7928,50.6798],[22.7939,50.6885],[22.8121,50.7046],[22.8341,50.7026],[22.8341,50.7091],[22.8207,50.7042],[22.8399,50.7163],[22.8269,50.7137],[22.8067,50.7229],[22.7959,50.7204],[22.7748,50.7251],[22.7901,50.7234],[22.7884,50.7278],[22.7822,50.7273],[22.7824,50.7365],[22.7781,50.736],[22.7721,50.7556],[22.7539,50.7542],[22.7618,50.7564],[22.7607,50.7626],[22.7689,50.7635],[22.7665,50.7709],[22.7957,50.769],[22.8169,50.7741],[22.8394,50.7917],[22.8393,50.7884],[22.8677,50.7838],[22.8819,50.8015],[22.8787,50.8083],[22.9098,50.81],[22.9344,50.804],[22.9482,50.8242],[22.989,50.8226],[23.0057,50.8467],[23.0336,50.8691],[23.0603,50.8601],[23.0652,50.8541],[23.0918,50.8496],[23.0816,50.8488],[23.0809,50.8426],[23.0956,50.8429],[23.0893,50.847],[23.1115,50.8407],[23.1377,50.8416],[23.1534,50.849],[23.15,50.8724],[23.1571,50.8793],[23.1607,50.8739],[23.1953,50.8704],[23.2018,50.8502],[23.2477,50.8551],[23.2481,50.8619],[23.2563,50.8651],[23.2536,50.8687],[23.2601,50.8737],[23.2412,50.8825],[23.2476,50.8876],[23.2719,50.8901],[23.2768,50.8983],[23.2979,50.9092],[23.3185,50.8986],[23.3468,50.8932],[23.377,50.8905],[23.3975,50.8967],[23.4205,50.8943],[23.4589,50.8761],[23.4789,50.8985]],[[23.3064,50.7445],[23.2715,50.7485],[23.2714,50.7422],[23.2417,50.7503],[23.2491,50.7404],[23.2318,50.7358],[23.2344,50.7251],[23.2289,50.7254],[23.2331,50.7335],[23.1903,50.7275],[23.2128,50.724],[23.2124,50.7165],[23.2053,50.7155],[23.2064,50.7098],[23.213,50.7116],[23.2321,50.6974],[23.2242,50.6958],[23.2584,50.6924],[23.2778,50.6959],[23.2863,50.7052],[23.2912,50.7034],[23.2942,50.7073],[23.2895,50.7092],[23.2911,50.7126],[23.301,50.7156],[23.3068,50.7231],[23.3032,50.7236],[23.302,50.7332],[23.3064,50.7445]]],[[[23.2075,50.725],[23.2065,50.7276],[23.2089,50.7282],[23.2111,50.7286],[23.2123,50.726],[23.2106,50.7255],[23.2075,50.725]]]]}},{"type":"Feature","properties":{"slug":"tarnowski","name":"powiat tarnowski","bdlUnitId":"011212416000","voivodeship":"małopolskie"},"geometry":{"type":"Polygon","coordinates":[[[20.728,50.2428],[20.7474,50.2275],[20.7491,50.2139],[20.7589,50.2084],[20.7923,50.2186],[20.7989,50.2126],[20.8128,50.2114],[20.8311,50.2232],[20.8555,50.2148],[20.8541,50.2053],[20.8641,50.2043],[20.8776,50.1936],[20.8743,50.1895],[20.877,50.1773],[20.8645,50.1683],[20.8811,50.161],[20.9342,50.1648],[20.9385,50.1611],[20.9316,50.1577],[20.9487,50.1481],[20.9652,50.1472],[20.9608,50.1389],[20.9547,50.1375],[20.9548,50.1313],[20.9615,50.1271],[20.9535,50.1266],[20.9581,50.1248],[20.9566,50.1122],[20.9784,50.1104],[20.9842,50.1154],[20.9849,50.1118],[20.9867,50.1168],[21,50.1168],[20.9986,50.1229],[21.0067,50.1264],[21.0146,50.1236],[21.0204,50.1138],[21.029,50.116],[21.0276,50.1114],[21.0565,50.1067],[21.0839,50.1155],[21.1402,50.115],[21.1375,50.1233],[21.1268,50.128],[21.1318,50.1358],[21.1524,50.1476],[21.1758,50.1426],[21.1643,50.136],[21.146,50.1345],[21.1462,50.13],[21.1508,50.1301],[21.1485,50.1264],[21.195,50.1198],[21.1811,50.1179],[21.1769,50.112],[21.1869,50.1062],[21.1846,50.1003],[21.199,50.095],[21.1601,50.0895],[21.1692,50.0791],[21.179,50.0807],[21.1797,50.0761],[21.1658,50.0669],[21.1694,50.0654],[21.1664,50.0598],[21.145,50.0531],[21.1515,50.0453],[21.1929,50.0293],[21.1788,50.0118],[21.1557,50.0045],[21.1496,49.9956],[21.1507,49.9761],[21.1607,49.9665],[21.161,49.9509],[21.1708,49.9442],[21.1797,49.9283],[21.2491,49.9308],[21.2827,49.9259],[21.2882,49.9094],[21.2813,49.8934],[21.2602,49.8848],[21.2273,49.8867],[21.2247,49.853],[21.252,49.8409],[21.2648,49.8401],[21.2688,49.8452],[21.2971,49.8429],[21.3374,49.8267],[21.3489,49.8147],[21.3322,49.8108],[21.3357,49.8078],[21.3303,49.8039],[21.3084,49.7961],[21.2791,49.8053],[21.2698,49.7983],[21.2706,49.7941],[21.2515,49.7922],[21.2418,49.7761],[21.16,49.7817],[21.1381,49.7697],[21.1208,49.7741],[21.114,49.7682],[21.1028,49.772],[21.0955,49.7628],[21.0655,49.7468],[21.0421,49.7626],[21.0378,49.7702],[21.0275,49.7633],[21,49.7598],[21.0062,49.7478],[21.0012,49.7451],[20.977,49.7417],[20.9597,49.7474],[20.946,49.7415],[20.9388,49.7284],[20.9177,49.732],[20.9094,49.7402],[20.9004,49.7324],[20.873,49.7336],[20.8684,49.7369],[20.8758,49.7413],[20.8676,49.7434],[20.8656,49.751],[20.8502,49.7509],[20.8453,49.7639],[20.8308,49.7615],[20.7742,49.7857],[20.7368,49.7882],[20.7428,49.7942],[20.7395,49.8001],[20.7132,49.8066],[20.7108,49.8281],[20.7012,49.8303],[20.6979,49.8365],[20.7099,49.8351],[20.7148,49.8511],[20.733,49.8558],[20.7362,49.8607],[20.7335,49.8674],[20.7177,49.876],[20.7365,49.8867],[20.7229,49.8989],[20.7385,49.9034],[20.7642,49.8978],[20.7769,49.9066],[20.7513,49.9177],[20.7596,49.9207],[20.7534,49.9394],[20.793,49.9537],[20.7556,49.9636],[20.7559,49.9738],[20.7649,49.9854],[20.7573,49.999],[20.7461,50.0074],[20.769,50.0202],[20.7797,50.0176],[20.7727,50.0075],[20.7859,50.0069],[20.7871,50.0166],[20.782,50.0174],[20.7983,50.0248],[20.7556,50.0317],[20.7576,50.0527],[20.7825,50.0701],[20.7742,50.0879],[20.7813,50.0914],[20.7695,50.1027],[20.7608,50.1025],[20.7568,50.1117],[20.7351,50.1133],[20.7345,50.1174],[20.7559,50.1206],[20.7531,50.1286],[20.7643,50.1301],[20.7462,50.1477],[20.709,50.1545],[20.6967,50.1637],[20.702,50.1863],[20.7066,50.1893],[20.6815,50.2008],[20.6805,50.2156],[20.7017,50.217],[20.7097,50.2277],[20.7295,50.2309],[20.728,50.2428]],[[20.8937,50.0121],[20.9058,50.0128],[20.911,50.0069],[20.9036,50.0036],[20.9044,50.0001],[20.9214,49.9977],[20.9135,49.9884],[20.9348,49.986],[20.9399,49.9922],[20.9563,49.9862],[20.9628,49.9907],[20.9676,49.9857],[21.0241,49.9894],[21.022,50.0048],[21.0419,50.0039],[21.0623,50.0156],[21.0345,50.0226],[21.0336,50.0527],[21.0087,50.0534],[21.0116,50.0622],[20.9385,50.0666],[20.9255,50.0641],[20.9312,50.0569],[20.9262,50.0507],[20.9315,50.044],[20.9278,50.036],[20.9115,50.0364],[20.8956,50.0289],[20.8937,50.0121]]]}},{"type":"Feature","properties":{"slug":"belchatowski","name":"powiat bełchatowski","bdlUnitId":"051011701000","voivodeship":"łódzkie"},"geometry":{"type":"Polygon","coordinates":[[[19.2622,51.5328],[19.2624,51.5487],[19.2751,51.5556],[19.288,51.5403],[19.289,51.5321],[19.3015,51.5274],[19.3382,51.5226],[19.3941,51.5285],[19.3996,51.5341],[19.4011,51.5261],[19.4278,51.521],[19.4264,51.5148],[19.4322,51.5085],[19.4454,51.5071],[19.4449,51.5115],[19.4614,51.5137],[19.4478,51.4974],[19.4577,51.4946],[19.4568,51.4908],[19.4419,51.4855],[19.4426,51.4796],[19.4359,51.4789],[19.4393,51.4738],[19.4355,51.4688],[19.4228,51.4672],[19.43,51.4616],[19.4613,51.4689],[19.4603,51.4529],[19.4907,51.4497],[19.4907,51.4436],[19.474,51.443],[19.4821,51.4361],[19.4778,51.4312],[19.4775,51.4173],[19.4912,51.415],[19.4884,51.4079],[19.4655,51.4018],[19.4755,51.3834],[19.4992,51.3694],[19.4965,51.3549],[19.4692,51.3458],[19.4738,51.3405],[19.4841,51.3424],[19.4722,51.3302],[19.4791,51.3204],[19.4844,51.3205],[19.4799,51.3192],[19.4876,51.3076],[19.4599,51.2861],[19.4481,51.2845],[19.4166,51.2585],[19.4222,51.2475],[19.4067,51.2469],[19.4056,51.2418],[19.4138,51.2413],[19.4031,51.234],[19.3843,51.2313],[19.3979,51.2201],[19.3952,51.2041],[19.3998,51.2015],[19.3946,51.196],[19.3785,51.1938],[19.3551,51.1819],[19.3395,51.1908],[19.3125,51.1842],[19.2986,51.1873],[19.2653,51.2073],[19.2659,51.2002],[19.2512,51.194],[19.2501,51.2034],[19.2457,51.2031],[19.2516,51.2073],[19.2495,51.211],[19.221,51.2245],[19.1969,51.2282],[19.1876,51.2488],[19.1627,51.2604],[19.1495,51.2372],[19.1408,51.2385],[19.1365,51.2476],[19.1278,51.2472],[19.1287,51.2358],[19.1148,51.2408],[19.0972,51.2369],[19.0979,51.2475],[19.0926,51.2544],[19.1106,51.2552],[19.099,51.2719],[19.0989,51.2861],[19.0912,51.2957],[19.0791,51.2999],[19.0589,51.2879],[19.0392,51.2869],[19.0437,51.2843],[19.0328,51.2782],[19.0339,51.2688],[19.0272,51.278],[19.0002,51.2874],[18.985,51.2834],[18.9556,51.2894],[18.9024,51.2892],[18.8992,51.2804],[18.8758,51.2793],[18.8589,51.2832],[18.856,51.2879],[18.8885,51.3049],[18.8823,51.3162],[18.8613,51.3233],[18.8683,51.3346],[18.8775,51.3355],[18.876,51.3406],[18.8854,51.3453],[18.8769,51.3516],[18.8936,51.3533],[18.8909,51.3568],[18.899,51.3591],[18.9132,51.3579],[18.8974,51.3643],[18.9164,51.362],[18.921,51.3566],[18.916,51.3521],[18.9287,51.3527],[18.931,51.3477],[18.97,51.362],[19.0167,51.3403],[19.0134,51.354],[19.0279,51.3573],[19.0464,51.3533],[19.0559,51.3842],[19.0693,51.3899],[19.0591,51.4003],[19.0653,51.4028],[19.0563,51.4097],[19.0567,51.4168],[19.069,51.417],[19.0811,51.4352],[19.0726,51.4395],[19.0727,51.4464],[19.0809,51.4476],[19.0743,51.4677],[19.0903,51.4672],[19.1082,51.4755],[19.1591,51.4823],[19.196,51.4764],[19.2062,51.4882],[19.2109,51.4848],[19.2442,51.4957],[19.2401,51.4998],[19.2581,51.5141],[19.2622,51.5328]]]}},{"type":"Feature","properties":{"slug":"laski","name":"powiat łaski","bdlUnitId":"051011803000","voivodeship":"łódzkie"},"geometry":{"type":"Polygon","coordinates":[[[19.047,51.7669],[19.0476,51.7756],[19.0526,51.7732],[19.056,51.7781],[19.0827,51.7736],[19.099,51.7636],[19.1421,51.76],[19.1555,51.7474],[19.1607,51.7479],[19.1573,51.7443],[19.1602,51.7381],[19.1814,51.7269],[19.1777,51.7206],[19.1858,51.7158],[19.1852,51.7078],[19.2064,51.713],[19.2181,51.708],[19.2261,51.7],[19.2085,51.6997],[19.2067,51.7067],[19.1866,51.7021],[19.1862,51.6967],[19.1979,51.6963],[19.1922,51.6885],[19.2086,51.6781],[19.208,51.6694],[19.1963,51.6682],[19.2013,51.6645],[19.1796,51.6571],[19.1753,51.6486],[19.1629,51.6475],[19.1478,51.6264],[19.1902,51.6263],[19.2043,51.6169],[19.2178,51.6212],[19.213,51.6155],[19.2191,51.607],[19.192,51.6036],[19.2021,51.5961],[19.2046,51.5843],[19.1797,51.5783],[19.1745,51.5828],[19.1607,51.5811],[19.178,51.5745],[19.2167,51.5754],[19.2358,51.5809],[19.2621,51.5667],[19.2734,51.5552],[19.2624,51.5487],[19.2581,51.5141],[19.2401,51.4998],[19.2442,51.4957],[19.2109,51.4848],[19.2062,51.4882],[19.196,51.4764],[19.1591,51.4823],[19.1082,51.4755],[19.0903,51.4672],[19.0743,51.4677],[19.0809,51.4476],[19.0727,51.4464],[19.0726,51.4395],[19.0811,51.4352],[19.069,51.417],[19.0567,51.4168],[19.0563,51.4097],[19.0653,51.4028],[19.0591,51.4003],[19.0693,51.3899],[19.0559,51.3842],[19.0472,51.3537],[19.0279,51.3573],[19.0134,51.354],[19.0155,51.3404],[18.9675,51.3623],[18.9277,51.348],[18.9287,51.3527],[18.916,51.3521],[18.921,51.3566],[18.9164,51.362],[18.8974,51.3643],[18.893,51.3837],[18.8743,51.3838],[18.8563,51.4033],[18.8489,51.3974],[18.8301,51.3957],[18.8218,51.4048],[18.8031,51.4084],[18.8085,51.412],[18.8052,51.4184],[18.8174,51.4333],[18.8313,51.4346],[18.8238,51.4381],[18.83,51.4473],[18.8375,51.4436],[18.8571,51.455],[18.8679,51.453],[18.8785,51.4661],[18.869,51.4695],[18.8541,51.4558],[18.8687,51.4702],[18.8659,51.4782],[18.8693,51.4822],[18.8639,51.4835],[18.8631,51.4891],[18.8725,51.4891],[18.8695,51.4813],[18.8841,51.4722],[18.9018,51.483],[18.9128,51.4697],[18.9329,51.4708],[18.9307,51.4763],[18.9181,51.482],[18.9418,51.4889],[18.9445,51.5189],[18.9568,51.5322],[18.9694,51.5287],[18.9773,51.5429],[18.9745,51.546],[18.9942,51.5485],[19.0159,51.5654],[19.0212,51.561],[19.0205,51.5673],[19.0259,51.5672],[19.0242,51.5756],[19.0416,51.5837],[19.0401,51.5927],[19.0205,51.604],[19.0195,51.6097],[19.0333,51.6132],[19.0132,51.6329],[19.008,51.6502],[19.0283,51.6682],[19.0362,51.6633],[19.0399,51.6667],[19.0469,51.6623],[19.0511,51.6675],[19.0578,51.6605],[19.0672,51.6623],[19.0445,51.6794],[19.043,51.6868],[19.0565,51.6869],[19.0681,51.6812],[19.1078,51.689],[19.1055,51.7033],[19.0961,51.7117],[19.0726,51.7193],[19.0663,51.7341],[19.0388,51.7399],[19.0451,51.7525],[19.0553,51.7543],[19.047,51.7669]]]}},{"type":"Feature","properties":{"slug":"leczycki","name":"powiat łęczycki","bdlUnitId":"051011904000","voivodeship":"łódzkie"},"geometry":{"type":"Polygon","coordinates":[[[19.468,52.1294],[19.4748,52.1254],[19.5293,52.1322],[19.5297,52.1121],[19.524,52.101],[19.5475,52.0857],[19.5127,52.0803],[19.5387,52.0744],[19.5377,52.0613],[19.543,52.0615],[19.5349,52.0549],[19.5418,52.0536],[19.5421,52.0473],[19.555,52.0453],[19.5551,52.0377],[19.5622,52.0347],[19.558,52.0217],[19.5431,52.0265],[19.5406,52.0158],[19.5241,52.0021],[19.514,52.0113],[19.5051,52.0058],[19.5024,52.0153],[19.4964,52.0177],[19.4858,52.0143],[19.4862,52.0198],[19.4808,52.0221],[19.4908,52.0011],[19.4828,51.9985],[19.4795,52.0025],[19.4635,51.9966],[19.4512,51.9987],[19.4535,52.0066],[19.4377,52.0082],[19.436,52.0147],[19.4303,52.0138],[19.4256,52.0021],[19.4109,52.0056],[19.3804,52.0027],[19.3797,52.009],[19.3701,52.0097],[19.3622,52.0228],[19.3729,52.0255],[19.3571,52.0325],[19.342,52.0323],[19.3405,52.0283],[19.3452,52.0255],[19.3141,52.0171],[19.2937,52.0231],[19.2901,52.0364],[19.2588,52.0307],[19.2597,52.0261],[19.2255,52.0255],[19.22,52.014],[19.1825,52.0177],[19.1716,52.0092],[19.122,52.0109],[19.1286,52.0005],[19.115,52.0012],[19.1168,52.0045],[19.1066,52.0054],[19.0967,52.0133],[19.0778,52.0062],[19.0711,52.0144],[19.0341,52.0055],[19.0311,52.0187],[19.0249,52.0154],[19.0184,52.0185],[19.0112,52.0114],[18.9979,52.0092],[18.9939,52.0151],[18.9807,52.0151],[18.98,52.0197],[18.9624,52.0253],[18.9421,52.0116],[18.9306,52.0103],[18.9285,52.0149],[18.9159,52.0175],[18.9164,52.0015],[18.8777,52.0028],[18.8698,52.0066],[18.8777,52.0096],[18.8612,52.0119],[18.8624,52.018],[18.8858,52.021],[18.8843,52.0424],[18.8397,52.0415],[18.8526,52.0508],[18.8278,52.0642],[18.8399,52.0717],[18.8421,52.0802],[18.8534,52.0814],[18.8518,52.085],[18.8569,52.0866],[18.8676,52.0875],[18.8855,52.08],[18.9001,52.0838],[18.9051,52.0796],[18.9251,52.0793],[18.9308,52.1043],[18.944,52.1033],[18.9498,52.1193],[18.9425,52.1279],[18.9316,52.1232],[18.912,52.1308],[18.9087,52.1526],[18.9156,52.1608],[18.9182,52.186],[18.9306,52.1992],[18.951,52.1954],[18.9636,52.2064],[18.9641,52.2024],[18.9657,52.2058],[18.9703,52.2026],[18.972,52.2072],[18.9922,52.2145],[18.9995,52.2111],[19.0202,52.2154],[19.0524,52.2126],[19.0776,52.2001],[19.1063,52.1999],[19.1161,52.1944],[19.1359,52.1954],[19.1428,52.2057],[19.1764,52.2061],[19.1862,52.197],[19.176,52.1927],[19.1815,52.1878],[19.2046,52.1923],[19.2137,52.1819],[19.2211,52.1811],[19.2467,52.191],[19.2516,52.1803],[19.2486,52.1777],[19.2669,52.163],[19.2824,52.1672],[19.2786,52.1714],[19.2934,52.1765],[19.3038,52.1665],[19.3182,52.1737],[19.3386,52.1493],[19.3483,52.147],[19.3534,52.1193],[19.358,52.1145],[19.3549,52.1135],[19.3677,52.1087],[19.4291,52.1147],[19.4306,52.1186],[19.4505,52.12],[19.4547,52.1308],[19.468,52.1294]]]}},{"type":"Feature","properties":{"slug":"pajeczanski","name":"powiat pajęczański","bdlUnitId":"051011809000","voivodeship":"łódzkie"},"geometry":{"type":"Polygon","coordinates":[[[19.1419,51.2382],[19.1495,51.2372],[19.1627,51.2604],[19.1659,51.2595],[19.1876,51.2488],[19.1969,51.2282],[19.221,51.2245],[19.2495,51.211],[19.2516,51.2073],[19.2457,51.2031],[19.2501,51.2034],[19.2512,51.194],[19.2659,51.2002],[19.2653,51.2073],[19.2853,51.1968],[19.2884,51.1904],[19.3125,51.1842],[19.3016,51.1674],[19.2652,51.1677],[19.2393,51.1745],[19.2335,51.1503],[19.2587,51.1435],[19.2789,51.131],[19.2806,51.1071],[19.2627,51.1103],[19.2422,51.098],[19.2217,51.0663],[19.2085,51.0609],[19.2051,51.0546],[19.2047,51.0456],[19.2119,51.0452],[19.2091,51.0401],[19.2268,51.0429],[19.2417,51.0386],[19.2473,51.0316],[19.2432,51.0236],[19.257,51.003],[19.2506,51.0054],[19.2407,50.9904],[19.2043,50.9824],[19.2065,50.9855],[19.165,50.9946],[19.1638,51.0033],[19.1449,51.0018],[19.1497,51.0096],[19.1449,51.01],[19.1327,51.0108],[19.1273,51.0059],[19.1328,50.9996],[19.1236,50.9996],[19.1017,51.028],[19.0727,51.0355],[19.0561,51.0242],[19.0497,51.0264],[19.0477,51.0295],[19.0566,51.0321],[19.0563,51.0399],[19.0167,51.0519],[19.0091,51.0603],[19.0116,51.0664],[18.923,51.0994],[18.8998,51.0784],[18.8955,51.0666],[18.9003,51.0624],[18.8835,51.059],[18.8565,51.0764],[18.8574,51.0726],[18.8179,51.0682],[18.8166,51.0729],[18.8007,51.0712],[18.8029,51.0634],[18.7679,51.0648],[18.7601,51.0698],[18.7702,51.0783],[18.7654,51.0879],[18.7715,51.0823],[18.7822,51.0828],[18.7836,51.0928],[18.7795,51.0964],[18.7611,51.0934],[18.7567,51.0995],[18.7472,51.0982],[18.74,51.1039],[18.7605,51.1015],[18.7575,51.1176],[18.7522,51.1189],[18.7648,51.1238],[18.7655,51.1303],[18.7738,51.1303],[18.7672,51.1319],[18.7909,51.1345],[18.7732,51.1416],[18.7794,51.1654],[18.7898,51.1619],[18.7926,51.1698],[18.8184,51.1642],[18.8339,51.1667],[18.8337,51.1705],[18.8214,51.1705],[18.8218,51.1796],[18.8111,51.1814],[18.829,51.2033],[18.8217,51.2009],[18.7876,51.2146],[18.8008,51.2328],[18.7935,51.2407],[18.7973,51.2519],[18.7908,51.2546],[18.8007,51.2578],[18.8147,51.2529],[18.8152,51.2602],[18.8306,51.2587],[18.8288,51.2643],[18.8351,51.2637],[18.8355,51.2679],[18.8614,51.2681],[18.8586,51.2755],[18.8663,51.2806],[18.8992,51.2804],[18.9024,51.2892],[18.9556,51.2894],[18.985,51.2834],[19.0002,51.2874],[19.0272,51.278],[19.0339,51.2688],[19.0328,51.2782],[19.0437,51.2843],[19.0392,51.2869],[19.0589,51.2879],[19.0791,51.2999],[19.0912,51.2957],[19.0989,51.2861],[19.099,51.2719],[19.1106,51.2552],[19.0926,51.2544],[19.0979,51.2475],[19.0972,51.2369],[19.1148,51.2408],[19.1287,51.2358],[19.1278,51.2472],[19.1365,51.2476],[19.1419,51.2382]]]}},{"type":"Feature","properties":{"slug":"radomszczanski","name":"powiat radomszczański","bdlUnitId":"051011712000","voivodeship":"łódzkie"},"geometry":{"type":"Polygon","coordinates":[[[19.3983,51.2092],[19.3971,51.2218],[19.3843,51.2313],[19.4031,51.234],[19.4138,51.2413],[19.4056,51.2418],[19.4067,51.2469],[19.4222,51.2475],[19.4166,51.2585],[19.4481,51.2845],[19.4599,51.2861],[19.4819,51.2752],[19.5024,51.273],[19.4941,51.2598],[19.5086,51.2697],[19.5193,51.2713],[19.5315,51.2657],[19.527,51.2515],[19.5406,51.2481],[19.5311,51.2456],[19.5379,51.2376],[19.5212,51.2255],[19.5377,51.2227],[19.5516,51.2134],[19.5473,51.2103],[19.5564,51.2089],[19.5553,51.1977],[19.5713,51.2004],[19.5724,51.1879],[19.566,51.1809],[19.5683,51.1859],[19.58,51.1778],[19.5667,51.1786],[19.5825,51.1726],[19.5894,51.1595],[19.5793,51.1483],[19.5944,51.149],[19.5991,51.1546],[19.6211,51.1492],[19.645,51.1582],[19.6729,51.1556],[19.6718,51.1522],[19.678,51.1513],[19.6997,51.1661],[19.6983,51.1895],[19.7214,51.1872],[19.7323,51.1773],[19.726,51.1732],[19.7354,51.1734],[19.737,51.1652],[19.7309,51.1624],[19.7298,51.1548],[19.7552,51.1413],[19.8272,51.1392],[19.837,51.1303],[19.8399,51.1201],[19.8506,51.121],[19.8764,51.1097],[19.9016,51.107],[19.9055,51.1117],[19.9008,51.1184],[19.9069,51.1252],[19.9025,51.1325],[19.9073,51.1326],[19.9153,51.1462],[19.9032,51.1599],[19.9206,51.1798],[19.9424,51.1807],[19.9533,51.1875],[19.9596,51.2021],[19.965,51.2018],[20.0258,51.1647],[20.022,51.1554],[20.0127,51.1552],[19.9883,51.1395],[20.0017,51.1331],[19.9859,51.1346],[19.9929,51.1004],[19.9818,51.0731],[20.0454,51.0686],[20.0446,51.06],[20.0516,51.0628],[20.0562,51.0577],[20.048,51.0534],[20.0511,51.0173],[20.0432,51.0027],[20.0328,50.9959],[20.0339,50.9909],[20.0395,50.9902],[20.0363,50.9732],[20.0271,50.9726],[20.0175,50.9624],[19.958,50.9903],[19.9588,51.0022],[19.9484,51.0131],[19.9357,51.0111],[19.9369,51.0246],[19.8981,51.0281],[19.8862,51.0476],[19.8766,51.0479],[19.864,51.0302],[19.8678,51.0248],[19.8612,51.0182],[19.8635,51.0047],[19.8475,50.9947],[19.8279,50.9668],[19.8345,50.9571],[19.8331,50.9499],[19.8462,50.9452],[19.8488,50.9357],[19.8376,50.9173],[19.8234,50.9155],[19.808,50.9067],[19.7931,50.9063],[19.7888,50.8916],[19.7849,50.8919],[19.7866,50.8871],[19.7474,50.8666],[19.7435,50.8596],[19.7472,50.8573],[19.7423,50.8515],[19.7294,50.85],[19.7279,50.8433],[19.6701,50.8487],[19.6584,50.8603],[19.6616,50.8744],[19.6387,50.8799],[19.6139,50.8773],[19.5883,50.9042],[19.5744,50.908],[19.5258,50.8944],[19.5092,50.8811],[19.5032,50.8864],[19.4976,50.8797],[19.4863,50.8797],[19.4838,50.8846],[19.4672,50.8886],[19.4731,50.8941],[19.4636,50.8958],[19.4628,50.91],[19.4671,50.9095],[19.4698,50.9154],[19.4648,50.9273],[19.438,50.9439],[19.4322,50.9649],[19.4148,50.9746],[19.4101,50.9712],[19.4034,50.9749],[19.4107,50.9807],[19.4018,50.9885],[19.4021,50.994],[19.3893,51.0012],[19.3787,50.9952],[19.3562,50.9926],[19.3516,50.9959],[19.3622,51.0039],[19.3474,51.0109],[19.3266,51.0123],[19.3259,51.0189],[19.3186,51.0201],[19.3189,51.0295],[19.3314,51.0388],[19.3227,51.0462],[19.2918,51.0455],[19.2614,51.0311],[19.2503,51.0401],[19.2412,51.037],[19.2259,51.0431],[19.2121,51.0391],[19.2083,51.0416],[19.2119,51.0452],[19.2045,51.0459],[19.2076,51.0599],[19.2217,51.0663],[19.2422,51.098],[19.2627,51.1103],[19.2806,51.1071],[19.2789,51.131],[19.2587,51.1435],[19.2335,51.1503],[19.2393,51.1745],[19.2652,51.1677],[19.3016,51.1674],[19.3099,51.1834],[19.3395,51.1908],[19.3551,51.1819],[19.3785,51.1938],[19.3946,51.196],[19.3998,51.2015],[19.3952,51.2041],[19.3983,51.2092]]]}},{"type":"Feature","properties":{"slug":"zdunskowolski","name":"powiat zduńskowolski","bdlUnitId":"051011819000","voivodeship":"łódzkie"},"geometry":{"type":"MultiPolygon","coordinates":[[[[18.8015,51.645],[18.7939,51.6535],[18.8181,51.6568],[18.8197,51.6503],[18.8015,51.645]]],[[[18.8631,51.4891],[18.8688,51.4918],[18.8571,51.4984],[18.8579,51.5059],[18.8681,51.5098],[18.8661,51.5145],[18.8714,51.5185],[18.8544,51.5292],[18.8623,51.538],[18.8537,51.5373],[18.8476,51.542],[18.8478,51.5478],[18.8392,51.5463],[18.8329,51.5529],[18.8186,51.5498],[18.8235,51.5579],[18.8113,51.5633],[18.8429,51.577],[18.8446,51.5873],[18.8712,51.591],[18.8798,51.6009],[18.872,51.6067],[18.8727,51.6109],[18.8645,51.6123],[18.8734,51.6165],[18.847,51.6353],[18.8566,51.6423],[18.8273,51.6524],[18.8258,51.6582],[18.8192,51.6572],[18.817,51.6617],[18.821,51.6627],[18.8066,51.6657],[18.8016,51.6876],[18.821,51.685],[18.8415,51.6968],[18.8374,51.7103],[18.8395,51.7269],[18.8536,51.7202],[18.8612,51.7214],[18.8643,51.7309],[18.8813,51.7492],[18.9015,51.7545],[18.97,51.7442],[18.9879,51.7655],[19.0053,51.7728],[19.0486,51.766],[19.0553,51.7543],[19.0451,51.7525],[19.0388,51.7399],[19.0663,51.7341],[19.0726,51.7193],[19.0961,51.7117],[19.1055,51.7033],[19.1078,51.689],[19.0681,51.6812],[19.0565,51.6869],[19.043,51.6868],[19.0445,51.6794],[19.0672,51.6623],[19.0578,51.6605],[19.0511,51.6675],[19.0469,51.6623],[19.0399,51.6667],[19.0362,51.6633],[19.0283,51.6682],[19.008,51.6502],[19.0132,51.6329],[19.0333,51.6132],[19.0195,51.6097],[19.0205,51.604],[19.0401,51.5927],[19.0416,51.5837],[19.0242,51.5756],[19.0259,51.5672],[19.0205,51.5673],[19.0212,51.561],[19.0159,51.5654],[18.9942,51.5485],[18.9745,51.546],[18.9773,51.5429],[18.9694,51.5287],[18.9568,51.5322],[18.9445,51.5189],[18.9418,51.4889],[18.9181,51.482],[18.9318,51.4754],[18.931,51.4695],[18.9128,51.4697],[18.9018,51.483],[18.8841,51.4722],[18.8695,51.4813],[18.8725,51.4891],[18.8631,51.4891]]]]}},{"type":"Feature","properties":{"slug":"nowosolski","name":"powiat nowosolski","bdlUnitId":"020811404000","voivodeship":"lubuskie"},"geometry":{"type":"Polygon","coordinates":[[[15.5984,51.8519],[15.624,51.8526],[15.6326,51.8456],[15.6469,51.8472],[15.6469,51.8516],[15.6373,51.8563],[15.641,51.8605],[15.6366,51.8678],[15.644,51.8671],[15.6518,51.8751],[15.6362,51.8782],[15.6355,51.8824],[15.6481,51.8891],[15.636,51.8963],[15.6373,51.9051],[15.6657,51.9031],[15.7072,51.892],[15.7219,51.9006],[15.7616,51.9044],[15.7662,51.901],[15.7593,51.8915],[15.7877,51.8858],[15.8128,51.8951],[15.8155,51.9],[15.812,51.9019],[15.8173,51.9061],[15.8679,51.9218],[15.8659,51.928],[15.8462,51.9327],[15.8448,51.9378],[15.862,51.94],[15.8618,51.9439],[15.8722,51.9465],[15.8764,51.9508],[15.8714,51.9601],[15.8923,51.955],[15.9064,51.9611],[15.9017,51.976],[15.9119,51.9729],[15.9336,51.9799],[15.9176,52.01],[15.9253,52.0199],[15.9139,52.0197],[15.9101,52.0239],[15.9121,52.0296],[15.901,52.037],[15.9078,52.0394],[15.9304,52.0355],[15.9375,52.0293],[15.9465,52.0336],[15.9537,52.0264],[15.966,52.0267],[15.9719,51.9997],[15.9898,51.9965],[15.988,52.0039],[16.0031,51.9956],[16.0106,51.9814],[16.0112,51.9652],[15.9969,51.9472],[15.9704,51.9416],[15.9586,51.9436],[15.9452,51.9373],[15.9715,51.9263],[15.9674,51.9245],[15.9707,51.9205],[15.957,51.9192],[15.971,51.9165],[15.9918,51.9036],[15.9927,51.8915],[15.9775,51.8902],[15.9736,51.8818],[15.9803,51.8748],[15.975,51.8702],[15.9488,51.8713],[15.9551,51.8785],[15.9457,51.88],[15.9428,51.8757],[15.9259,51.8753],[15.9256,51.8699],[15.9039,51.8669],[15.912,51.857],[15.9025,51.8538],[15.8772,51.8514],[15.8671,51.8597],[15.8611,51.8517],[15.8492,51.8556],[15.8251,51.8462],[15.841,51.8292],[15.8805,51.8236],[15.883,51.8177],[15.8786,51.8119],[15.8839,51.7989],[15.9507,51.8007],[15.9521,51.7897],[15.9681,51.7879],[15.9823,51.7785],[16.0043,51.7798],[16.0086,51.7757],[15.989,51.7692],[15.98,51.7736],[15.9771,51.7681],[15.9688,51.7683],[15.9766,51.7481],[15.9737,51.7463],[15.9801,51.7453],[15.9608,51.743],[15.9632,51.7337],[15.9298,51.7376],[15.9264,51.7296],[15.9124,51.7255],[15.8947,51.7303],[15.8824,51.7199],[15.8695,51.7197],[15.8679,51.7063],[15.8627,51.7018],[15.8656,51.6926],[15.8623,51.6925],[15.8684,51.6887],[15.855,51.6889],[15.8425,51.6816],[15.8431,51.6748],[15.8166,51.6676],[15.8052,51.6698],[15.8017,51.6635],[15.7854,51.659],[15.7563,51.6597],[15.7553,51.6546],[15.738,51.6524],[15.729,51.645],[15.7071,51.6501],[15.6981,51.6596],[15.6845,51.6563],[15.6782,51.6596],[15.6818,51.6633],[15.6785,51.6657],[15.6602,51.67],[15.6004,51.67],[15.5986,51.6795],[15.579,51.6943],[15.5194,51.6834],[15.5131,51.698],[15.5191,51.7058],[15.5194,51.7213],[15.5042,51.7236],[15.5026,51.7379],[15.4845,51.7444],[15.485,51.7482],[15.4944,51.7503],[15.4817,51.7568],[15.4726,51.7683],[15.4635,51.7746],[15.4469,51.7728],[15.4422,51.7817],[15.4681,51.7871],[15.4502,51.7974],[15.4675,51.8145],[15.4659,51.8274],[15.4852,51.8219],[15.518,51.8211],[15.5307,51.8248],[15.5183,51.8435],[15.5208,51.8464],[15.5736,51.8375],[15.5771,51.8442],[15.5945,51.8446],[15.5984,51.8519]]]}},{"type":"Feature","properties":{"slug":"jaroslawski","name":"powiat jarosławski","bdlUnitId":"061813404000","voivodeship":"podkarpackie"},"geometry":{"type":"Polygon","coordinates":[[[22.7978,50.2094],[22.8689,50.1896],[22.8681,50.1764],[22.88,50.1635],[22.8736,50.1539],[22.8773,50.1486],[22.8938,50.1492],[22.8857,50.165],[22.9432,50.1734],[22.9443,50.1704],[22.9356,50.1695],[22.9292,50.1625],[22.9124,50.1241],[22.9154,50.1199],[22.8928,50.1143],[22.9231,50.1109],[22.9229,50.1057],[22.9154,50.1062],[22.9153,50.0987],[22.9479,50.0927],[22.9537,50.0738],[22.9711,50.0684],[22.9984,50.0685],[23.0307,50.056],[23.0708,50.0528],[23.048,50.0411],[23.0378,50.0209],[23.0069,49.9973],[23.0379,49.9966],[23.0356,49.9907],[23.0407,49.9885],[23.0427,49.9915],[23.0455,49.9869],[23.0623,49.9884],[23.0746,49.9827],[23.0929,49.9883],[23.1016,49.9833],[23.1186,49.9863],[23.1538,49.9808],[23.1149,49.9565],[23.1075,49.942],[23.0841,49.9263],[23.0539,49.9243],[23.0557,49.9355],[23.0418,49.9343],[23.0342,49.9402],[22.9582,49.9493],[22.9598,49.9339],[22.9557,49.9236],[22.9595,49.9219],[22.9398,49.9203],[22.9264,49.933],[22.9146,49.9327],[22.9183,49.9087],[22.8915,49.9072],[22.8969,49.8926],[22.8935,49.8877],[22.8573,49.8874],[22.8526,49.8982],[22.8423,49.8966],[22.836,49.9009],[22.8399,49.9024],[22.8353,49.9023],[22.8362,49.9063],[22.8172,49.9045],[22.8129,49.8955],[22.7962,49.9016],[22.7821,49.8954],[22.7633,49.8968],[22.7729,49.9048],[22.7564,49.9195],[22.7353,49.9162],[22.7224,49.9252],[22.7108,49.9081],[22.6718,49.8978],[22.678,49.8782],[22.6705,49.8695],[22.5916,49.8374],[22.4953,49.8431],[22.4795,49.8491],[22.4532,49.8481],[22.4489,49.8577],[22.4568,49.8673],[22.4374,49.8742],[22.4184,49.8883],[22.4105,49.9043],[22.4455,49.9162],[22.4432,49.9191],[22.4701,49.9449],[22.5611,49.9606],[22.5648,49.9628],[22.5635,49.97],[22.5524,49.9809],[22.5806,49.9816],[22.5776,49.9907],[22.5682,49.9905],[22.551,50.0032],[22.5598,50.0268],[22.5818,50.0316],[22.6004,50.0418],[22.5967,50.0658],[22.6059,50.0731],[22.5926,50.0864],[22.6027,50.0974],[22.5891,50.1227],[22.5827,50.1263],[22.5839,50.132],[22.6016,50.1409],[22.6299,50.1338],[22.6427,50.1332],[22.6453,50.1377],[22.6698,50.1288],[22.6827,50.1307],[22.6851,50.1373],[22.7234,50.1422],[22.7252,50.1483],[22.7635,50.1434],[22.7643,50.1573],[22.7564,50.167],[22.7778,50.1745],[22.7251,50.1883],[22.7259,50.1928],[22.7852,50.2129],[22.7978,50.2094]]]}},{"type":"Feature","properties":{"slug":"mielecki","name":"powiat mielecki","bdlUnitId":"061813611000","voivodeship":"podkarpackie"},"geometry":{"type":"Polygon","coordinates":[[[21.4821,50.4964],[21.4891,50.4841],[21.5028,50.4826],[21.499,50.4747],[21.5234,50.4637],[21.5313,50.4667],[21.5321,50.4506],[21.5656,50.4353],[21.5543,50.4124],[21.5596,50.4117],[21.5507,50.4009],[21.5985,50.3869],[21.6052,50.3744],[21.6227,50.3617],[21.6234,50.3552],[21.6405,50.3446],[21.6011,50.3425],[21.5668,50.3323],[21.5767,50.3086],[21.5711,50.3005],[21.5739,50.2961],[21.5369,50.3007],[21.5298,50.2937],[21.5312,50.2854],[21.5413,50.2761],[21.5561,50.2762],[21.6102,50.2497],[21.6076,50.2457],[21.6108,50.244],[21.5998,50.2401],[21.6007,50.2339],[21.5737,50.2274],[21.6044,50.2077],[21.6004,50.2064],[21.6013,50.1994],[21.6071,50.1921],[21.6023,50.1848],[21.6105,50.1786],[21.552,50.1704],[21.557,50.1669],[21.551,50.1641],[21.5264,50.1666],[21.4987,50.1612],[21.4805,50.1686],[21.4664,50.1594],[21.4439,50.1674],[21.4172,50.1691],[21.3967,50.1645],[21.3755,50.1696],[21.3687,50.1675],[21.3711,50.1562],[21.3648,50.1507],[21.3173,50.1511],[21.3093,50.1476],[21.3025,50.1363],[21.2953,50.1376],[21.3041,50.1343],[21.3022,50.1313],[21.273,50.1357],[21.2698,50.1373],[21.274,50.1378],[21.2703,50.1432],[21.2735,50.1494],[21.2543,50.1547],[21.2468,50.1478],[21.2515,50.144],[21.2486,50.1379],[21.2384,50.1346],[21.2213,50.1339],[21.1533,50.1492],[21.1708,50.1769],[21.165,50.1806],[21.1709,50.2086],[21.163,50.2227],[21.1422,50.2377],[21.1827,50.24],[21.1461,50.2569],[21.1786,50.281],[21.1838,50.298],[21.2225,50.3109],[21.2132,50.3311],[21.2194,50.3356],[21.2189,50.3414],[21.2088,50.3549],[21.2223,50.3596],[21.2315,50.3743],[21.2498,50.3776],[21.2567,50.3909],[21.2797,50.3917],[21.281,50.4084],[21.3112,50.4217],[21.3671,50.441],[21.4013,50.4392],[21.4437,50.4565],[21.4515,50.464],[21.4427,50.4847],[21.4456,50.4903],[21.4821,50.4964]]]}},{"type":"Feature","properties":{"slug":"krapkowicki","name":"powiat krapkowicki","bdlUnitId":"031613205000","voivodeship":"opolskie"},"geometry":{"type":"Polygon","coordinates":[[[18.1535,50.3866],[18.1407,50.3792],[18.144,50.3743],[18.1325,50.3751],[18.1255,50.3705],[18.1096,50.3752],[18.1126,50.3889],[18.1063,50.4021],[18.1102,50.4077],[18.1015,50.4062],[18.1064,50.4118],[18.0962,50.4158],[18.0857,50.4096],[18.0859,50.4175],[18.0815,50.4111],[18.0763,50.4114],[18.0847,50.4186],[18.0812,50.4205],[18.0491,50.4048],[18.058,50.3949],[18.0416,50.3919],[18.0346,50.3859],[18.0392,50.3773],[18.0352,50.3745],[18.049,50.3721],[18.0596,50.3642],[18.0498,50.3433],[18.0323,50.346],[18.0217,50.3579],[18.017,50.3509],[18.0052,50.3571],[17.9926,50.3541],[17.9656,50.3592],[17.9466,50.3548],[17.9458,50.3591],[17.9278,50.3623],[17.917,50.3506],[17.9181,50.3646],[17.9244,50.3729],[17.8867,50.3813],[17.8886,50.3885],[17.8763,50.3885],[17.8715,50.3971],[17.89,50.4062],[17.8869,50.4079],[17.8816,50.4056],[17.8574,50.4123],[17.8319,50.3966],[17.8311,50.4014],[17.8464,50.4196],[17.8234,50.4266],[17.8191,50.421],[17.8247,50.4197],[17.8165,50.4099],[17.8064,50.4129],[17.8055,50.4093],[17.7953,50.4088],[17.7942,50.4168],[17.7807,50.4231],[17.7703,50.4186],[17.7698,50.4097],[17.762,50.4096],[17.7609,50.4164],[17.7535,50.4212],[17.752,50.4336],[17.7616,50.4393],[17.7551,50.4425],[17.7624,50.4429],[17.7625,50.455],[17.7665,50.4569],[17.7612,50.4617],[17.7642,50.4623],[17.7585,50.4704],[17.7575,50.4858],[17.8138,50.5302],[17.873,50.5017],[17.8971,50.5462],[17.9393,50.5448],[17.9463,50.5518],[17.952,50.5472],[17.9911,50.547],[17.9971,50.5526],[18.0077,50.548],[18.0424,50.5623],[18.0604,50.5549],[18.0952,50.5604],[18.1051,50.5538],[18.118,50.5543],[18.0915,50.5124],[18.0758,50.5079],[18.096,50.49],[18.129,50.4804],[18.1587,50.4618],[18.1466,50.4563],[18.1502,50.4436],[18.1574,50.4432],[18.1549,50.4452],[18.1606,50.4508],[18.1634,50.4486],[18.1568,50.434],[18.1479,50.4297],[18.1535,50.4144],[18.1433,50.4069],[18.1603,50.4002],[18.1431,50.3901],[18.1537,50.3904],[18.1535,50.3866]]]}},{"type":"Feature","properties":{"slug":"moniecki","name":"powiat moniecki","bdlUnitId":"062013908000","voivodeship":"podlaskie"},"geometry":{"type":"Polygon","coordinates":[[[22.7113,53.6265],[22.7529,53.6333],[22.7577,53.6379],[22.7557,53.643],[22.7666,53.6469],[22.7896,53.6443],[22.795,53.6504],[22.7812,53.653],[22.7766,53.6673],[22.7951,53.6698],[22.8075,53.6788],[22.8371,53.6764],[22.8371,53.6693],[22.8441,53.6692],[22.8442,53.6866],[22.8512,53.6901],[22.8775,53.6748],[22.8682,53.6705],[22.8828,53.6612],[22.8803,53.6289],[22.8874,53.603],[22.9195,53.6052],[22.9092,53.6031],[22.8929,53.5893],[22.8764,53.585],[22.8704,53.5714],[22.8792,53.5756],[22.8888,53.5728],[22.8879,53.578],[22.8993,53.5701],[22.9144,53.5774],[22.9176,53.5749],[22.9233,53.5777],[22.9156,53.5798],[22.9298,53.5849],[22.9325,53.5809],[22.9578,53.5914],[22.9679,53.5851],[22.9673,53.5904],[22.9785,53.58],[22.9972,53.5781],[23.003,53.5562],[22.9916,53.5489],[23.0225,53.5344],[23.0576,53.5355],[23.0536,53.526],[23.0602,53.5142],[23.0714,53.5065],[23.074,53.4961],[23.0629,53.4753],[23.0675,53.4711],[23.0603,53.4554],[23.0651,53.4393],[23.061,53.4315],[23.0676,53.4245],[23.0584,53.4019],[23.1093,53.3976],[23.1021,53.3676],[23.0918,53.359],[23.0974,53.359],[23.0942,53.3463],[23.1263,53.3363],[23.1246,53.3309],[23.1325,53.33],[23.1312,53.3265],[23.1227,53.3276],[23.1097,53.3196],[23.0813,53.3276],[23.0775,53.3061],[23.0534,53.3077],[23.0516,53.2982],[23.028,53.2997],[23.0246,53.2805],[22.9993,53.2821],[22.9989,53.2874],[22.9885,53.2853],[22.9878,53.2904],[22.9622,53.2796],[22.9439,53.2806],[22.9342,53.2903],[22.9591,53.2953],[22.9482,53.3036],[22.9314,53.2966],[22.9331,53.2924],[22.9231,53.2861],[22.9144,53.2851],[22.9318,53.279],[22.9319,53.2739],[22.9526,53.2733],[22.9552,53.2623],[22.9441,53.259],[22.9241,53.2615],[22.9074,53.2505],[22.905,53.2426],[22.8975,53.2437],[22.8892,53.2324],[22.8844,53.2324],[22.8844,53.2264],[22.853,53.229],[22.8295,53.2168],[22.8303,53.2211],[22.8174,53.225],[22.7738,53.2139],[22.7784,53.2229],[22.7707,53.2374],[22.7606,53.2455],[22.7468,53.2406],[22.7409,53.2562],[22.7465,53.2603],[22.7402,53.2611],[22.7396,53.2678],[22.7071,53.2773],[22.699,53.2769],[22.7015,53.2727],[22.6656,53.2448],[22.6418,53.2491],[22.6211,53.2371],[22.6097,53.2366],[22.6079,53.2334],[22.6177,53.2321],[22.6205,53.2014],[22.6036,53.2115],[22.5644,53.2091],[22.5459,53.2206],[22.5026,53.214],[22.4307,53.2172],[22.4414,53.2393],[22.4504,53.2414],[22.4526,53.246],[22.4473,53.2453],[22.4483,53.2491],[22.4519,53.2481],[22.4521,53.2575],[22.4593,53.2642],[22.4559,53.2649],[22.4606,53.2778],[22.4718,53.2837],[22.4666,53.2888],[22.4709,53.3044],[22.4646,53.3126],[22.4705,53.3339],[22.4877,53.3351],[22.4955,53.3435],[22.4929,53.3452],[22.4979,53.3454],[22.4965,53.3575],[22.5087,53.3646],[22.5065,53.3695],[22.5258,53.3769],[22.5233,53.3896],[22.5437,53.4044],[22.5358,53.4096],[22.5456,53.4188],[22.5352,53.4284],[22.5376,53.4316],[22.5514,53.4395],[22.5654,53.4385],[22.5698,53.4408],[22.5702,53.4542],[22.584,53.4612],[22.6061,53.4621],[22.6198,53.4724],[22.6221,53.4752],[22.6079,53.4875],[22.6119,53.4958],[22.6205,53.4949],[22.6276,53.5002],[22.6446,53.5207],[22.6359,53.5302],[22.6988,53.5685],[22.712,53.5616],[22.7226,53.5765],[22.7383,53.5751],[22.7077,53.5898],[22.7015,53.5865],[22.6986,53.5916],[22.6737,53.5952],[22.6707,53.6057],[22.691,53.6123],[22.6958,53.615],[22.6933,53.6178],[22.7113,53.6265]]]}},{"type":"Feature","properties":{"slug":"kielecki","name":"powiat kielecki","bdlUnitId":"052615204000","voivodeship":"świętokrzyskie"},"geometry":{"type":"Polygon","coordinates":[[[20.6047,51.0514],[20.6169,51.0436],[20.6211,51.0463],[20.6146,51.0469],[20.6172,51.0562],[20.6295,51.0548],[20.6312,51.0609],[20.65,51.0626],[20.6721,51.0495],[20.6406,51.0284],[20.6476,51.024],[20.6737,51.018],[20.6776,51.0225],[20.675,51.0178],[20.6864,51.0109],[20.7103,51.0266],[20.7396,51.0092],[20.7493,50.9977],[20.7397,50.9911],[20.732,50.9916],[20.7355,50.9739],[20.7459,50.9713],[20.7496,50.9759],[20.761,50.9756],[20.7641,50.9498],[20.7944,50.9501],[20.7908,50.9463],[20.7968,50.944],[20.7907,50.9377],[20.7951,50.9356],[20.8045,50.9452],[20.8331,50.9346],[20.8549,50.9567],[20.8283,50.9629],[20.8388,50.9961],[20.8568,50.9994],[20.8792,51.0221],[20.8902,51.0201],[20.8906,51.0158],[20.9008,51.0162],[20.902,51.0257],[20.9132,51.0318],[20.9604,51.013],[20.9853,51.023],[20.9964,51.0185],[20.9701,50.9921],[21.0002,50.9726],[21.0198,50.97],[21.0111,50.9627],[21.0148,50.9594],[21.0099,50.9522],[20.9939,50.9544],[20.9909,50.9412],[21.0004,50.9395],[20.9973,50.9203],[20.9923,50.9153],[20.9961,50.9081],[21.0052,50.9085],[21.0075,50.915],[21.0305,50.9082],[21.027,50.8999],[21.0547,50.8958],[21.0635,50.9004],[21.0716,50.8976],[21.0747,50.9051],[21.0985,50.9091],[21.1227,50.9014],[21.1185,50.9079],[21.1419,50.9158],[21.1641,50.9007],[21.173,50.9],[21.1673,50.8914],[21.16,50.8916],[21.1633,50.8888],[21.1378,50.8888],[21.1358,50.8598],[21.1415,50.8446],[21.1333,50.8351],[21.128,50.8372],[21.1343,50.8122],[21.1462,50.8115],[21.1387,50.7963],[21.1414,50.7943],[21.1359,50.7904],[21.1357,50.7643],[21.1501,50.7618],[21.1697,50.7497],[21.1604,50.741],[21.1645,50.7389],[21.1588,50.7325],[21.1655,50.7212],[21.1635,50.7137],[21.1373,50.7205],[21.1313,50.7096],[21.1327,50.704],[21.1388,50.7029],[21.1381,50.6967],[21.145,50.6993],[21.166,50.6912],[21.1521,50.6913],[21.1403,50.677],[21.147,50.6692],[21.1622,50.6713],[21.1522,50.6574],[21.1575,50.6474],[21.141,50.6379],[21.1091,50.6309],[21.1027,50.6368],[21.0671,50.6301],[21.0551,50.6426],[21.0354,50.6457],[21.0237,50.6204],[21.0168,50.6206],[21.013,50.621],[21.0142,50.6309],[20.9959,50.633],[20.9972,50.661],[21.0018,50.6634],[20.9969,50.6689],[20.9734,50.6745],[20.9567,50.673],[20.9445,50.6583],[20.9319,50.6551],[20.9052,50.6547],[20.8806,50.6622],[20.8741,50.6357],[20.8501,50.6317],[20.8329,50.6366],[20.8272,50.6342],[20.8138,50.6134],[20.8245,50.6097],[20.8141,50.6017],[20.8165,50.5918],[20.8105,50.5833],[20.7842,50.5916],[20.8125,50.5686],[20.8006,50.5567],[20.7888,50.5533],[20.7835,50.559],[20.7828,50.5473],[20.7746,50.5366],[20.7494,50.5437],[20.7523,50.5631],[20.7417,50.567],[20.7065,50.5615],[20.6844,50.5463],[20.6454,50.5554],[20.6411,50.5571],[20.6446,50.5639],[20.6251,50.5706],[20.6309,50.587],[20.6634,50.5944],[20.6682,50.6022],[20.6606,50.6012],[20.6592,50.612],[20.6773,50.6136],[20.6588,50.6152],[20.6495,50.6234],[20.661,50.6348],[20.6449,50.638],[20.6454,50.6433],[20.6343,50.6435],[20.6479,50.661],[20.6322,50.6624],[20.6266,50.6703],[20.5843,50.6679],[20.5815,50.6762],[20.5568,50.6892],[20.5605,50.6988],[20.5378,50.7023],[20.5347,50.6973],[20.5146,50.7083],[20.5196,50.7118],[20.5161,50.7223],[20.5037,50.7277],[20.4948,50.723],[20.4744,50.7307],[20.462,50.7421],[20.419,50.747],[20.4147,50.7418],[20.4156,50.7476],[20.4096,50.7504],[20.4112,50.7547],[20.4161,50.7525],[20.4197,50.763],[20.405,50.7638],[20.386,50.7786],[20.3872,50.7824],[20.3547,50.786],[20.3234,50.7994],[20.3209,50.8179],[20.3073,50.832],[20.3077,50.8423],[20.3034,50.8443],[20.3077,50.8483],[20.2968,50.8524],[20.2974,50.8573],[20.2727,50.8643],[20.268,50.8572],[20.2426,50.8684],[20.2253,50.8641],[20.2046,50.8657],[20.1995,50.8685],[20.2018,50.8717],[20.2215,50.8848],[20.227,50.8938],[20.2261,50.9009],[20.2053,50.92],[20.1756,50.9297],[20.1616,50.9403],[20.1586,50.9393],[20.1636,50.9363],[20.1535,50.9304],[20.1465,50.9345],[20.1421,50.9311],[20.1381,50.9334],[20.1434,50.9375],[20.1302,50.941],[20.1133,50.958],[20.0925,50.9641],[20.118,50.9846],[20.1363,50.9868],[20.1527,50.9817],[20.1871,50.9605],[20.1925,50.9748],[20.202,50.977],[20.2011,50.9837],[20.2073,50.9828],[20.2113,50.9925],[20.2237,50.9951],[20.2174,51.0047],[20.2352,51.0007],[20.2355,50.9973],[20.2447,50.9983],[20.2413,51.0104],[20.2744,51.0056],[20.278,50.9921],[20.3193,50.9984],[20.3224,51.0069],[20.3446,51.0015],[20.3536,51.0138],[20.3848,51.034],[20.3824,51.0418],[20.4095,51.0345],[20.4164,51.0217],[20.4303,51.022],[20.4301,51.0355],[20.4412,51.0422],[20.4311,51.0469],[20.4323,51.0537],[20.4358,51.0535],[20.4348,51.0478],[20.4567,51.044],[20.4575,51.0495],[20.4518,51.0526],[20.508,51.0617],[20.5078,51.0663],[20.5152,51.0666],[20.5161,51.051],[20.5371,51.0524],[20.5474,51.0485],[20.5548,51.0614],[20.5521,51.0587],[20.5566,51.0498],[20.5631,51.0471],[20.5704,51.0509],[20.5702,51.0555],[20.5772,51.0508],[20.6047,51.0514]],[[20.7205,50.8623],[20.6774,50.8629],[20.6776,50.8843],[20.6912,50.8826],[20.7003,50.891],[20.6774,50.8936],[20.6931,50.9001],[20.6817,50.903],[20.6851,50.911],[20.6776,50.9149],[20.6628,50.9115],[20.6601,50.9034],[20.6379,50.9067],[20.6389,50.9126],[20.6339,50.9134],[20.628,50.9056],[20.6032,50.915],[20.5499,50.9024],[20.5399,50.8829],[20.5476,50.8794],[20.5472,50.8741],[20.5215,50.8757],[20.5195,50.8688],[20.5282,50.8656],[20.5257,50.8597],[20.5211,50.8556],[20.5105,50.8566],[20.516,50.8409],[20.5353,50.8389],[20.5357,50.8325],[20.5495,50.8249],[20.5532,50.8128],[20.5622,50.8099],[20.5887,50.8169],[20.5955,50.814],[20.5923,50.8085],[20.5954,50.8069],[20.6026,50.8102],[20.6151,50.8055],[20.6132,50.7935],[20.6203,50.7933],[20.6275,50.8076],[20.6453,50.8073],[20.6459,50.8179],[20.6373,50.8189],[20.6376,50.8232],[20.655,50.8185],[20.6593,50.827],[20.672,50.8261],[20.6657,50.8317],[20.676,50.8471],[20.6682,50.8471],[20.6692,50.8524],[20.7082,50.846],[20.7084,50.8562],[20.7205,50.8623]]]}},{"type":"Feature","properties":{"slug":"wrzesinski","name":"powiat wrzesiński","bdlUnitId":"023015830000","voivodeship":"wielkopolskie"},"geometry":{"type":"Polygon","coordinates":[[[17.3687,52.3453],[17.3649,52.3515],[17.3664,52.3649],[17.3579,52.3673],[17.3751,52.379],[17.3468,52.4033],[17.3756,52.4186],[17.4409,52.4011],[17.4533,52.3824],[17.469,52.3793],[17.4876,52.3826],[17.4749,52.3958],[17.4773,52.4108],[17.4981,52.4132],[17.5335,52.41],[17.528,52.3997],[17.5459,52.3989],[17.5496,52.4097],[17.5546,52.4094],[17.5731,52.3975],[17.5943,52.3971],[17.5969,52.3925],[17.6157,52.3885],[17.644,52.3905],[17.6615,52.3861],[17.6713,52.3897],[17.6729,52.3807],[17.6856,52.3779],[17.6984,52.3818],[17.7013,52.3782],[17.6944,52.3626],[17.6965,52.3487],[17.7069,52.3398],[17.7222,52.336],[17.7169,52.328],[17.7393,52.3212],[17.7433,52.3145],[17.7278,52.31],[17.7289,52.3067],[17.7073,52.3059],[17.7054,52.3015],[17.6944,52.3009],[17.6871,52.3063],[17.6836,52.2994],[17.694,52.2944],[17.7038,52.2767],[17.7657,52.258],[17.7818,52.2472],[17.7703,52.2397],[17.7793,52.2339],[17.7765,52.2301],[17.7407,52.2249],[17.7455,52.2167],[17.7631,52.206],[17.7683,52.1933],[17.7785,52.1972],[17.8001,52.191],[17.8322,52.1918],[17.8225,52.1519],[17.8013,52.1562],[17.7848,52.1517],[17.7785,52.1295],[17.7667,52.1188],[17.7707,52.1093],[17.8235,52.0881],[17.7731,52.0764],[17.7567,52.0766],[17.7583,52.0813],[17.7507,52.0829],[17.7409,52.077],[17.7064,52.0719],[17.7064,52.0646],[17.6969,52.0631],[17.6966,52.0708],[17.6784,52.0783],[17.6789,52.083],[17.6678,52.0926],[17.6689,52.0971],[17.6587,52.1024],[17.6628,52.1046],[17.6574,52.1123],[17.669,52.1251],[17.6645,52.1316],[17.6679,52.1375],[17.663,52.1417],[17.6515,52.1412],[17.6519,52.1457],[17.6375,52.1416],[17.6246,52.1449],[17.5857,52.1412],[17.5853,52.1344],[17.5783,52.1318],[17.5723,52.1364],[17.5796,52.1419],[17.5478,52.1445],[17.5387,52.1385],[17.5285,52.1398],[17.5343,52.1326],[17.5196,52.1232],[17.489,52.1214],[17.4885,52.1118],[17.479,52.1161],[17.4592,52.1144],[17.4558,52.1196],[17.4676,52.1241],[17.4622,52.1308],[17.4704,52.1395],[17.457,52.1402],[17.4316,52.1618],[17.4256,52.1765],[17.4265,52.1909],[17.4693,52.2014],[17.4712,52.2058],[17.4669,52.2055],[17.4731,52.21],[17.4704,52.2145],[17.4624,52.2148],[17.448,52.232],[17.4567,52.2355],[17.4532,52.2476],[17.4701,52.2482],[17.4687,52.2528],[17.4792,52.2543],[17.4878,52.2697],[17.4745,52.2774],[17.4511,52.2697],[17.4355,52.2709],[17.4282,52.2725],[17.4313,52.2817],[17.4167,52.2802],[17.4071,52.2851],[17.4098,52.2967],[17.4023,52.3011],[17.3999,52.3139],[17.415,52.3174],[17.4191,52.324],[17.4025,52.3394],[17.3772,52.3353],[17.3777,52.3394],[17.3687,52.3453]]]}},{"type":"Feature","properties":{"slug":"gnieznienski","name":"powiat gnieźnieński","bdlUnitId":"023015803000","voivodeship":"wielkopolskie"},"geometry":{"type":"Polygon","coordinates":[[[17.4585,52.7389],[17.4897,52.7273],[17.4801,52.7114],[17.5003,52.7111],[17.4953,52.704],[17.4755,52.705],[17.4672,52.6804],[17.4847,52.682],[17.4852,52.6888],[17.4897,52.6844],[17.5008,52.6846],[17.5061,52.6731],[17.5245,52.6725],[17.5273,52.6815],[17.5461,52.6909],[17.5573,52.6882],[17.5744,52.6917],[17.5791,52.705],[17.6146,52.703],[17.6276,52.7082],[17.6404,52.6924],[17.6477,52.6903],[17.631,52.6782],[17.6388,52.6638],[17.6303,52.6549],[17.6345,52.6471],[17.6465,52.6448],[17.6816,52.6507],[17.6754,52.6402],[17.6824,52.6251],[17.6751,52.6168],[17.6781,52.6024],[17.6901,52.6023],[17.7033,52.6163],[17.7047,52.6128],[17.6994,52.6098],[17.7039,52.6045],[17.7136,52.615],[17.7491,52.6325],[17.7445,52.6425],[17.7241,52.6333],[17.7162,52.6397],[17.7609,52.6569],[17.7653,52.6556],[17.7605,52.6495],[17.7665,52.6385],[17.76,52.6394],[17.7606,52.6343],[17.7781,52.6369],[17.7803,52.6486],[17.7854,52.6516],[17.8182,52.6409],[17.827,52.6426],[17.8255,52.6345],[17.8446,52.6282],[17.8768,52.6339],[17.8765,52.6286],[17.9014,52.6118],[17.9153,52.6127],[17.909,52.608],[17.9077,52.5955],[17.921,52.5983],[17.9006,52.5863],[17.9181,52.5804],[17.9164,52.5756],[17.9327,52.5712],[17.9287,52.584],[17.9336,52.5877],[17.9367,52.587],[17.9327,52.5825],[17.9463,52.5783],[17.9463,52.5687],[17.9702,52.5755],[17.9721,52.5673],[17.9647,52.5653],[17.9742,52.5631],[17.9763,52.5677],[17.9836,52.5643],[17.9859,52.5776],[17.9916,52.5638],[17.9879,52.5538],[17.9667,52.5366],[17.9752,52.5274],[17.9596,52.5367],[17.9417,52.5234],[17.9101,52.516],[17.9077,52.4889],[17.9136,52.4833],[17.9137,52.4748],[17.9225,52.4711],[17.9206,52.4607],[17.9113,52.4555],[17.914,52.4504],[17.9088,52.4444],[17.8794,52.4286],[17.8635,52.4273],[17.8558,52.4195],[17.8601,52.4133],[17.8513,52.4055],[17.853,52.3879],[17.8208,52.3783],[17.7933,52.3786],[17.7756,52.3682],[17.7397,52.3767],[17.7006,52.3755],[17.6941,52.3832],[17.6856,52.3779],[17.6729,52.3807],[17.6713,52.3897],[17.6615,52.3861],[17.644,52.3905],[17.6157,52.3885],[17.5969,52.3925],[17.5943,52.3971],[17.5731,52.3975],[17.5546,52.4094],[17.5496,52.4097],[17.5459,52.3989],[17.528,52.3997],[17.5335,52.41],[17.4981,52.4132],[17.4773,52.4108],[17.4732,52.4041],[17.4754,52.3946],[17.4872,52.3816],[17.4533,52.3824],[17.4409,52.4011],[17.3922,52.4124],[17.3818,52.4188],[17.3876,52.419],[17.3977,52.4402],[17.3826,52.4498],[17.3735,52.4497],[17.3703,52.4665],[17.351,52.4667],[17.3374,52.479],[17.343,52.4851],[17.355,52.4852],[17.3604,52.4934],[17.3204,52.5037],[17.3392,52.5166],[17.34,52.5226],[17.3529,52.5224],[17.357,52.531],[17.3323,52.5361],[17.3329,52.5429],[17.304,52.5463],[17.3023,52.5406],[17.2794,52.5377],[17.2545,52.551],[17.2351,52.5426],[17.2189,52.5416],[17.1863,52.553],[17.1873,52.565],[17.1832,52.5664],[17.1604,52.5594],[17.1555,52.5733],[17.1514,52.574],[17.1572,52.5819],[17.1843,52.576],[17.2126,52.5823],[17.2278,52.5913],[17.2258,52.5998],[17.2597,52.6233],[17.2658,52.6349],[17.2739,52.6313],[17.3045,52.6438],[17.3357,52.6441],[17.3355,52.6739],[17.343,52.6786],[17.3355,52.6827],[17.3387,52.6843],[17.3681,52.6828],[17.3789,52.6708],[17.3861,52.671],[17.3959,52.6742],[17.395,52.6857],[17.4378,52.6897],[17.4384,52.6999],[17.4277,52.7082],[17.4306,52.7165],[17.4365,52.725],[17.4556,52.7289],[17.4585,52.7389]]]}},{"type":"Feature","properties":{"slug":"malborski","name":"powiat malborski","bdlUnitId":"042214209000","voivodeship":"pomorskie"},"geometry":{"type":"Polygon","coordinates":[[[19.2177,54.1161],[19.2316,54.1121],[19.2555,54.0857],[19.2254,54.0771],[19.2207,54.0695],[19.2663,54.051],[19.2747,54.053],[19.2811,54.0445],[19.258,54.0352],[19.268,54.0251],[19.2537,54.0273],[19.2143,54.0101],[19.1825,54.0152],[19.1736,54.0108],[19.1615,54.0182],[19.1145,54.0218],[19.0806,54.0029],[19.0687,53.9881],[19.0546,53.9941],[19.0588,53.9998],[19.044,54.0057],[19.0291,53.9887],[18.9821,54.001],[18.9721,53.9937],[18.9493,53.9886],[18.9289,53.9682],[18.9038,53.9677],[18.8948,53.9481],[18.8775,53.9432],[18.8613,53.9468],[18.8718,53.9596],[18.8704,53.9687],[18.8447,53.9839],[18.8373,53.9946],[18.8369,54.0185],[18.8169,54.044],[18.815,54.0705],[18.8061,54.0907],[18.8205,54.0933],[18.8059,54.0935],[18.8289,54.1297],[18.829,54.1479],[18.8366,54.1555],[18.8617,54.1524],[18.8824,54.1554],[18.9017,54.1664],[18.9135,54.158],[18.9198,54.1655],[18.9507,54.1773],[18.9562,54.1733],[18.9631,54.177],[18.9775,54.1673],[19.0013,54.1829],[19.0481,54.1718],[19.0433,54.164],[19.0536,54.1602],[19.0556,54.149],[19.069,54.1446],[19.095,54.1551],[19.1045,54.1441],[19.1452,54.1466],[19.1538,54.1369],[19.1672,54.1507],[19.175,54.1398],[19.2105,54.1454],[19.2214,54.1311],[19.2139,54.1224],[19.2177,54.1161]]]}},{"type":"Feature","properties":{"slug":"lidzbarski","name":"powiat lidzbarski","bdlUnitId":"042815609000","voivodeship":"warmińsko-mazurskie"},"geometry":{"type":"Polygon","coordinates":[[[20.3936,54.2219],[20.4063,54.2184],[20.4084,54.2086],[20.4494,54.2039],[20.4726,54.1917],[20.487,54.1926],[20.4925,54.1854],[20.5272,54.1924],[20.5367,54.1887],[20.5419,54.1977],[20.5558,54.1962],[20.5598,54.201],[20.5635,54.1976],[20.5753,54.203],[20.5916,54.192],[20.6763,54.2107],[20.6931,54.1987],[20.7323,54.214],[20.7558,54.1901],[20.7518,54.1878],[20.7949,54.1458],[20.7983,54.1396],[20.7926,54.1253],[20.8168,54.1188],[20.813,54.1061],[20.8171,54.1063],[20.8008,54.0774],[20.7511,54.0725],[20.7585,54.0625],[20.7533,54.0574],[20.7434,54.0622],[20.7208,54.0493],[20.7254,54.0469],[20.7223,54.0274],[20.6683,54.0098],[20.6478,54.0162],[20.6381,53.9984],[20.6337,54.0028],[20.5476,54.0073],[20.5492,54.0109],[20.5307,54.023],[20.5271,54.0175],[20.5223,54.0189],[20.5208,54.0113],[20.4997,54.0094],[20.4952,54.0157],[20.5049,54.0227],[20.5011,54.0269],[20.4646,54.0331],[20.4596,54.0457],[20.4695,54.0646],[20.4665,54.0672],[20.4416,54.0683],[20.4466,54.0705],[20.4387,54.0725],[20.4405,54.0791],[20.4221,54.0831],[20.4301,54.0842],[20.429,54.0893],[20.4051,54.0913],[20.3714,54.1037],[20.3603,54.0988],[20.3555,54.0831],[20.3388,54.0804],[20.3433,54.0689],[20.3557,54.0705],[20.3628,54.0592],[20.3742,54.0588],[20.3757,54.0504],[20.3172,54.043],[20.3201,54.0374],[20.3149,54.0329],[20.2755,54.0135],[20.286,54.0066],[20.2717,53.9977],[20.2732,53.9886],[20.2291,53.9829],[20.215,54.0003],[20.1596,53.9898],[20.161,53.9848],[20.1527,53.9929],[20.1529,54.0011],[20.1448,54.0054],[20.1508,54.0077],[20.1394,54.0133],[20.1472,54.0194],[20.1455,54.0282],[20.1583,54.0315],[20.151,54.0333],[20.1568,54.0365],[20.1411,54.034],[20.1423,54.0421],[20.1348,54.0442],[20.1386,54.0476],[20.1187,54.0441],[20.1194,54.0512],[20.1058,54.0605],[20.1095,54.0646],[20.093,54.0603],[20.1035,54.0717],[20.0954,54.0768],[20.0868,54.072],[20.0858,54.0796],[20.0625,54.0758],[20.0459,54.0816],[20.0487,54.0848],[20.0421,54.0952],[20.0445,54.1001],[20.0395,54.1003],[20.0412,54.1038],[20.0331,54.1116],[19.996,54.112],[19.9969,54.1162],[19.9847,54.1209],[19.9852,54.1309],[19.9749,54.1399],[19.9507,54.1382],[19.9466,54.1438],[19.9505,54.1473],[19.944,54.1503],[19.9522,54.1581],[19.9436,54.1631],[19.9539,54.1658],[19.9475,54.17],[19.9564,54.1721],[19.9531,54.1761],[19.9644,54.1811],[19.9911,54.1774],[19.9923,54.1828],[19.9974,54.1786],[20.0052,54.1838],[20.0016,54.1872],[20.0047,54.1898],[19.9972,54.1939],[20.0103,54.1993],[20.0193,54.1958],[20.0212,54.1882],[20.0343,54.1852],[20.0364,54.1759],[20.0302,54.1731],[20.0622,54.1718],[20.0561,54.1782],[20.0891,54.185],[20.0867,54.1781],[20.1,54.1726],[20.0968,54.1676],[20.1037,54.1625],[20.1053,54.1664],[20.1279,54.17],[20.1153,54.1929],[20.1859,54.2023],[20.196,54.1888],[20.2204,54.195],[20.2683,54.1824],[20.2734,54.1841],[20.2712,54.191],[20.2802,54.1946],[20.2861,54.1917],[20.2841,54.1864],[20.3177,54.1811],[20.3188,54.1875],[20.3327,54.1873],[20.3395,54.2054],[20.3398,54.2159],[20.3271,54.2159],[20.3285,54.2287],[20.3719,54.2263],[20.372,54.2196],[20.3936,54.2219]]]}},{"type":"Feature","properties":{"slug":"olsztynski","name":"powiat olsztyński","bdlUnitId":"042815614000","voivodeship":"warmińsko-mazurskie"},"geometry":{"type":"Polygon","coordinates":[[[20.161,53.9848],[20.1596,53.9898],[20.215,54.0003],[20.2291,53.9829],[20.2732,53.9886],[20.2717,53.9977],[20.286,54.0066],[20.2755,54.0135],[20.3149,54.0329],[20.3201,54.0374],[20.3172,54.043],[20.3757,54.0504],[20.3742,54.0588],[20.3628,54.0592],[20.3557,54.0705],[20.3433,54.0689],[20.3388,54.0804],[20.3555,54.0831],[20.3603,54.0988],[20.3714,54.1037],[20.4051,54.0913],[20.429,54.0893],[20.4301,54.0842],[20.4221,54.0831],[20.4405,54.0791],[20.4387,54.0725],[20.4466,54.0705],[20.4416,54.0683],[20.4665,54.0672],[20.4695,54.0646],[20.4596,54.0457],[20.4646,54.0331],[20.5011,54.0269],[20.5049,54.0227],[20.4952,54.0157],[20.4997,54.0094],[20.5208,54.0113],[20.5223,54.0189],[20.5271,54.0175],[20.5307,54.023],[20.5492,54.0109],[20.5476,54.0073],[20.6337,54.0028],[20.6375,53.9984],[20.6422,53.9999],[20.6478,54.0162],[20.6683,54.0098],[20.7223,54.0274],[20.7254,54.0469],[20.7208,54.0493],[20.7434,54.0622],[20.7533,54.0574],[20.7585,54.0625],[20.7511,54.0725],[20.7806,54.074],[20.7908,54.0356],[20.8318,54.0234],[20.8441,54.0229],[20.8561,54.039],[20.8676,54.0351],[20.8771,54.0414],[20.9209,54.0296],[20.9463,54.0503],[20.9937,54.0288],[21.0177,54.0482],[21.0362,54.0575],[21.0527,54.0589],[21.0582,54.0542],[21.0463,54.05],[21.0547,54.0295],[21.0629,54.03],[21.0595,54.0358],[21.0821,54.0371],[21.0864,53.9978],[21.1026,53.9997],[21.1057,53.9916],[21.1124,53.9942],[21.126,53.9859],[21.117,53.9776],[21.121,53.973],[21.117,53.9644],[21.1058,53.9595],[21.1132,53.9507],[21.1035,53.9485],[21.109,53.9435],[21.1162,53.9454],[21.1115,53.9422],[21.1159,53.9397],[21.1277,53.9385],[21.0759,53.8802],[21.0514,53.8667],[21.083,53.8251],[21.1042,53.8247],[21.1084,53.8089],[21.1229,53.7991],[21.0999,53.7933],[21.092,53.7955],[21.0949,53.7827],[21.106,53.7711],[21.067,53.7636],[21.069,53.7582],[21.0572,53.7567],[21.0523,53.7511],[21.047,53.753],[21.0555,53.7592],[21.0477,53.766],[21.0589,53.7677],[21.0541,53.7786],[21.0594,53.7801],[21.0523,53.7912],[21.0304,53.7846],[21.0243,53.7786],[21.0334,53.7731],[21.0321,53.7669],[21.0202,53.7646],[20.9961,53.7759],[20.9943,53.7714],[20.9705,53.7645],[20.9585,53.7835],[20.9088,53.7794],[20.8389,53.7409],[20.8356,53.7378],[20.8538,53.732],[20.8309,53.7239],[20.8374,53.7179],[20.8145,53.719],[20.7708,53.6928],[20.7592,53.6951],[20.7201,53.6716],[20.7095,53.674],[20.7091,53.6655],[20.6994,53.6584],[20.7016,53.6524],[20.697,53.6481],[20.7015,53.639],[20.6882,53.6293],[20.7028,53.6137],[20.7134,53.6128],[20.7089,53.6088],[20.7181,53.6093],[20.7179,53.6046],[20.6964,53.6064],[20.7027,53.6026],[20.7002,53.6002],[20.6859,53.6086],[20.6923,53.6147],[20.6877,53.6202],[20.6687,53.6142],[20.646,53.6199],[20.6219,53.6142],[20.6507,53.606],[20.6523,53.6006],[20.6302,53.5811],[20.6147,53.5763],[20.6184,53.5663],[20.589,53.5502],[20.5987,53.5307],[20.5575,53.5216],[20.5242,53.5219],[20.5208,53.5148],[20.511,53.5307],[20.4808,53.5244],[20.472,53.5163],[20.4675,53.5178],[20.4729,53.5153],[20.4655,53.5072],[20.4778,53.4975],[20.4684,53.4918],[20.4661,53.4838],[20.4323,53.4982],[20.4194,53.4966],[20.4162,53.5002],[20.4114,53.4962],[20.3993,53.5012],[20.3964,53.4945],[20.377,53.4863],[20.3668,53.4983],[20.3556,53.4934],[20.3696,53.4833],[20.3724,53.4694],[20.3662,53.4717],[20.3672,53.4686],[20.354,53.4672],[20.3501,53.4622],[20.3096,53.4615],[20.2954,53.4537],[20.2907,53.4651],[20.262,53.4606],[20.2529,53.4687],[20.2333,53.4723],[20.2368,53.477],[20.2571,53.4814],[20.2582,53.4896],[20.2724,53.4939],[20.2507,53.5067],[20.2183,53.5051],[20.236,53.5113],[20.2286,53.5227],[20.2396,53.5293],[20.2231,53.5271],[20.22,53.5197],[20.209,53.5166],[20.2084,53.5263],[20.1985,53.5382],[20.1701,53.5467],[20.1656,53.5636],[20.1572,53.5666],[20.1515,53.581],[20.1359,53.5901],[20.1308,53.6056],[20.1124,53.6215],[20.1266,53.6296],[20.1249,53.633],[20.1474,53.6343],[20.1419,53.6408],[20.1492,53.6585],[20.1372,53.6597],[20.139,53.666],[20.1332,53.6667],[20.1435,53.7026],[20.1103,53.7028],[20.1129,53.7127],[20.1218,53.7143],[20.1275,53.7212],[20.1318,53.717],[20.1365,53.7281],[20.1452,53.7328],[20.1721,53.7342],[20.1563,53.7451],[20.1253,53.7393],[20.1303,53.7423],[20.1285,53.7522],[20.1177,53.7508],[20.1119,53.7664],[20.1555,53.7657],[20.1599,53.7748],[20.1514,53.7849],[20.1646,53.7776],[20.1775,53.7784],[20.1784,53.7723],[20.1825,53.7789],[20.1786,53.7829],[20.1706,53.7814],[20.1479,53.7961],[20.1457,53.8038],[20.1377,53.8062],[20.141,53.8104],[20.1363,53.8238],[20.1301,53.8254],[20.1325,53.8308],[20.1222,53.8386],[20.1303,53.8513],[20.1731,53.8631],[20.1778,53.8822],[20.146,53.8884],[20.1402,53.8856],[20.1297,53.8934],[20.1108,53.8976],[20.113,53.9097],[20.1066,53.9139],[20.1158,53.9277],[20.1136,53.9353],[20.1372,53.9442],[20.1269,53.9492],[20.1308,53.9581],[20.1368,53.9538],[20.151,53.9643],[20.1673,53.9585],[20.1778,53.9622],[20.1893,53.9552],[20.2087,53.9587],[20.1883,53.9694],[20.1879,53.9762],[20.161,53.9848]],[[20.3881,53.8091],[20.3834,53.8018],[20.3939,53.7949],[20.3673,53.7796],[20.3972,53.7784],[20.401,53.7685],[20.414,53.7571],[20.4262,53.7521],[20.4349,53.7553],[20.4425,53.7451],[20.4801,53.7338],[20.4753,53.7242],[20.5261,53.7344],[20.5236,53.7421],[20.547,53.7474],[20.5288,53.7639],[20.5384,53.7699],[20.553,53.7672],[20.5487,53.7733],[20.5559,53.7745],[20.5567,53.7857],[20.5666,53.7854],[20.5597,53.7965],[20.5613,53.8034],[20.5322,53.8096],[20.5395,53.8136],[20.5374,53.8161],[20.504,53.8177],[20.4849,53.829],[20.4583,53.8132],[20.4449,53.8257],[20.4278,53.8287],[20.4226,53.8194],[20.4052,53.8188],[20.4028,53.8091],[20.3881,53.8091]]]}},{"type":"Feature","properties":{"slug":"slawienski","name":"powiat sławieński","bdlUnitId":"023216313000","voivodeship":"zachodniopomorskie"},"geometry":{"type":"Polygon","coordinates":[[[16.6991,54.5692],[16.7126,54.5542],[16.7475,54.5304],[16.7392,54.5177],[16.7612,54.4858],[16.7933,54.4874],[16.8007,54.4807],[16.8107,54.4819],[16.8129,54.4729],[16.8172,54.4687],[16.8197,54.473],[16.8275,54.4648],[16.8238,54.464],[16.8282,54.4588],[16.8221,54.4537],[16.8411,54.4384],[16.8244,54.4157],[16.8401,54.4053],[16.8404,54.3987],[16.8585,54.3803],[16.8437,54.3723],[16.8382,54.3758],[16.8375,54.3705],[16.8078,54.3705],[16.8097,54.3595],[16.8161,54.3603],[16.8281,54.3458],[16.8226,54.3287],[16.8139,54.3186],[16.8378,54.3164],[16.8543,54.3076],[16.8545,54.2997],[16.8642,54.2856],[16.8651,54.261],[16.8313,54.2458],[16.7723,54.2404],[16.7405,54.2303],[16.7317,54.2319],[16.7264,54.2401],[16.7105,54.242],[16.6965,54.2271],[16.7017,54.2152],[16.6829,54.2144],[16.6677,54.2078],[16.6634,54.2183],[16.6389,54.2189],[16.6396,54.2256],[16.6163,54.223],[16.6048,54.2113],[16.6121,54.2045],[16.6056,54.1931],[16.5652,54.189],[16.562,54.1927],[16.5466,54.1909],[16.5355,54.1978],[16.5521,54.204],[16.5509,54.2094],[16.5582,54.2098],[16.5584,54.2174],[16.5713,54.2187],[16.5711,54.2241],[16.5307,54.2375],[16.4956,54.2391],[16.4982,54.2248],[16.492,54.2214],[16.465,54.2215],[16.438,54.2126],[16.4129,54.2165],[16.4278,54.2329],[16.4434,54.2385],[16.4456,54.2486],[16.395,54.2561],[16.4006,54.2602],[16.4014,54.2703],[16.4078,54.27],[16.4121,54.2809],[16.4231,54.284],[16.4224,54.2908],[16.4125,54.2924],[16.4075,54.299],[16.4278,54.3001],[16.4132,54.3023],[16.4053,54.3106],[16.3975,54.3086],[16.3979,54.2992],[16.3931,54.2992],[16.3947,54.2923],[16.3895,54.2896],[16.3465,54.2828],[16.3356,54.2873],[16.319,54.3211],[16.2989,54.3195],[16.2906,54.324],[16.2926,54.3283],[16.2799,54.334],[16.2594,54.3306],[16.2597,54.3203],[16.2516,54.3148],[16.2315,54.3191],[16.2335,54.3154],[16.2298,54.3156],[16.2218,54.324],[16.2142,54.3207],[16.3138,54.3834],[16.366,54.4291],[16.3743,54.4378],[16.372,54.442],[16.3891,54.4439],[16.4315,54.487],[16.4797,54.5164],[16.5299,54.5407],[16.5733,54.5513],[16.6991,54.5692]]]}},{"type":"Feature","properties":{"slug":"dzialdowski","name":"powiat działdowski","bdlUnitId":"042815403000","voivodeship":"warmińsko-mazurskie"},"geometry":{"type":"Polygon","coordinates":[[[20.2011,53.3952],[20.1949,53.3796],[20.1997,53.376],[20.1898,53.3636],[20.1951,53.3618],[20.1957,53.3523],[20.1801,53.3304],[20.2073,53.3208],[20.2055,53.3126],[20.2301,53.3061],[20.2574,53.2849],[20.253,53.2801],[20.2571,53.2774],[20.2471,53.2702],[20.2475,53.2614],[20.2426,53.2575],[20.2493,53.2439],[20.2476,53.2383],[20.2744,53.2374],[20.2851,53.2303],[20.315,53.2249],[20.3297,53.2358],[20.3389,53.2344],[20.3394,53.2297],[20.3339,53.231],[20.3268,53.2232],[20.3364,53.2256],[20.3359,53.2158],[20.3538,53.2272],[20.388,53.2379],[20.4143,53.2117],[20.3969,53.1947],[20.3826,53.1889],[20.3763,53.1774],[20.3245,53.16],[20.361,53.1554],[20.3532,53.1527],[20.3538,53.1471],[20.2902,53.1391],[20.1653,53.1558],[20.1588,53.1455],[20.1405,53.1413],[20.1271,53.1467],[20.119,53.1622],[20.1042,53.1681],[20.0774,53.1654],[20.0762,53.1573],[20.0523,53.1552],[20.0387,53.1592],[20.0305,53.1458],[20.0256,53.1451],[20.0197,53.1531],[19.9782,53.1439],[19.9638,53.15],[19.9548,53.1602],[19.9074,53.177],[19.9114,53.1889],[19.9186,53.1913],[19.9179,53.2065],[19.9138,53.2063],[19.9134,53.2115],[19.8962,53.2097],[19.8931,53.2132],[19.8834,53.2085],[19.882,53.2025],[19.8471,53.1923],[19.8254,53.1733],[19.8389,53.1632],[19.8411,53.1411],[19.7776,53.155],[19.7616,53.1518],[19.7508,53.1784],[19.7466,53.1797],[19.7511,53.1843],[19.742,53.1879],[19.7469,53.1933],[19.7365,53.2032],[19.7527,53.2126],[19.7426,53.2218],[19.7436,53.2282],[19.7001,53.2365],[19.6895,53.2339],[19.6919,53.2522],[19.6821,53.2568],[19.7132,53.2745],[19.7297,53.27],[19.717,53.2809],[19.7258,53.2838],[19.7122,53.2886],[19.7181,53.3021],[19.7386,53.3029],[19.7569,53.3212],[19.7667,53.3176],[19.7895,53.3275],[19.7988,53.3411],[19.7945,53.3524],[19.8516,53.3547],[19.8473,53.3625],[19.8357,53.3669],[19.8417,53.3699],[19.8476,53.3879],[19.8295,53.3972],[19.8372,53.4133],[19.8511,53.4184],[19.8652,53.4317],[19.8983,53.4309],[19.9073,53.4385],[19.928,53.4329],[19.948,53.4384],[19.9541,53.4316],[19.9797,53.4342],[19.9717,53.4256],[19.9802,53.4127],[19.993,53.4059],[19.9848,53.4004],[19.9878,53.3897],[20.0003,53.4032],[20.0265,53.3943],[20.0211,53.3891],[20.0314,53.3853],[20.0459,53.3955],[20.092,53.3785],[20.1024,53.3966],[20.0984,53.3976],[20.1117,53.4149],[20.0865,53.4246],[20.0954,53.4356],[20.1346,53.4241],[20.2011,53.3952]]]}},{"type":"Feature","properties":{"slug":"gorowski","name":"powiat górowski","bdlUnitId":"030210204000","voivodeship":"dolnośląskie"},"geometry":{"type":"Polygon","coordinates":[[[16.8284,51.5722],[16.824,51.573],[16.815,51.5635],[16.7917,51.5287],[16.7992,51.5228],[16.8148,51.5225],[16.8208,51.513],[16.7862,51.5049],[16.7675,51.5107],[16.7606,51.5053],[16.7784,51.4963],[16.7765,51.4903],[16.7642,51.4854],[16.7351,51.4865],[16.6945,51.4966],[16.6431,51.4902],[16.6505,51.5149],[16.6186,51.5179],[16.5948,51.5135],[16.5862,51.5026],[16.5406,51.5112],[16.5241,51.5069],[16.5218,51.5023],[16.5042,51.5091],[16.492,51.5003],[16.4868,51.5035],[16.4728,51.4994],[16.4673,51.5015],[16.4819,51.5175],[16.4602,51.5228],[16.4623,51.5328],[16.4516,51.542],[16.4526,51.5504],[16.4642,51.5638],[16.4322,51.5757],[16.4057,51.5774],[16.4018,51.5839],[16.39,51.5865],[16.3852,51.5996],[16.3936,51.6062],[16.39,51.6113],[16.3622,51.6082],[16.337,51.6134],[16.3293,51.6321],[16.3357,51.6415],[16.3103,51.6454],[16.3092,51.6562],[16.3018,51.6618],[16.2701,51.6635],[16.276,51.6724],[16.2684,51.6769],[16.2689,51.6841],[16.2996,51.69],[16.2973,51.6947],[16.3027,51.6985],[16.3501,51.7108],[16.3504,51.7157],[16.3693,51.7288],[16.3617,51.7415],[16.378,51.753],[16.3771,51.7672],[16.3833,51.7704],[16.3952,51.7672],[16.4081,51.7729],[16.4086,51.78],[16.4162,51.7849],[16.4492,51.788],[16.4924,51.7814],[16.5405,51.7815],[16.5452,51.7801],[16.5413,51.766],[16.5767,51.7686],[16.583,51.7508],[16.6036,51.7451],[16.6351,51.749],[16.6479,51.7442],[16.6394,51.733],[16.6457,51.7287],[16.6449,51.722],[16.6823,51.7079],[16.6763,51.6922],[16.6638,51.6988],[16.6576,51.6892],[16.6637,51.6886],[16.6422,51.6835],[16.6388,51.6677],[16.6432,51.6607],[16.6824,51.6569],[16.6814,51.6469],[16.7154,51.6486],[16.7276,51.6475],[16.7317,51.6426],[16.7691,51.6447],[16.7833,51.641],[16.7764,51.6313],[16.7661,51.6277],[16.772,51.6136],[16.7996,51.6035],[16.8026,51.6008],[16.7954,51.5996],[16.7928,51.5905],[16.8156,51.5847],[16.8284,51.5722]]]}},{"type":"Feature","properties":{"slug":"sztumski","name":"powiat sztumski","bdlUnitId":"042214216000","voivodeship":"pomorskie"},"geometry":{"type":"Polygon","coordinates":[[[19.576,53.9483],[19.575,53.9437],[19.5821,53.9395],[19.5813,53.9271],[19.5559,53.9257],[19.5607,53.9194],[19.5572,53.8978],[19.5343,53.8813],[19.5397,53.8789],[19.538,53.8752],[19.5304,53.8743],[19.5244,53.8601],[19.5142,53.8567],[19.5123,53.8472],[19.5186,53.8466],[19.4796,53.8168],[19.5004,53.8066],[19.4719,53.7849],[19.4825,53.7802],[19.4806,53.7752],[19.4605,53.7832],[19.4542,53.7976],[19.3707,53.8142],[19.323,53.8139],[19.2886,53.8238],[19.2628,53.823],[19.2048,53.8398],[19.1724,53.8415],[19.1358,53.8201],[19.0996,53.8056],[19.0908,53.8102],[19.0997,53.8136],[19.0798,53.8262],[19.0762,53.8338],[19.0877,53.8417],[19.0786,53.8469],[19.0658,53.8451],[19.052,53.8543],[19.0551,53.86],[19.0319,53.8669],[19.0058,53.8537],[18.9982,53.856],[18.9931,53.8668],[18.9752,53.8683],[18.9946,53.8771],[18.9613,53.8964],[18.9739,53.9048],[18.9327,53.8992],[18.8858,53.9156],[18.8787,53.91],[18.8655,53.9225],[18.8578,53.9396],[18.8613,53.9468],[18.891,53.945],[18.9038,53.9677],[18.9289,53.9682],[18.9493,53.9886],[18.9721,53.9937],[18.9821,54.001],[19.0291,53.9887],[19.044,54.0057],[19.0588,53.9998],[19.0546,53.9941],[19.0687,53.9881],[19.0806,54.0029],[19.1145,54.0218],[19.1615,54.0182],[19.1736,54.0108],[19.1825,54.0152],[19.2143,54.0101],[19.2537,54.0273],[19.2715,54.0238],[19.2711,54.0175],[19.279,54.0129],[19.2886,54.0161],[19.293,54.0248],[19.3201,54.0271],[19.3247,54.0203],[19.3602,54.0045],[19.4107,53.9994],[19.3777,53.985],[19.3658,53.9608],[19.3724,53.9484],[19.369,53.938],[19.3738,53.9354],[19.4017,53.9342],[19.4005,53.9302],[19.4168,53.9263],[19.4587,53.9421],[19.4842,53.9427],[19.4892,53.9466],[19.5362,53.9445],[19.5567,53.948],[19.5667,53.9434],[19.576,53.9483]]]}},{"type":"Feature","properties":{"slug":"kwidzynski","name":"powiat kwidzyński","bdlUnitId":"042214207000","voivodeship":"pomorskie"},"geometry":{"type":"Polygon","coordinates":[[[18.8787,53.91],[18.8858,53.9156],[18.9327,53.8992],[18.9739,53.9048],[18.9613,53.8964],[18.9946,53.8771],[18.9799,53.8729],[18.9765,53.867],[18.9931,53.8668],[18.9982,53.856],[19.0058,53.8537],[19.0319,53.8669],[19.0551,53.86],[19.052,53.8543],[19.0658,53.8451],[19.0786,53.8469],[19.0877,53.8417],[19.0762,53.8338],[19.0798,53.8262],[19.0997,53.8136],[19.0908,53.8102],[19.0996,53.8056],[19.1358,53.8201],[19.1724,53.8415],[19.2111,53.8391],[19.2628,53.823],[19.2886,53.8238],[19.323,53.8139],[19.3097,53.8014],[19.3089,53.7945],[19.3155,53.791],[19.3049,53.7885],[19.2987,53.7789],[19.3029,53.7782],[19.2986,53.7709],[19.3041,53.7673],[19.2995,53.7623],[19.3042,53.754],[19.2893,53.7395],[19.2644,53.7302],[19.2373,53.7077],[19.2249,53.7043],[19.2129,53.6914],[19.2237,53.6687],[19.2137,53.6697],[19.2123,53.6434],[19.2026,53.6352],[19.1935,53.6411],[19.1845,53.6371],[19.1791,53.6404],[19.1629,53.6243],[19.1304,53.6083],[19.1293,53.5883],[19.0859,53.5982],[19.0249,53.5906],[18.9946,53.5955],[18.9768,53.5874],[18.9268,53.5917],[18.9151,53.5795],[18.9052,53.5776],[18.9086,53.5915],[18.89,53.5995],[18.7679,53.6058],[18.7636,53.6109],[18.7649,53.6054],[18.7607,53.6047],[18.7396,53.6346],[18.7424,53.6523],[18.7715,53.6769],[18.789,53.7021],[18.8449,53.7274],[18.8567,53.7406],[18.8565,53.7489],[18.8389,53.7755],[18.8389,53.7847],[18.85,53.8026],[18.8376,53.8291],[18.8862,53.8864],[18.8884,53.9002],[18.8787,53.91]]]}},{"type":"Feature","properties":{"slug":"mysliborski","name":"powiat myśliborski","bdlUnitId":"023216410000","voivodeship":"zachodniopomorskie"},"geometry":{"type":"Polygon","coordinates":[[[14.7326,53.037],[14.7901,53.0229],[14.7952,53.0139],[14.8126,53.0086],[14.837,53.016],[14.8145,53.019],[14.8123,53.0242],[14.8219,53.0317],[14.8087,53.0335],[14.8174,53.0359],[14.8096,53.038],[14.8101,53.0428],[14.8276,53.0479],[14.8373,53.0592],[14.8491,53.0626],[14.8721,53.0506],[14.9041,53.0532],[14.8998,53.0475],[14.9077,53.0456],[14.9061,53.0423],[14.9162,53.043],[14.9206,53.0346],[14.9166,53.0325],[14.9172,53.0245],[14.8945,53.0234],[14.8945,53.0191],[14.9072,53.0173],[14.8976,53.0184],[14.8948,53.0145],[14.9082,53.0031],[14.8727,53.0084],[14.893,53.0043],[14.8906,52.9981],[14.9001,52.99],[14.9096,52.99],[14.907,53.0018],[14.9161,52.999],[14.9233,52.9898],[14.9202,52.9872],[14.9299,52.9883],[14.9299,52.9824],[14.9574,52.9814],[14.96,52.9726],[14.9763,52.9703],[14.9889,52.9872],[14.9962,52.9891],[14.9903,52.9946],[15.006,52.9959],[15.0334,52.9894],[15.033,52.9934],[15.0496,53.0025],[15.0392,53.0338],[15.019,53.0353],[15.0224,53.0468],[15.0643,53.0596],[15.0723,53.0583],[15.0848,53.0381],[15.1052,53.0385],[15.1398,53.0284],[15.1588,53.061],[15.1825,53.0716],[15.1986,53.0851],[15.2191,53.0758],[15.2055,53.0441],[15.2435,53.035],[15.2391,53.0298],[15.243,53.0198],[15.2494,53.0284],[15.258,53.0264],[15.2578,53.0179],[15.2479,53.0169],[15.2597,53.0147],[15.263,53.0189],[15.264,53.0132],[15.2829,53.0091],[15.2875,52.9834],[15.2971,52.9821],[15.2889,52.9802],[15.2972,52.9675],[15.2856,52.9584],[15.2836,52.9448],[15.3222,52.903],[15.3317,52.9044],[15.3327,52.8993],[15.2856,52.886],[15.2878,52.8798],[15.2809,52.887],[15.0718,52.8306],[15.0652,52.839],[15.0491,52.8435],[15.0378,52.8616],[15.0087,52.8545],[15.0096,52.8477],[14.9908,52.8425],[14.9881,52.8509],[14.9816,52.8489],[14.9791,52.8537],[14.9831,52.8615],[14.9783,52.8661],[14.9489,52.8715],[14.9545,52.8743],[14.9317,52.8818],[14.9339,52.8851],[14.9233,52.8829],[14.9254,52.8897],[14.9095,52.8873],[14.8904,52.8607],[14.8953,52.8553],[14.9103,52.8552],[14.9192,52.8439],[14.8956,52.8331],[14.8884,52.8463],[14.8657,52.8473],[14.8634,52.8434],[14.8733,52.8338],[14.851,52.8281],[14.8586,52.8176],[14.8549,52.8124],[14.8679,52.8122],[14.8617,52.8023],[14.8653,52.792],[14.8446,52.7903],[14.8505,52.7852],[14.8489,52.7775],[14.8155,52.7744],[14.801,52.7585],[14.7912,52.7569],[14.7894,52.752],[14.7997,52.7375],[14.7952,52.7359],[14.798,52.7271],[14.7916,52.6971],[14.7636,52.6704],[14.7524,52.6689],[14.7492,52.6444],[14.7301,52.642],[14.7214,52.631],[14.6697,52.6378],[14.6583,52.6423],[14.6625,52.648],[14.6296,52.6602],[14.6247,52.6529],[14.5827,52.6324],[14.5745,52.6356],[14.5716,52.629],[14.5588,52.6254],[14.4711,52.6578],[14.4553,52.6758],[14.4364,52.6799],[14.4638,52.698],[14.4523,52.7016],[14.4558,52.7044],[14.4667,52.7083],[14.472,52.7038],[14.4816,52.7158],[14.4908,52.7125],[14.5228,52.7252],[14.5135,52.7305],[14.5187,52.736],[14.5171,52.7424],[14.5207,52.7378],[14.5323,52.7469],[14.553,52.7417],[14.5669,52.7595],[14.5825,52.7546],[14.5836,52.7603],[14.5946,52.7674],[14.5928,52.7714],[14.6025,52.7759],[14.593,52.7798],[14.6085,52.7845],[14.6067,52.7995],[14.616,52.8108],[14.6143,52.8142],[14.637,52.8165],[14.6375,52.8256],[14.6707,52.8365],[14.6459,52.8467],[14.6495,52.8531],[14.6436,52.8579],[14.6719,52.8694],[14.6835,52.8672],[14.6857,52.8738],[14.6631,52.8812],[14.6745,52.888],[14.6666,52.8928],[14.6888,52.892],[14.6953,52.8958],[14.6976,52.9046],[14.6911,52.9079],[14.6953,52.9241],[14.7272,52.9313],[14.7458,52.9199],[14.7489,52.9203],[14.7458,52.9297],[14.7585,52.9306],[14.7612,52.9404],[14.7222,52.9503],[14.7119,52.9624],[14.7149,52.9689],[14.7031,52.9722],[14.7059,52.9878],[14.6959,53.0071],[14.7326,53.037]]]}},{"type":"Feature","properties":{"slug":"golubsko-dobrzynski","name":"powiat golubsko-dobrzyński","bdlUnitId":"040410705000","voivodeship":"kujawsko-pomorskie"},"geometry":{"type":"Polygon","coordinates":[[[19.0942,52.969],[19.094,52.9796],[19.0793,52.9918],[19.0506,52.9916],[19.04,53.0053],[19.0342,53.0059],[19.0219,53.0022],[19.0249,52.9895],[19.0151,52.9932],[19.0104,52.9869],[18.989,52.9887],[18.9826,52.9871],[18.9798,52.9772],[18.9581,52.9738],[18.961,52.9778],[18.9566,52.9878],[18.9346,52.9932],[18.947,53.0021],[18.9514,53.015],[18.9228,53.0257],[18.9087,53.0244],[18.9098,53.0308],[18.8697,53.0407],[18.8605,53.0608],[18.8646,53.067],[18.8269,53.071],[18.823,53.0745],[18.8284,53.0799],[18.8112,53.0854],[18.8186,53.0896],[18.8119,53.1003],[18.8168,53.1047],[18.8056,53.1271],[18.7897,53.1336],[18.795,53.1355],[18.7727,53.1385],[18.7631,53.1476],[18.728,53.1544],[18.7608,53.1598],[18.7611,53.1662],[18.7442,53.18],[18.7618,53.2011],[18.8111,53.1838],[18.8751,53.1848],[18.8884,53.1974],[18.9004,53.1829],[18.9359,53.1898],[18.9408,53.1839],[18.9632,53.1862],[18.9882,53.2107],[19.0128,53.2028],[18.9993,53.1852],[19.016,53.1788],[19.0152,53.1727],[19.0483,53.1728],[19.0523,53.1771],[19.0634,53.1761],[19.0675,53.1794],[19.0651,53.1848],[19.0743,53.188],[19.0862,53.1848],[19.1047,53.1879],[19.0962,53.1928],[19.1071,53.1998],[19.1005,53.2054],[19.1181,53.215],[19.1389,53.2131],[19.139,53.2185],[19.1342,53.22],[19.1404,53.2215],[19.1421,53.2275],[19.1696,53.2255],[19.1693,53.2377],[19.2092,53.2306],[19.2134,53.2237],[19.2245,53.2273],[19.2301,53.2228],[19.2271,53.216],[19.2539,53.2014],[19.2498,53.1974],[19.2527,53.1909],[19.2477,53.1869],[19.2375,53.1904],[19.2379,53.1847],[19.1998,53.1675],[19.2086,53.1621],[19.1946,53.1603],[19.196,53.1524],[19.1863,53.1526],[19.2059,53.1293],[19.2298,53.1344],[19.2385,53.1313],[19.2253,53.1214],[19.2568,53.1048],[19.2274,53.094],[19.2354,53.0819],[19.2165,53.0692],[19.223,53.0617],[19.2046,53.0569],[19.2004,53.05],[19.1824,53.0493],[19.18,53.0329],[19.2127,53.0213],[19.2,53.0191],[19.2051,53.0095],[19.2354,53.0058],[19.239,53.0015],[19.2163,53.0002],[19.2055,52.9927],[19.1789,52.9898],[19.184,52.9662],[19.1764,52.9665],[19.1729,52.9738],[19.1651,52.9769],[19.1562,52.9768],[19.1439,52.9607],[19.0942,52.969]]]}},{"type":"Feature","properties":{"slug":"aleksandrowski","name":"powiat aleksandrowski","bdlUnitId":"040410801000","voivodeship":"kujawsko-pomorskie"},"geometry":{"type":"Polygon","coordinates":[[[18.9073,52.8358],[18.9092,52.8226],[18.9294,52.7988],[18.9311,52.7874],[18.9385,52.7826],[18.903,52.7787],[18.8986,52.7723],[18.86,52.769],[18.8474,52.7739],[18.8358,52.7687],[18.8275,52.7511],[18.8171,52.7427],[18.843,52.7403],[18.8494,52.7076],[18.8609,52.704],[18.8569,52.67],[18.8392,52.6725],[18.8672,52.6357],[18.8212,52.6507],[18.7754,52.6817],[18.7555,52.688],[18.7243,52.7091],[18.6963,52.7185],[18.6811,52.7214],[18.6777,52.7082],[18.648,52.7126],[18.6508,52.7258],[18.5965,52.724],[18.5074,52.7109],[18.5058,52.7369],[18.5006,52.7396],[18.5006,52.748],[18.5413,52.7437],[18.5543,52.7562],[18.6042,52.7537],[18.6251,52.7829],[18.6129,52.7999],[18.5878,52.7979],[18.5722,52.814],[18.5525,52.8102],[18.5422,52.8199],[18.53,52.8184],[18.544,52.8346],[18.5314,52.8419],[18.5382,52.8434],[18.5453,52.855],[18.5537,52.8535],[18.5647,52.879],[18.5777,52.8736],[18.5779,52.8654],[18.5868,52.8594],[18.6029,52.8614],[18.6082,52.8646],[18.6028,52.8677],[18.6043,52.8713],[18.6273,52.8802],[18.6244,52.8876],[18.632,52.8922],[18.6413,52.8893],[18.6529,52.897],[18.6702,52.8953],[18.6751,52.8993],[18.689,52.8966],[18.695,52.9225],[18.7082,52.9238],[18.7129,52.9305],[18.7226,52.9334],[18.7505,52.9161],[18.7692,52.9102],[18.8198,52.9035],[18.8312,52.8936],[18.8379,52.8785],[18.8502,52.8701],[18.8991,52.8539],[18.9073,52.8358]]]}},{"type":"Feature","properties":{"slug":"swiecki","name":"powiat świecki","bdlUnitId":"040416814000","voivodeship":"kujawsko-pomorskie"},"geometry":{"type":"Polygon","coordinates":[[[18.0343,53.3936],[18.0364,53.397],[18.055,53.3954],[18.0553,53.4031],[18.0476,53.4053],[18.0573,53.4089],[18.0608,53.4194],[18.071,53.4119],[18.0761,53.4238],[18.0841,53.4252],[18.0779,53.4309],[18.0851,53.4262],[18.09,53.4286],[18.0778,53.4388],[18.0521,53.4419],[18.0698,53.4553],[18.0764,53.467],[18.0995,53.47],[18.1148,53.4657],[18.1123,53.5046],[18.1219,53.5047],[18.1173,53.5077],[18.1274,53.5138],[18.125,53.5199],[18.1356,53.519],[18.1272,53.5231],[18.1139,53.5187],[18.1111,53.5249],[18.1603,53.5248],[18.1568,53.5272],[18.1686,53.5336],[18.1663,53.5373],[18.2094,53.538],[18.2108,53.5429],[18.1884,53.5469],[18.1867,53.551],[18.2179,53.5477],[18.2271,53.5529],[18.2261,53.56],[18.1955,53.561],[18.1723,53.5849],[18.1798,53.589],[18.1788,53.594],[18.1876,53.5949],[18.1772,53.6083],[18.1601,53.6075],[18.1534,53.6143],[18.167,53.6159],[18.1718,53.6277],[18.1807,53.6281],[18.1817,53.6343],[18.1934,53.6388],[18.182,53.6418],[18.2115,53.6449],[18.2093,53.6489],[18.2161,53.6523],[18.2156,53.6608],[18.2332,53.6693],[18.2278,53.6766],[18.2192,53.6758],[18.2115,53.6818],[18.2184,53.6898],[18.2064,53.6957],[18.2092,53.6995],[18.2365,53.7095],[18.2502,53.7027],[18.3412,53.6933],[18.3542,53.6874],[18.42,53.6919],[18.4185,53.6872],[18.4557,53.6937],[18.4551,53.6865],[18.4602,53.6864],[18.4684,53.6897],[18.4705,53.7037],[18.4942,53.6992],[18.5158,53.704],[18.5232,53.6915],[18.5125,53.689],[18.5145,53.681],[18.5298,53.6792],[18.5323,53.6694],[18.5283,53.6683],[18.5434,53.6664],[18.5551,53.6551],[18.5834,53.6594],[18.5824,53.6662],[18.5671,53.6733],[18.5709,53.6754],[18.6095,53.6706],[18.6306,53.6746],[18.6565,53.6954],[18.6785,53.6908],[18.6879,53.6991],[18.6966,53.7],[18.6959,53.6923],[18.7255,53.6838],[18.7413,53.6928],[18.7488,53.6857],[18.7507,53.6926],[18.764,53.6995],[18.789,53.7021],[18.7715,53.6769],[18.7466,53.6575],[18.7393,53.6446],[18.7405,53.6323],[18.7621,53.6039],[18.7598,53.5643],[18.7648,53.5513],[18.7532,53.5144],[18.7337,53.4747],[18.6802,53.4391],[18.6612,53.4336],[18.6332,53.4336],[18.6387,53.426],[18.6111,53.4313],[18.5679,53.4267],[18.5453,53.4165],[18.4966,53.4165],[18.4789,53.4119],[18.4766,53.4019],[18.45,53.3788],[18.4421,53.3765],[18.4256,53.381],[18.411,53.3681],[18.4172,53.3653],[18.3823,53.3561],[18.3334,53.3213],[18.3187,53.2839],[18.2928,53.2555],[18.2797,53.2531],[18.2608,53.2612],[18.2755,53.2742],[18.2407,53.2694],[18.2342,53.2738],[18.1856,53.2782],[18.1796,53.2974],[18.1718,53.2979],[18.1589,53.3077],[18.1658,53.309],[18.1621,53.315],[18.1541,53.3108],[18.1328,53.3154],[18.1064,53.3447],[18.0906,53.3456],[18.083,53.3386],[18.0577,53.3407],[18.0493,53.3346],[18.0534,53.3412],[18.0503,53.3463],[18.0618,53.3541],[18.0396,53.3618],[18.0589,53.3627],[18.0655,53.3703],[18.0596,53.3721],[18.065,53.3794],[18.0343,53.3936]]]}},{"type":"Feature","properties":{"slug":"pleszewski","name":"powiat pleszewski","bdlUnitId":"023015720000","voivodeship":"wielkopolskie"},"geometry":{"type":"MultiPolygon","coordinates":[[[[17.6042,51.8202],[17.6077,51.8304],[17.5712,51.8387],[17.5624,51.8348],[17.5297,51.8392],[17.5211,51.8476],[17.5267,51.8609],[17.5255,51.8681],[17.517,51.8733],[17.514,51.9008],[17.5694,51.8953],[17.5749,51.8891],[17.6084,51.892],[17.6101,51.8984],[17.6184,51.8968],[17.6302,51.9037],[17.6562,51.8956],[17.6618,51.8814],[17.6941,51.8848],[17.6787,51.9009],[17.6671,51.9036],[17.6783,51.9086],[17.6791,51.9154],[17.707,51.9256],[17.7183,51.9425],[17.7027,51.9449],[17.7009,51.9617],[17.7056,51.9771],[17.6915,51.9843],[17.6952,51.9929],[17.6996,51.9898],[17.7026,51.9913],[17.6985,51.9936],[17.7156,51.9968],[17.6937,52.0158],[17.698,52.0233],[17.6952,52.0268],[17.7095,52.0326],[17.7228,52.045],[17.7189,52.0497],[17.7026,52.0497],[17.7026,52.0598],[17.6969,52.0631],[17.7064,52.0646],[17.7064,52.0719],[17.7409,52.077],[17.7507,52.0829],[17.7583,52.0813],[17.7567,52.0766],[17.7731,52.0764],[17.8235,52.0881],[17.8293,52.0793],[17.8527,52.0734],[17.8682,52.0831],[17.9322,52.0909],[17.945,52.075],[17.9674,52.0757],[17.9668,52.0644],[17.9741,52.065],[17.9797,52.0479],[17.9413,52.0013],[17.9595,51.9887],[17.98,51.9589],[17.9504,51.9537],[17.9399,51.9458],[17.934,51.9363],[17.9363,51.9323],[17.9491,51.9192],[17.9584,51.9193],[17.9362,51.9156],[17.9523,51.8991],[17.9592,51.8988],[17.9651,51.8884],[17.9592,51.8808],[17.9812,51.8668],[17.9828,51.8561],[18.0118,51.8465],[18.0169,51.8314],[18.0132,51.8246],[18.0222,51.8138],[18.0154,51.8001],[18.0287,51.7894],[18.0428,51.7852],[18.0395,51.781],[18.0425,51.7795],[18.0326,51.7729],[18.0405,51.7694],[18.038,51.7672],[18.0096,51.7597],[17.9865,51.7634],[17.9903,51.7783],[17.9678,51.7848],[17.9496,51.7861],[17.9315,51.7785],[17.8756,51.7853],[17.8745,51.7897],[17.8171,51.7988],[17.7704,51.7894],[17.7497,51.7898],[17.748,51.797],[17.7267,51.8165],[17.6968,51.8148],[17.6832,51.8084],[17.6539,51.8094],[17.6464,51.8045],[17.6467,51.7956],[17.6191,51.7933],[17.6102,51.7993],[17.6042,51.8202]]],[[[17.6042,51.8202],[17.6039,51.8193],[17.603,51.8176],[17.6022,51.8176],[17.5981,51.8181],[17.6003,51.8211],[17.6042,51.8202]]],[[[17.6034,51.8206],[17.6022,51.8209],[17.6041,51.8255],[17.6056,51.8258],[17.6046,51.8236],[17.6034,51.8206]]]]}},{"type":"Feature","properties":{"slug":"sejnenski","name":"powiat sejneński","bdlUnitId":"062013909000","voivodeship":"podlaskie"},"geometry":{"type":"Polygon","coordinates":[[[23.1543,54.297],[23.2024,54.2886],[23.2339,54.2609],[23.2462,54.2572],[23.2818,54.2607],[23.3375,54.2517],[23.3617,54.231],[23.3868,54.2248],[23.3856,54.2196],[23.3942,54.2169],[23.4064,54.1963],[23.4192,54.1911],[23.4245,54.1775],[23.459,54.1755],[23.4612,54.1678],[23.4755,54.1634],[23.4733,54.1581],[23.4858,54.1532],[23.4953,54.1326],[23.4926,54.117],[23.502,54.1129],[23.507,54.0995],[23.5183,54.0898],[23.5184,54.0787],[23.5286,54.0658],[23.5249,54.0311],[23.5162,54.0286],[23.509,54.0118],[23.5009,54.0077],[23.5037,54.0066],[23.4935,54.0072],[23.4812,53.9988],[23.4904,53.9739],[23.5165,53.9575],[23.5116,53.9159],[23.5039,53.9087],[23.4913,53.9032],[23.4806,53.9073],[23.4643,53.8944],[23.4247,53.9019],[23.4167,53.8942],[23.406,53.8997],[23.4043,53.9061],[23.3943,53.9083],[23.3987,53.9115],[23.3918,53.9118],[23.3894,53.915],[23.393,53.9174],[23.3828,53.9219],[23.389,53.9261],[23.3713,53.9343],[23.337,53.937],[23.3537,53.9413],[23.334,53.9471],[23.3335,53.9507],[23.3032,53.9449],[23.2757,53.9547],[23.266,53.9455],[23.2262,53.9595],[23.1638,53.9515],[23.1478,53.9586],[23.1555,53.9758],[23.1381,53.9756],[23.1363,53.961],[23.1134,53.9612],[23.1121,53.9702],[23.0992,53.9703],[23.1006,53.9602],[23.08,53.962],[23.0956,53.9819],[23.0901,53.9893],[23.1294,54.0042],[23.1278,54.0205],[23.1501,54.0161],[23.137,54.0195],[23.1361,54.025],[23.1429,54.0302],[23.1338,54.0346],[23.1363,54.0374],[23.129,54.0492],[23.104,54.0492],[23.0892,54.0577],[23.1065,54.0646],[23.1192,54.0603],[23.1155,54.0634],[23.1176,54.0694],[23.1537,54.0753],[23.1412,54.0829],[23.116,54.0759],[23.1072,54.0812],[23.1203,54.0932],[23.0948,54.1013],[23.0884,54.0993],[23.0833,54.1074],[23.0867,54.1117],[23.083,54.1217],[23.0942,54.1299],[23.08,54.1358],[23.0898,54.1491],[23.1028,54.1453],[23.1051,54.1603],[23.1143,54.1742],[23.143,54.1707],[23.1488,54.1822],[23.1534,54.1976],[23.1391,54.2113],[23.146,54.2145],[23.132,54.2185],[23.139,54.2238],[23.1302,54.2314],[23.1214,54.2283],[23.1153,54.2336],[23.1305,54.2446],[23.1132,54.2411],[23.1087,54.2454],[23.1286,54.2535],[23.1244,54.2561],[23.1273,54.2584],[23.1411,54.2593],[23.1363,54.2617],[23.1469,54.2664],[23.1287,54.2771],[23.1374,54.2867],[23.15,54.2875],[23.1543,54.297]]]}},{"type":"Feature","properties":{"slug":"sanocki","name":"powiat sanocki","bdlUnitId":"061813317000","voivodeship":"podkarpackie"},"geometry":{"type":"Polygon","coordinates":[[[22.327,49.6857],[22.3291,49.6796],[22.3236,49.6723],[22.3426,49.6549],[22.3727,49.6463],[22.3923,49.6315],[22.3843,49.6264],[22.387,49.6225],[22.382,49.6135],[22.3958,49.6107],[22.4279,49.5932],[22.4237,49.5808],[22.397,49.5755],[22.395,49.5715],[22.423,49.5535],[22.4173,49.5454],[22.4074,49.5467],[22.3956,49.5276],[22.3502,49.5503],[22.329,49.533],[22.3306,49.5287],[22.3165,49.5172],[22.3147,49.5106],[22.3004,49.5172],[22.2937,49.4916],[22.2831,49.4845],[22.2824,49.4763],[22.2856,49.4552],[22.2952,49.4504],[22.2528,49.3961],[22.249,49.397],[22.2388,49.3803],[22.2421,49.3775],[22.235,49.3715],[22.2363,49.3664],[22.2176,49.3474],[22.214,49.3364],[22.2179,49.3235],[22.1871,49.3077],[22.1952,49.2674],[22.2266,49.2593],[22.2488,49.2435],[22.237,49.2006],[22.2217,49.1842],[22.211,49.1856],[22.1899,49.174],[22.1759,49.1831],[22.1431,49.1927],[22.1438,49.2005],[22.1176,49.201],[22.062,49.2116],[22.0304,49.2252],[22.0419,49.2572],[22.0303,49.2627],[22.0343,49.278],[21.9832,49.3104],[21.9661,49.3451],[21.9522,49.35],[21.9343,49.3816],[21.9392,49.3961],[21.9302,49.407],[21.9364,49.4189],[21.9294,49.4202],[21.926,49.4345],[21.9465,49.4387],[21.9715,49.4513],[21.9669,49.463],[21.9489,49.4733],[21.9693,49.4885],[21.9395,49.5046],[21.9282,49.5214],[21.9239,49.5338],[21.9359,49.5527],[21.9289,49.556],[21.9332,49.5584],[21.9282,49.5708],[21.9306,49.5764],[21.9154,49.5821],[21.9157,49.5943],[21.9068,49.5981],[21.9085,49.6037],[21.9236,49.6025],[21.9264,49.6162],[21.9335,49.6205],[21.9712,49.6188],[22.0125,49.6366],[22.0265,49.634],[22.0394,49.6249],[22.0445,49.6282],[22.0575,49.6183],[22.0734,49.6298],[22.0742,49.6409],[22.0873,49.6374],[22.1135,49.6549],[22.1508,49.6425],[22.1591,49.6471],[22.1669,49.6442],[22.184,49.6534],[22.2148,49.6278],[22.2418,49.6303],[22.2354,49.6345],[22.2549,49.6377],[22.2514,49.6495],[22.2669,49.6573],[22.2649,49.6623],[22.2766,49.6587],[22.3109,49.667],[22.3178,49.6811],[22.327,49.6857]]]}},{"type":"Feature","properties":{"slug":"suski","name":"powiat suski","bdlUnitId":"011216915000","voivodeship":"małopolskie"},"geometry":{"type":"Polygon","coordinates":[[[19.7521,49.8306],[19.7576,49.8301],[19.7562,49.8251],[19.7678,49.825],[19.7687,49.8204],[19.7519,49.8164],[19.7556,49.8036],[19.743,49.7905],[19.751,49.7862],[19.7937,49.792],[19.8034,49.7823],[19.8034,49.7647],[19.7847,49.7611],[19.7721,49.7523],[19.7883,49.7422],[19.7863,49.7325],[19.7981,49.7277],[19.7907,49.7246],[19.7971,49.7045],[19.8684,49.715],[19.8891,49.711],[19.9117,49.7131],[19.9006,49.6973],[19.893,49.6946],[19.897,49.6909],[19.8876,49.6911],[19.8894,49.6855],[19.8858,49.6833],[19.9052,49.6592],[19.9062,49.645],[19.8885,49.6354],[19.8706,49.6331],[19.8744,49.6164],[19.8627,49.5993],[19.8285,49.5923],[19.8041,49.5948],[19.7762,49.5855],[19.7667,49.5906],[19.7548,49.5864],[19.7635,49.5805],[19.7516,49.5715],[19.6953,49.5788],[19.681,49.5742],[19.6306,49.6103],[19.6193,49.6237],[19.5945,49.6232],[19.5866,49.6127],[19.5961,49.6004],[19.592,49.5929],[19.5502,49.577],[19.522,49.5722],[19.5102,49.5814],[19.4806,49.5869],[19.4684,49.5965],[19.4747,49.6034],[19.4674,49.6138],[19.4808,49.6244],[19.4754,49.6388],[19.4685,49.6439],[19.4778,49.6608],[19.465,49.6679],[19.461,49.6754],[19.4411,49.6805],[19.4117,49.6728],[19.4071,49.6786],[19.3918,49.6773],[19.3895,49.6843],[19.37,49.6949],[19.3911,49.6972],[19.3982,49.7114],[19.4105,49.7101],[19.4285,49.7181],[19.428,49.7269],[19.445,49.734],[19.446,49.7426],[19.4401,49.7521],[19.415,49.7753],[19.4435,49.7887],[19.4457,49.7957],[19.4644,49.7979],[19.4753,49.789],[19.4905,49.7862],[19.5045,49.7904],[19.5112,49.7876],[19.5395,49.8018],[19.606,49.7927],[19.6282,49.7982],[19.6456,49.7954],[19.6441,49.8078],[19.6626,49.809],[19.6618,49.814],[19.6838,49.8126],[19.7079,49.8036],[19.7259,49.8074],[19.7396,49.8295],[19.7521,49.8306]]]}},{"type":"Feature","properties":{"slug":"zielonogorski","name":"powiat zielonogórski","bdlUnitId":"020811409000","voivodeship":"lubuskie"},"geometry":{"type":"Polygon","coordinates":[[[15.8495,52.2133],[15.8613,52.1978],[15.8584,52.169],[15.8831,52.1628],[15.8836,52.1559],[15.875,52.1305],[15.8341,52.1085],[15.8603,52.0865],[15.8778,52.088],[15.9243,52.0675],[15.9324,52.0876],[15.9674,52.082],[15.9698,52.0754],[15.986,52.07],[15.9892,52.0611],[15.9998,52.06],[16.0055,52.0543],[15.9917,52.0504],[15.9891,52.0433],[15.9944,52.0352],[15.9643,52.0339],[15.9667,52.0296],[15.963,52.0261],[15.9537,52.0264],[15.9465,52.0336],[15.9381,52.0292],[15.9283,52.0362],[15.901,52.037],[15.9121,52.0296],[15.9097,52.0247],[15.9139,52.0197],[15.9253,52.0199],[15.9176,52.01],[15.9336,51.9799],[15.9119,51.9729],[15.9017,51.976],[15.9064,51.9611],[15.8923,51.955],[15.8714,51.9601],[15.8764,51.9508],[15.8722,51.9465],[15.8618,51.9439],[15.862,51.94],[15.8448,51.9378],[15.8462,51.9327],[15.8659,51.928],[15.8679,51.9218],[15.8173,51.9061],[15.812,51.9019],[15.8155,51.9],[15.8128,51.8951],[15.7877,51.8858],[15.7593,51.8915],[15.7662,51.901],[15.7616,51.9044],[15.7219,51.9006],[15.7072,51.892],[15.6657,51.9031],[15.638,51.9051],[15.6293,51.9147],[15.6394,51.9193],[15.6328,51.9252],[15.6414,51.9279],[15.6337,51.9377],[15.6478,51.9304],[15.6521,51.9329],[15.6456,51.9386],[15.652,51.9408],[15.6467,51.9444],[15.6504,51.9465],[15.6322,51.9473],[15.6287,51.952],[15.6066,51.9478],[15.6035,51.955],[15.6086,51.9692],[15.6276,51.974],[15.6192,51.9801],[15.6215,51.9827],[15.6349,51.984],[15.63,51.9958],[15.6365,52.006],[15.6102,52.0064],[15.604,52.0171],[15.5841,52.0249],[15.5854,52.0328],[15.5347,52.0348],[15.5365,52.0257],[15.5216,52.0248],[15.5201,52.0168],[15.5128,52.0154],[15.5149,52.0101],[15.4523,52.0185],[15.4389,52.0152],[15.435,52.009],[15.442,52.0081],[15.4492,51.9952],[15.4377,51.9848],[15.4264,51.9841],[15.4328,51.9769],[15.4252,51.9752],[15.406,51.9495],[15.4392,51.947],[15.4494,51.941],[15.4732,51.9128],[15.4766,51.9015],[15.4581,51.9062],[15.435,51.8983],[15.4204,51.8818],[15.4206,51.873],[15.426,51.8695],[15.4239,51.855],[15.3907,51.8516],[15.403,51.8469],[15.4293,51.8486],[15.4228,51.8455],[15.4438,51.8406],[15.4433,51.83],[15.4683,51.8276],[15.4675,51.8145],[15.4502,51.7974],[15.4681,51.7871],[15.3966,51.7694],[15.4134,51.7534],[15.3839,51.7519],[15.3811,51.7456],[15.3457,51.7365],[15.3364,51.7448],[15.3357,51.7416],[15.3106,51.742],[15.3127,51.7501],[15.3079,51.7584],[15.2982,51.7521],[15.2871,51.7596],[15.2709,51.7612],[15.2669,51.7479],[15.2501,51.7525],[15.245,51.7474],[15.2465,51.7415],[15.233,51.7406],[15.218,51.774],[15.2241,51.7791],[15.2145,51.7837],[15.1974,51.7842],[15.1789,51.7572],[15.1598,51.7525],[15.1359,51.7581],[15.1354,51.7669],[15.107,51.7764],[15.1186,51.775],[15.1297,51.7806],[15.1421,51.7767],[15.1413,51.7852],[15.1521,51.7841],[15.1433,51.8043],[15.1703,51.8071],[15.1532,51.8465],[15.0774,51.839],[15.0837,51.8456],[15.1048,51.8623],[15.1492,51.8766],[15.1564,51.8827],[15.165,51.8821],[15.1771,51.8915],[15.2039,51.9],[15.2324,51.8991],[15.2393,51.9061],[15.2354,51.912],[15.2446,51.9287],[15.2502,51.9334],[15.2748,51.934],[15.2933,51.9621],[15.2765,51.9742],[15.2817,51.9832],[15.2732,51.9976],[15.2581,52.0037],[15.2648,52.016],[15.2781,52.0216],[15.267,52.0352],[15.2759,52.0411],[15.2566,52.0848],[15.2733,52.0861],[15.2812,52.0755],[15.285,52.0835],[15.296,52.0833],[15.2874,52.0926],[15.2859,52.1061],[15.2926,52.1096],[15.2911,52.114],[15.306,52.1313],[15.3657,52.1145],[15.413,52.1163],[15.3992,52.1029],[15.406,52.095],[15.4378,52.1105],[15.4805,52.1009],[15.5263,52.1246],[15.5403,52.1259],[15.5401,52.1209],[15.557,52.1234],[15.5909,52.1375],[15.6055,52.1539],[15.614,52.1556],[15.6069,52.1641],[15.6344,52.1717],[15.6314,52.1769],[15.6404,52.1811],[15.657,52.1827],[15.6713,52.161],[15.6899,52.1656],[15.6903,52.1738],[15.699,52.1743],[15.7012,52.1665],[15.7252,52.1681],[15.7373,52.1845],[15.7367,52.1918],[15.7713,52.1935],[15.8031,52.21],[15.8006,52.2138],[15.8041,52.2149],[15.8249,52.2072],[15.8495,52.2133]]]}},{"type":"Feature","properties":{"slug":"wolominski","name":"powiat wołomiński","bdlUnitId":"071412934000","voivodeship":"mazowieckie"},"geometry":{"type":"Polygon","coordinates":[[[21.1428,52.519],[21.1629,52.5094],[21.172,52.5153],[21.1762,52.5278],[21.1946,52.5265],[21.2253,52.5337],[21.2845,52.5296],[21.3059,52.533],[21.3149,52.5185],[21.313,52.5026],[21.3521,52.503],[21.3567,52.4866],[21.3843,52.4817],[21.3796,52.4713],[21.4268,52.4629],[21.4443,52.4736],[21.4788,52.4774],[21.4783,52.4669],[21.4821,52.4717],[21.5071,52.4768],[21.5071,52.4831],[21.5293,52.4828],[21.528,52.4923],[21.5406,52.5125],[21.5764,52.5101],[21.5793,52.5177],[21.5565,52.5203],[21.5568,52.5348],[21.5518,52.5366],[21.5578,52.5535],[21.5734,52.5561],[21.5968,52.5532],[21.6115,52.5304],[21.6224,52.5276],[21.6269,52.5172],[21.6365,52.5105],[21.6707,52.5073],[21.6781,52.5097],[21.6781,52.5145],[21.7064,52.5126],[21.7085,52.5016],[21.7178,52.5022],[21.7346,52.4823],[21.7381,52.4705],[21.7323,52.4542],[21.7266,52.4565],[21.7271,52.4615],[21.7091,52.4563],[21.6655,52.466],[21.6862,52.4538],[21.7057,52.4337],[21.71,52.4165],[21.7203,52.405],[21.7021,52.3881],[21.7073,52.3853],[21.7055,52.3785],[21.6892,52.3886],[21.6867,52.3836],[21.6785,52.3876],[21.6803,52.3913],[21.6726,52.3877],[21.6794,52.3769],[21.6674,52.3743],[21.6529,52.3839],[21.6328,52.3701],[21.6191,52.3753],[21.6188,52.3706],[21.6303,52.3616],[21.61,52.3592],[21.6189,52.3562],[21.623,52.3488],[21.5937,52.3593],[21.5711,52.3602],[21.582,52.3535],[21.5827,52.3446],[21.5191,52.3376],[21.5106,52.3271],[21.4973,52.3293],[21.4872,52.3093],[21.4975,52.3015],[21.4928,52.2919],[21.4507,52.3039],[21.4086,52.3053],[21.3913,52.3013],[21.4184,52.2908],[21.4025,52.2864],[21.4232,52.2848],[21.4585,52.2719],[21.4461,52.2633],[21.3051,52.2792],[21.2898,52.2755],[21.2955,52.2675],[21.1804,52.2566],[21.1851,52.2658],[21.1707,52.277],[21.1692,52.2911],[21.1491,52.2793],[21.105,52.274],[21.1003,52.2847],[21.0874,52.2959],[21.0778,52.322],[21.0895,52.3238],[21.0858,52.3404],[21.1009,52.3495],[21.1167,52.3684],[21.1061,52.3713],[21.0985,52.3814],[21.0961,52.4018],[21.1208,52.4112],[21.1137,52.42],[21.0987,52.4201],[21.1071,52.4231],[21.0976,52.4319],[21.1116,52.4423],[21.1072,52.4611],[21.0917,52.4711],[21.0925,52.477],[21.0646,52.4777],[21.0802,52.5078],[21.1428,52.519]]]}},{"type":"Feature","properties":{"slug":"mikolowski","name":"powiat mikołowski","bdlUnitId":"012415108000","voivodeship":"śląskie"},"geometry":{"type":"Polygon","coordinates":[[[18.7536,50.0544],[18.7261,50.0618],[18.7277,50.0776],[18.722,50.0821],[18.7325,50.0854],[18.7314,50.0909],[18.752,50.1015],[18.7528,50.1075],[18.7499,50.1118],[18.7399,50.1112],[18.7386,50.1304],[18.7309,50.1312],[18.7307,50.1549],[18.7507,50.1593],[18.7459,50.1743],[18.7271,50.1845],[18.7197,50.2001],[18.7276,50.2062],[18.7406,50.2034],[18.7462,50.2073],[18.7757,50.1934],[18.795,50.204],[18.7978,50.2104],[18.7901,50.2148],[18.8043,50.2258],[18.7948,50.2409],[18.8045,50.2484],[18.8205,50.2435],[18.8271,50.2334],[18.8365,50.236],[18.8353,50.2287],[18.8434,50.2208],[18.8398,50.2242],[18.8379,50.22],[18.8529,50.2281],[18.8688,50.2084],[18.8873,50.2114],[18.8832,50.2171],[18.9153,50.2205],[18.9307,50.1977],[18.9271,50.1957],[18.9354,50.1947],[18.93,50.1848],[18.9349,50.1837],[18.9336,50.1777],[18.9384,50.1723],[18.9439,50.1746],[18.9481,50.1669],[18.9407,50.1605],[18.9317,50.1601],[18.9352,50.1523],[18.9271,50.1462],[18.9326,50.145],[18.9341,50.1391],[18.9253,50.1323],[18.9331,50.1262],[18.9319,50.1218],[18.9559,50.1213],[18.95,50.1173],[18.954,50.1115],[18.9331,50.0819],[18.9001,50.0965],[18.8905,50.0948],[18.8947,50.0911],[18.8903,50.0906],[18.865,50.1008],[18.8555,50.0953],[18.8564,50.0854],[18.8475,50.0771],[18.8478,50.0704],[18.8633,50.0686],[18.858,50.0601],[18.8186,50.0598],[18.8015,50.0546],[18.7968,50.0595],[18.8012,50.0643],[18.7978,50.0663],[18.788,50.0601],[18.7536,50.0544]]]}},{"type":"Feature","properties":{"slug":"goleniowski","name":"powiat goleniowski","bdlUnitId":"023216604000","voivodeship":"zachodniopomorskie"},"geometry":{"type":"Polygon","coordinates":[[[14.6781,53.524],[14.6828,53.531],[14.6758,53.5366],[14.6586,53.536],[14.6515,53.5277],[14.637,53.5268],[14.6329,53.5443],[14.6015,53.5591],[14.5984,53.5997],[14.583,53.6079],[14.5738,53.6318],[14.5606,53.6502],[14.523,53.6743],[14.498,53.7035],[14.3814,53.7686],[14.543,53.7808],[14.5787,53.7872],[14.5972,53.7967],[14.6165,53.771],[14.6405,53.7756],[14.6624,53.7673],[14.7004,53.7756],[14.6987,53.7839],[14.7236,53.786],[14.7281,53.8122],[14.7374,53.8102],[14.737,53.8169],[14.748,53.8159],[14.7553,53.8036],[14.805,53.811],[14.8224,53.7938],[14.8382,53.7908],[14.8592,53.8049],[14.8649,53.8177],[14.8778,53.8103],[14.8953,53.8139],[14.9015,53.805],[14.914,53.8092],[14.9303,53.7989],[14.9294,53.794],[14.9397,53.79],[14.9463,53.7778],[14.9635,53.7736],[14.9627,53.7678],[15.0109,53.7865],[15.0725,53.7851],[15.0912,53.7965],[15.0898,53.7903],[15.1238,53.787],[15.1238,53.7823],[15.1378,53.7901],[15.136,53.7875],[15.1525,53.7834],[15.1697,53.7576],[15.1915,53.7516],[15.1877,53.7484],[15.1905,53.743],[15.2064,53.7397],[15.2296,53.7222],[15.2257,53.7128],[15.2463,53.7107],[15.2504,53.7018],[15.2569,53.7037],[15.2615,53.6962],[15.2568,53.6919],[15.2599,53.6801],[15.2803,53.6732],[15.2733,53.6618],[15.3018,53.6606],[15.2995,53.6455],[15.313,53.638],[15.3077,53.6328],[15.3273,53.6298],[15.3096,53.6219],[15.2731,53.6277],[15.265,53.6177],[15.2485,53.6114],[15.2409,53.6216],[15.2058,53.6295],[15.212,53.6248],[15.2091,53.6192],[15.2128,53.5966],[15.1817,53.5899],[15.1786,53.5981],[15.1747,53.5972],[15.1731,53.5876],[15.1821,53.5797],[15.1672,53.5848],[15.1639,53.5706],[15.1482,53.5695],[15.1535,53.5664],[15.1452,53.5613],[15.154,53.5535],[15.2159,53.547],[15.2248,53.5318],[15.2365,53.5314],[15.2106,53.5103],[15.2267,53.5003],[15.2173,53.4909],[15.1754,53.4903],[15.175,53.4778],[15.1508,53.469],[15.1286,53.4692],[15.1208,53.4804],[15.0945,53.4654],[15.0694,53.4595],[15.0605,53.4711],[15.014,53.4527],[15.007,53.4598],[14.9613,53.4585],[14.916,53.4438],[14.8969,53.4495],[14.8932,53.4591],[14.8843,53.4625],[14.8862,53.4534],[14.8761,53.4522],[14.8784,53.4455],[14.8933,53.4393],[14.7776,53.4257],[14.778,53.403],[14.7664,53.407],[14.7373,53.4042],[14.72,53.4075],[14.7169,53.4127],[14.7526,53.4258],[14.747,53.4317],[14.762,53.4412],[14.7458,53.444],[14.7199,53.4277],[14.7054,53.4297],[14.7004,53.435],[14.712,53.4496],[14.7076,53.4555],[14.7104,53.463],[14.7037,53.4696],[14.6909,53.4714],[14.6959,53.4718],[14.6934,53.4772],[14.6988,53.4788],[14.6942,53.4917],[14.7008,53.4946],[14.702,53.5044],[14.693,53.5116],[14.6798,53.5129],[14.6781,53.524]]]}},{"type":"Feature","properties":{"slug":"lomzynski","name":"powiat łomżyński","bdlUnitId":"062013807000","voivodeship":"podlaskie"},"geometry":{"type":"Polygon","coordinates":[[[22.2794,53.4378],[22.2964,53.4008],[22.3321,53.4068],[22.3219,53.3923],[22.336,53.3881],[22.3413,53.3913],[22.3414,53.4011],[22.3703,53.3975],[22.3585,53.3886],[22.3662,53.384],[22.3503,53.3787],[22.3722,53.3685],[22.3758,53.3716],[22.4054,53.3652],[22.4056,53.3514],[22.4623,53.3537],[22.4634,53.3501],[22.4976,53.3486],[22.4877,53.3351],[22.4705,53.3339],[22.4646,53.3126],[22.4709,53.3044],[22.4666,53.2888],[22.4718,53.2837],[22.4606,53.2778],[22.4559,53.2649],[22.4593,53.2642],[22.4521,53.2575],[22.4519,53.2481],[22.4483,53.2491],[22.4473,53.2453],[22.4526,53.246],[22.4504,53.2414],[22.4414,53.2393],[22.4303,53.2177],[22.4722,53.2161],[22.4859,53.2059],[22.4467,53.2022],[22.4503,53.1919],[22.4441,53.1881],[22.4123,53.1839],[22.408,53.1878],[22.4033,53.1721],[22.3807,53.1738],[22.3774,53.1589],[22.3569,53.151],[22.3626,53.1374],[22.3173,53.1283],[22.3203,53.1183],[22.327,53.119],[22.3292,53.1119],[22.2822,53.1107],[22.293,53.1103],[22.2951,53.105],[22.3062,53.101],[22.3139,53.0876],[22.2857,53.0802],[22.2894,53.0761],[22.2648,53.0731],[22.2574,53.0772],[22.2483,53.0715],[22.251,53.0657],[22.2448,53.0666],[22.2348,53.056],[22.2357,53.0481],[22.2191,53.0402],[22.1719,53.0482],[22.1563,53.0614],[22.1563,53.0682],[22.1401,53.0661],[22.1352,53.0583],[22.1114,53.0511],[22.0997,53.054],[22.0953,53.0597],[22.1019,53.0717],[22.1022,53.0896],[22.1287,53.0866],[22.1274,53.0934],[22.1344,53.0939],[22.132,53.099],[22.1198,53.1021],[22.0843,53.0969],[22.0843,53.1006],[22.1004,53.1036],[22.0927,53.1172],[22.0608,53.1091],[22.0572,53.1066],[22.0633,53.1001],[22.0567,53.0966],[22.0666,53.0731],[22.0525,53.0714],[22.0587,53.0599],[22.0555,53.0592],[22.0699,53.0454],[22.0613,53.0452],[22.0558,53.0278],[22.058,53.0181],[22.0387,53.0123],[22.0284,52.993],[22.0302,52.9861],[21.9633,52.9787],[21.9599,52.985],[21.9291,52.9856],[21.9067,52.9952],[21.9099,52.9985],[21.8932,53.0004],[21.8757,53.0163],[21.8769,53.0217],[21.8933,53.0276],[21.8977,53.0458],[21.9113,53.0388],[21.9407,53.038],[21.9397,53.0459],[21.9285,53.044],[21.9223,53.0504],[21.925,53.0596],[21.9397,53.0736],[21.9188,53.079],[21.9126,53.0759],[21.912,53.0677],[21.8982,53.0607],[21.8726,53.0588],[21.8588,53.0641],[21.8604,53.0717],[21.8421,53.0768],[21.8391,53.0865],[21.8082,53.1147],[21.7749,53.1092],[21.753,53.114],[21.7362,53.1092],[21.7259,53.1151],[21.6946,53.138],[21.7003,53.1409],[21.6931,53.149],[21.7071,53.1659],[21.6871,53.1772],[21.6756,53.2048],[21.6696,53.2083],[21.681,53.209],[21.6891,53.215],[21.6784,53.2157],[21.6633,53.2289],[21.6585,53.2431],[21.6501,53.2487],[21.6402,53.2464],[21.6422,53.2526],[21.6226,53.265],[21.6583,53.2618],[21.6598,53.2778],[21.6451,53.2835],[21.649,53.2922],[21.6611,53.295],[21.657,53.2994],[21.6644,53.304],[21.6578,53.3081],[21.6581,53.3161],[21.6688,53.316],[21.6662,53.3111],[21.6775,53.3125],[21.6833,53.3052],[21.691,53.308],[21.6888,53.3125],[21.7005,53.3132],[21.7012,53.3076],[21.7128,53.3046],[21.7338,53.3082],[21.7486,53.3185],[21.7617,53.3174],[21.779,53.3299],[21.7881,53.3277],[21.8042,53.3352],[21.818,53.3278],[21.82,53.3136],[21.8299,53.3098],[21.8336,53.3007],[21.8429,53.3033],[21.8368,53.3047],[21.8375,53.3108],[21.8233,53.3165],[21.8252,53.3224],[21.8509,53.3207],[21.8576,53.3259],[21.8617,53.3197],[21.8784,53.3197],[21.874,53.3125],[21.8796,53.3133],[21.8823,53.2993],[21.8934,53.2942],[21.8717,53.2821],[21.8831,53.2777],[21.9126,53.2741],[21.9567,53.281],[21.9549,53.2685],[21.9377,53.2693],[21.9321,53.2592],[21.9523,53.2554],[21.9503,53.2449],[21.9875,53.2394],[21.9883,53.2436],[21.9961,53.245],[21.9907,53.2483],[22.004,53.2463],[22.0055,53.2496],[21.9999,53.2525],[22.0066,53.2527],[22.0216,53.273],[22.0537,53.2731],[22.0515,53.2692],[22.0561,53.2677],[22.0808,53.2672],[22.0937,53.2626],[22.098,53.2553],[22.1071,53.2584],[22.0995,53.2622],[22.1152,53.2636],[22.1162,53.2731],[22.1215,53.2724],[22.1262,53.2826],[22.121,53.2843],[22.1386,53.2877],[22.1332,53.297],[22.1532,53.3074],[22.1756,53.3116],[22.1755,53.3041],[22.2039,53.2866],[22.2117,53.2925],[22.2052,53.2998],[22.2238,53.2993],[22.2449,53.3069],[22.2375,53.3258],[22.2411,53.3292],[22.2173,53.3317],[22.22,53.3402],[22.2514,53.3388],[22.2505,53.3464],[22.2365,53.35],[22.236,53.3691],[22.262,53.3776],[22.2573,53.3872],[22.267,53.3918],[22.2399,53.4257],[22.2794,53.4378]],[[22.0555,53.1429],[22.0701,53.1469],[22.0836,53.1437],[22.1066,53.1665],[22.102,53.1759],[22.0847,53.1831],[22.0956,53.1919],[22.0815,53.2045],[22.0648,53.2084],[22.0605,53.215],[22.0487,53.2135],[22.0364,53.2222],[22.0329,53.2175],[22.0426,53.2102],[22.0567,53.2079],[22.0536,53.2057],[22.0595,53.1991],[22.0378,53.2012],[22.0356,53.1907],[22.0296,53.1919],[22.0283,53.1865],[22.0152,53.1791],[22.0117,53.1638],[22.0151,53.1521],[22.0285,53.1543],[22.0283,53.1488],[22.0555,53.1429]]]}},{"type":"Feature","properties":{"slug":"opolski-opolskie","name":"powiat opolski","bdlUnitId":"031613209000","voivodeship":"opolskie"},"geometry":{"type":"Polygon","coordinates":[[[18.2302,50.7968],[18.2252,50.7901],[18.2284,50.7827],[18.2541,50.7811],[18.2461,50.7665],[18.2599,50.7696],[18.2639,50.7606],[18.2496,50.752],[18.2507,50.7478],[18.2301,50.7393],[18.2392,50.7392],[18.274,50.7229],[18.2974,50.7294],[18.3246,50.7038],[18.3542,50.7048],[18.3411,50.7018],[18.3443,50.6963],[18.3114,50.6713],[18.2775,50.6711],[18.2779,50.6423],[18.2431,50.6372],[18.2285,50.6447],[18.2081,50.6497],[18.2031,50.6471],[18.1797,50.6255],[18.1719,50.6119],[18.1564,50.6084],[18.1594,50.6012],[18.1504,50.5927],[18.1218,50.5907],[18.1289,50.5785],[18.128,50.5623],[18.1186,50.554],[18.104,50.5541],[18.0952,50.5604],[18.0537,50.5554],[18.0424,50.5623],[18.0077,50.548],[17.9971,50.5526],[17.9911,50.547],[17.952,50.5472],[17.9463,50.5518],[17.9393,50.5448],[17.8971,50.5462],[17.873,50.5017],[17.7458,50.5602],[17.7214,50.5757],[17.6925,50.5575],[17.6589,50.5506],[17.6543,50.5615],[17.6437,50.5598],[17.6255,50.568],[17.6236,50.5567],[17.6072,50.5579],[17.6038,50.5622],[17.6065,50.5741],[17.5858,50.5729],[17.5922,50.5777],[17.5817,50.586],[17.588,50.5882],[17.5792,50.594],[17.5657,50.5961],[17.5636,50.588],[17.5583,50.5859],[17.5441,50.5906],[17.5435,50.5825],[17.539,50.5818],[17.5089,50.5933],[17.4959,50.5911],[17.483,50.6006],[17.4672,50.6004],[17.4713,50.608],[17.4665,50.6176],[17.4787,50.6279],[17.4761,50.6361],[17.4833,50.6382],[17.4782,50.6451],[17.5038,50.6962],[17.5042,50.7136],[17.5156,50.7288],[17.538,50.7321],[17.5399,50.7206],[17.5813,50.7126],[17.6144,50.7201],[17.6152,50.716],[17.6066,50.7108],[17.6448,50.6816],[17.6471,50.6861],[17.6686,50.6873],[17.6698,50.6911],[17.6575,50.6953],[17.6645,50.7012],[17.6617,50.7091],[17.6676,50.7084],[17.6623,50.7108],[17.6766,50.7286],[17.702,50.7143],[17.7122,50.7219],[17.7244,50.7206],[17.7269,50.7241],[17.7355,50.7189],[17.7434,50.7232],[17.745,50.7263],[17.727,50.7371],[17.738,50.7368],[17.7396,50.7414],[17.7351,50.7519],[17.7405,50.7549],[17.7325,50.7615],[17.7415,50.7617],[17.7429,50.7666],[17.7541,50.7652],[17.7531,50.7761],[17.7605,50.7739],[17.7618,50.7798],[17.7229,50.7883],[17.713,50.7968],[17.6919,50.7963],[17.6708,50.8099],[17.6595,50.8115],[17.6573,50.8203],[17.6428,50.8183],[17.6142,50.8237],[17.6018,50.8338],[17.6071,50.8468],[17.5927,50.8541],[17.6112,50.8551],[17.601,50.86],[17.6126,50.867],[17.6434,50.8614],[17.6364,50.8777],[17.6499,50.8802],[17.6468,50.8829],[17.6501,50.8923],[17.6597,50.8993],[17.6741,50.8975],[17.6782,50.9023],[17.6868,50.8976],[17.6925,50.9017],[17.6937,50.908],[17.6846,50.9103],[17.6835,50.9176],[17.692,50.919],[17.7327,50.907],[17.7471,50.9131],[17.7641,50.9039],[17.7727,50.9098],[17.7854,50.9004],[17.8032,50.8956],[17.8161,50.8768],[17.7859,50.8762],[17.8183,50.8653],[17.8501,50.8618],[17.8606,50.8539],[17.8609,50.8462],[17.8741,50.8379],[17.9044,50.8394],[17.9056,50.8606],[17.89,50.8612],[17.8857,50.8743],[17.8933,50.8778],[17.895,50.8826],[17.8912,50.8846],[17.8977,50.8841],[17.9051,50.9101],[17.9494,50.9053],[17.9564,50.9301],[17.9527,50.933],[17.9638,50.9339],[17.9576,50.9387],[17.9638,50.9412],[17.9713,50.9682],[18.0117,50.9636],[18.0124,50.9575],[18.0605,50.9399],[18.0663,50.925],[18.0901,50.9089],[18.1187,50.9042],[18.106,50.8945],[18.0936,50.8572],[18.0926,50.844],[18.0991,50.835],[18.0941,50.827],[18.0993,50.8122],[18.1268,50.8161],[18.1288,50.8212],[18.1232,50.8272],[18.1302,50.8295],[18.1888,50.8364],[18.2044,50.8257],[18.2021,50.8046],[18.2302,50.7968]],[[17.9338,50.7373],[17.9262,50.74],[17.9268,50.7504],[17.9339,50.747],[17.9436,50.7515],[17.9472,50.7571],[17.9396,50.7628],[17.9218,50.7682],[17.8863,50.7597],[17.8869,50.7635],[17.8715,50.77],[17.8586,50.7667],[17.8616,50.7615],[17.858,50.7585],[17.8675,50.7565],[17.8735,50.7506],[17.8684,50.7458],[17.8789,50.7411],[17.877,50.7375],[17.8612,50.7426],[17.8588,50.7333],[17.8806,50.7167],[17.8786,50.7092],[17.8687,50.7093],[17.8537,50.7182],[17.8275,50.7098],[17.8256,50.7145],[17.8141,50.7094],[17.8094,50.7132],[17.8032,50.7106],[17.7986,50.6999],[17.7796,50.6902],[17.7806,50.6866],[17.8095,50.6778],[17.8412,50.681],[17.8558,50.6707],[17.8493,50.6685],[17.853,50.6648],[17.8506,50.6611],[17.8306,50.6558],[17.8437,50.6518],[17.8512,50.6437],[17.8713,50.6414],[17.8674,50.6351],[17.8807,50.6414],[17.9,50.6427],[17.9033,50.6418],[17.8983,50.6314],[17.9211,50.6288],[17.9357,50.6368],[17.9402,50.6222],[17.9605,50.6205],[17.9538,50.6023],[17.9649,50.5877],[17.9847,50.5886],[17.977,50.6076],[17.9935,50.6086],[18.0071,50.617],[18.0156,50.6152],[18.0147,50.622],[18.0327,50.6221],[18.0324,50.6496],[18.0263,50.6496],[18.0262,50.6573],[18.0016,50.6577],[17.9941,50.6676],[17.9916,50.6728],[18.0045,50.6724],[18.0186,50.6809],[18.0021,50.6923],[17.9813,50.6822],[17.9583,50.7006],[17.9344,50.7044],[17.9271,50.7133],[17.944,50.7292],[17.9268,50.7312],[17.9338,50.7373]]]}},{"type":"Feature","properties":{"slug":"walecki","name":"powiat wałecki","bdlUnitId":"023216417000","voivodeship":"zachodniopomorskie"},"geometry":{"type":"Polygon","coordinates":[[[16.0617,53.4073],[16.0889,53.3988],[16.0886,53.404],[16.1038,53.3976],[16.1066,53.4003],[16.111,53.3802],[16.1506,53.3761],[16.2176,53.3959],[16.2669,53.3982],[16.2915,53.4086],[16.3192,53.4072],[16.3412,53.4178],[16.3623,53.4209],[16.3711,53.4262],[16.3583,53.4329],[16.3811,53.4391],[16.3848,53.4396],[16.3939,53.4214],[16.4099,53.441],[16.4224,53.4418],[16.4208,53.4451],[16.4333,53.4588],[16.4626,53.46],[16.4598,53.4525],[16.4438,53.4532],[16.4666,53.4041],[16.4725,53.405],[16.477,53.3973],[16.4751,53.3881],[16.5024,53.3843],[16.5102,53.3796],[16.5084,53.3761],[16.5257,53.3672],[16.5355,53.3783],[16.5516,53.3563],[16.5626,53.353],[16.572,53.3584],[16.5851,53.3467],[16.6287,53.3474],[16.6291,53.3392],[16.6387,53.335],[16.6368,53.3285],[16.6704,53.3178],[16.6782,53.3197],[16.6812,53.3116],[16.6943,53.3074],[16.6969,53.301],[16.7079,53.3032],[16.7145,53.2991],[16.6737,53.2922],[16.6621,53.2787],[16.6513,53.2806],[16.6509,53.2755],[16.6607,53.2668],[16.6456,53.2679],[16.63,53.26],[16.6446,53.2556],[16.6329,53.2519],[16.6222,53.2409],[16.6207,53.2336],[16.6325,53.2338],[16.6345,53.2278],[16.625,53.2264],[16.6382,53.215],[16.6299,53.2184],[16.6227,53.2149],[16.6229,53.2073],[16.6096,53.2087],[16.5965,53.2176],[16.6004,53.2228],[16.5957,53.2295],[16.5795,53.2271],[16.577,53.2312],[16.5594,53.2332],[16.5507,53.2233],[16.5564,53.2213],[16.5321,53.219],[16.5301,53.2085],[16.5396,53.2014],[16.5279,53.1997],[16.5205,53.1858],[16.513,53.1849],[16.5157,53.1817],[16.5102,53.1823],[16.5011,53.1727],[16.4995,53.1633],[16.4724,53.1698],[16.4494,53.1598],[16.4456,53.1621],[16.4471,53.155],[16.4325,53.1564],[16.4248,53.1486],[16.4167,53.1489],[16.4053,53.1585],[16.4095,53.1636],[16.3992,53.1637],[16.4018,53.1605],[16.3916,53.1578],[16.3983,53.1484],[16.3915,53.1409],[16.3905,53.131],[16.3724,53.1285],[16.363,53.123],[16.3669,53.1212],[16.3599,53.1144],[16.346,53.1124],[16.3593,53.0935],[16.3628,53.0766],[16.3509,53.0728],[16.3391,53.0603],[16.324,53.058],[16.3241,53.0497],[16.3128,53.0497],[16.3104,53.0453],[16.3173,53.044],[16.3169,53.0367],[16.2949,53.0381],[16.2709,53.0492],[16.1861,53.0336],[16.1378,53.0137],[16.0793,53.0151],[16.0238,53.0355],[16.0101,53.0337],[15.9625,53.0414],[15.974,53.0508],[15.9733,53.0563],[15.9896,53.0557],[15.9849,53.0644],[15.9943,53.0731],[15.9924,53.0808],[15.9983,53.087],[15.9858,53.0921],[15.9809,53.0973],[15.9842,53.1015],[15.9793,53.103],[15.9851,53.1134],[15.9821,53.1171],[15.9892,53.1229],[15.9628,53.129],[15.9641,53.1324],[15.98,53.1721],[15.995,53.1846],[15.9991,53.1985],[16.0106,53.2013],[16.0168,53.2073],[16.0119,53.2113],[16.0169,53.2119],[16.0232,53.2269],[16.0366,53.2321],[16.0189,53.2342],[16.01,53.2429],[16.0036,53.2401],[16.0066,53.2494],[16.0372,53.2737],[16.0498,53.2735],[16.0539,53.2798],[16.076,53.289],[16.0628,53.2955],[16.0691,53.3117],[16.0471,53.3102],[16.0543,53.3157],[16.0483,53.3199],[16.0244,53.3174],[16.0221,53.3108],[16.0082,53.3112],[15.9902,53.3209],[15.9982,53.3371],[15.9907,53.3367],[15.9851,53.3493],[15.991,53.352],[15.9766,53.3559],[15.974,53.3632],[15.9844,53.3704],[15.973,53.3753],[16.0092,53.4038],[16.0367,53.4009],[16.0484,53.3912],[16.0557,53.3701],[16.0623,53.3657],[16.0719,53.3735],[16.0721,53.3815],[16.0689,53.3977],[16.0657,53.395],[16.0561,53.3998],[16.0595,53.405],[16.0519,53.4074],[16.0617,53.4073]]]}},{"type":"Feature","properties":{"slug":"drawski","name":"powiat drawski","bdlUnitId":"023216403000","voivodeship":"zachodniopomorskie"},"geometry":{"type":"MultiPolygon","coordinates":[[[[16.0617,53.4073],[16.0519,53.4074],[16.0595,53.405],[16.0561,53.3998],[16.0657,53.395],[16.0689,53.3977],[16.0721,53.3815],[16.0719,53.3735],[16.0623,53.3657],[16.0565,53.3688],[16.0518,53.3856],[16.0408,53.3981],[16.0092,53.4038],[15.973,53.3753],[15.9844,53.3704],[15.9736,53.3619],[15.9766,53.3559],[15.991,53.352],[15.9851,53.3493],[15.9907,53.3367],[15.9982,53.3371],[15.9889,53.3233],[15.994,53.318],[16.0082,53.3112],[16.0221,53.3108],[16.0244,53.3174],[16.0483,53.3199],[16.0543,53.3157],[16.0471,53.3102],[16.0691,53.3117],[16.0628,53.2955],[16.076,53.289],[16.0539,53.2798],[16.0498,53.2735],[16.0378,53.274],[16.0292,53.2686],[16.019,53.2556],[16.0066,53.2494],[16.0034,53.2284],[15.9927,53.2202],[15.9758,53.2155],[15.9225,53.2182],[15.9174,53.2161],[15.9195,53.2067],[15.9048,53.2023],[15.8917,53.201],[15.8906,53.2044],[15.8979,53.2096],[15.8957,53.2141],[15.9066,53.2146],[15.9028,53.2256],[15.8831,53.2228],[15.8689,53.2261],[15.8436,53.213],[15.8228,53.2263],[15.8165,53.2259],[15.8152,53.2405],[15.8047,53.2483],[15.7937,53.2695],[15.7811,53.2809],[15.7719,53.2831],[15.7757,53.2891],[15.7709,53.2967],[15.7784,53.3069],[15.7692,53.308],[15.7664,53.314],[15.7321,53.3138],[15.7092,53.3061],[15.7109,53.2972],[15.6942,53.2986],[15.6846,53.2885],[15.6288,53.2895],[15.6147,53.2926],[15.6344,53.3083],[15.6082,53.311],[15.5878,53.3264],[15.5881,53.3311],[15.5975,53.3365],[15.5912,53.3398],[15.5886,53.336],[15.5845,53.3427],[15.5913,53.3501],[15.5871,53.3654],[15.5965,53.3671],[15.5909,53.3695],[15.593,53.3735],[15.6051,53.3767],[15.5974,53.3799],[15.5942,53.3976],[15.6009,53.4027],[15.6047,53.4225],[15.5945,53.4251],[15.6442,53.4359],[15.6569,53.4478],[15.6488,53.4472],[15.6521,53.4542],[15.6802,53.4668],[15.6745,53.4681],[15.6995,53.4743],[15.7217,53.4917],[15.7103,53.4995],[15.7049,53.4975],[15.7019,53.5062],[15.7171,53.5091],[15.7185,53.5137],[15.7357,53.5121],[15.7199,53.5146],[15.7245,53.5261],[15.7007,53.5279],[15.7056,53.5313],[15.6999,53.5332],[15.7014,53.5416],[15.7075,53.5403],[15.7055,53.5448],[15.7138,53.5546],[15.7085,53.5587],[15.7139,53.5626],[15.7115,53.5672],[15.7192,53.5744],[15.7322,53.571],[15.7561,53.5972],[15.7742,53.5922],[15.7772,53.6058],[15.7724,53.6124],[15.7834,53.6223],[15.7725,53.6268],[15.7723,53.6339],[15.8001,53.6397],[15.7877,53.6518],[15.7907,53.66],[15.8061,53.6655],[15.8155,53.6737],[15.8144,53.6777],[15.8317,53.6774],[15.8445,53.6705],[15.857,53.652],[15.8924,53.6527],[15.8987,53.6461],[15.9216,53.6463],[15.919,53.6492],[15.9271,53.6531],[15.9241,53.659],[15.9196,53.6581],[15.9232,53.6624],[15.9202,53.6637],[15.9286,53.6598],[15.9364,53.6676],[15.9327,53.672],[15.9431,53.6786],[15.9677,53.6713],[15.9956,53.6717],[16.0056,53.6655],[16.0028,53.6588],[16.0265,53.6533],[16.0189,53.6473],[16.0296,53.6519],[16.026,53.6465],[16.029,53.6446],[16.0438,53.657],[16.0232,53.6591],[16.0397,53.6701],[16.045,53.6799],[16.0585,53.6835],[16.0668,53.6914],[16.0982,53.6913],[16.1019,53.6846],[16.0978,53.6778],[16.1024,53.6795],[16.1211,53.6683],[16.1296,53.6707],[16.1229,53.6735],[16.1327,53.6805],[16.1547,53.6711],[16.1816,53.6844],[16.1973,53.6864],[16.1956,53.69],[16.2033,53.6936],[16.2337,53.6939],[16.2394,53.6831],[16.2543,53.6726],[16.2823,53.6621],[16.2793,53.6564],[16.2864,53.6442],[16.2952,53.6446],[16.3022,53.6381],[16.2947,53.6343],[16.3019,53.6305],[16.2927,53.6238],[16.2629,53.6179],[16.2716,53.612],[16.2901,53.6108],[16.2869,53.6077],[16.3049,53.6094],[16.3079,53.5998],[16.3033,53.5908],[16.3212,53.5813],[16.3152,53.5765],[16.3149,53.5696],[16.3397,53.5706],[16.3596,53.5542],[16.3789,53.5616],[16.3973,53.5577],[16.4033,53.5619],[16.4069,53.5532],[16.4172,53.5507],[16.414,53.5348],[16.4085,53.5299],[16.4104,53.5254],[16.4383,53.5258],[16.4428,53.516],[16.4572,53.5084],[16.447,53.5026],[16.4579,53.4944],[16.4362,53.4606],[16.4398,53.4593],[16.4273,53.4534],[16.4224,53.4418],[16.4099,53.441],[16.3939,53.4214],[16.3848,53.4396],[16.3811,53.4391],[16.3583,53.4329],[16.3711,53.4262],[16.3623,53.4209],[16.3412,53.4178],[16.3192,53.4072],[16.2915,53.4086],[16.2669,53.3982],[16.2176,53.3959],[16.1506,53.3761],[16.111,53.3802],[16.1066,53.4003],[16.1038,53.3976],[16.0886,53.404],[16.0889,53.3988],[16.0617,53.4073]]],[[[16.0617,53.4073],[16.0641,53.4058],[16.061,53.4046],[16.06,53.405],[16.0617,53.4073]]]]}},{"type":"Feature","properties":{"slug":"chojnicki","name":"powiat chojnicki","bdlUnitId":"042217202000","voivodeship":"pomorskie"},"geometry":{"type":"Polygon","coordinates":[[[18.072,53.7811],[18.0499,53.7412],[18.0416,53.7398],[18.0468,53.7362],[18.0318,53.7251],[18.0277,53.729],[18.0148,53.7242],[17.9912,53.7245],[17.9864,53.7315],[17.9734,53.7369],[17.9536,53.7381],[17.948,53.7475],[17.9352,53.7435],[17.9281,53.7501],[17.9009,53.7479],[17.8636,53.7582],[17.8601,53.755],[17.8669,53.7455],[17.8761,53.746],[17.8894,53.7277],[17.9041,53.7218],[17.8925,53.7174],[17.8985,53.7106],[17.8784,53.7074],[17.8522,53.6879],[17.8242,53.6917],[17.8072,53.6793],[17.7981,53.6788],[17.7722,53.6999],[17.7631,53.6948],[17.7628,53.6895],[17.7669,53.689],[17.7638,53.6836],[17.7587,53.6867],[17.7539,53.6793],[17.7407,53.678],[17.7442,53.67],[17.7336,53.6629],[17.7383,53.656],[17.7333,53.6551],[17.7329,53.6479],[17.7119,53.6362],[17.7117,53.6295],[17.7193,53.6237],[17.7152,53.6196],[17.7197,53.617],[17.711,53.609],[17.7351,53.6137],[17.7357,53.6013],[17.7304,53.5929],[17.6872,53.5927],[17.6688,53.6018],[17.655,53.5887],[17.6742,53.5836],[17.672,53.5702],[17.6567,53.5712],[17.6508,53.5816],[17.6044,53.5969],[17.5793,53.5785],[17.548,53.5795],[17.5293,53.5929],[17.5239,53.6056],[17.5102,53.6132],[17.5146,53.6178],[17.481,53.602],[17.4664,53.6015],[17.4651,53.6068],[17.4722,53.6197],[17.4896,53.6282],[17.4711,53.6349],[17.4753,53.6476],[17.4917,53.6497],[17.4964,53.6552],[17.5211,53.7159],[17.4933,53.721],[17.4658,53.7188],[17.4567,53.7269],[17.4609,53.7344],[17.4751,53.7398],[17.4742,53.7439],[17.4651,53.7516],[17.4626,53.7644],[17.4375,53.788],[17.4173,53.786],[17.3772,53.7919],[17.3745,53.8039],[17.3671,53.8108],[17.3553,53.8087],[17.3504,53.8214],[17.3725,53.8264],[17.3684,53.8322],[17.3413,53.8338],[17.3423,53.8614],[17.3305,53.8603],[17.3307,53.8689],[17.3209,53.8779],[17.3072,53.8688],[17.2979,53.8728],[17.3176,53.9012],[17.3262,53.9056],[17.3232,53.9107],[17.332,53.9152],[17.3309,53.9219],[17.3406,53.9225],[17.3474,53.9326],[17.362,53.9359],[17.3635,53.9403],[17.3767,53.9338],[17.3715,53.9288],[17.3759,53.9282],[17.3854,53.9316],[17.3826,53.9368],[17.3893,53.9371],[17.4012,53.9188],[17.429,53.9263],[17.4328,53.9334],[17.4612,53.9209],[17.4791,53.9184],[17.4913,53.9223],[17.4942,53.9285],[17.5058,53.9338],[17.5003,53.936],[17.4987,53.9437],[17.5202,53.9689],[17.5185,53.9771],[17.5319,53.9771],[17.5321,53.9834],[17.5516,53.9871],[17.5509,53.9834],[17.564,53.9832],[17.5642,53.9895],[17.5747,53.9893],[17.582,54.0313],[17.6185,54.0313],[17.6495,54.0251],[17.6629,54.009],[17.6793,54.0089],[17.6818,53.9959],[17.7244,54.0016],[17.7431,53.9772],[17.7414,53.9715],[17.748,53.9591],[17.7692,53.9605],[17.7923,53.9536],[17.8114,53.9593],[17.8116,53.9482],[17.8065,53.945],[17.8125,53.9408],[17.8072,53.9364],[17.8114,53.9334],[17.7976,53.915],[17.8114,53.9076],[17.8197,53.91],[17.8314,53.8991],[17.8748,53.8815],[17.8651,53.8794],[17.8599,53.8704],[17.8636,53.8631],[17.8784,53.8594],[17.8779,53.8548],[17.8526,53.8457],[17.8492,53.8371],[17.8576,53.8421],[17.8678,53.8358],[17.9266,53.8379],[17.935,53.8421],[17.9363,53.8496],[17.9298,53.8564],[17.9171,53.857],[17.9167,53.8611],[17.9323,53.8678],[17.9435,53.8667],[17.9529,53.8785],[17.9705,53.8792],[17.9775,53.8975],[17.9949,53.9003],[18.0119,53.915],[18.0214,53.9091],[18.0139,53.9065],[18.0304,53.9017],[18.0992,53.9312],[18.1064,53.9255],[18.1016,53.9233],[18.1402,53.8934],[18.1389,53.8877],[18.1296,53.8868],[18.1064,53.8989],[18.1086,53.8929],[18.0817,53.8894],[18.0854,53.8848],[18.0708,53.8739],[18.0763,53.8705],[18.072,53.8646],[18.0819,53.8571],[18.0835,53.8501],[18.0635,53.8503],[18.0969,53.8309],[18.095,53.8356],[18.1121,53.8278],[18.1208,53.8309],[18.1226,53.824],[18.0773,53.7994],[18.072,53.7811]]]}},{"type":"Feature","properties":{"slug":"przeworski","name":"powiat przeworski","bdlUnitId":"061813414000","voivodeship":"podkarpackie"},"geometry":{"type":"Polygon","coordinates":[[[22.3814,50.0839],[22.3788,50.0951],[22.383,50.09],[22.4161,50.0907],[22.4152,50.104],[22.4222,50.1037],[22.4219,50.1094],[22.4353,50.1115],[22.4463,50.106],[22.4424,50.1108],[22.4492,50.1091],[22.4459,50.1132],[22.4521,50.1169],[22.4483,50.1241],[22.4569,50.1268],[22.4816,50.126],[22.4933,50.1329],[22.4971,50.1287],[22.5259,50.1269],[22.5234,50.1377],[22.5379,50.1445],[22.5209,50.1484],[22.5199,50.153],[22.5278,50.1565],[22.5242,50.1638],[22.549,50.1777],[22.5459,50.1891],[22.5393,50.1847],[22.5365,50.1877],[22.5397,50.203],[22.5528,50.2007],[22.5607,50.2061],[22.5524,50.22],[22.5573,50.225],[22.5703,50.2254],[22.5676,50.2292],[22.5784,50.2337],[22.5847,50.2215],[22.5996,50.2182],[22.6069,50.2219],[22.6089,50.2264],[22.5885,50.2347],[22.5736,50.2512],[22.5925,50.2757],[22.6195,50.2668],[22.6332,50.2787],[22.6348,50.2835],[22.6281,50.2852],[22.631,50.2934],[22.6423,50.2944],[22.6378,50.3025],[22.6416,50.3048],[22.6862,50.2992],[22.7076,50.2914],[22.7506,50.303],[22.8214,50.302],[22.8413,50.2976],[22.836,50.2698],[22.8249,50.2686],[22.8215,50.2507],[22.7978,50.2094],[22.7852,50.2129],[22.7259,50.1928],[22.7251,50.1883],[22.7778,50.1745],[22.7564,50.167],[22.7643,50.1573],[22.7635,50.1434],[22.7252,50.1483],[22.7234,50.1422],[22.6851,50.1373],[22.6827,50.1307],[22.6698,50.1288],[22.6453,50.1377],[22.6427,50.1332],[22.6299,50.1338],[22.6016,50.1409],[22.5839,50.132],[22.5827,50.1263],[22.5891,50.1227],[22.6027,50.0974],[22.5926,50.0864],[22.6059,50.0731],[22.5967,50.0658],[22.6,50.0413],[22.5818,50.0316],[22.5616,50.028],[22.5513,50.0115],[22.5549,50.0092],[22.5511,50.0001],[22.5571,50.0012],[22.5682,49.9905],[22.5776,49.9907],[22.5806,49.9816],[22.5524,49.9809],[22.5607,49.9751],[22.5648,49.9628],[22.4701,49.9449],[22.4432,49.9191],[22.4455,49.9162],[22.4121,49.9075],[22.4115,49.8976],[22.4179,49.895],[22.4184,49.8883],[22.3772,49.889],[22.3573,49.8799],[22.3401,49.8859],[22.3279,49.8785],[22.3127,49.8786],[22.3066,49.8729],[22.2668,49.8729],[22.2657,49.8805],[22.2384,49.9005],[22.2457,49.9066],[22.2324,49.9172],[22.2376,49.9215],[22.2342,49.9315],[22.2601,49.9329],[22.2761,49.9265],[22.2827,49.9327],[22.3048,49.9305],[22.2961,49.9338],[22.292,49.9484],[22.319,49.9457],[22.308,49.9574],[22.3168,49.972],[22.3034,49.9766],[22.3085,49.9824],[22.3044,49.9856],[22.3124,49.9909],[22.3098,49.9951],[22.3506,50.0081],[22.3487,50.0182],[22.3537,50.0252],[22.3479,50.0259],[22.3413,50.0524],[22.3472,50.052],[22.3497,50.0381],[22.3517,50.0517],[22.3748,50.0544],[22.3838,50.0689],[22.3814,50.0839]]]}},{"type":"Feature","properties":{"slug":"otwocki","name":"powiat otwocki","bdlUnitId":"071412917000","voivodeship":"mazowieckie"},"geometry":{"type":"Polygon","coordinates":[[[21.2505,52.2226],[21.285,52.2214],[21.2919,52.2282],[21.2904,52.2211],[21.2959,52.2199],[21.2887,52.2188],[21.2924,52.2114],[21.3317,52.2121],[21.3483,52.2048],[21.353,52.212],[21.358,52.2044],[21.3707,52.1995],[21.373,52.1905],[21.3851,52.1921],[21.3979,52.1856],[21.3722,52.1664],[21.3954,52.1567],[21.4031,52.1655],[21.4218,52.1728],[21.4189,52.1686],[21.4355,52.1632],[21.4303,52.1572],[21.4408,52.1539],[21.4422,52.1412],[21.4568,52.1464],[21.483,52.138],[21.4778,52.1361],[21.4811,52.1351],[21.478,52.1207],[21.501,52.1221],[21.4988,52.1184],[21.5049,52.1189],[21.5028,52.1152],[21.5252,52.1183],[21.5261,52.1133],[21.5174,52.1119],[21.5271,52.1101],[21.5351,52.1007],[21.5203,52.1008],[21.5223,52.0965],[21.5128,52.0972],[21.5133,52.0913],[21.5236,52.0906],[21.5286,52.0836],[21.5489,52.0872],[21.5638,52.0661],[21.5794,52.068],[21.5752,52.0521],[21.5792,52.0455],[21.571,52.0379],[21.5772,52.0323],[21.5595,52.0246],[21.5313,52.0216],[21.5291,52.0109],[21.5195,52.0066],[21.5197,51.9968],[21.5075,51.9946],[21.5137,51.9836],[21.469,51.9788],[21.4727,51.9723],[21.4701,51.9674],[21.4755,51.9629],[21.4722,51.9602],[21.4896,51.9523],[21.4629,51.9472],[21.4612,51.9378],[21.444,51.9355],[21.4511,51.9292],[21.4779,51.9266],[21.4705,51.9202],[21.4827,51.9119],[21.4935,51.9129],[21.496,51.9059],[21.4919,51.9022],[21.4706,51.9107],[21.4491,51.9122],[21.4201,51.9043],[21.4148,51.8941],[21.4003,51.9007],[21.3376,51.8951],[21.3158,51.907],[21.3102,51.8979],[21.2934,51.8917],[21.3108,51.8803],[21.2905,51.8697],[21.2391,51.9016],[21.2359,51.9078],[21.239,51.9164],[21.2711,51.9408],[21.2813,51.9581],[21.2609,51.979],[21.2344,51.9902],[21.2245,51.9997],[21.2243,52.0414],[21.2051,52.0623],[21.2167,52.0831],[21.2142,52.0894],[21.2075,52.1037],[21.165,52.1447],[21.2347,52.1589],[21.2558,52.1472],[21.2621,52.1525],[21.254,52.1574],[21.2632,52.1674],[21.2708,52.1685],[21.2673,52.1733],[21.271,52.174],[21.2598,52.1826],[21.2654,52.186],[21.2402,52.1959],[21.2509,52.2025],[21.2491,52.207],[21.2617,52.2101],[21.2505,52.2226]]]}},{"type":"Feature","properties":{"slug":"kozienicki","name":"powiat kozienicki","bdlUnitId":"071422707000","voivodeship":"mazowieckie"},"geometry":{"type":"Polygon","coordinates":[[[21.2864,51.8617],[21.3105,51.8427],[21.3823,51.8221],[21.4132,51.8037],[21.4351,51.7838],[21.4328,51.7701],[21.4126,51.7538],[21.4103,51.745],[21.4215,51.7335],[21.4454,51.7208],[21.4451,51.7043],[21.4636,51.6873],[21.4728,51.6648],[21.4837,51.6616],[21.5116,51.6661],[21.5432,51.6642],[21.5597,51.6435],[21.5861,51.6246],[21.6137,51.6185],[21.6494,51.6023],[21.6543,51.584],[21.6611,51.5796],[21.7558,51.5604],[21.7881,51.5688],[21.8278,51.5596],[21.8329,51.5511],[21.8327,51.5362],[21.8558,51.5086],[21.8478,51.4855],[21.874,51.4716],[21.8545,51.4475],[21.851,51.4306],[21.8369,51.4173],[21.8283,51.4258],[21.8126,51.4291],[21.7877,51.4202],[21.7524,51.4272],[21.7511,51.4328],[21.7447,51.4349],[21.755,51.4404],[21.7356,51.4541],[21.7454,51.4607],[21.7167,51.467],[21.7156,51.4709],[21.7423,51.4724],[21.7423,51.4782],[21.7299,51.4857],[21.7374,51.4939],[21.7339,51.5008],[21.704,51.4949],[21.7004,51.4789],[21.693,51.4721],[21.6717,51.4765],[21.6513,51.4697],[21.6252,51.4761],[21.5986,51.4739],[21.6074,51.4722],[21.6133,51.4602],[21.6068,51.4515],[21.5568,51.4517],[21.55,51.4446],[21.5377,51.4535],[21.5375,51.4626],[21.5471,51.4765],[21.5451,51.4905],[21.5655,51.5159],[21.5666,51.5242],[21.5582,51.5424],[21.5511,51.5333],[21.5497,51.5392],[21.5422,51.5378],[21.5387,51.5455],[21.5234,51.5482],[21.5285,51.5513],[21.518,51.5577],[21.4721,51.5369],[21.4642,51.54],[21.4572,51.5334],[21.4604,51.5277],[21.4386,51.5144],[21.4169,51.5361],[21.4123,51.533],[21.3312,51.5451],[21.3116,51.5503],[21.3106,51.557],[21.3057,51.5584],[21.2908,51.5575],[21.2588,51.5656],[21.2329,51.5843],[21.205,51.5884],[21.2148,51.5904],[21.2161,51.5965],[21.2048,51.5986],[21.2075,51.6031],[21.2025,51.6057],[21.2187,51.6072],[21.2293,51.6228],[21.2282,51.6321],[21.2429,51.6367],[21.2219,51.6489],[21.2066,51.6446],[21.2145,51.6521],[21.214,51.6664],[21.1997,51.6687],[21.1967,51.6641],[21.1843,51.6705],[21.177,51.669],[21.1833,51.6715],[21.1584,51.6724],[21.1542,51.6825],[21.1587,51.6908],[21.1534,51.692],[21.1537,51.7007],[21.1755,51.6911],[21.1761,51.7321],[21.1488,51.7321],[21.1375,51.7226],[21.1248,51.7279],[21.1304,51.733],[21.1176,51.7421],[21.1352,51.7446],[21.1309,51.7508],[21.1385,51.7555],[21.1494,51.7518],[21.1578,51.7578],[21.1489,51.7627],[21.162,51.7705],[21.1769,51.7596],[21.183,51.7612],[21.2006,51.7723],[21.2036,51.7832],[21.2135,51.7881],[21.2361,51.7859],[21.2327,51.7901],[21.2446,51.7938],[21.2428,51.7984],[21.2849,51.8156],[21.2866,51.8263],[21.2548,51.8457],[21.2762,51.8604],[21.2864,51.8617]]]}},{"type":"Feature","properties":{"slug":"janowski","name":"powiat janowski","bdlUnitId":"060611205000","voivodeship":"lubelskie"},"geometry":{"type":"Polygon","coordinates":[[[22.5781,50.8384],[22.6142,50.8325],[22.6114,50.8185],[22.626,50.821],[22.6254,50.8028],[22.6421,50.8011],[22.6469,50.7965],[22.642,50.7944],[22.6524,50.792],[22.6498,50.789],[22.6592,50.7867],[22.6567,50.7824],[22.674,50.7739],[22.6709,50.7719],[22.677,50.7677],[22.6427,50.7396],[22.6544,50.729],[22.6135,50.7106],[22.6424,50.6978],[22.6398,50.6935],[22.6455,50.6917],[22.6549,50.664],[22.6521,50.659],[22.6604,50.6586],[22.6611,50.6621],[22.6783,50.6524],[22.6812,50.6381],[22.6607,50.6372],[22.5938,50.5917],[22.5523,50.5845],[22.5125,50.5898],[22.5197,50.5832],[22.5096,50.5801],[22.515,50.5755],[22.5058,50.5756],[22.5065,50.5842],[22.4917,50.5828],[22.4908,50.5765],[22.4836,50.5757],[22.4888,50.5801],[22.4653,50.5844],[22.4684,50.586],[22.4653,50.5919],[22.4201,50.5806],[22.3996,50.5938],[22.3827,50.5979],[22.3789,50.6041],[22.3478,50.6145],[22.3435,50.6121],[22.3155,50.6195],[22.3004,50.6169],[22.2898,50.6191],[22.2898,50.623],[22.2482,50.6211],[22.2469,50.6342],[22.2325,50.6527],[22.2063,50.6662],[22.1415,50.6701],[22.1469,50.673],[22.1461,50.678],[22.1691,50.6889],[22.1763,50.7007],[22.1704,50.7062],[22.2056,50.754],[22.1861,50.7663],[22.1523,50.7718],[22.163,50.7973],[22.18,50.8147],[22.1881,50.8182],[22.1928,50.8143],[22.2156,50.8262],[22.2249,50.8368],[22.2352,50.8346],[22.2537,50.8425],[22.2648,50.8349],[22.2626,50.8315],[22.2798,50.8244],[22.277,50.8219],[22.2816,50.8185],[22.2752,50.8143],[22.2809,50.806],[22.2735,50.8013],[22.2747,50.7968],[22.2811,50.8005],[22.2921,50.7985],[22.2969,50.8141],[22.3055,50.8056],[22.3142,50.8063],[22.3176,50.7998],[22.3311,50.8048],[22.3305,50.7979],[22.3406,50.7878],[22.363,50.7949],[22.3607,50.8078],[22.3527,50.8144],[22.3673,50.8169],[22.3742,50.8236],[22.4043,50.8183],[22.3991,50.8344],[22.4066,50.8365],[22.4098,50.8483],[22.3972,50.8593],[22.4079,50.854],[22.4135,50.865],[22.4181,50.8653],[22.4035,50.8741],[22.4128,50.8822],[22.4219,50.8815],[22.4162,50.8894],[22.4285,50.8871],[22.4253,50.8857],[22.4282,50.881],[22.4307,50.8892],[22.4369,50.8821],[22.4693,50.8854],[22.4702,50.9026],[22.4765,50.9157],[22.4845,50.9126],[22.4823,50.9065],[22.504,50.902],[22.5041,50.9075],[22.5208,50.9047],[22.5195,50.911],[22.5373,50.9089],[22.5379,50.8908],[22.545,50.8849],[22.5395,50.8823],[22.545,50.8751],[22.5406,50.8683],[22.5477,50.8624],[22.5362,50.8572],[22.5319,50.8479],[22.556,50.8429],[22.5521,50.8399],[22.5781,50.8384]]]}},{"type":"Feature","properties":{"slug":"limanowski","name":"powiat limanowski","bdlUnitId":"011212207000","voivodeship":"małopolskie"},"geometry":{"type":"Polygon","coordinates":[[[20.1753,49.8045],[20.2135,49.8074],[20.2097,49.8128],[20.2232,49.8187],[20.2216,49.8226],[20.2594,49.8312],[20.2726,49.8182],[20.2719,49.8132],[20.2902,49.8057],[20.3156,49.8159],[20.3145,49.8232],[20.3436,49.8157],[20.3426,49.8128],[20.3521,49.8113],[20.3471,49.8074],[20.3529,49.7967],[20.3515,49.7884],[20.3655,49.7787],[20.3805,49.7816],[20.3879,49.7774],[20.4149,49.7849],[20.4699,49.78],[20.4771,49.7907],[20.4741,49.8018],[20.4869,49.7975],[20.5162,49.799],[20.5514,49.7771],[20.5739,49.7723],[20.5953,49.7563],[20.5904,49.7502],[20.5772,49.7517],[20.5672,49.7465],[20.57,49.7422],[20.566,49.7359],[20.5426,49.7334],[20.542,49.7286],[20.5259,49.7205],[20.5523,49.7163],[20.5903,49.7001],[20.5918,49.6957],[20.5847,49.6941],[20.5796,49.6755],[20.5638,49.6758],[20.5547,49.6585],[20.577,49.6525],[20.5789,49.6455],[20.5622,49.643],[20.5522,49.6339],[20.5336,49.6471],[20.5254,49.6443],[20.5274,49.6384],[20.5225,49.6288],[20.5466,49.6149],[20.541,49.5977],[20.5508,49.5904],[20.5305,49.5801],[20.4883,49.5787],[20.4937,49.586],[20.4696,49.5945],[20.4575,49.5906],[20.4432,49.5926],[20.4281,49.6108],[20.3679,49.6201],[20.369,49.5874],[20.3559,49.5866],[20.3856,49.5611],[20.3646,49.5445],[20.362,49.5341],[20.332,49.5418],[20.3203,49.5613],[20.2973,49.5732],[20.2814,49.5665],[20.26,49.5678],[20.2136,49.5509],[20.1576,49.5478],[20.1492,49.5426],[20.1143,49.5451],[20.0718,49.5599],[20.0399,49.56],[20.0147,49.592],[20.0123,49.6015],[19.9994,49.6133],[19.9984,49.6253],[20.0045,49.625],[20.0048,49.6363],[19.9908,49.6506],[20.0031,49.658],[20.0121,49.6803],[20.0083,49.6959],[20.0017,49.7011],[20.008,49.7102],[20.0237,49.7189],[20.0213,49.7303],[20.0393,49.7464],[20.0727,49.731],[20.0851,49.7306],[20.101,49.7325],[20.1111,49.7453],[20.1379,49.7473],[20.1432,49.7528],[20.1381,49.7671],[20.1495,49.7761],[20.1534,49.805],[20.1713,49.8006],[20.1753,49.8045]]]}},{"type":"Feature","properties":{"slug":"miechowski","name":"powiat miechowski","bdlUnitId":"011212008000","voivodeship":"małopolskie"},"geometry":{"type":"Polygon","coordinates":[[[19.95,50.5048],[19.9723,50.5163],[19.9709,50.5205],[19.9872,50.5198],[20.0271,50.5086],[20.0309,50.505],[20.0283,50.5009],[20.0389,50.5002],[20.0542,50.5116],[20.0763,50.5096],[20.0847,50.5046],[20.0837,50.4994],[20.097,50.4961],[20.0871,50.4896],[20.1056,50.486],[20.1306,50.4899],[20.1666,50.4844],[20.1716,50.491],[20.2054,50.4957],[20.2108,50.4902],[20.2201,50.4901],[20.2258,50.4781],[20.2497,50.4791],[20.2473,50.4754],[20.2625,50.4673],[20.2729,50.4699],[20.2606,50.4415],[20.2654,50.4278],[20.2899,50.4191],[20.293,50.4049],[20.3039,50.3982],[20.3058,50.389],[20.3209,50.3845],[20.3222,50.3712],[20.3175,50.3707],[20.3259,50.3693],[20.3392,50.3573],[20.3283,50.3578],[20.3329,50.3542],[20.3131,50.3486],[20.2975,50.3521],[20.2936,50.3491],[20.2924,50.3458],[20.3053,50.3359],[20.2925,50.328],[20.2927,50.309],[20.2683,50.3088],[20.2699,50.3032],[20.2499,50.3053],[20.2352,50.2994],[20.1936,50.2994],[20.1742,50.2901],[20.1547,50.3],[20.1494,50.2959],[20.1309,50.3043],[20.1309,50.3011],[20.1214,50.3052],[20.11,50.3026],[20.1122,50.3069],[20.1216,50.3056],[20.1257,50.3132],[20.1221,50.3147],[20.1173,50.3101],[20.0901,50.3066],[20.0978,50.3043],[20.0964,50.297],[20.078,50.2982],[20.0721,50.2937],[20.0469,50.2983],[20.0343,50.2928],[20.0185,50.2935],[20.0166,50.2889],[19.9951,50.28],[19.9461,50.2823],[19.9382,50.2644],[19.9205,50.2597],[19.923,50.2692],[19.9345,50.273],[19.9113,50.2802],[19.9014,50.2761],[19.9006,50.2846],[19.9209,50.2985],[19.894,50.3095],[19.8513,50.3154],[19.8255,50.3283],[19.8329,50.3526],[19.8431,50.3543],[19.8539,50.3656],[19.854,50.3697],[19.8471,50.3706],[19.8515,50.3931],[19.8357,50.3993],[19.8526,50.4062],[19.847,50.4162],[19.8425,50.4163],[19.8433,50.4247],[19.8484,50.4253],[19.8445,50.4342],[19.8535,50.4351],[19.8514,50.4463],[19.8998,50.4534],[19.903,50.4568],[19.8921,50.4662],[19.9005,50.4735],[19.9369,50.4789],[19.973,50.4755],[19.964,50.4887],[19.9523,50.4942],[19.95,50.5048]]]}},{"type":"Feature","properties":{"slug":"myslenicki","name":"powiat myślenicki","bdlUnitId":"011212009000","voivodeship":"małopolskie"},"geometry":{"type":"Polygon","coordinates":[[[19.8103,49.8852],[19.8331,49.9024],[19.8323,49.907],[19.8533,49.9137],[19.8482,49.9225],[19.8502,49.9313],[19.883,49.9241],[19.8792,49.9161],[19.9133,49.8989],[19.9195,49.9038],[19.9303,49.9033],[19.9327,49.9154],[19.9435,49.9238],[19.9588,49.9209],[19.9802,49.9315],[20.0025,49.9306],[20.006,49.9173],[20.0166,49.906],[20.0298,49.9161],[20.0445,49.9198],[20.0643,49.9141],[20.0751,49.9195],[20.0782,49.9288],[20.101,49.9176],[20.1035,49.9231],[20.1188,49.9133],[20.1169,49.9033],[20.1079,49.9017],[20.1241,49.8885],[20.1425,49.8869],[20.1683,49.8939],[20.1725,49.8877],[20.1853,49.8874],[20.1751,49.8852],[20.1761,49.8765],[20.1973,49.8787],[20.1942,49.8739],[20.2021,49.8691],[20.2325,49.8636],[20.237,49.8562],[20.2353,49.8491],[20.2466,49.8437],[20.2475,49.8352],[20.2414,49.8261],[20.2216,49.8226],[20.2232,49.8187],[20.2097,49.8128],[20.2135,49.8074],[20.1789,49.8061],[20.1713,49.8006],[20.1534,49.805],[20.1495,49.7761],[20.1381,49.7671],[20.1432,49.7528],[20.1337,49.7453],[20.1111,49.7453],[20.101,49.7325],[20.0833,49.7306],[20.0558,49.7369],[20.0393,49.7464],[20.0213,49.7303],[20.0237,49.7189],[20.008,49.7102],[20.0017,49.7011],[20.0083,49.6959],[20.0121,49.6803],[20.0117,49.6721],[20.0006,49.6551],[19.9938,49.6526],[19.9709,49.6611],[19.9476,49.66],[19.9476,49.6495],[19.956,49.6406],[19.9473,49.6337],[19.9513,49.6212],[19.9466,49.618],[19.919,49.6232],[19.8937,49.6376],[19.9062,49.645],[19.9052,49.6592],[19.887,49.6806],[19.8876,49.6911],[19.897,49.6909],[19.893,49.6946],[19.9006,49.6973],[19.9117,49.7131],[19.8891,49.711],[19.8684,49.715],[19.7971,49.7045],[19.7907,49.7246],[19.7981,49.7277],[19.7863,49.7325],[19.7883,49.7422],[19.7721,49.7523],[19.7847,49.7611],[19.8043,49.7656],[19.7992,49.7907],[19.751,49.7862],[19.743,49.7905],[19.7556,49.8036],[19.7519,49.8164],[19.7686,49.82],[19.7678,49.825],[19.7555,49.8259],[19.7584,49.8317],[19.764,49.8315],[19.7665,49.8442],[19.7766,49.8482],[19.7775,49.867],[19.7909,49.8777],[19.8116,49.8823],[19.8103,49.8852]]]}},{"type":"Feature","properties":{"slug":"olkuski","name":"powiat olkuski","bdlUnitId":"011212312000","voivodeship":"małopolskie"},"geometry":{"type":"Polygon","coordinates":[[[19.8445,50.4342],[19.8484,50.4253],[19.8433,50.4247],[19.8425,50.4163],[19.847,50.4162],[19.8526,50.4062],[19.8357,50.3993],[19.8515,50.3931],[19.8471,50.3706],[19.854,50.3697],[19.8539,50.3656],[19.8431,50.3543],[19.8329,50.3526],[19.8254,50.3274],[19.8513,50.3154],[19.894,50.3095],[19.9209,50.2985],[19.9013,50.2856],[19.9013,50.2753],[19.8936,50.2655],[19.8771,50.2719],[19.879,50.275],[19.8733,50.2785],[19.848,50.2569],[19.8469,50.2494],[19.8375,50.251],[19.8342,50.2635],[19.8126,50.2781],[19.8024,50.2691],[19.7935,50.2736],[19.7746,50.2714],[19.7776,50.2761],[19.7562,50.2828],[19.7525,50.285],[19.7556,50.2892],[19.7506,50.2913],[19.7455,50.2885],[19.7128,50.2932],[19.7041,50.2996],[19.6894,50.2951],[19.6729,50.2967],[19.6779,50.2825],[19.6734,50.269],[19.686,50.2628],[19.678,50.2415],[19.6688,50.231],[19.6614,50.2305],[19.6566,50.2156],[19.6444,50.2085],[19.6481,50.2],[19.6294,50.1919],[19.5984,50.1891],[19.5884,50.1943],[19.5854,50.2056],[19.5631,50.2108],[19.5347,50.2103],[19.5252,50.2168],[19.5306,50.2221],[19.5054,50.2224],[19.4841,50.2291],[19.4305,50.2251],[19.3401,50.2496],[19.3234,50.2591],[19.353,50.2666],[19.3591,50.2592],[19.3632,50.2606],[19.3608,50.2635],[19.3715,50.2683],[19.3619,50.2707],[19.3826,50.2735],[19.3881,50.2892],[19.3964,50.2905],[19.4043,50.2981],[19.4003,50.299],[19.4143,50.298],[19.3984,50.3084],[19.4147,50.3228],[19.4153,50.3317],[19.451,50.3189],[19.4839,50.3236],[19.4806,50.3336],[19.4876,50.3473],[19.4831,50.3556],[19.4565,50.3663],[19.4603,50.3729],[19.4917,50.366],[19.4876,50.397],[19.5045,50.4011],[19.5185,50.4167],[19.5379,50.4202],[19.5453,50.4189],[19.5462,50.4135],[19.5572,50.4144],[19.5572,50.4108],[19.5734,50.4117],[19.566,50.4073],[19.5912,50.4101],[19.6024,50.4044],[19.6131,50.4045],[19.6271,50.4146],[19.6366,50.4094],[19.6512,50.4127],[19.6582,50.4082],[19.6545,50.4141],[19.6717,50.4158],[19.665,50.4266],[19.6796,50.4347],[19.6943,50.4351],[19.7008,50.4497],[19.7082,50.4483],[19.7098,50.4414],[19.7673,50.4448],[19.782,50.4401],[19.8009,50.4439],[19.8071,50.4361],[19.8379,50.439],[19.8445,50.4342]]]}},{"type":"Feature","properties":{"slug":"oswiecimski","name":"powiat oświęcimski","bdlUnitId":"011212313000","voivodeship":"małopolskie"},"geometry":{"type":"Polygon","coordinates":[[[19.1445,50.0394],[19.1537,50.0428],[19.1505,50.0454],[19.1541,50.0482],[19.1457,50.0455],[19.1498,50.0519],[19.1601,50.0506],[19.168,50.0604],[19.1779,50.0572],[19.1945,50.0649],[19.2074,50.0614],[19.2135,50.0653],[19.2189,50.059],[19.2234,50.0676],[19.2336,50.0657],[19.2296,50.0712],[19.2121,50.0768],[19.2542,50.1342],[19.2612,50.1323],[19.2544,50.1306],[19.263,50.1071],[19.2863,50.0956],[19.2802,50.0848],[19.2904,50.0781],[19.2816,50.0771],[19.2859,50.0728],[19.2823,50.0696],[19.2919,50.068],[19.2898,50.0635],[19.2818,50.0648],[19.2734,50.0487],[19.2967,50.0574],[19.3118,50.0461],[19.3288,50.0532],[19.3375,50.0459],[19.348,50.0533],[19.3557,50.043],[19.3702,50.0464],[19.3773,50.0364],[19.3961,50.0375],[19.3995,50.0263],[19.4034,50.0296],[19.401,50.0332],[19.4168,50.0272],[19.4268,50.0351],[19.4349,50.0232],[19.4377,50.0306],[19.459,50.0301],[19.4631,50.0394],[19.4683,50.0403],[19.4773,50.0279],[19.4921,50.0278],[19.5043,50.036],[19.5103,50.0257],[19.4827,50.0196],[19.4816,50.0087],[19.4762,50.0062],[19.4747,49.992],[19.4701,49.9881],[19.4722,49.9768],[19.4672,49.9724],[19.471,49.9702],[19.4645,49.9571],[19.4759,49.9492],[19.4664,49.9515],[19.4638,49.9448],[19.4679,49.9426],[19.4622,49.9384],[19.4519,49.9366],[19.4213,49.9502],[19.4229,49.9567],[19.4185,49.959],[19.4152,49.9549],[19.4118,49.9643],[19.3796,49.958],[19.354,49.945],[19.3565,49.9204],[19.3329,49.9231],[19.3188,49.9156],[19.3079,49.9192],[19.3089,49.9125],[19.2984,49.8938],[19.3161,49.884],[19.3157,49.8692],[19.29,49.8506],[19.2661,49.8621],[19.2208,49.8632],[19.2212,49.8687],[19.2062,49.8716],[19.1931,49.8682],[19.1969,49.8604],[19.1709,49.853],[19.1571,49.866],[19.1729,49.8799],[19.1962,49.8874],[19.1945,49.9133],[19.1916,49.9199],[19.1841,49.9216],[19.1849,49.9501],[19.1663,49.9468],[19.1617,49.9395],[19.1409,49.938],[19.1046,49.9427],[19.1065,49.9453],[19.0981,49.9522],[19.0832,49.95],[19.0911,49.9566],[19.1032,49.9552],[19.1082,49.9611],[19.1151,49.9581],[19.1241,49.9633],[19.1176,49.9681],[19.123,49.972],[19.1102,49.9726],[19.114,49.9752],[19.1099,49.9779],[19.1181,49.9822],[19.1148,49.9849],[19.1219,49.9839],[19.1194,49.9867],[19.1232,49.9885],[19.1113,49.9959],[19.1179,50.0014],[19.1134,50.0031],[19.122,50.0024],[19.119,50.0092],[19.142,50.024],[19.1361,50.0347],[19.1459,50.0312],[19.1445,50.0394]]]}},{"type":"Feature","properties":{"slug":"poddebicki","name":"powiat poddębicki","bdlUnitId":"051011811000","voivodeship":"łódzkie"},"geometry":{"type":"Polygon","coordinates":[[[18.7179,52.0657],[18.7528,52.0765],[18.7638,52.0675],[18.7865,52.061],[18.8192,52.0699],[18.8194,52.0651],[18.8358,52.0624],[18.852,52.0518],[18.8524,52.0481],[18.8397,52.0415],[18.8843,52.0424],[18.8858,52.021],[18.8624,52.018],[18.8617,52.0099],[18.8782,52.0091],[18.87,52.0035],[18.9164,52.0015],[18.9159,52.0175],[18.9285,52.0149],[18.9306,52.0103],[18.9421,52.0116],[18.9624,52.0253],[18.98,52.0197],[18.9807,52.0151],[18.9939,52.0151],[18.9979,52.0092],[19.0112,52.0114],[19.0184,52.0185],[19.0249,52.0154],[19.0311,52.0187],[19.0341,52.0055],[19.0711,52.0144],[19.0778,52.0062],[19.0973,52.0132],[19.1066,52.0054],[19.1168,52.0045],[19.115,52.0012],[19.1286,52.0005],[19.1205,51.9911],[19.1307,51.9889],[19.1275,51.9777],[19.139,51.9755],[19.1517,51.9647],[19.1363,51.928],[19.1408,51.9259],[19.1357,51.9106],[19.1449,51.9057],[19.1631,51.913],[19.1736,51.9085],[19.1786,51.9165],[19.1887,51.9172],[19.1905,51.8993],[19.183,51.8786],[19.1556,51.8706],[19.1496,51.8497],[19.1549,51.8464],[19.1399,51.8353],[19.1373,51.8247],[19.1098,51.8232],[19.1042,51.8191],[19.0887,51.8222],[19.0916,51.8253],[19.0847,51.8302],[19.0777,51.8265],[19.0664,51.8297],[19.0626,51.8238],[19.0403,51.8263],[19.0332,51.8321],[19.023,51.8239],[19.0072,51.8266],[18.9989,51.8199],[19.0035,51.8118],[19.027,51.7908],[19.044,51.7872],[19.0551,51.7757],[19.0476,51.7756],[19.047,51.7669],[19.0023,51.7719],[18.9857,51.7637],[18.97,51.7442],[18.9,51.7544],[18.8802,51.7487],[18.8619,51.7222],[18.8559,51.7201],[18.8058,51.7395],[18.7642,51.7496],[18.7609,51.7606],[18.747,51.7588],[18.7497,51.7489],[18.7342,51.7436],[18.7344,51.7347],[18.6551,51.7472],[18.6514,51.7488],[18.6568,51.7538],[18.6567,51.7675],[18.6653,51.772],[18.661,51.7851],[18.6678,51.7854],[18.6683,51.8018],[18.6835,51.8106],[18.6812,51.8162],[18.6905,51.8285],[18.6866,51.8329],[18.6911,51.8318],[18.6928,51.8451],[18.6995,51.8486],[18.6946,51.8491],[18.701,51.8529],[18.6968,51.8657],[18.7233,51.8721],[18.7212,51.8807],[18.7404,51.893],[18.7354,51.8955],[18.7368,51.901],[18.7679,51.9278],[18.7425,51.9371],[18.7435,51.9435],[18.7361,51.9446],[18.7412,51.9507],[18.7382,51.9627],[18.7298,51.9547],[18.715,51.9682],[18.7332,51.9682],[18.7339,51.9726],[18.7306,51.9853],[18.7171,51.9929],[18.7346,52.0027],[18.7269,52.0106],[18.7303,52.0143],[18.727,52.0236],[18.7165,52.0323],[18.7225,52.0547],[18.7179,52.0657]]]}},{"type":"Feature","properties":{"slug":"wielunski","name":"powiat wieluński","bdlUnitId":"051011817000","voivodeship":"łódzkie"},"geometry":{"type":"Polygon","coordinates":[[[18.5612,51.3836],[18.5929,51.3743],[18.6168,51.3808],[18.6219,51.366],[18.662,51.3585],[18.6722,51.3617],[18.6854,51.352],[18.7002,51.3593],[18.7251,51.3572],[18.7668,51.3652],[18.7682,51.3799],[18.7899,51.3933],[18.7807,51.3964],[18.7827,51.4102],[18.8025,51.4107],[18.8237,51.4038],[18.8301,51.3957],[18.8489,51.3974],[18.8563,51.4033],[18.8743,51.3838],[18.893,51.3837],[18.8983,51.3616],[18.9132,51.3579],[18.899,51.3591],[18.8909,51.3568],[18.8936,51.3533],[18.8769,51.3516],[18.8854,51.3453],[18.876,51.3406],[18.8775,51.3355],[18.8683,51.3346],[18.8613,51.3233],[18.8823,51.3162],[18.8885,51.3049],[18.8558,51.2904],[18.8589,51.2832],[18.8663,51.2806],[18.8586,51.2755],[18.8614,51.2681],[18.8355,51.2679],[18.8351,51.2637],[18.8288,51.2643],[18.8306,51.2587],[18.8152,51.2602],[18.8147,51.2529],[18.8007,51.2578],[18.7908,51.2546],[18.7973,51.2519],[18.7935,51.2407],[18.8008,51.2328],[18.7876,51.2146],[18.8217,51.2009],[18.829,51.2033],[18.8111,51.1814],[18.8218,51.1796],[18.8214,51.1705],[18.8337,51.1705],[18.8339,51.1667],[18.8184,51.1642],[18.7926,51.1698],[18.7898,51.1619],[18.7794,51.1654],[18.7732,51.1416],[18.7909,51.1345],[18.7672,51.1319],[18.7738,51.1303],[18.7655,51.1303],[18.7648,51.1238],[18.7522,51.1189],[18.7575,51.1176],[18.7605,51.1015],[18.74,51.1039],[18.7472,51.0982],[18.7567,51.0995],[18.7611,51.0934],[18.7795,51.0964],[18.7836,51.0928],[18.7822,51.0828],[18.7715,51.0823],[18.7654,51.0879],[18.7702,51.0783],[18.7601,51.0698],[18.7679,51.0648],[18.7092,51.0656],[18.6607,51.0546],[18.6375,51.0634],[18.6236,51.0772],[18.5776,51.082],[18.5808,51.0903],[18.5623,51.1065],[18.5676,51.119],[18.5481,51.1411],[18.5208,51.1403],[18.5155,51.1336],[18.5197,51.108],[18.4987,51.0996],[18.4895,51.0907],[18.4783,51.0923],[18.4814,51.0997],[18.4697,51.1044],[18.4645,51.12],[18.4359,51.1143],[18.4219,51.1171],[18.4189,51.1259],[18.3817,51.1288],[18.3672,51.1388],[18.3497,51.1372],[18.3541,51.1604],[18.349,51.168],[18.348,51.1898],[18.3658,51.2169],[18.3622,51.231],[18.3698,51.2641],[18.388,51.2752],[18.4015,51.2773],[18.4053,51.3162],[18.418,51.3152],[18.4522,51.3253],[18.4525,51.3208],[18.459,51.3202],[18.4605,51.3251],[18.4668,51.3128],[18.4774,51.3122],[18.4755,51.3035],[18.479,51.3],[18.4865,51.3034],[18.4887,51.2967],[18.5028,51.2997],[18.4974,51.3049],[18.5039,51.3103],[18.5019,51.3255],[18.4901,51.3286],[18.4895,51.333],[18.5116,51.3312],[18.51,51.334],[18.5478,51.3404],[18.5368,51.3638],[18.5422,51.3653],[18.5376,51.3732],[18.5626,51.3775],[18.5612,51.3836]]]}},{"type":"Feature","properties":{"slug":"brzozowski","name":"powiat brzozowski","bdlUnitId":"061813302000","voivodeship":"podkarpackie"},"geometry":{"type":"Polygon","coordinates":[[[21.8948,49.7811],[21.9276,49.7865],[21.9383,49.7954],[21.9452,49.8133],[21.9633,49.8225],[21.9873,49.8204],[21.9999,49.8116],[22.0189,49.8083],[22.0106,49.8191],[22.0202,49.8376],[22.0282,49.8303],[22.0324,49.8325],[22.0485,49.8244],[22.0979,49.8356],[22.1082,49.8199],[22.1226,49.8097],[22.1235,49.8034],[22.1557,49.7827],[22.1714,49.7816],[22.2062,49.7956],[22.2351,49.79],[22.2335,49.7841],[22.2235,49.7825],[22.2197,49.7712],[22.2467,49.7693],[22.2945,49.7446],[22.287,49.7338],[22.2577,49.7169],[22.2536,49.7097],[22.2652,49.7114],[22.2837,49.704],[22.3283,49.6998],[22.3302,49.6947],[22.327,49.6857],[22.3178,49.6811],[22.3131,49.6682],[22.2793,49.659],[22.2649,49.6623],[22.2669,49.6573],[22.2514,49.6495],[22.2549,49.6377],[22.2354,49.6345],[22.2423,49.6319],[22.2391,49.6298],[22.2148,49.6278],[22.184,49.6534],[22.1669,49.6442],[22.1591,49.6471],[22.1508,49.6425],[22.1135,49.6549],[22.0873,49.6374],[22.0742,49.6409],[22.0734,49.6298],[22.0575,49.6183],[22.0445,49.6282],[22.0394,49.6249],[22.0265,49.634],[22.0125,49.6366],[21.9639,49.6179],[21.9248,49.6293],[21.9169,49.6403],[21.9061,49.6396],[21.8956,49.6298],[21.8988,49.6333],[21.8832,49.6335],[21.875,49.6424],[21.8647,49.6408],[21.8505,49.6476],[21.8581,49.6503],[21.8527,49.6585],[21.8783,49.6852],[21.8767,49.6928],[21.8851,49.7068],[21.8976,49.7108],[21.9121,49.7248],[21.9064,49.74],[21.8887,49.7485],[21.8509,49.7496],[21.8828,49.7679],[21.8948,49.7811]]]}},{"type":"Feature","properties":{"slug":"kedzierzynsko-kozielski","name":"powiat kędzierzyńsko-kozielski","bdlUnitId":"031613203000","voivodeship":"opolskie"},"geometry":{"type":"Polygon","coordinates":[[[18.4259,50.249],[18.4059,50.2547],[18.3544,50.2579],[18.3621,50.2473],[18.313,50.2407],[18.3084,50.2308],[18.2752,50.2249],[18.2712,50.2204],[18.2528,50.2231],[18.2489,50.2169],[18.2374,50.2147],[18.2352,50.202],[18.2494,50.1978],[18.2492,50.1926],[18.1855,50.1869],[18.186,50.181],[18.1624,50.1891],[18.1454,50.1795],[18.1335,50.1844],[18.1205,50.1792],[18.1228,50.1748],[18.1105,50.1673],[18.1037,50.1708],[18.1015,50.1809],[18.0711,50.1706],[18.0519,50.1801],[18.0356,50.1709],[17.9992,50.1841],[17.972,50.1857],[17.9786,50.2049],[17.9637,50.2133],[17.969,50.2183],[17.9267,50.2107],[17.9184,50.2273],[17.9253,50.2355],[17.9229,50.2587],[17.9181,50.2646],[17.9236,50.2699],[17.9198,50.2756],[17.9322,50.2755],[17.9354,50.2888],[17.9177,50.293],[17.9113,50.3037],[17.9459,50.3157],[17.9545,50.3259],[17.9626,50.3176],[18.029,50.3229],[18.031,50.3461],[18.0498,50.3433],[18.0601,50.3626],[18.049,50.3721],[18.0352,50.3745],[18.0392,50.3773],[18.0346,50.3859],[18.0589,50.3956],[18.0485,50.404],[18.0688,50.4174],[18.0847,50.4186],[18.0755,50.4138],[18.0781,50.4107],[18.0859,50.4175],[18.0857,50.4096],[18.0946,50.4157],[18.1064,50.4118],[18.1003,50.4079],[18.1102,50.4077],[18.1063,50.4021],[18.1126,50.3889],[18.1084,50.3773],[18.1255,50.3705],[18.1325,50.3751],[18.144,50.3743],[18.1407,50.3792],[18.1583,50.3889],[18.1906,50.3765],[18.2297,50.3831],[18.2293,50.3953],[18.2749,50.3869],[18.2986,50.4047],[18.3175,50.3852],[18.3285,50.383],[18.366,50.3505],[18.3988,50.3333],[18.3981,50.3232],[18.4057,50.3243],[18.409,50.3172],[18.3921,50.3134],[18.3932,50.3054],[18.4075,50.2885],[18.3935,50.2765],[18.4178,50.2745],[18.427,50.2687],[18.4261,50.2616],[18.4203,50.2615],[18.4259,50.249]]]}},{"type":"Feature","properties":{"slug":"krotoszynski","name":"powiat krotoszyński","bdlUnitId":"023015712000","voivodeship":"wielkopolskie"},"geometry":{"type":"Polygon","coordinates":[[[17.3368,51.8856],[17.3672,51.8822],[17.3713,51.8735],[17.3974,51.8734],[17.4413,51.8966],[17.4706,51.893],[17.514,51.9008],[17.517,51.8733],[17.5255,51.8681],[17.5267,51.8609],[17.5211,51.8476],[17.5304,51.8386],[17.5624,51.8348],[17.5712,51.8387],[17.6077,51.8304],[17.6042,51.8202],[17.5981,51.8181],[17.6052,51.8201],[17.6152,51.7938],[17.634,51.7917],[17.6467,51.7956],[17.6453,51.7903],[17.6612,51.7843],[17.6585,51.7811],[17.6819,51.7747],[17.6891,51.7601],[17.712,51.7568],[17.7145,51.7508],[17.7072,51.7446],[17.693,51.743],[17.6945,51.7356],[17.6608,51.7363],[17.6576,51.7287],[17.6614,51.715],[17.6277,51.7032],[17.6324,51.6967],[17.6193,51.6981],[17.6001,51.672],[17.5671,51.6723],[17.5594,51.6658],[17.562,51.6641],[17.5477,51.6644],[17.5527,51.6506],[17.5613,51.6488],[17.5496,51.6232],[17.5711,51.6212],[17.5677,51.6265],[17.5826,51.6297],[17.5892,51.6226],[17.576,51.6155],[17.5745,51.6095],[17.581,51.6077],[17.5733,51.6053],[17.577,51.6017],[17.5722,51.5972],[17.5741,51.586],[17.5694,51.5895],[17.5597,51.5824],[17.5232,51.5894],[17.5185,51.6021],[17.5212,51.6057],[17.5036,51.6093],[17.499,51.6157],[17.4866,51.6167],[17.4713,51.6261],[17.4382,51.6329],[17.4117,51.6312],[17.3301,51.6479],[17.2399,51.6418],[17.2372,51.6523],[17.2405,51.6549],[17.2348,51.6686],[17.2233,51.6776],[17.2098,51.6821],[17.1943,51.676],[17.154,51.6927],[17.1384,51.6934],[17.1419,51.7008],[17.1281,51.702],[17.128,51.7161],[17.1533,51.7108],[17.1606,51.7167],[17.1805,51.7173],[17.177,51.7237],[17.1836,51.7379],[17.1528,51.746],[17.1798,51.7712],[17.1755,51.7758],[17.1812,51.7917],[17.2044,51.7872],[17.2228,51.781],[17.2215,51.7755],[17.2429,51.7711],[17.2559,51.7723],[17.2578,51.7815],[17.2696,51.7783],[17.2761,51.7654],[17.2688,51.756],[17.2714,51.7514],[17.2854,51.7511],[17.2864,51.7562],[17.2875,51.7521],[17.3011,51.7579],[17.3153,51.7556],[17.3225,51.7613],[17.3303,51.7829],[17.3182,51.7872],[17.3172,51.813],[17.3294,51.8154],[17.3405,51.8351],[17.3216,51.8427],[17.3189,51.8487],[17.2975,51.8466],[17.2912,51.8548],[17.295,51.8613],[17.3005,51.8609],[17.2997,51.8562],[17.3067,51.8605],[17.3231,51.8546],[17.3366,51.8635],[17.3159,51.8752],[17.3193,51.88],[17.3342,51.8808],[17.3368,51.8856]],[[17.6034,51.8206],[17.6046,51.8236],[17.6056,51.8258],[17.6041,51.8255],[17.6022,51.8209],[17.6034,51.8206]]]}},{"type":"Feature","properties":{"slug":"wolsztynski","name":"powiat wolsztyński","bdlUnitId":"023015929000","voivodeship":"wielkopolskie"},"geometry":{"type":"Polygon","coordinates":[[[16.4467,52.0336],[16.4505,52.0322],[16.4495,52.0227],[16.4657,52.0161],[16.4653,52.0083],[16.4525,52.0081],[16.4415,51.9899],[16.4335,51.9905],[16.4264,51.9737],[16.4068,51.9779],[16.4028,51.9751],[16.3924,51.9813],[16.3809,51.9771],[16.3827,51.9837],[16.3659,51.9844],[16.3813,51.9904],[16.3865,51.988],[16.3848,51.9845],[16.3929,51.986],[16.3842,51.9926],[16.3862,51.9952],[16.3537,51.9818],[16.3314,51.9866],[16.3152,51.9731],[16.3165,51.9599],[16.3078,51.9614],[16.2881,51.9458],[16.2809,51.9292],[16.2012,51.9424],[16.1706,51.9359],[16.1262,51.9339],[16.131,51.9404],[16.1257,51.942],[16.1306,51.9437],[16.1239,51.9514],[16.1373,51.9544],[16.1229,51.9931],[16.106,51.9968],[16.0606,51.9772],[16.0106,51.9814],[16.0031,51.9956],[15.988,52.0039],[15.9898,51.9965],[15.9719,51.9997],[15.965,52.0178],[15.9643,52.0339],[15.9944,52.0352],[15.9893,52.0457],[15.9917,52.0504],[16.0055,52.0543],[16.0028,52.058],[15.9892,52.0611],[15.986,52.07],[15.9698,52.0754],[15.9674,52.082],[15.9461,52.0877],[15.9324,52.0876],[15.9243,52.0675],[15.8778,52.088],[15.8603,52.0865],[15.8333,52.1111],[15.8495,52.1135],[15.8568,52.124],[15.875,52.1305],[15.8831,52.1628],[15.8584,52.169],[15.861,52.1828],[15.8901,52.1831],[15.8907,52.19],[15.908,52.1999],[15.9472,52.1992],[15.9463,52.2101],[15.9542,52.2163],[15.9846,52.2126],[16.0004,52.2169],[15.9963,52.232],[16.0426,52.2306],[16.0547,52.2467],[16.0725,52.2437],[16.0841,52.2357],[16.0795,52.2286],[16.0835,52.2173],[16.0756,52.2081],[16.0834,52.2052],[16.0854,52.1934],[16.0707,52.1924],[16.0748,52.1892],[16.0631,52.1797],[16.0832,52.1827],[16.0874,52.1758],[16.0737,52.1684],[16.1079,52.1616],[16.1159,52.1728],[16.1172,52.1679],[16.1262,52.1724],[16.1452,52.1716],[16.148,52.1762],[16.1692,52.1749],[16.1632,52.1735],[16.1715,52.1674],[16.1642,52.1644],[16.1741,52.1612],[16.1542,52.1622],[16.1512,52.1594],[16.1557,52.1574],[16.1542,52.1535],[16.1473,52.1516],[16.1499,52.1476],[16.1705,52.1394],[16.1801,52.1237],[16.1907,52.1203],[16.1922,52.1128],[16.2151,52.1218],[16.2038,52.1095],[16.2143,52.1023],[16.2146,52.0943],[16.2517,52.0995],[16.2832,52.0579],[16.3405,52.0841],[16.3465,52.0777],[16.3579,52.0793],[16.3619,52.0744],[16.3714,52.0744],[16.3767,52.0546],[16.431,52.0419],[16.4467,52.0336]]]}},{"type":"Feature","properties":{"slug":"sandomierski","name":"powiat sandomierski","bdlUnitId":"052615309000","voivodeship":"świętokrzyskie"},"geometry":{"type":"Polygon","coordinates":[[[21.8358,50.8783],[21.8479,50.86],[21.8423,50.8402],[21.8665,50.8221],[21.8691,50.8148],[21.8585,50.7809],[21.8406,50.7601],[21.8432,50.7372],[21.8278,50.7165],[21.8235,50.6947],[21.8101,50.686],[21.7863,50.68],[21.7938,50.6757],[21.7787,50.6585],[21.7801,50.6455],[21.7612,50.648],[21.7598,50.6549],[21.7483,50.6552],[21.7334,50.6416],[21.7226,50.6454],[21.7105,50.6298],[21.6713,50.6069],[21.6575,50.573],[21.6012,50.5197],[21.5881,50.517],[21.5571,50.521],[21.5178,50.5093],[21.5099,50.5223],[21.4847,50.53],[21.4747,50.5394],[21.4719,50.5446],[21.478,50.5517],[21.4681,50.5547],[21.4739,50.56],[21.4505,50.5623],[21.4455,50.565],[21.4502,50.5733],[21.427,50.5798],[21.4142,50.5924],[21.4032,50.5911],[21.3944,50.6088],[21.4171,50.6144],[21.4083,50.6209],[21.3936,50.6217],[21.389,50.6283],[21.3941,50.6354],[21.4081,50.6405],[21.3945,50.6385],[21.3928,50.6463],[21.3985,50.6506],[21.3517,50.6578],[21.3566,50.6604],[21.3547,50.6695],[21.3603,50.6711],[21.3492,50.6776],[21.3542,50.6944],[21.3869,50.6902],[21.3994,50.6988],[21.4067,50.6985],[21.4125,50.7077],[21.4357,50.6971],[21.4453,50.6982],[21.4475,50.7069],[21.4654,50.7034],[21.4764,50.7113],[21.4898,50.7054],[21.517,50.6799],[21.5246,50.6906],[21.541,50.6972],[21.5337,50.7128],[21.5394,50.7241],[21.548,50.7229],[21.556,50.7315],[21.5656,50.7319],[21.5664,50.727],[21.5881,50.7339],[21.5566,50.7534],[21.5518,50.7598],[21.5555,50.7641],[21.5759,50.7696],[21.5952,50.7651],[21.5991,50.7836],[21.6035,50.7821],[21.6229,50.7961],[21.6732,50.7812],[21.6779,50.7733],[21.7166,50.7793],[21.7247,50.7877],[21.7232,50.7974],[21.7312,50.7974],[21.7324,50.8037],[21.7184,50.8071],[21.721,50.8208],[21.7097,50.8322],[21.7116,50.8421],[21.7187,50.8454],[21.7323,50.8388],[21.7349,50.8468],[21.748,50.8454],[21.7699,50.8571],[21.7594,50.8615],[21.7526,50.874],[21.7562,50.8787],[21.7989,50.8703],[21.812,50.8731],[21.8165,50.8809],[21.8242,50.8758],[21.8358,50.8783]]]}},{"type":"Feature","properties":{"slug":"szczecinecki","name":"powiat szczecinecki","bdlUnitId":"023216415000","voivodeship":"zachodniopomorskie"},"geometry":{"type":"Polygon","coordinates":[[[16.7928,53.9856],[16.7878,53.9802],[16.8134,53.9792],[16.8132,53.9838],[16.8025,53.9872],[16.8072,53.9875],[16.8034,53.9943],[16.818,54.0009],[16.8151,54.0048],[16.8251,54.0042],[16.8286,53.9952],[16.8423,53.9979],[16.847,53.9839],[16.8746,53.977],[16.88,53.9637],[16.876,53.9521],[16.8587,53.9469],[16.8725,53.9461],[16.8765,53.9402],[16.9087,53.9253],[16.922,53.9254],[16.9349,53.9142],[16.9506,53.9123],[16.9552,53.9068],[16.9821,53.9049],[16.9765,53.8796],[16.9505,53.8792],[16.9547,53.8747],[16.9017,53.8743],[16.8925,53.8788],[16.8958,53.8728],[16.8724,53.8687],[16.8715,53.8586],[16.8608,53.8523],[16.87,53.8505],[16.8741,53.8362],[16.8685,53.8341],[16.8728,53.8296],[16.9104,53.8199],[16.9069,53.8131],[16.9095,53.8018],[16.9181,53.7981],[16.9376,53.8019],[16.9403,53.8067],[16.9482,53.8052],[16.9307,53.7772],[16.9007,53.761],[16.8577,53.7471],[16.8773,53.7191],[16.8803,53.6884],[16.8922,53.6559],[16.8696,53.6477],[16.8665,53.6503],[16.8537,53.6387],[16.8553,53.6323],[16.8491,53.6272],[16.8408,53.6264],[16.8261,53.6434],[16.8132,53.64],[16.8138,53.6308],[16.7582,53.6241],[16.7629,53.6181],[16.7495,53.6009],[16.7406,53.5988],[16.7439,53.596],[16.738,53.5885],[16.7464,53.5757],[16.7402,53.5668],[16.7278,53.5673],[16.7272,53.5551],[16.7192,53.5455],[16.717,53.5336],[16.7298,53.5292],[16.7206,53.5262],[16.7219,53.5222],[16.706,53.5149],[16.6954,53.5181],[16.646,53.4847],[16.5844,53.4837],[16.5803,53.4787],[16.5322,53.4783],[16.4901,53.4703],[16.4542,53.4885],[16.4579,53.4944],[16.447,53.5026],[16.4572,53.5084],[16.4428,53.516],[16.4383,53.5258],[16.4104,53.5254],[16.4085,53.5299],[16.414,53.5348],[16.4172,53.5507],[16.4069,53.5532],[16.4033,53.5619],[16.3973,53.5577],[16.3789,53.5616],[16.3596,53.5542],[16.3397,53.5706],[16.3149,53.5696],[16.3152,53.5765],[16.3212,53.5813],[16.3033,53.5908],[16.3079,53.5998],[16.3049,53.6094],[16.2869,53.6077],[16.2901,53.6108],[16.2716,53.612],[16.2632,53.6174],[16.2927,53.6238],[16.3019,53.6305],[16.2947,53.6343],[16.3022,53.6381],[16.2952,53.6446],[16.2864,53.6442],[16.2793,53.6564],[16.2823,53.6621],[16.2543,53.6726],[16.2343,53.6912],[16.2502,53.6951],[16.2485,53.7072],[16.2659,53.7167],[16.268,53.7241],[16.2456,53.7505],[16.2153,53.7546],[16.2192,53.757],[16.2144,53.7607],[16.226,53.7655],[16.2323,53.7776],[16.2254,53.7909],[16.2025,53.8028],[16.2054,53.8152],[16.2123,53.8179],[16.1985,53.8212],[16.2018,53.8268],[16.1971,53.8322],[16.2075,53.8331],[16.2171,53.8407],[16.2551,53.8429],[16.2637,53.8569],[16.2736,53.8589],[16.2647,53.8709],[16.3264,53.877],[16.338,53.8859],[16.3345,53.8889],[16.3411,53.9005],[16.3661,53.9168],[16.3867,53.9094],[16.4147,53.9086],[16.4278,53.9004],[16.4778,53.9098],[16.4993,53.9078],[16.525,53.9027],[16.5331,53.8978],[16.5363,53.8882],[16.5582,53.8941],[16.5768,53.8854],[16.5884,53.8918],[16.587,53.8961],[16.5944,53.8974],[16.5908,53.8992],[16.594,53.9039],[16.6158,53.9064],[16.6211,53.9006],[16.6341,53.8995],[16.6635,53.9092],[16.6807,53.8894],[16.7331,53.8903],[16.7362,53.8973],[16.7168,53.9048],[16.71,53.9136],[16.7101,53.9188],[16.7273,53.9233],[16.7145,53.9386],[16.7111,53.9365],[16.6903,53.9499],[16.7623,53.9662],[16.7509,53.976],[16.7589,53.9775],[16.7592,53.9851],[16.7631,53.9854],[16.7583,53.9887],[16.7606,53.9927],[16.7691,53.988],[16.7876,53.99],[16.7928,53.9856]]]}},{"type":"Feature","properties":{"slug":"swidwinski","name":"powiat świdwiński","bdlUnitId":"023216416000","voivodeship":"zachodniopomorskie"},"geometry":{"type":"Polygon","coordinates":[[[15.5604,53.8069],[15.5547,53.8196],[15.5631,53.8287],[15.563,53.8352],[15.5554,53.848],[15.5356,53.857],[15.5419,53.8667],[15.5312,53.8717],[15.5291,53.8903],[15.5416,53.8855],[15.5637,53.8864],[15.5494,53.9033],[15.5532,53.9093],[15.5744,53.9168],[15.5875,53.9334],[15.63,53.9459],[15.6451,53.9643],[15.6706,53.9635],[15.6733,53.9704],[15.7058,53.9546],[15.7224,53.96],[15.7186,53.9623],[15.7248,53.965],[15.7317,53.9591],[15.7643,53.9533],[15.7544,53.9427],[15.7616,53.9344],[15.7956,53.937],[15.8153,53.9323],[15.7783,53.9114],[15.7863,53.8959],[15.7795,53.8934],[15.7869,53.8906],[15.8075,53.898],[15.7978,53.9032],[15.8152,53.9076],[15.8217,53.8986],[15.8463,53.8987],[15.8576,53.8862],[15.8649,53.8949],[15.8593,53.9048],[15.8599,53.9102],[15.8672,53.9129],[15.8645,53.9159],[15.8853,53.916],[15.9049,53.9226],[15.9128,53.9215],[15.9123,53.9137],[15.9415,53.912],[15.9567,53.9181],[15.9819,53.9101],[15.9881,53.9013],[16.013,53.9019],[16.0296,53.8921],[16.0448,53.8737],[16.0553,53.8745],[16.0463,53.8806],[16.0658,53.8955],[16.065,53.9009],[16.0905,53.898],[16.0969,53.8866],[16.1104,53.8856],[16.1152,53.8804],[16.1208,53.8834],[16.144,53.8785],[16.1444,53.855],[16.154,53.8435],[16.1543,53.8345],[16.1437,53.8229],[16.1676,53.8081],[16.185,53.8111],[16.1832,53.8203],[16.1938,53.8249],[16.2105,53.8205],[16.2025,53.8028],[16.2269,53.7895],[16.2326,53.7739],[16.2227,53.7627],[16.2144,53.7607],[16.2192,53.757],[16.2153,53.7546],[16.2456,53.7505],[16.268,53.7232],[16.2574,53.7097],[16.2485,53.7072],[16.2486,53.6941],[16.2033,53.6936],[16.1956,53.69],[16.1973,53.6864],[16.1816,53.6844],[16.1585,53.6717],[16.146,53.6734],[16.1361,53.681],[16.1229,53.6735],[16.129,53.6716],[16.1274,53.6688],[16.1201,53.6683],[16.1024,53.6795],[16.0978,53.6778],[16.1019,53.6846],[16.0982,53.6913],[16.0668,53.6914],[16.0585,53.6835],[16.045,53.6799],[16.0397,53.6701],[16.0232,53.6591],[16.0438,53.657],[16.0304,53.6447],[16.026,53.6465],[16.0296,53.6519],[16.0185,53.648],[16.0254,53.6545],[16.0028,53.6588],[16.0056,53.6655],[15.9956,53.6717],[15.9677,53.6713],[15.9431,53.6786],[15.9327,53.672],[15.9364,53.6676],[15.9286,53.6598],[15.9202,53.6637],[15.9232,53.6624],[15.9196,53.6581],[15.9241,53.659],[15.9271,53.6531],[15.919,53.6492],[15.9216,53.6463],[15.8987,53.6461],[15.8924,53.6527],[15.8533,53.6534],[15.852,53.6628],[15.8317,53.6774],[15.8144,53.6777],[15.8155,53.6737],[15.8061,53.6655],[15.7837,53.6607],[15.76,53.6658],[15.7519,53.676],[15.7362,53.6803],[15.7282,53.6776],[15.7217,53.6833],[15.6811,53.6949],[15.6838,53.6989],[15.6775,53.7101],[15.6599,53.7188],[15.6627,53.7237],[15.6443,53.7308],[15.6456,53.7346],[15.6264,53.7502],[15.5968,53.7581],[15.5889,53.7722],[15.5655,53.7927],[15.5677,53.7973],[15.5604,53.8069]]]}},{"type":"Feature","properties":{"slug":"piski","name":"powiat piski","bdlUnitId":"042815516000","voivodeship":"warmińsko-mazurskie"},"geometry":{"type":"Polygon","coordinates":[[[21.613,53.4808],[21.5517,53.4781],[21.55,53.486],[21.5302,53.4929],[21.529,53.4881],[21.5057,53.4936],[21.4818,53.4922],[21.4752,53.5054],[21.4709,53.5028],[21.4657,53.5103],[21.456,53.5093],[21.4374,53.5618],[21.4405,53.5628],[21.4367,53.5638],[21.4229,53.6032],[21.41,53.6078],[21.4216,53.6382],[21.476,53.632],[21.4809,53.6535],[21.4628,53.6525],[21.4718,53.6664],[21.4578,53.6934],[21.4647,53.6984],[21.4662,53.7081],[21.4586,53.7086],[21.4622,53.7219],[21.4828,53.7206],[21.484,53.7259],[21.5195,53.7236],[21.522,53.7302],[21.5111,53.7455],[21.5174,53.7524],[21.5201,53.743],[21.523,53.747],[21.5416,53.7464],[21.5348,53.7417],[21.5463,53.7448],[21.5657,53.7341],[21.5992,53.7576],[21.6201,53.7648],[21.6308,53.7576],[21.6298,53.75],[21.6419,53.7435],[21.6483,53.732],[21.6802,53.7223],[21.7196,53.7959],[21.7048,53.799],[21.6897,53.7957],[21.6875,53.8017],[21.6941,53.8025],[21.6985,53.8211],[21.733,53.825],[21.7283,53.8353],[21.7329,53.837],[21.734,53.8449],[21.7111,53.8632],[21.7438,53.8919],[21.7969,53.8839],[21.7958,53.8878],[21.8093,53.8922],[21.8506,53.8801],[21.863,53.8836],[21.8619,53.8896],[21.8735,53.9026],[21.8731,53.8868],[21.8984,53.8928],[21.9495,53.8588],[21.9643,53.8605],[21.986,53.8708],[22.0015,53.8659],[22.0085,53.8789],[22.0241,53.8781],[22.0442,53.859],[22.0605,53.8589],[22.0538,53.8517],[22.0392,53.8574],[22.0274,53.8537],[22.0239,53.8444],[22.0375,53.8423],[22.0402,53.8352],[22.081,53.8482],[22.0863,53.846],[22.0725,53.845],[22.0605,53.8368],[22.1024,53.8351],[22.0997,53.8319],[22.1181,53.8255],[22.1274,53.8296],[22.1282,53.8259],[22.1194,53.8229],[22.1245,53.8201],[22.1235,53.8154],[22.1292,53.8187],[22.1395,53.816],[22.1172,53.7996],[22.132,53.792],[22.1173,53.7911],[22.13,53.7847],[22.1484,53.7878],[22.1577,53.7743],[22.1807,53.77],[22.1744,53.763],[22.1927,53.7629],[22.1983,53.7392],[22.215,53.7401],[22.2141,53.7301],[22.2201,53.7284],[22.2229,53.7113],[22.227,53.7095],[22.222,53.7028],[22.2138,53.7074],[22.2042,53.7051],[22.195,53.6956],[22.1898,53.7004],[22.184,53.699],[22.1861,53.6939],[22.1747,53.6698],[22.204,53.6638],[22.2044,53.6572],[22.2175,53.653],[22.2444,53.6495],[22.2582,53.642],[22.2685,53.6431],[22.2731,53.6351],[22.2886,53.6351],[22.3056,53.6268],[22.2808,53.6217],[22.272,53.6106],[22.1747,53.5578],[22.101,53.5333],[22.0754,53.5358],[22.054,53.5275],[22.0307,53.4971],[22.02,53.4973],[22.0097,53.5136],[21.9899,53.5221],[21.9526,53.5094],[21.9235,53.5085],[21.902,53.4932],[21.8976,53.4739],[21.8811,53.4613],[21.8411,53.4613],[21.7906,53.4793],[21.6867,53.4928],[21.6479,53.4812],[21.613,53.4808]]]}},{"type":"Feature","properties":{"slug":"braniewski","name":"powiat braniewski","bdlUnitId":"042815402000","voivodeship":"warmińsko-mazurskie"},"geometry":{"type":"Polygon","coordinates":[[[19.6357,54.3922],[19.6487,54.4533],[20.3135,54.4022],[20.3291,54.3941],[20.3234,54.388],[20.3354,54.3716],[20.3339,54.3674],[20.3021,54.3464],[20.2903,54.3421],[20.2704,54.3439],[20.2649,54.3397],[20.2773,54.3411],[20.2734,54.3347],[20.2784,54.3338],[20.2674,54.3134],[20.273,54.3116],[20.2685,54.3037],[20.2786,54.305],[20.261,54.275],[20.3091,54.2713],[20.3475,54.2582],[20.3883,54.2356],[20.3936,54.2219],[20.372,54.2196],[20.3719,54.2263],[20.3285,54.2287],[20.3271,54.2159],[20.3398,54.2159],[20.3395,54.2054],[20.3327,54.1873],[20.3188,54.1875],[20.3177,54.1811],[20.2841,54.1864],[20.2861,54.1917],[20.2802,54.1946],[20.2712,54.191],[20.2734,54.1841],[20.2683,54.1824],[20.2204,54.195],[20.196,54.1888],[20.1859,54.2023],[20.1153,54.1929],[20.1279,54.17],[20.1053,54.1664],[20.1037,54.1625],[20.0968,54.1676],[20.1,54.1726],[20.0867,54.1781],[20.0891,54.185],[20.0561,54.1782],[20.0622,54.1718],[20.0302,54.1731],[20.0364,54.1759],[20.0343,54.1852],[20.0212,54.1882],[20.0193,54.1958],[20.0103,54.1993],[19.9972,54.1939],[20.0047,54.1898],[20.0016,54.1872],[20.0052,54.1838],[19.9974,54.1786],[19.9923,54.1828],[19.9911,54.1774],[19.9644,54.1811],[19.9531,54.1761],[19.9564,54.1721],[19.9475,54.1707],[19.9539,54.1658],[19.9442,54.1644],[19.9529,54.1605],[19.944,54.1503],[19.9505,54.1473],[19.9466,54.1438],[19.9496,54.1387],[19.9749,54.1399],[19.9791,54.1338],[19.9319,54.1262],[19.9276,54.1293],[19.9142,54.1229],[19.9139,54.1171],[19.8929,54.1191],[19.8982,54.1245],[19.8873,54.1263],[19.8726,54.123],[19.8727,54.118],[19.8557,54.1235],[19.8426,54.1211],[19.8319,54.1069],[19.8157,54.1093],[19.8009,54.1024],[19.7871,54.1041],[19.7867,54.1108],[19.7747,54.1157],[19.754,54.1056],[19.7512,54.117],[19.7394,54.1191],[19.7383,54.1239],[19.7188,54.124],[19.7241,54.1319],[19.7473,54.1329],[19.741,54.1375],[19.7476,54.1431],[19.7383,54.1458],[19.7535,54.1499],[19.7611,54.146],[19.761,54.1525],[19.7735,54.148],[19.7865,54.1529],[19.7896,54.1489],[19.7949,54.1566],[19.8059,54.1551],[19.8142,54.1631],[19.8134,54.1696],[19.784,54.174],[19.7801,54.196],[19.7842,54.1962],[19.7827,54.2064],[19.7758,54.207],[19.7776,54.2219],[19.7696,54.2218],[19.781,54.2256],[19.7775,54.2398],[19.7814,54.2457],[19.7684,54.2485],[19.7683,54.2534],[19.747,54.2529],[19.7514,54.261],[19.7414,54.2649],[19.7043,54.2696],[19.68,54.2648],[19.6745,54.2775],[19.6488,54.2768],[19.6478,54.2887],[19.642,54.2941],[19.6191,54.302],[19.6369,54.3276],[19.6239,54.3371],[19.6357,54.3922]]]}},{"type":"Feature","properties":{"slug":"kamienski","name":"powiat kamieński","bdlUnitId":"023216607000","voivodeship":"zachodniopomorskie"},"geometry":{"type":"Polygon","coordinates":[[[14.8958,54.0546],[14.9011,54.0447],[14.926,54.0475],[14.9246,54.0416],[14.9296,54.0392],[14.954,54.0403],[14.9613,54.048],[14.9707,54.0339],[14.983,54.0274],[14.9673,54.0186],[14.9709,54.0146],[14.9654,54.0139],[14.9707,54.0124],[14.9656,54.0092],[14.9674,54.0054],[14.972,54.0075],[14.9697,54.0053],[14.9792,54.0007],[14.9928,54.0055],[15.0062,54.0013],[15.0087,53.9927],[15.0361,53.9792],[15.0427,53.9662],[15.0597,53.966],[15.0548,53.9445],[15.0747,53.9348],[15.0768,53.9293],[15.0582,53.9314],[15.0269,53.924],[15.0213,53.9163],[15.0552,53.9027],[15.061,53.8929],[15.05,53.8886],[15.0412,53.8778],[15.0554,53.8495],[15.0501,53.85],[15.0388,53.8373],[15.0641,53.8217],[15.0538,53.8203],[15.0614,53.819],[15.0588,53.8152],[15.0967,53.8127],[15.0958,53.7991],[15.084,53.7988],[15.0805,53.789],[15.0725,53.7851],[15.0109,53.7865],[14.9627,53.7678],[14.9635,53.7736],[14.9463,53.7778],[14.9397,53.79],[14.9294,53.794],[14.9303,53.7989],[14.914,53.8092],[14.9015,53.805],[14.8953,53.8139],[14.8778,53.8103],[14.8649,53.8177],[14.8592,53.8049],[14.8382,53.7908],[14.8224,53.7938],[14.805,53.811],[14.7553,53.8036],[14.748,53.8159],[14.737,53.8169],[14.7374,53.8102],[14.7281,53.8122],[14.7236,53.786],[14.6987,53.7839],[14.7004,53.7756],[14.6624,53.7673],[14.6405,53.7756],[14.6165,53.771],[14.5972,53.7967],[14.5787,53.7872],[14.543,53.7808],[14.4409,53.7726],[14.4204,53.864],[14.408,53.8946],[14.4132,53.8986],[14.4031,53.8989],[14.3917,53.916],[14.4488,53.9336],[14.503,53.9646],[14.6683,54.003],[14.7261,54.0244],[14.8958,54.0546]]]}},{"type":"Feature","properties":{"slug":"trzebnicki","name":"powiat trzebnicki","bdlUnitId":"030210420000","voivodeship":"dolnośląskie"},"geometry":{"type":"Polygon","coordinates":[[[16.9051,51.2095],[16.9047,51.2145],[16.8898,51.2207],[16.8819,51.2302],[16.8484,51.2417],[16.8418,51.2511],[16.8283,51.2497],[16.8201,51.2584],[16.8006,51.2587],[16.8068,51.2652],[16.8118,51.2635],[16.8069,51.2672],[16.8123,51.2938],[16.8063,51.2942],[16.7995,51.3029],[16.8107,51.3036],[16.8119,51.3155],[16.8008,51.316],[16.8081,51.3347],[16.7937,51.3435],[16.7774,51.3438],[16.7915,51.3556],[16.798,51.3547],[16.7752,51.362],[16.8003,51.3892],[16.785,51.3972],[16.7881,51.4011],[16.7677,51.4037],[16.7922,51.4104],[16.797,51.4164],[16.7984,51.4208],[16.7891,51.4251],[16.7936,51.4291],[16.7896,51.4348],[16.7981,51.44],[16.7967,51.4561],[16.7839,51.4713],[16.7591,51.4703],[16.7657,51.4796],[16.7642,51.4854],[16.7765,51.4903],[16.7784,51.4963],[16.7606,51.5053],[16.7675,51.5107],[16.7862,51.5049],[16.8208,51.513],[16.8148,51.5225],[16.7992,51.5228],[16.7917,51.5287],[16.824,51.573],[16.8536,51.5803],[16.8873,51.581],[16.9279,51.5524],[16.9588,51.5524],[16.9646,51.5492],[16.9624,51.5447],[16.9719,51.5436],[16.9817,51.5509],[16.9906,51.55],[16.9895,51.542],[17.0002,51.5382],[17.0029,51.53],[17.036,51.5337],[17.0402,51.5282],[17.057,51.5303],[17.0626,51.5357],[17.0815,51.5064],[17.087,51.5074],[17.1,51.4959],[17.0984,51.4837],[17.1103,51.4698],[17.0919,51.4606],[17.1576,51.47],[17.1124,51.4481],[17.1327,51.4407],[17.122,51.4367],[17.1305,51.4317],[17.1539,51.4278],[17.169,51.416],[17.2157,51.4095],[17.2213,51.4043],[17.216,51.397],[17.2298,51.3927],[17.2626,51.3983],[17.2693,51.3926],[17.2823,51.3948],[17.2801,51.3871],[17.3136,51.3958],[17.3159,51.3826],[17.3302,51.3832],[17.3406,51.3769],[17.3401,51.3729],[17.3147,51.3715],[17.3196,51.365],[17.3147,51.353],[17.2995,51.3437],[17.2879,51.3423],[17.2615,51.3544],[17.2492,51.3479],[17.2617,51.3356],[17.2555,51.3102],[17.2687,51.304],[17.2548,51.2976],[17.252,51.2912],[17.265,51.2855],[17.2513,51.277],[17.2498,51.2705],[17.2421,51.267],[17.2142,51.2748],[17.2014,51.2665],[17.1939,51.2755],[17.1818,51.2756],[17.1783,51.2519],[17.1731,51.2521],[17.1732,51.2451],[17.1596,51.2435],[17.1576,51.2396],[17.1454,51.2417],[17.1475,51.2439],[17.1332,51.2538],[17.1245,51.2558],[17.1187,51.2433],[17.0923,51.2491],[17.0867,51.241],[17.0783,51.2402],[17.0728,51.2329],[17.0796,51.2236],[17.0869,51.2237],[17.0808,51.221],[17.0875,51.2143],[17.0929,51.1946],[17.0983,51.194],[17.1003,51.1759],[17.0801,51.1752],[17.0784,51.1628],[17.0277,51.1753],[17.0225,51.1859],[17.0146,51.1876],[17.0149,51.1826],[16.9999,51.1818],[17.0009,51.1975],[16.9902,51.2029],[16.958,51.2094],[16.9219,51.1967],[16.9051,51.2095]]]}},{"type":"Feature","properties":{"slug":"bydgoski","name":"powiat bydgoski","bdlUnitId":"040410603000","voivodeship":"kujawsko-pomorskie"},"geometry":{"type":"Polygon","coordinates":[[[18.3669,52.9869],[18.339,52.9853],[18.3409,52.9809],[18.3118,52.9704],[18.3075,52.9709],[18.312,52.9777],[18.3069,52.991],[18.2919,52.9882],[18.296,52.981],[18.2541,52.9801],[18.2286,52.9848],[18.2286,52.9777],[18.244,52.9741],[18.2569,52.9586],[18.2534,52.9548],[18.2243,52.9532],[18.218,52.946],[18.1756,52.9426],[18.1708,52.9485],[18.1578,52.9448],[18.1586,52.9498],[18.1493,52.9513],[18.1379,52.9498],[18.136,52.9441],[18.1287,52.9417],[18.1017,52.9428],[18.0977,52.9486],[18.0824,52.9481],[18.0814,52.9578],[18.0793,52.9538],[18.0658,52.9575],[18.0691,52.962],[18.0473,52.9711],[18.0524,52.9736],[18.0088,52.9628],[18.0035,52.9769],[17.9955,52.9825],[17.9847,52.9825],[17.9854,52.9934],[17.9735,52.9933],[17.9693,53.0008],[17.9812,53.0077],[17.9763,53.0192],[17.9629,53.0203],[17.9608,53.0357],[17.9527,53.0337],[17.9391,53.0386],[17.8942,53.033],[17.8463,53.0671],[17.8369,53.0948],[17.8113,53.099],[17.7935,53.095],[17.7786,53.0999],[17.7899,53.1301],[17.784,53.1395],[17.744,53.1423],[17.7449,53.1571],[17.7566,53.1643],[17.7536,53.1759],[17.7452,53.175],[17.7468,53.1813],[17.7377,53.1798],[17.7146,53.1876],[17.7152,53.192],[17.7093,53.1914],[17.7099,53.2116],[17.6857,53.2116],[17.669,53.2283],[17.6974,53.239],[17.687,53.2402],[17.6847,53.246],[17.6973,53.2481],[17.695,53.277],[17.7069,53.2841],[17.703,53.2867],[17.7118,53.2857],[17.7064,53.2985],[17.7255,53.3061],[17.7329,53.3225],[17.7308,53.3352],[17.6913,53.3335],[17.6873,53.3416],[17.6902,53.3481],[17.7095,53.3604],[17.7061,53.3716],[17.7197,53.3839],[17.7396,53.3909],[17.7375,53.3969],[17.7707,53.4023],[17.7695,53.4332],[17.7864,53.4279],[17.8159,53.4322],[17.8489,53.4159],[17.8607,53.4214],[17.8783,53.4206],[17.8797,53.429],[17.8912,53.429],[17.8912,53.4369],[17.9038,53.4369],[17.9143,53.444],[17.9087,53.4366],[17.918,53.4375],[17.9187,53.4425],[17.9182,53.4388],[17.9323,53.4301],[17.932,53.4212],[17.943,53.4158],[17.9398,53.4106],[17.9482,53.4111],[17.9727,53.3819],[17.9855,53.3896],[18.0343,53.3936],[18.063,53.3831],[18.0649,53.3787],[18.0596,53.3721],[18.0655,53.3703],[18.0605,53.3639],[18.0396,53.3618],[18.0618,53.3541],[18.0503,53.3463],[18.0534,53.3412],[18.0493,53.3346],[18.0577,53.3407],[18.083,53.3386],[18.0906,53.3456],[18.1064,53.3447],[18.1328,53.3154],[18.1541,53.3108],[18.1621,53.315],[18.1658,53.309],[18.1589,53.3077],[18.1718,53.2979],[18.1796,53.2974],[18.1856,53.2782],[18.2342,53.2738],[18.2407,53.2694],[18.2762,53.274],[18.2608,53.2612],[18.2797,53.2531],[18.2672,53.2444],[18.2983,53.2458],[18.3134,53.2403],[18.3183,53.2228],[18.3489,53.2103],[18.3532,53.1941],[18.346,53.1757],[18.3495,53.1698],[18.3387,53.1664],[18.3425,53.1568],[18.3169,53.1631],[18.3034,53.1542],[18.3137,53.1444],[18.3005,53.1256],[18.2645,53.1183],[18.2719,53.1249],[18.2732,53.1335],[18.2579,53.1317],[18.2365,53.1273],[18.1868,53.1063],[18.172,53.105],[18.1535,53.1105],[18.1449,53.1036],[18.1353,53.1145],[18.1424,53.1306],[18.19,53.1517],[18.2003,53.164],[18.2023,53.1754],[18.1922,53.1994],[18.1797,53.2008],[18.1794,53.185],[18.1634,53.1844],[18.1647,53.1762],[18.1345,53.178],[18.1188,53.1673],[18.0925,53.1697],[18.0898,53.1641],[18.0728,53.1622],[18.0741,53.1683],[18.0672,53.1724],[17.9954,53.1797],[17.9919,53.1661],[17.975,53.1677],[17.9787,53.1814],[17.9737,53.1845],[17.9846,53.2034],[17.9732,53.2093],[17.9343,53.2023],[17.9404,53.2005],[17.949,53.1792],[17.9473,53.1719],[17.9585,53.1505],[17.943,53.1468],[17.9468,53.1402],[17.9206,53.1476],[17.9167,53.1555],[17.9258,53.1593],[17.9212,53.1646],[17.9077,53.1639],[17.8977,53.1521],[17.8772,53.1511],[17.8742,53.142],[17.8878,53.1429],[17.8895,53.1312],[17.9005,53.1268],[17.9149,53.1325],[17.932,53.1253],[17.9403,53.1273],[17.9439,53.1189],[17.9514,53.1188],[17.9489,53.0995],[17.9608,53.095],[17.9712,53.0986],[18.0279,53.0951],[18.0267,53.0907],[18.0341,53.09],[18.0464,53.0773],[18.0398,53.0501],[18.1112,53.0651],[18.1087,53.0549],[18.1364,53.052],[18.1402,53.0855],[18.1505,53.0958],[18.1468,53.0983],[18.2175,53.0913],[18.2212,53.0903],[18.2188,53.0873],[18.2409,53.0838],[18.2604,53.0868],[18.2983,53.0812],[18.4074,53.0395],[18.38,53.0175],[18.3775,52.9934],[18.3669,52.9869]]]}},{"type":"Feature","properties":{"slug":"olawski","name":"powiat oławski","bdlUnitId":"030210415000","voivodeship":"dolnośląskie"},"geometry":{"type":"Polygon","coordinates":[[[17.376,51.1037],[17.3927,51.1034],[17.3941,51.0983],[17.4237,51.0979],[17.4218,51.0954],[17.4338,51.0895],[17.4219,51.0782],[17.432,51.0677],[17.4969,51.059],[17.5255,51.0491],[17.5349,51.0432],[17.5189,51.0254],[17.5143,51.0116],[17.5243,51.0041],[17.5437,50.9998],[17.5384,50.9892],[17.5181,50.9872],[17.4992,50.9927],[17.4907,50.9882],[17.5149,50.9797],[17.5094,50.9694],[17.5016,50.9756],[17.4691,50.9719],[17.464,50.9783],[17.4314,50.9671],[17.4309,50.9459],[17.4395,50.9368],[17.4297,50.9238],[17.4364,50.917],[17.4272,50.9106],[17.4075,50.9107],[17.4002,50.9201],[17.3694,50.9257],[17.3704,50.9182],[17.3525,50.9007],[17.3979,50.8893],[17.3939,50.8878],[17.3951,50.8755],[17.3851,50.8756],[17.3842,50.862],[17.3282,50.8506],[17.3427,50.8275],[17.2813,50.8175],[17.2905,50.8227],[17.278,50.8334],[17.2712,50.832],[17.2451,50.8478],[17.2401,50.8641],[17.2318,50.8649],[17.2264,50.8577],[17.2045,50.877],[17.2002,50.8554],[17.1905,50.8599],[17.1639,50.8601],[17.152,50.8671],[17.1444,50.8501],[17.1366,50.8538],[17.1234,50.8406],[17.1104,50.8481],[17.1117,50.8597],[17.1001,50.8641],[17.0982,50.8721],[17.0859,50.8764],[17.0874,50.8845],[17.0709,50.8871],[17.0756,50.8932],[17.0682,50.8977],[17.0694,50.9035],[17.0834,50.9037],[17.0762,50.9118],[17.0754,50.9212],[17.0801,50.9258],[17.1118,50.9198],[17.1153,50.9374],[17.1076,50.9388],[17.1036,50.9484],[17.1151,50.9615],[17.1383,50.9576],[17.1355,50.9649],[17.1601,50.9675],[17.1677,50.9889],[17.1974,51.0094],[17.2163,51.0053],[17.2448,51.0179],[17.2499,51.0161],[17.2594,51.0304],[17.2887,51.0149],[17.293,51.018],[17.2806,51.0315],[17.2945,51.0405],[17.2699,51.0516],[17.2843,51.0561],[17.2961,51.0663],[17.3212,51.064],[17.3259,51.0801],[17.3389,51.0915],[17.376,51.1037]]]}},{"type":"Feature","properties":{"slug":"sredzki-dolnoslaskie","name":"powiat średzki","bdlUnitId":"030210418000","voivodeship":"dolnośląskie"},"geometry":{"type":"Polygon","coordinates":[[[16.8006,51.2587],[16.8201,51.2584],[16.8283,51.2497],[16.8418,51.2511],[16.8484,51.2417],[16.8694,51.237],[16.9047,51.2145],[16.9051,51.2095],[16.8817,51.2025],[16.8887,51.1902],[16.9027,51.1876],[16.8939,51.1841],[16.8812,51.1877],[16.8745,51.1804],[16.855,51.1775],[16.8276,51.1836],[16.8233,51.1769],[16.8264,51.1751],[16.8211,51.1718],[16.8311,51.1577],[16.8254,51.1515],[16.8131,51.1503],[16.8073,51.1389],[16.8265,51.1413],[16.8171,51.1264],[16.8332,51.1243],[16.842,51.116],[16.8365,51.1172],[16.8203,51.1068],[16.8244,51.1021],[16.811,51.0934],[16.7842,51.1022],[16.7613,51.088],[16.7531,51.0887],[16.7497,51.0775],[16.7689,51.0755],[16.7585,51.055],[16.7388,51.0641],[16.7243,51.0633],[16.7139,51.0492],[16.7223,51.0411],[16.7102,51.0329],[16.6851,51.0293],[16.6842,51.0159],[16.661,51.0193],[16.6581,51.0123],[16.6478,51.0073],[16.6326,51.006],[16.6213,51.0129],[16.6082,51.0097],[16.6039,51.0014],[16.5957,51.0034],[16.5655,50.9961],[16.5572,50.9993],[16.5265,50.991],[16.4299,51.014],[16.4309,51.0078],[16.4131,51.0041],[16.4058,51.0096],[16.3807,51.0128],[16.3666,51.0259],[16.3455,51.0204],[16.3356,51.0254],[16.3429,51.0341],[16.3322,51.0463],[16.336,51.0473],[16.3317,51.0544],[16.3431,51.0562],[16.3445,51.0654],[16.3545,51.0705],[16.3735,51.0733],[16.3746,51.0634],[16.3937,51.0579],[16.4038,51.0624],[16.4053,51.0708],[16.4188,51.0709],[16.4253,51.0798],[16.4372,51.0758],[16.4505,51.0822],[16.4802,51.0859],[16.4713,51.0953],[16.475,51.1059],[16.4594,51.1113],[16.4418,51.1261],[16.4493,51.1322],[16.4429,51.1346],[16.4475,51.1427],[16.4544,51.1477],[16.4673,51.1477],[16.4637,51.158],[16.4468,51.1713],[16.4456,51.1789],[16.4546,51.1836],[16.467,51.203],[16.4662,51.2073],[16.4488,51.2121],[16.4528,51.2303],[16.4998,51.2262],[16.5347,51.2436],[16.5813,51.2489],[16.5976,51.2399],[16.6269,51.2514],[16.6406,51.246],[16.6761,51.2497],[16.6945,51.2412],[16.7277,51.2605],[16.7463,51.2566],[16.7622,51.2613],[16.8006,51.2587]]]}},{"type":"Feature","properties":{"slug":"legnicki","name":"powiat legnicki","bdlUnitId":"030210209000","voivodeship":"dolnośląskie"},"geometry":{"type":"Polygon","coordinates":[[[16.4157,51.2937],[16.4363,51.275],[16.4602,51.2702],[16.4645,51.2661],[16.4598,51.256],[16.4729,51.2499],[16.4703,51.2296],[16.4528,51.2303],[16.4488,51.2121],[16.4662,51.2073],[16.467,51.203],[16.4546,51.1836],[16.4456,51.1789],[16.4468,51.1713],[16.4637,51.158],[16.4673,51.1477],[16.4544,51.1477],[16.4475,51.1427],[16.4429,51.1346],[16.4493,51.1322],[16.4445,51.127],[16.4139,51.131],[16.4066,51.1251],[16.37,51.1357],[16.3776,51.1382],[16.3544,51.1451],[16.3563,51.1495],[16.3267,51.1448],[16.3036,51.1153],[16.2903,51.1091],[16.2786,51.1092],[16.2755,51.1142],[16.2687,51.1067],[16.249,51.1094],[16.2362,51.099],[16.2254,51.1068],[16.2233,51.1148],[16.2083,51.106],[16.195,51.1053],[16.1948,51.1227],[16.1525,51.1366],[16.1515,51.1317],[16.1371,51.1287],[16.1341,51.1119],[16.1251,51.108],[16.1076,51.1109],[16.0926,51.0994],[16.0699,51.106],[16.0675,51.1215],[16.043,51.1153],[16.0362,51.1433],[16.0249,51.1485],[16.0275,51.1555],[16.0174,51.1594],[16.0325,51.1654],[16.0318,51.1768],[16.0619,51.1951],[16.0519,51.214],[16.0631,51.2173],[16.045,51.2264],[16.0259,51.2212],[16.0154,51.2245],[15.9977,51.2194],[15.9807,51.2214],[15.9962,51.2061],[15.9527,51.2048],[15.9447,51.209],[15.9547,51.2118],[15.9511,51.2146],[15.9145,51.2245],[15.9281,51.2319],[15.9047,51.2462],[15.8859,51.2481],[15.8837,51.2524],[15.8721,51.2475],[15.8085,51.2622],[15.7983,51.2567],[15.805,51.2504],[15.8019,51.2445],[15.7793,51.2348],[15.7799,51.2312],[15.7578,51.2287],[15.7613,51.2227],[15.753,51.2186],[15.7527,51.2286],[15.7568,51.2318],[15.7424,51.2518],[15.7524,51.2588],[15.7472,51.263],[15.768,51.2689],[15.7693,51.2789],[15.7777,51.281],[15.7768,51.2871],[15.7898,51.2863],[15.7711,51.3012],[15.7718,51.3194],[15.8086,51.3454],[15.8128,51.3443],[15.8161,51.3535],[15.8263,51.3531],[15.8278,51.3619],[15.837,51.3701],[15.8328,51.372],[15.8351,51.3816],[15.8403,51.3836],[15.8761,51.3693],[15.8879,51.3714],[15.8937,51.3631],[15.9061,51.3634],[15.9267,51.3493],[15.9224,51.3445],[15.9374,51.3394],[15.9458,51.3375],[15.9537,51.3435],[15.9849,51.3371],[16.008,51.3263],[16.0134,51.3296],[16.0041,51.3179],[16.0167,51.307],[16.0142,51.3036],[16.0535,51.3011],[16.07,51.2915],[16.0769,51.2937],[16.0689,51.2984],[16.0708,51.3024],[16.0804,51.3026],[16.0888,51.2985],[16.0861,51.2904],[16.0956,51.2864],[16.1075,51.2905],[16.1287,51.289],[16.1298,51.2932],[16.1573,51.2931],[16.1903,51.279],[16.1897,51.2706],[16.1955,51.2717],[16.1961,51.2838],[16.2066,51.2933],[16.2109,51.2899],[16.2122,51.2954],[16.2317,51.2944],[16.2338,51.2897],[16.2588,51.2836],[16.274,51.2872],[16.2838,51.2962],[16.3084,51.2913],[16.3389,51.3126],[16.3272,51.3178],[16.341,51.3324],[16.3643,51.3223],[16.3878,51.3186],[16.3862,51.3115],[16.3952,51.3019],[16.408,51.3005],[16.4103,51.2939],[16.4157,51.2937]],[[16.1632,51.2416],[16.1582,51.236],[16.1451,51.2488],[16.1394,51.2472],[16.1506,51.2333],[16.1509,51.2242],[16.1328,51.2214],[16.1342,51.2128],[16.1229,51.2115],[16.1236,51.1994],[16.1273,51.1996],[16.0839,51.1804],[16.0994,51.18],[16.1089,51.1661],[16.1837,51.1607],[16.194,51.1779],[16.1903,51.178],[16.1953,51.1933],[16.2189,51.1884],[16.2302,51.1987],[16.2249,51.2034],[16.2289,51.2111],[16.2256,51.2137],[16.2332,51.2196],[16.2215,51.2207],[16.2154,51.227],[16.2205,51.2402],[16.214,51.245],[16.1956,51.2407],[16.1709,51.248],[16.1632,51.2416]]]}},{"type":"Feature","properties":{"slug":"rypinski","name":"powiat rypiński","bdlUnitId":"040410712000","voivodeship":"kujawsko-pomorskie"},"geometry":{"type":"Polygon","coordinates":[[[19.2535,53.1998],[19.2568,53.1975],[19.2705,53.2087],[19.2922,53.2093],[19.29,53.2122],[19.3008,53.2159],[19.3038,53.2112],[19.3274,53.2166],[19.3428,53.2084],[19.3446,53.2037],[19.3411,53.2028],[19.3294,53.208],[19.3312,53.1995],[19.3185,53.1931],[19.3278,53.1942],[19.3197,53.1891],[19.3451,53.1721],[19.3289,53.1704],[19.3504,53.1356],[19.3331,53.1295],[19.3373,53.1242],[19.3588,53.1208],[19.3734,53.1062],[19.4714,53.1164],[19.4751,53.1122],[19.4695,53.1103],[19.4754,53.1116],[19.4868,53.1002],[19.4974,53.0999],[19.5126,53.1074],[19.5529,53.0888],[19.5896,53.0803],[19.5938,53.085],[19.5879,53.0889],[19.5927,53.1058],[19.6136,53.1111],[19.6119,53.1181],[19.6414,53.1156],[19.6465,53.1122],[19.6342,53.1117],[19.6385,53.1066],[19.6368,53.0947],[19.647,53.0873],[19.6479,53.0756],[19.6596,53.0745],[19.6616,53.0694],[19.6468,53.0662],[19.6458,53.0543],[19.6548,53.0538],[19.6522,53.0378],[19.6658,53.0401],[19.6781,53.032],[19.6783,53.0242],[19.6903,53.0215],[19.6787,53.0148],[19.6776,53.0007],[19.6649,52.9868],[19.6799,52.9784],[19.6848,52.963],[19.6811,52.9565],[19.6705,52.9558],[19.6546,52.9613],[19.6457,52.9709],[19.6361,52.9698],[19.624,52.9772],[19.5547,52.9901],[19.5593,52.9791],[19.5827,52.9683],[19.5848,52.9601],[19.5408,52.9484],[19.5289,52.9364],[19.487,52.9403],[19.4847,52.944],[19.4577,52.9418],[19.4449,52.9475],[19.4438,52.9365],[19.4391,52.9343],[19.4017,52.9356],[19.4016,52.9278],[19.388,52.9314],[19.3823,52.9434],[19.3776,52.9422],[19.3833,52.9337],[19.3438,52.9411],[19.3469,52.9497],[19.3334,52.9518],[19.3062,52.945],[19.2962,52.9704],[19.2751,52.9819],[19.2578,52.9834],[19.2687,52.9963],[19.2638,52.9982],[19.2649,53.0025],[19.2586,53.004],[19.2499,52.9984],[19.2354,53.0058],[19.2051,53.0095],[19.2,53.0191],[19.2127,53.0213],[19.18,53.0329],[19.1824,53.0493],[19.2004,53.05],[19.2046,53.0569],[19.223,53.0617],[19.2165,53.0692],[19.2354,53.0819],[19.2274,53.094],[19.2568,53.1048],[19.2253,53.1214],[19.2385,53.1313],[19.2298,53.1344],[19.2059,53.1293],[19.1863,53.1526],[19.196,53.1524],[19.1946,53.1603],[19.2086,53.1621],[19.1998,53.1675],[19.2379,53.1847],[19.2375,53.1904],[19.249,53.1878],[19.2535,53.1998]]]}},{"type":"Feature","properties":{"slug":"gorlicki","name":"powiat gorlicki","bdlUnitId":"011212205000","voivodeship":"małopolskie"},"geometry":{"type":"Polygon","coordinates":[[[21.2418,49.7761],[21.2578,49.7521],[21.2813,49.7552],[21.2905,49.7488],[21.3125,49.7478],[21.3187,49.7392],[21.3158,49.7282],[21.3314,49.7188],[21.3204,49.6984],[21.3331,49.6943],[21.3391,49.6979],[21.3433,49.692],[21.3487,49.6927],[21.3417,49.6593],[21.3577,49.6497],[21.3555,49.646],[21.3627,49.6336],[21.3451,49.6082],[21.3313,49.6006],[21.3268,49.5922],[21.3475,49.5793],[21.3806,49.5694],[21.3645,49.5539],[21.3685,49.5495],[21.3586,49.5447],[21.3805,49.5391],[21.3917,49.5275],[21.3826,49.5253],[21.3929,49.5115],[21.4076,49.5096],[21.4109,49.5002],[21.4186,49.4976],[21.4209,49.492],[21.4015,49.492],[21.3889,49.4854],[21.4092,49.474],[21.4114,49.4678],[21.3922,49.4558],[21.3987,49.4338],[21.3727,49.4326],[21.3687,49.439],[21.3447,49.4504],[21.3072,49.448],[21.2775,49.4609],[21.2673,49.4572],[21.2655,49.4474],[21.2407,49.4342],[21.2329,49.4367],[21.2235,49.4255],[21.2273,49.417],[21.208,49.4025],[21.1802,49.4023],[21.1794,49.409],[21.1552,49.421],[21.1522,49.427],[21.124,49.4366],[21.1137,49.4239],[21.0964,49.4295],[21.0547,49.4212],[21.0488,49.4337],[21.0201,49.46],[21.0378,49.4705],[21.0459,49.481],[21.0392,49.4827],[21.0364,49.4914],[21.018,49.496],[21.008,49.5059],[21.0127,49.5145],[21.007,49.5262],[20.9987,49.5315],[21.0304,49.5669],[21.0108,49.5777],[21.0059,49.592],[20.9994,49.5968],[21.0052,49.6085],[21.0165,49.6107],[21.018,49.6165],[21.0471,49.6201],[21.0493,49.6335],[21.0585,49.6435],[21.0041,49.6766],[21.0029,49.6888],[20.9618,49.6824],[20.9488,49.6669],[20.9323,49.6776],[20.9078,49.6836],[20.8861,49.706],[20.8925,49.7203],[20.8824,49.7318],[20.9017,49.7327],[20.9094,49.7402],[20.9177,49.732],[20.9396,49.7285],[20.946,49.7415],[20.9597,49.7474],[20.977,49.7417],[21.0012,49.7451],[21.0062,49.7478],[21,49.7598],[21.0275,49.7633],[21.0378,49.7702],[21.0421,49.7626],[21.0655,49.7468],[21.0955,49.7628],[21.1028,49.772],[21.114,49.7682],[21.1208,49.7741],[21.1381,49.7697],[21.1576,49.7816],[21.2418,49.7761]]]}},{"type":"Feature","properties":{"slug":"lubanski","name":"powiat lubański","bdlUnitId":"030210110000","voivodeship":"dolnośląskie"},"geometry":{"type":"Polygon","coordinates":[[[15.4283,51.1202],[15.4196,51.1207],[15.4205,51.1102],[15.4075,51.1003],[15.4175,51.0808],[15.4105,51.0707],[15.404,51.0704],[15.4059,51.0621],[15.3959,51.0519],[15.4078,51.0423],[15.3951,51.0304],[15.3879,51.031],[15.3863,51.0249],[15.3757,51.0215],[15.3915,51.0149],[15.3844,50.9973],[15.3502,50.9942],[15.3499,51.0033],[15.3456,51.0039],[15.3058,50.9864],[15.3178,50.964],[15.3316,50.9629],[15.3406,50.9417],[15.3281,50.9303],[15.3432,50.9287],[15.348,50.9241],[15.3428,50.9231],[15.3443,50.9191],[15.3529,50.9219],[15.3465,50.9162],[15.3491,50.9098],[15.3458,50.9064],[15.3499,50.9034],[15.3716,50.8983],[15.3796,50.901],[15.3725,50.8909],[15.3369,50.8965],[15.3332,50.905],[15.3207,50.9053],[15.3234,50.908],[15.3177,50.9092],[15.3216,50.9122],[15.3178,50.9139],[15.3108,50.9087],[15.3033,50.912],[15.277,50.8946],[15.2669,50.9208],[15.2678,50.9325],[15.29,50.9474],[15.292,50.9535],[15.2739,50.9629],[15.2772,50.9716],[15.2741,50.9795],[15.2485,50.9797],[15.2393,50.986],[15.2433,50.9883],[15.2372,50.9945],[15.2423,50.997],[15.2366,50.9987],[15.2043,50.9925],[15.1966,50.9883],[15.1995,50.9835],[15.1915,50.9805],[15.1715,50.9866],[15.1772,50.9935],[15.1718,51.02],[15.1618,51.0202],[15.149,51.0337],[15.1439,51.0544],[15.1211,51.0802],[15.1311,51.0853],[15.1255,51.0875],[15.1315,51.0998],[15.1186,51.1017],[15.1292,51.1078],[15.125,51.113],[15.1295,51.1253],[15.1437,51.1317],[15.146,51.1395],[15.1556,51.1441],[15.1522,51.1457],[15.155,51.1612],[15.1702,51.1669],[15.1973,51.1619],[15.2084,51.1675],[15.2125,51.1775],[15.2069,51.1909],[15.214,51.1932],[15.2497,51.1885],[15.2743,51.1952],[15.302,51.1834],[15.3402,51.1995],[15.3577,51.1885],[15.3936,51.176],[15.385,51.165],[15.3907,51.1564],[15.4305,51.1489],[15.4264,51.1469],[15.4362,51.1389],[15.4317,51.1369],[15.4283,51.1202]]]}},{"type":"Feature","properties":{"slug":"wadowicki","name":"powiat wadowicki","bdlUnitId":"011212318000","voivodeship":"małopolskie"},"geometry":{"type":"Polygon","coordinates":[[[19.5603,50.0121],[19.5793,49.9893],[19.5914,49.9891],[19.592,49.9973],[19.5998,50.0002],[19.6047,49.99],[19.6024,49.9814],[19.6233,49.9849],[19.634,49.9793],[19.6394,49.9896],[19.6457,49.9912],[19.6532,49.9812],[19.6672,49.9799],[19.6523,49.9688],[19.6596,49.9614],[19.6586,49.9542],[19.6956,49.948],[19.698,49.957],[19.7193,49.9581],[19.7176,49.9475],[19.7331,49.926],[19.7288,49.9244],[19.7324,49.9177],[19.7407,49.9188],[19.744,49.9101],[19.7479,49.9161],[19.7583,49.917],[19.7577,49.9099],[19.7708,49.894],[19.8011,49.8892],[19.8116,49.8823],[19.7909,49.8777],[19.7775,49.867],[19.7766,49.8482],[19.7644,49.8418],[19.764,49.8315],[19.7396,49.8295],[19.7259,49.8074],[19.7135,49.8046],[19.6618,49.814],[19.6626,49.809],[19.6441,49.8078],[19.6456,49.7954],[19.6282,49.7982],[19.606,49.7927],[19.5395,49.8018],[19.5112,49.7876],[19.5045,49.7904],[19.4905,49.7862],[19.4753,49.789],[19.4609,49.7986],[19.4457,49.7957],[19.4435,49.7887],[19.411,49.774],[19.4091,49.7644],[19.3995,49.7617],[19.3895,49.769],[19.373,49.7707],[19.366,49.7778],[19.3499,49.7714],[19.3168,49.7779],[19.3158,49.7845],[19.2859,49.8195],[19.2946,49.85],[19.2904,49.8518],[19.3157,49.8692],[19.3161,49.884],[19.2984,49.8938],[19.3089,49.9125],[19.3079,49.9192],[19.3188,49.9156],[19.3329,49.9231],[19.3565,49.9204],[19.354,49.945],[19.3796,49.958],[19.4118,49.9643],[19.4152,49.9549],[19.4185,49.959],[19.4229,49.9567],[19.4213,49.9502],[19.4519,49.9366],[19.4622,49.9384],[19.4679,49.9426],[19.4638,49.9448],[19.4664,49.9515],[19.4759,49.9492],[19.4645,49.9571],[19.471,49.9702],[19.4672,49.9724],[19.4722,49.9768],[19.4701,49.9881],[19.4831,50.0201],[19.506,50.0269],[19.5171,50.0223],[19.5402,50.0244],[19.5603,50.0121]]]}},{"type":"Feature","properties":{"slug":"ostrolecki","name":"powiat ostrołęcki","bdlUnitId":"071422615000","voivodeship":"mazowieckie"},"geometry":{"type":"Polygon","coordinates":[[[21.4263,53.4489],[21.4459,53.4459],[21.4314,53.4625],[21.4832,53.4715],[21.5659,53.4809],[21.613,53.4808],[21.5982,53.4802],[21.5984,53.4766],[21.6058,53.4763],[21.604,53.4698],[21.5983,53.469],[21.603,53.4642],[21.6149,53.4646],[21.6145,53.4614],[21.593,53.4614],[21.6047,53.4582],[21.6036,53.4534],[21.6089,53.4499],[21.6073,53.4357],[21.625,53.4285],[21.6211,53.4222],[21.6292,53.4138],[21.6225,53.414],[21.6276,53.409],[21.6241,53.407],[21.6346,53.4084],[21.6399,53.4007],[21.6524,53.3972],[21.6503,53.3904],[21.6614,53.3864],[21.6565,53.3842],[21.6617,53.378],[21.6544,53.3722],[21.684,53.3681],[21.6813,53.3626],[21.656,53.3528],[21.6542,53.3495],[21.6694,53.3361],[21.6537,53.3362],[21.6523,53.3313],[21.6697,53.3299],[21.6845,53.3373],[21.6928,53.3358],[21.6858,53.3296],[21.6889,53.3272],[21.7019,53.3269],[21.7093,53.3197],[21.7354,53.3127],[21.7338,53.3082],[21.7128,53.3046],[21.6926,53.3137],[21.6882,53.3118],[21.691,53.308],[21.6833,53.3052],[21.6775,53.3125],[21.6662,53.3111],[21.6688,53.316],[21.6581,53.3161],[21.6578,53.3081],[21.6644,53.304],[21.657,53.2994],[21.6611,53.295],[21.649,53.2922],[21.6451,53.2835],[21.6598,53.2778],[21.6583,53.2618],[21.6227,53.2664],[21.6422,53.2526],[21.6402,53.2464],[21.6501,53.2487],[21.6585,53.2431],[21.6633,53.2289],[21.6784,53.2157],[21.6891,53.215],[21.681,53.209],[21.6696,53.2083],[21.6756,53.2048],[21.6871,53.1772],[21.7071,53.1659],[21.6931,53.149],[21.7003,53.1409],[21.6946,53.138],[21.7362,53.1092],[21.753,53.114],[21.7749,53.1092],[21.8082,53.1147],[21.8391,53.0865],[21.8421,53.0768],[21.8604,53.0717],[21.8588,53.0641],[21.8726,53.0588],[21.8982,53.0607],[21.912,53.0677],[21.9126,53.0759],[21.9188,53.079],[21.9379,53.075],[21.9411,53.0716],[21.9238,53.0579],[21.9226,53.0462],[21.9397,53.0459],[21.9407,53.038],[21.9113,53.0388],[21.8977,53.0458],[21.8933,53.0276],[21.8769,53.0217],[21.8757,53.0163],[21.8932,53.0004],[21.9099,52.9985],[21.9067,52.9952],[21.9187,52.9889],[21.9599,52.985],[21.9604,52.9798],[21.9544,52.9805],[21.9555,52.9769],[21.9502,52.9753],[21.9542,52.9676],[21.9305,52.949],[21.9238,52.9485],[21.8909,52.967],[21.8457,52.9464],[21.8314,52.948],[21.8347,52.9458],[21.8313,52.9395],[21.8481,52.9324],[21.8481,52.9263],[21.8804,52.9146],[21.8786,52.9032],[21.8696,52.9048],[21.8649,52.9113],[21.842,52.9158],[21.8026,52.9111],[21.7918,52.9022],[21.7935,52.8969],[21.7343,52.9045],[21.714,52.8958],[21.7034,52.9036],[21.7051,52.9083],[21.677,52.9033],[21.6829,52.9069],[21.6524,52.909],[21.6135,52.8928],[21.5973,52.8979],[21.5904,52.8921],[21.6134,52.8816],[21.6248,52.8627],[21.6186,52.8449],[21.6017,52.8348],[21.6015,52.8124],[21.5976,52.8084],[21.5723,52.8044],[21.5713,52.8149],[21.5509,52.8118],[21.5419,52.8058],[21.512,52.8124],[21.509,52.8052],[21.4965,52.8033],[21.4958,52.7988],[21.4792,52.8014],[21.4752,52.8153],[21.4374,52.8471],[21.4428,52.855],[21.4284,52.8612],[21.4182,52.8729],[21.429,52.8677],[21.437,52.8697],[21.4336,52.8771],[21.4384,52.8802],[21.434,52.8831],[21.4273,52.8789],[21.4231,52.8843],[21.4318,52.885],[21.4448,52.9022],[21.4566,52.9024],[21.4616,52.9133],[21.4689,52.9132],[21.4427,52.9373],[21.4711,52.9486],[21.4734,52.9534],[21.4689,52.9627],[21.4896,52.9679],[21.4896,52.9783],[21.4973,52.9847],[21.4834,52.9876],[21.4761,52.9913],[21.4788,52.9954],[21.4659,52.9993],[21.4362,53.0018],[21.4319,53.0105],[21.3811,53.0279],[21.372,53.0348],[21.3677,53.0516],[21.3705,53.0572],[21.3379,53.0395],[21.3181,53.0661],[21.2966,53.0711],[21.2979,53.0798],[21.2759,53.083],[21.2705,53.0899],[21.2574,53.0933],[21.2469,53.0893],[21.2557,53.0802],[21.2519,53.0773],[21.2182,53.1022],[21.1817,53.1146],[21.2143,53.1332],[21.2041,53.1361],[21.205,53.1413],[21.1928,53.1511],[21.1549,53.159],[21.1617,53.1628],[21.1469,53.1763],[21.1817,53.184],[21.1554,53.1896],[21.1592,53.1953],[21.1775,53.1969],[21.1598,53.2065],[21.1744,53.2112],[21.1635,53.217],[21.1669,53.2335],[21.1557,53.2379],[21.1666,53.2431],[21.1511,53.2499],[21.1554,53.2576],[21.1667,53.2533],[21.1696,53.2623],[21.1877,53.2635],[21.2021,53.2781],[21.1884,53.2784],[21.1861,53.2852],[21.1625,53.293],[21.1632,53.2974],[21.1448,53.3062],[21.1171,53.3061],[21.0911,53.3122],[21.0871,53.3151],[21.0896,53.3208],[21.0643,53.3264],[21.0539,53.3343],[21.1144,53.3544],[21.1361,53.3656],[21.1413,53.3773],[21.153,53.3833],[21.2497,53.4196],[21.2815,53.4268],[21.2912,53.4227],[21.2841,53.4153],[21.2947,53.4086],[21.2939,53.415],[21.3026,53.4239],[21.3516,53.4143],[21.355,53.4202],[21.3733,53.4212],[21.3877,53.4308],[21.41,53.4267],[21.4336,53.4359],[21.4365,53.4331],[21.435,53.4391],[21.446,53.4384],[21.4263,53.4489]],[[21.5389,53.0881],[21.5466,53.0851],[21.5357,53.0755],[21.5413,53.065],[21.5509,53.0704],[21.5547,53.0636],[21.5796,53.0582],[21.6068,53.0434],[21.6233,53.0565],[21.6318,53.0542],[21.6351,53.0602],[21.6054,53.071],[21.611,53.0837],[21.666,53.0927],[21.6472,53.11],[21.6318,53.1053],[21.6207,53.1123],[21.6025,53.1102],[21.6033,53.1047],[21.5777,53.0994],[21.5667,53.1033],[21.5586,53.0993],[21.557,53.1049],[21.5488,53.1069],[21.5458,53.0982],[21.5506,53.0931],[21.5425,53.0932],[21.5389,53.0881]]]}},{"type":"Feature","properties":{"slug":"nowodworski-pomorskie","name":"powiat nowodworski","bdlUnitId":"042214010000","voivodeship":"pomorskie"},"geometry":{"type":"Polygon","coordinates":[[[19.6487,54.4533],[19.6357,54.3922],[19.415,54.3201],[19.2908,54.2992],[19.2583,54.2817],[19.2534,54.2703],[19.2998,54.2464],[19.3047,54.2348],[19.3175,54.2257],[19.3141,54.219],[19.3247,54.2101],[19.3259,54.2],[19.3166,54.1898],[19.2853,54.1865],[19.247,54.1672],[19.2468,54.1614],[19.2547,54.1591],[19.2576,54.1508],[19.238,54.1269],[19.2177,54.1161],[19.2139,54.1224],[19.2214,54.1311],[19.2105,54.1454],[19.175,54.1398],[19.1672,54.1507],[19.1538,54.1369],[19.1452,54.1466],[19.1045,54.1441],[19.095,54.1551],[19.069,54.1446],[19.0556,54.149],[19.0536,54.1602],[19.0433,54.164],[19.0481,54.1718],[19.0025,54.1828],[18.9775,54.1673],[18.9631,54.177],[18.9562,54.1733],[18.9507,54.1773],[18.9198,54.1655],[18.9135,54.158],[18.9017,54.1664],[18.8824,54.1554],[18.8617,54.1524],[18.8366,54.1555],[18.8625,54.1861],[18.9128,54.2057],[18.9441,54.2395],[18.9481,54.2625],[18.9353,54.2929],[18.9336,54.3097],[18.947,54.3529],[18.9548,54.3608],[18.9807,54.3465],[19.0367,54.3445],[19.1803,54.351],[19.3105,54.3637],[19.4781,54.3978],[19.5461,54.4185],[19.6377,54.4592],[19.6487,54.4533]]]}},{"type":"Feature","properties":{"slug":"jaworski","name":"powiat jaworski","bdlUnitId":"030210105000","voivodeship":"dolnośląskie"},"geometry":{"type":"Polygon","coordinates":[[[16.2039,50.8857],[16.2003,50.8857],[16.2028,50.8805],[16.1976,50.8715],[16.1847,50.8653],[16.148,50.8635],[16.12,50.853],[16.103,50.8589],[16.1151,50.8599],[16.1225,50.8707],[16.0704,50.8705],[16.0667,50.8735],[16.0741,50.8785],[16.0741,50.8842],[16.0505,50.8908],[16.0592,50.8955],[16.059,50.9012],[16.0338,50.8963],[16.0476,50.9108],[16.0437,50.9133],[16.0385,50.9128],[16.033,50.901],[16.0252,50.9015],[16.0273,50.9052],[16.0193,50.9088],[16.0179,50.9002],[16.0269,50.8963],[16.0201,50.8973],[16.0172,50.8929],[15.9807,50.9014],[15.9722,50.9003],[15.9803,50.8953],[15.9714,50.8924],[15.9296,50.8985],[15.9311,50.9223],[15.9438,50.9205],[15.9407,50.923],[15.9526,50.9279],[15.9536,50.9366],[15.9605,50.9429],[15.9797,50.9514],[15.9848,50.9714],[16.0014,50.9909],[15.984,50.9973],[15.9783,51.008],[15.9821,51.0115],[15.9798,51.0189],[15.9512,51.0295],[15.9426,51.0351],[15.9418,51.0424],[15.934,51.0431],[15.9367,51.0511],[15.9329,51.0612],[15.975,51.0774],[15.9819,51.0713],[15.9975,51.0795],[16.0107,51.0794],[16.0279,51.1055],[16.0444,51.1076],[16.0473,51.1153],[16.065,51.1209],[16.0695,51.1192],[16.0699,51.106],[16.0926,51.0994],[16.1076,51.1109],[16.1251,51.108],[16.1341,51.1119],[16.1371,51.1287],[16.1515,51.1317],[16.1525,51.1366],[16.1948,51.1227],[16.195,51.1053],[16.2083,51.106],[16.2233,51.1148],[16.2254,51.1068],[16.2362,51.099],[16.249,51.1094],[16.2687,51.1067],[16.2755,51.1142],[16.2786,51.1092],[16.2903,51.1091],[16.3036,51.1153],[16.3267,51.1448],[16.3563,51.1495],[16.3544,51.1451],[16.3642,51.1451],[16.3776,51.1382],[16.37,51.1357],[16.3863,51.1331],[16.3871,51.1289],[16.4066,51.1251],[16.4139,51.131],[16.4391,51.1278],[16.4594,51.1113],[16.475,51.1059],[16.4713,51.0953],[16.4802,51.0859],[16.4505,51.0822],[16.4372,51.0758],[16.4253,51.0798],[16.4188,51.0709],[16.4053,51.0708],[16.4038,51.0624],[16.3937,51.0579],[16.3746,51.0634],[16.3735,51.0733],[16.3445,51.0654],[16.3431,51.0562],[16.3317,51.0544],[16.336,51.0473],[16.3322,51.0463],[16.3429,51.0341],[16.3201,51.0234],[16.3199,51.0135],[16.2893,51.0188],[16.2691,51.0121],[16.2651,51.0022],[16.2378,51.0081],[16.2176,51.0183],[16.1986,51.0167],[16.1955,51.0042],[16.2067,50.9973],[16.2008,50.9763],[16.2035,50.9713],[16.1685,50.964],[16.1714,50.9609],[16.1595,50.9507],[16.1776,50.936],[16.1751,50.9337],[16.1878,50.9195],[16.185,50.918],[16.1995,50.915],[16.2009,50.9058],[16.1945,50.8957],[16.2039,50.8857]]]}},{"type":"Feature","properties":{"slug":"poznanski","name":"powiat poznański","bdlUnitId":"023016121000","voivodeship":"wielkopolskie"},"geometry":{"type":"Polygon","coordinates":[[[16.7298,52.5661],[16.7385,52.5742],[16.7599,52.5691],[16.7642,52.5456],[16.7855,52.5445],[16.7866,52.5567],[16.7801,52.567],[16.8143,52.568],[16.8507,52.5805],[16.8534,52.5717],[16.8639,52.5703],[16.8702,52.5792],[16.8993,52.5849],[16.9239,52.5991],[16.9402,52.5942],[16.9431,52.5985],[16.9245,52.6064],[16.9196,52.614],[16.8934,52.6221],[16.9026,52.6347],[16.9181,52.6346],[16.9284,52.6546],[16.968,52.6488],[16.9718,52.6573],[16.9908,52.6674],[16.9965,52.6657],[16.9946,52.6696],[17,52.6716],[17.0195,52.6731],[17.0244,52.6781],[17.0217,52.6805],[17.0683,52.6616],[17.0611,52.6613],[17.0615,52.6451],[17.0482,52.6431],[17.0443,52.6314],[17.0664,52.6419],[17.0793,52.639],[17.1008,52.6234],[17.1316,52.6255],[17.1326,52.6197],[17.1217,52.6113],[17.1256,52.6118],[17.1278,52.6046],[17.1182,52.5995],[17.1288,52.5673],[17.1526,52.5744],[17.1604,52.5594],[17.1832,52.5664],[17.1873,52.565],[17.1863,52.553],[17.2189,52.5416],[17.2351,52.5426],[17.2545,52.551],[17.2794,52.5377],[17.3023,52.5406],[17.304,52.5463],[17.3329,52.5429],[17.3323,52.5361],[17.357,52.531],[17.3529,52.5224],[17.34,52.5226],[17.3392,52.5166],[17.3204,52.5037],[17.3604,52.4934],[17.355,52.4852],[17.343,52.4851],[17.3374,52.479],[17.351,52.4667],[17.3703,52.4665],[17.3735,52.4497],[17.3826,52.4498],[17.3976,52.4396],[17.3876,52.419],[17.3642,52.4157],[17.3468,52.4033],[17.3751,52.379],[17.3579,52.3673],[17.3664,52.3649],[17.3649,52.3515],[17.3687,52.3453],[17.328,52.3486],[17.3345,52.3363],[17.3284,52.3338],[17.3223,52.3402],[17.3127,52.3299],[17.2767,52.3307],[17.2807,52.3189],[17.2406,52.3119],[17.2329,52.2965],[17.2157,52.281],[17.1925,52.284],[17.1881,52.2759],[17.1977,52.2694],[17.1829,52.2572],[17.1707,52.2645],[17.1553,52.2513],[17.1453,52.255],[17.1114,52.243],[17.1206,52.2354],[17.1434,52.2462],[17.1776,52.2277],[17.1306,52.2167],[17.1537,52.2049],[17.148,52.1966],[17.1325,52.1888],[17.1171,52.1914],[17.0832,52.1806],[17.0493,52.1621],[17.0429,52.1521],[17.037,52.152],[17.0349,52.1637],[17.0039,52.1715],[17.001,52.1785],[16.9887,52.1799],[16.9908,52.1847],[16.9819,52.1864],[16.9467,52.1674],[16.9415,52.1759],[16.9453,52.1797],[16.9245,52.1858],[16.9053,52.198],[16.8859,52.196],[16.889,52.1928],[16.886,52.1874],[16.8722,52.1824],[16.8499,52.1866],[16.8255,52.1804],[16.8172,52.1835],[16.8056,52.1755],[16.7853,52.1785],[16.7746,52.1851],[16.7829,52.1973],[16.7797,52.2043],[16.7413,52.2155],[16.723,52.2083],[16.7102,52.1936],[16.6831,52.2098],[16.6694,52.2117],[16.6612,52.2084],[16.6501,52.1938],[16.624,52.189],[16.628,52.187],[16.6245,52.1812],[16.629,52.1799],[16.605,52.1703],[16.5895,52.1833],[16.5936,52.1841],[16.5896,52.189],[16.6001,52.1929],[16.5922,52.2032],[16.5952,52.2157],[16.581,52.2213],[16.574,52.2302],[16.5891,52.2363],[16.6074,52.2565],[16.604,52.2707],[16.5887,52.2811],[16.5721,52.2848],[16.5662,52.2792],[16.544,52.2745],[16.5136,52.2745],[16.5127,52.2699],[16.4967,52.2764],[16.5063,52.2886],[16.5056,52.3009],[16.4706,52.3003],[16.4678,52.304],[16.4995,52.315],[16.5007,52.3213],[16.4965,52.3231],[16.5104,52.3386],[16.4692,52.3505],[16.4652,52.356],[16.4683,52.3581],[16.4532,52.3621],[16.4612,52.3769],[16.4808,52.3738],[16.486,52.3808],[16.5098,52.3833],[16.507,52.3918],[16.5123,52.3926],[16.5156,52.4013],[16.522,52.4006],[16.528,52.3898],[16.5513,52.391],[16.5555,52.3789],[16.567,52.381],[16.584,52.3976],[16.5781,52.4006],[16.5765,52.4121],[16.6005,52.4122],[16.5994,52.4192],[16.5725,52.4361],[16.5541,52.4365],[16.5843,52.4418],[16.5882,52.4473],[16.602,52.4414],[16.608,52.4452],[16.6032,52.4594],[16.6096,52.4598],[16.6077,52.4677],[16.624,52.4742],[16.6289,52.4943],[16.637,52.4933],[16.635,52.5003],[16.6523,52.5197],[16.6416,52.5268],[16.691,52.5345],[16.7048,52.5317],[16.7093,52.519],[16.7221,52.5218],[16.7167,52.5288],[16.7251,52.5407],[16.734,52.5414],[16.7408,52.5595],[16.7298,52.5661]],[[17.0248,52.4377],[17.0201,52.4492],[17.0057,52.4431],[17.0094,52.4395],[16.9757,52.4415],[16.9711,52.4531],[16.9798,52.4587],[16.972,52.474],[16.9711,52.4856],[16.9753,52.4896],[16.9679,52.505],[16.9705,52.5093],[16.9604,52.505],[16.9465,52.507],[16.9436,52.5008],[16.9269,52.501],[16.913,52.4932],[16.9072,52.5005],[16.8882,52.4947],[16.8872,52.4817],[16.9012,52.4717],[16.8962,52.4653],[16.8618,52.466],[16.8537,52.4752],[16.844,52.4766],[16.8251,52.4702],[16.7956,52.481],[16.7929,52.474],[16.7817,52.4828],[16.7316,52.4637],[16.7527,52.4553],[16.7711,52.4668],[16.7791,52.4664],[16.7798,52.4583],[16.7904,52.4478],[16.7864,52.4469],[16.8008,52.4373],[16.8022,52.4256],[16.7978,52.4247],[16.8003,52.4178],[16.7951,52.4108],[16.8048,52.4042],[16.7973,52.4022],[16.8109,52.3907],[16.7902,52.3764],[16.8257,52.3781],[16.8341,52.3704],[16.8252,52.3567],[16.842,52.3443],[16.8662,52.359],[16.9017,52.3559],[16.9051,52.3482],[16.899,52.3385],[16.926,52.3297],[16.9231,52.3241],[16.9264,52.3193],[16.9476,52.3107],[16.9564,52.3146],[16.9959,52.2919],[17.003,52.2959],[16.9932,52.3074],[17.0021,52.3125],[16.9835,52.324],[16.9997,52.3373],[17.0067,52.3308],[17.0157,52.3374],[17.0377,52.329],[17.0586,52.3575],[17.0491,52.3955],[17.0369,52.402],[17.0655,52.4163],[17.0717,52.4266],[17.0607,52.4266],[17.054,52.421],[17.0398,52.4287],[17.0369,52.4239],[17.0331,52.4298],[17.0116,52.428],[17.006,52.4332],[17.0248,52.4377]]]}},{"type":"Feature","properties":{"slug":"koninski","name":"powiat koniński","bdlUnitId":"023015810000","voivodeship":"wielkopolskie"},"geometry":{"type":"Polygon","coordinates":[[[18.1329,52.5058],[18.1546,52.5095],[18.1987,52.5048],[18.2026,52.5006],[18.2002,52.4863],[18.2046,52.4832],[18.2413,52.488],[18.2602,52.4812],[18.3452,52.5217],[18.3399,52.5375],[18.3525,52.5434],[18.3859,52.532],[18.388,52.5269],[18.3759,52.5039],[18.387,52.4849],[18.384,52.4772],[18.3873,52.4717],[18.4197,52.4732],[18.4271,52.4799],[18.4635,52.4766],[18.4669,52.4819],[18.4622,52.4904],[18.4725,52.4895],[18.4905,52.5048],[18.5256,52.4994],[18.5397,52.4909],[18.5383,52.4812],[18.5427,52.4857],[18.5597,52.4841],[18.5601,52.4633],[18.589,52.4616],[18.593,52.4694],[18.6087,52.4555],[18.6501,52.4503],[18.6488,52.4395],[18.6577,52.4236],[18.6327,52.4178],[18.6227,52.4252],[18.6069,52.4182],[18.5899,52.4177],[18.5947,52.4175],[18.5982,52.4099],[18.596,52.397],[18.6101,52.3969],[18.5975,52.372],[18.6159,52.3666],[18.6124,52.3593],[18.6169,52.3584],[18.6098,52.3481],[18.6296,52.34],[18.6018,52.3346],[18.5912,52.3175],[18.5915,52.3082],[18.5754,52.3068],[18.5587,52.3155],[18.5601,52.3126],[18.5484,52.309],[18.5289,52.3098],[18.5271,52.295],[18.4853,52.2968],[18.4879,52.2875],[18.494,52.2857],[18.4906,52.2782],[18.4796,52.2731],[18.5024,52.2618],[18.5119,52.2655],[18.5365,52.2529],[18.5276,52.2392],[18.4842,52.2176],[18.485,52.2101],[18.4807,52.2064],[18.4597,52.2043],[18.4572,52.1741],[18.4648,52.1708],[18.4565,52.165],[18.4348,52.1641],[18.4297,52.1597],[18.4233,52.1705],[18.4196,52.1665],[18.4209,52.1553],[18.4004,52.1481],[18.3869,52.1515],[18.3915,52.1374],[18.3516,52.1465],[18.348,52.1273],[18.3303,52.1288],[18.3265,52.1225],[18.2868,52.1255],[18.2827,52.1147],[18.2747,52.109],[18.2219,52.0927],[18.2207,52.0888],[18.2293,52.0845],[18.2182,52.0767],[18.2283,52.0501],[18.2255,52.0252],[18.2134,52.0146],[18.1938,52.0157],[18.1905,52.0024],[18.1675,52.0084],[18.1647,51.9993],[18.1683,51.9861],[18.1102,51.9823],[18.1008,51.9759],[18.0611,51.9796],[17.9811,51.9991],[17.9413,52.0013],[17.9797,52.0479],[17.9741,52.065],[17.9668,52.0644],[17.9674,52.0757],[17.945,52.075],[17.9346,52.0909],[17.9582,52.0909],[17.9696,52.0973],[17.9711,52.1064],[18.0329,52.1179],[18.0172,52.1359],[17.9843,52.1464],[17.9898,52.1526],[18.0052,52.1567],[18.0167,52.1764],[18.0281,52.1714],[18.0256,52.1743],[18.0316,52.1817],[18.0233,52.1934],[18.0281,52.1967],[18.0088,52.2361],[18.0268,52.2435],[18.0235,52.2535],[18.0403,52.2727],[18.0338,52.2777],[18.0349,52.2847],[18.0676,52.2938],[18.0512,52.3034],[18.0396,52.3032],[18.0459,52.3124],[18.0321,52.3147],[18.0212,52.3308],[18.0521,52.3313],[18.0833,52.3627],[18.0855,52.3675],[18.0813,52.3703],[18.0898,52.3836],[18.0844,52.3891],[18.0848,52.4008],[18.0679,52.4016],[18.067,52.4105],[18.073,52.4192],[18.0261,52.4502],[18.1156,52.4924],[18.1329,52.5058]],[[18.2188,52.1897],[18.2413,52.1923],[18.2432,52.1853],[18.2662,52.1879],[18.2689,52.1831],[18.2851,52.1824],[18.283,52.1935],[18.2966,52.198],[18.2833,52.202],[18.2942,52.2279],[18.3031,52.2218],[18.3308,52.2207],[18.3264,52.225],[18.3327,52.2275],[18.324,52.2288],[18.3238,52.2454],[18.3119,52.2475],[18.2997,52.2359],[18.2986,52.244],[18.2786,52.2406],[18.2779,52.2462],[18.2941,52.2507],[18.2924,52.2655],[18.2985,52.2669],[18.3024,52.2615],[18.3101,52.2689],[18.3047,52.2726],[18.3124,52.2799],[18.3047,52.288],[18.3087,52.2948],[18.3174,52.2962],[18.3166,52.3022],[18.3022,52.3085],[18.3054,52.3187],[18.2543,52.3227],[18.2566,52.33],[18.2271,52.3286],[18.2332,52.2993],[18.2148,52.2991],[18.2051,52.2909],[18.2264,52.2898],[18.2229,52.2841],[18.2464,52.2724],[18.2525,52.257],[18.2355,52.2544],[18.2236,52.2467],[18.2214,52.25],[18.2017,52.248],[18.2032,52.2441],[18.1929,52.235],[18.1969,52.2214],[18.2303,52.2195],[18.2178,52.2137],[18.2264,52.212],[18.2236,52.2012],[18.2133,52.196],[18.2188,52.1897]]]}}]}