{"type":"FeatureCollection","features":[{"type":"Feature","properties":{"slug":"chelm","name":"Chełm","bdlUnitId":"060611062000","voivodeship":"lubelskie","lat":51.13586,"lon":23.48356},"geometry":{"type":"Polygon","coordinates":[[[23.4899,51.1033],[23.489,51.104],[23.4882,51.106],[23.4864,51.1119],[23.4848,51.1177],[23.4845,51.1177],[23.4835,51.1138],[23.4835,51.1134],[23.4785,51.1135],[23.4748,51.1138],[23.4733,51.1138],[23.4706,51.1141],[23.4681,51.1147],[23.4664,51.1158],[23.4625,51.1166],[23.4605,51.1171],[23.4598,51.1166],[23.4584,51.1152],[23.4595,51.1147],[23.4588,51.114],[23.4576,51.1145],[23.4553,51.1148],[23.4528,51.1159],[23.4455,51.1198],[23.4442,51.1206],[23.443,51.1255],[23.4414,51.1249],[23.4404,51.1243],[23.4387,51.1238],[23.4386,51.1248],[23.438,51.1277],[23.4371,51.1332],[23.4334,51.1332],[23.4329,51.1349],[23.4306,51.1351],[23.4281,51.1359],[23.4262,51.1363],[23.4242,51.137],[23.4278,51.1387],[23.4279,51.1398],[23.4277,51.1405],[23.4273,51.1437],[23.4219,51.1427],[23.4217,51.1451],[23.4213,51.1472],[23.422,51.1478],[23.422,51.1483],[23.4211,51.1488],[23.42,51.1489],[23.42,51.1497],[23.421,51.1499],[23.4221,51.1509],[23.4259,51.1497],[23.4247,51.1557],[23.4241,51.1595],[23.4258,51.1589],[23.4274,51.1577],[23.429,51.1573],[23.4303,51.1573],[23.4335,51.1565],[23.435,51.1555],[23.4373,51.1552],[23.4394,51.1551],[23.4409,51.1546],[23.4435,51.1546],[23.4472,51.1554],[23.4508,51.1555],[23.451,51.1587],[23.451,51.161],[23.4512,51.1632],[23.4513,51.1665],[23.4575,51.1672],[23.463,51.1679],[23.4634,51.1665],[23.4663,51.1652],[23.4692,51.1637],[23.4696,51.1636],[23.4724,51.1622],[23.4746,51.1622],[23.4749,51.1606],[23.4755,51.1606],[23.4766,51.1615],[23.4777,51.1618],[23.4795,51.1612],[23.48,51.16],[23.4823,51.1586],[23.4823,51.1582],[23.4836,51.1579],[23.485,51.1564],[23.4863,51.1562],[23.4925,51.1541],[23.4973,51.1523],[23.5002,51.1513],[23.5039,51.1515],[23.5066,51.1529],[23.5087,51.1529],[23.5123,51.1506],[23.514,51.1494],[23.5166,51.1478],[23.5214,51.1446],[23.5224,51.1445],[23.5271,51.1435],[23.528,51.1434],[23.5329,51.1423],[23.5354,51.1418],[23.5409,51.1414],[23.5421,51.1412],[23.5462,51.1412],[23.5463,51.1405],[23.5458,51.1388],[23.5493,51.1382],[23.5496,51.1388],[23.5545,51.1378],[23.5564,51.1373],[23.5594,51.1367],[23.5574,51.1313],[23.5569,51.1306],[23.5546,51.1307],[23.5509,51.1298],[23.5481,51.1283],[23.5438,51.1278],[23.5431,51.1276],[23.5384,51.128],[23.5342,51.1285],[23.5337,51.1245],[23.5335,51.1206],[23.5326,51.1187],[23.5312,51.1161],[23.5302,51.1105],[23.5293,51.1108],[23.5267,51.112],[23.5241,51.113],[23.5139,51.1173],[23.5134,51.1135],[23.5048,51.1106],[23.4956,51.1076],[23.492,51.1065],[23.4916,51.1063],[23.4899,51.1033]]]}},{"type":"Feature","properties":{"slug":"krakow","name":"Kraków","bdlUnitId":"011212161000","voivodeship":"małopolskie","lat":50.05316,"lon":19.98507},"geometry":{"type":"Polygon","coordinates":[[[20.0962,50.1193],[20.0983,50.1188],[20.1058,50.1173],[20.1084,50.1167],[20.1113,50.1165],[20.1114,50.1169],[20.1153,50.117],[20.12,50.1165],[20.1203,50.1154],[20.1203,50.1138],[20.1208,50.1104],[20.1208,50.1085],[20.1229,50.1085],[20.1242,50.1083],[20.1268,50.1075],[20.1283,50.1072],[20.1311,50.107],[20.1316,50.1068],[20.1337,50.1069],[20.1379,50.1068],[20.1391,50.1065],[20.1431,50.1065],[20.1436,50.1084],[20.1444,50.1109],[20.1452,50.1124],[20.1468,50.1143],[20.1502,50.1162],[20.1519,50.1173],[20.1527,50.1182],[20.1529,50.1188],[20.1543,50.1194],[20.1563,50.1186],[20.1582,50.1202],[20.1591,50.1207],[20.1591,50.1216],[20.16,50.1215],[20.1658,50.1215],[20.1658,50.1205],[20.1684,50.1204],[20.1724,50.1204],[20.1731,50.119],[20.1742,50.119],[20.1749,50.1198],[20.1762,50.1194],[20.1788,50.1183],[20.1798,50.1172],[20.1816,50.1166],[20.1825,50.1178],[20.1854,50.1168],[20.1859,50.1174],[20.1871,50.1183],[20.1898,50.1178],[20.191,50.1191],[20.193,50.1197],[20.1936,50.1192],[20.1959,50.1186],[20.1962,50.1197],[20.1978,50.1196],[20.199,50.1206],[20.2003,50.1202],[20.2013,50.1204],[20.2015,50.1192],[20.2014,50.1178],[20.2016,50.1175],[20.2041,50.1177],[20.2038,50.1164],[20.204,50.116],[20.2091,50.1156],[20.2055,50.1121],[20.205,50.1111],[20.2024,50.1112],[20.2016,50.1108],[20.2009,50.11],[20.2,50.1098],[20.1988,50.1092],[20.1977,50.1084],[20.1961,50.1083],[20.1954,50.107],[20.1953,50.106],[20.1949,50.1053],[20.1932,50.1034],[20.1928,50.1019],[20.1922,50.1006],[20.1921,50.0995],[20.1916,50.0974],[20.1918,50.0959],[20.1916,50.0948],[20.1917,50.0916],[20.1926,50.0889],[20.1928,50.0877],[20.1921,50.0873],[20.1906,50.0871],[20.1892,50.0864],[20.1849,50.0861],[20.1851,50.0856],[20.1861,50.0852],[20.1883,50.0852],[20.1895,50.0846],[20.19,50.084],[20.1898,50.0823],[20.1904,50.0816],[20.1911,50.0815],[20.1919,50.0807],[20.1924,50.0807],[20.1928,50.0798],[20.1936,50.0791],[20.1946,50.0788],[20.1946,50.0782],[20.1955,50.0781],[20.1955,50.0767],[20.1958,50.0762],[20.1969,50.0761],[20.1972,50.0756],[20.1994,50.0749],[20.1996,50.0742],[20.1952,50.074],[20.193,50.0723],[20.1928,50.0711],[20.193,50.0705],[20.1941,50.07],[20.1965,50.0695],[20.1985,50.0686],[20.199,50.0682],[20.1992,50.067],[20.2026,50.0658],[20.2043,50.065],[20.2056,50.0652],[20.2064,50.065],[20.2071,50.0644],[20.2104,50.06],[20.2126,50.0573],[20.2139,50.0563],[20.2149,50.0553],[20.2173,50.0534],[20.2161,50.0528],[20.2138,50.0511],[20.2124,50.0497],[20.2109,50.0472],[20.21,50.0454],[20.2084,50.0443],[20.2051,50.0436],[20.2031,50.0436],[20.1999,50.0442],[20.1978,50.045],[20.1949,50.0467],[20.1928,50.0476],[20.1914,50.048],[20.1893,50.0483],[20.1865,50.0483],[20.1844,50.0481],[20.1812,50.0475],[20.1773,50.0466],[20.176,50.0462],[20.1732,50.0456],[20.1708,50.0449],[20.1665,50.0438],[20.1638,50.0433],[20.161,50.0429],[20.1596,50.0428],[20.1564,50.0428],[20.154,50.043],[20.1489,50.044],[20.1462,50.0448],[20.1423,50.0457],[20.1404,50.0459],[20.1381,50.0458],[20.1359,50.0452],[20.1343,50.0443],[20.1325,50.0425],[20.1305,50.0409],[20.1289,50.0401],[20.1277,50.0398],[20.1251,50.0397],[20.1228,50.0403],[20.1208,50.0412],[20.1181,50.0422],[20.1158,50.0426],[20.1117,50.0427],[20.1069,50.0424],[20.1044,50.0413],[20.1032,50.0412],[20.0996,50.0379],[20.0971,50.0371],[20.0948,50.037],[20.0937,50.0373],[20.0922,50.038],[20.0917,50.0387],[20.0916,50.0403],[20.0923,50.0421],[20.0918,50.0422],[20.0915,50.043],[20.089,50.0449],[20.0875,50.0447],[20.0863,50.0439],[20.0858,50.0432],[20.0844,50.042],[20.0833,50.0414],[20.0826,50.0414],[20.0818,50.0408],[20.0803,50.0407],[20.081,50.0387],[20.0818,50.0389],[20.0838,50.038],[20.0818,50.0366],[20.0798,50.0359],[20.0802,50.0354],[20.0817,50.0346],[20.0816,50.0342],[20.0804,50.0341],[20.0753,50.0328],[20.0735,50.0322],[20.0728,50.0315],[20.0728,50.0308],[20.0721,50.0295],[20.0696,50.0276],[20.0681,50.0261],[20.0677,50.0254],[20.0649,50.0243],[20.0649,50.0241],[20.0672,50.0222],[20.0684,50.022],[20.0697,50.0186],[20.0691,50.0157],[20.0677,50.0134],[20.0679,50.0124],[20.0677,50.0107],[20.0672,50.0095],[20.0662,50.009],[20.0657,50.0078],[20.0645,50.0081],[20.0631,50.0082],[20.0623,50.0075],[20.0624,50.0064],[20.0608,50.0053],[20.0593,50.0056],[20.0583,50.0056],[20.0574,50.0047],[20.0552,50.0046],[20.0552,50.0041],[20.0535,50.0041],[20.0514,50.0038],[20.0498,50.0043],[20.0487,50.0043],[20.0481,50.004],[20.0482,50.0033],[20.0478,50.0019],[20.0478,49.999],[20.0441,49.9991],[20.0421,49.9995],[20.0389,49.9999],[20.0378,50.001],[20.036,50.0014],[20.0331,50.0012],[20.0314,50.0009],[20.0288,50.0011],[20.0293,50],[20.0292,49.9993],[20.0285,49.9992],[20.0275,49.9999],[20.0244,50.0026],[20.0222,50.0033],[20.0203,50.0031],[20.0188,50.0031],[20.0185,50.0042],[20.0179,50.0043],[20.0167,50.0039],[20.015,50.0039],[20.0117,50.0035],[20.0063,50.0025],[20.0057,50.0017],[20.0041,50.0011],[20.0035,50.0004],[20.0035,49.9998],[20.0027,49.9991],[20.0033,49.998],[20.0046,49.9971],[20.0071,49.9965],[20.0085,49.9955],[20.01,49.9952],[20.011,49.9953],[20.0123,49.9946],[20.013,49.9936],[20.0135,49.9933],[20.0136,49.9921],[20.014,49.9912],[20.0147,49.9905],[20.0155,49.9887],[20.0181,49.987],[20.0187,49.9864],[20.0186,49.9859],[20.0161,49.9845],[20.0149,49.9832],[20.0137,49.9822],[20.0117,49.981],[20.0097,49.9802],[20.0099,49.9785],[20.0098,49.9769],[20.0092,49.9762],[20.0082,49.9759],[20.0077,49.9753],[20.0081,49.975],[20.006,49.9747],[20.0034,49.9746],[20.0034,49.9752],[20.0019,49.9754],[20.0011,49.9757],[20.0003,49.9752],[19.9987,49.9746],[19.9973,49.9739],[19.9936,49.9736],[19.9904,49.973],[19.9869,49.973],[19.9841,49.9726],[19.9813,49.9726],[19.9811,49.9733],[19.9822,49.9752],[19.9822,49.9771],[19.9815,49.9778],[19.9814,49.9784],[19.982,49.979],[19.9822,49.9797],[19.9826,49.9802],[19.9824,49.981],[19.9795,49.981],[19.9774,49.9811],[19.9771,49.9809],[19.9756,49.9809],[19.9744,49.9804],[19.9736,49.9804],[19.9718,49.9799],[19.9711,49.98],[19.97,49.9795],[19.9689,49.9795],[19.9686,49.9791],[19.9665,49.9784],[19.9656,49.9784],[19.9653,49.9779],[19.9644,49.9777],[19.9649,49.9776],[19.9656,49.9765],[19.9659,49.9755],[19.9671,49.9737],[19.9667,49.9731],[19.9654,49.9731],[19.9634,49.9725],[19.963,49.9722],[19.9629,49.9706],[19.9634,49.9686],[19.9615,49.9684],[19.9616,49.9689],[19.9605,49.9689],[19.9594,49.9692],[19.9587,49.9683],[19.9576,49.9684],[19.9554,49.9677],[19.9557,49.9687],[19.954,49.9696],[19.9521,49.9701],[19.9517,49.9695],[19.9508,49.9699],[19.9511,49.9704],[19.9507,49.9711],[19.9488,49.9714],[19.9483,49.9721],[19.9476,49.9723],[19.9466,49.9721],[19.9449,49.9722],[19.9444,49.9731],[19.9438,49.9728],[19.9429,49.9733],[19.9432,49.9739],[19.9424,49.974],[19.9416,49.9745],[19.9406,49.9745],[19.9399,49.9752],[19.9392,49.9748],[19.9378,49.9745],[19.9341,49.9756],[19.9345,49.9764],[19.9337,49.9764],[19.9329,49.9769],[19.9332,49.9777],[19.9322,49.9788],[19.9314,49.9784],[19.9302,49.979],[19.929,49.9793],[19.9283,49.9792],[19.9276,49.9796],[19.9277,49.9804],[19.9272,49.9809],[19.926,49.981],[19.9257,49.9813],[19.923,49.9807],[19.9209,49.9804],[19.9191,49.98],[19.9154,49.98],[19.9132,49.9799],[19.9118,49.9814],[19.9095,49.9819],[19.9086,49.9815],[19.9071,49.9815],[19.9063,49.9813],[19.9019,49.9813],[19.9014,49.9811],[19.8999,49.9812],[19.8981,49.9806],[19.8964,49.9805],[19.8947,49.9806],[19.8926,49.9804],[19.8911,49.9806],[19.8883,49.9806],[19.8874,49.9804],[19.8874,49.9798],[19.8874,49.9796],[19.8855,49.9784],[19.8852,49.9774],[19.8854,49.9769],[19.8849,49.9763],[19.8828,49.9756],[19.8823,49.975],[19.8822,49.975],[19.8823,49.975],[19.8822,49.975],[19.8809,49.9747],[19.8799,49.974],[19.8794,49.9715],[19.8744,49.9715],[19.8729,49.9717],[19.8707,49.9717],[19.869,49.9724],[19.8682,49.9734],[19.8677,49.9745],[19.8648,49.9746],[19.8633,49.9748],[19.8614,49.9755],[19.8607,49.9759],[19.863,49.9766],[19.8629,49.9786],[19.8623,49.9793],[19.8626,49.9798],[19.8645,49.9801],[19.8646,49.9817],[19.8645,49.9832],[19.863,49.9839],[19.8624,49.9847],[19.8604,49.9846],[19.8591,49.9848],[19.8569,49.9855],[19.8541,49.9855],[19.8538,49.9854],[19.8508,49.9854],[19.8488,49.9852],[19.8487,49.9872],[19.8483,49.9891],[19.8483,49.9903],[19.8492,49.9923],[19.8495,49.9947],[19.848,49.9948],[19.8455,49.9946],[19.8418,49.995],[19.8413,49.9948],[19.8381,49.995],[19.8367,49.9956],[19.8339,49.9957],[19.8291,49.9962],[19.8239,49.9962],[19.8225,49.9963],[19.8219,49.9968],[19.8192,49.997],[19.8184,49.9965],[19.8151,49.9958],[19.8142,49.9952],[19.8147,49.9946],[19.8143,49.9943],[19.8121,49.9947],[19.8112,49.9942],[19.8113,49.9938],[19.8095,49.9922],[19.8077,49.9925],[19.806,49.993],[19.8036,49.993],[19.8035,49.9936],[19.8027,49.9941],[19.8023,49.9934],[19.8009,49.994],[19.8006,49.9956],[19.7989,49.996],[19.798,49.9951],[19.7967,49.9946],[19.7957,49.9953],[19.7961,49.9958],[19.7966,49.9974],[19.7962,49.9994],[19.7957,50.0008],[19.7948,50.0049],[19.7947,50.0061],[19.7938,50.0083],[19.793,50.0096],[19.7922,50.0118],[19.7926,50.0131],[19.7943,50.0147],[19.7976,50.0156],[19.7993,50.0168],[19.8006,50.0186],[19.8009,50.0204],[19.8026,50.0237],[19.8043,50.0252],[19.8059,50.0261],[19.8087,50.0266],[19.8103,50.0264],[19.8124,50.0254],[19.814,50.0234],[19.8149,50.0218],[19.8156,50.0212],[19.8177,50.0205],[19.8194,50.0204],[19.821,50.0206],[19.8257,50.0227],[19.8282,50.0241],[19.8287,50.0247],[19.8291,50.0258],[19.829,50.0269],[19.8279,50.0294],[19.8265,50.0317],[19.8263,50.0324],[19.8249,50.0321],[19.8228,50.0319],[19.8208,50.0319],[19.8188,50.0323],[19.8166,50.0334],[19.8156,50.0337],[19.8145,50.0349],[19.8134,50.0354],[19.813,50.0369],[19.8126,50.0375],[19.8128,50.0392],[19.812,50.0402],[19.8106,50.0407],[19.811,50.0429],[19.8131,50.0449],[19.814,50.0455],[19.8177,50.0491],[19.8183,50.0503],[19.8189,50.0506],[19.8196,50.0516],[19.8196,50.0522],[19.8202,50.0534],[19.8201,50.0542],[19.8208,50.0553],[19.8207,50.0567],[19.8213,50.0577],[19.822,50.0582],[19.8198,50.0582],[19.8185,50.0587],[19.8176,50.0588],[19.8165,50.0593],[19.8146,50.0592],[19.8125,50.0586],[19.8113,50.0585],[19.8097,50.06],[19.8093,50.061],[19.8045,50.0621],[19.8046,50.0645],[19.8042,50.0654],[19.8017,50.0692],[19.8048,50.0711],[19.806,50.0721],[19.8073,50.0747],[19.8084,50.0772],[19.8083,50.0784],[19.8095,50.0794],[19.8112,50.0802],[19.8129,50.0802],[19.8146,50.0804],[19.8154,50.0807],[19.8185,50.081],[19.8195,50.0818],[19.8208,50.082],[19.8219,50.0824],[19.8235,50.0827],[19.8238,50.0835],[19.8255,50.0842],[19.828,50.0858],[19.8293,50.0877],[19.8312,50.0885],[19.8331,50.0885],[19.8344,50.0883],[19.8356,50.0896],[19.8365,50.0893],[19.8378,50.0905],[19.8394,50.0908],[19.8409,50.0918],[19.8419,50.0918],[19.8431,50.0924],[19.8435,50.0922],[19.845,50.0922],[19.8478,50.0933],[19.8498,50.0937],[19.8515,50.0944],[19.8529,50.0943],[19.856,50.0936],[19.8586,50.0935],[19.8616,50.0927],[19.8629,50.0941],[19.8639,50.0954],[19.8654,50.0969],[19.8656,50.0973],[19.8674,50.0992],[19.8666,50.1],[19.8653,50.0995],[19.8647,50.1002],[19.8644,50.1015],[19.8637,50.1024],[19.8628,50.1043],[19.8618,50.1059],[19.8633,50.1073],[19.8674,50.1074],[19.8682,50.1078],[19.8753,50.111],[19.8766,50.1124],[19.8768,50.1136],[19.8775,50.1147],[19.8788,50.1175],[19.8792,50.1188],[19.8807,50.1204],[19.8821,50.1214],[19.8844,50.1222],[19.8861,50.1222],[19.8879,50.1224],[19.8887,50.1227],[19.8906,50.1227],[19.8914,50.123],[19.8904,50.124],[19.8915,50.1243],[19.8926,50.1243],[19.8924,50.1248],[19.8925,50.1261],[19.8983,50.1261],[19.8983,50.1257],[19.8996,50.1258],[19.9005,50.1255],[19.9026,50.1232],[19.9047,50.1221],[19.9056,50.1213],[19.9067,50.1199],[19.9086,50.1179],[19.9097,50.115],[19.9108,50.1126],[19.9115,50.1116],[19.9122,50.1101],[19.9129,50.1081],[19.9142,50.1053],[19.9146,50.1039],[19.9151,50.1009],[19.9162,50.1008],[19.918,50.1003],[19.9189,50.1002],[19.9189,50.1014],[19.921,50.1021],[19.9209,50.1023],[19.9277,50.1051],[19.9281,50.1043],[19.9289,50.1037],[19.9308,50.1048],[19.9298,50.1059],[19.9294,50.1067],[19.9305,50.1068],[19.9312,50.1075],[19.9311,50.1086],[19.9304,50.1092],[19.9284,50.1103],[19.9271,50.1102],[19.9294,50.1081],[19.9294,50.1077],[19.9279,50.1078],[19.9276,50.1073],[19.9266,50.1076],[19.9259,50.1084],[19.9254,50.1101],[19.9245,50.1113],[19.9253,50.1117],[19.9257,50.1125],[19.925,50.114],[19.9259,50.1144],[19.9273,50.1146],[19.9277,50.1135],[19.9297,50.1142],[19.9311,50.1142],[19.9329,50.1145],[19.9354,50.1152],[19.9353,50.1155],[19.9369,50.1159],[19.94,50.1162],[19.9398,50.1169],[19.9402,50.1189],[19.9419,50.119],[19.9434,50.1188],[19.9442,50.119],[19.9474,50.1193],[19.9483,50.1172],[19.9492,50.116],[19.9514,50.1139],[19.9537,50.1125],[19.955,50.1115],[19.956,50.1105],[19.9574,50.1106],[19.9573,50.1094],[19.9581,50.1083],[19.9603,50.1084],[19.9616,50.109],[19.9633,50.1102],[19.9658,50.1092],[19.9676,50.1088],[19.9703,50.1073],[19.9721,50.1068],[19.9753,50.1065],[19.9777,50.1058],[19.9792,50.1058],[19.9807,50.105],[19.9815,50.1055],[19.9826,50.1055],[19.9845,50.1051],[19.9867,50.1048],[19.9883,50.1053],[19.9894,50.1053],[19.9907,50.1061],[19.9932,50.1068],[19.9965,50.1072],[20.0023,50.1072],[20.0028,50.1071],[20.0063,50.1071],[20.009,50.107],[20.0132,50.1067],[20.0153,50.1067],[20.0184,50.1063],[20.0221,50.1052],[20.0238,50.1043],[20.0242,50.1039],[20.0275,50.1044],[20.028,50.1058],[20.03,50.1059],[20.0316,50.1079],[20.034,50.1087],[20.0358,50.1086],[20.0352,50.11],[20.036,50.1102],[20.0368,50.1111],[20.0372,50.1119],[20.037,50.1127],[20.0386,50.1132],[20.0419,50.1135],[20.0422,50.1127],[20.0442,50.1107],[20.0448,50.1105],[20.0455,50.1112],[20.0465,50.1098],[20.0474,50.1096],[20.0493,50.1097],[20.0501,50.1103],[20.0519,50.1106],[20.0524,50.112],[20.0539,50.1129],[20.0554,50.1126],[20.0564,50.1126],[20.0578,50.1136],[20.0585,50.1147],[20.0618,50.1143],[20.0616,50.1135],[20.0638,50.1134],[20.0664,50.114],[20.0702,50.1139],[20.0703,50.1127],[20.0736,50.1127],[20.075,50.1129],[20.0769,50.1129],[20.079,50.1124],[20.0787,50.112],[20.0776,50.1115],[20.0755,50.1095],[20.0761,50.1093],[20.0771,50.1083],[20.0784,50.1083],[20.0793,50.1087],[20.0823,50.1097],[20.0837,50.1098],[20.0841,50.1102],[20.0843,50.1112],[20.0853,50.1115],[20.088,50.1114],[20.0882,50.1135],[20.0891,50.1135],[20.091,50.1139],[20.0941,50.1148],[20.0942,50.1163],[20.0951,50.1178],[20.0959,50.1186],[20.0962,50.1193]]]}},{"type":"Feature","properties":{"slug":"radom","name":"Radom","bdlUnitId":"071422763000","voivodeship":"mazowieckie","lat":51.40622,"lon":21.15658},"geometry":{"type":"Polygon","coordinates":[[[21.2564,51.4317],[21.2545,51.4317],[21.25,51.432],[21.2483,51.432],[21.2442,51.4323],[21.2426,51.432],[21.2377,51.4303],[21.2371,51.43],[21.2343,51.4291],[21.2291,51.4272],[21.2243,51.4256],[21.2197,51.424],[21.2201,51.4223],[21.2214,51.422],[21.2202,51.4211],[21.2178,51.42],[21.2187,51.4192],[21.2185,51.4176],[21.2177,51.4175],[21.213,51.4178],[21.2101,51.4175],[21.2086,51.4116],[21.2044,51.4122],[21.2037,51.4104],[21.2037,51.4086],[21.2034,51.4073],[21.2021,51.4048],[21.2024,51.4047],[21.2017,51.4027],[21.2041,51.4012],[21.2053,51.4008],[21.2057,51.4004],[21.2085,51.3999],[21.211,51.3996],[21.214,51.3991],[21.2151,51.3987],[21.214,51.3952],[21.2166,51.395],[21.2201,51.3946],[21.2251,51.3942],[21.232,51.3935],[21.2339,51.3894],[21.2324,51.3863],[21.2264,51.3853],[21.2237,51.3841],[21.2232,51.3818],[21.2222,51.3817],[21.2194,51.3819],[21.2169,51.3824],[21.216,51.379],[21.2159,51.3782],[21.2149,51.3747],[21.2169,51.3732],[21.2207,51.3723],[21.2198,51.3708],[21.2185,51.37],[21.2173,51.369],[21.215,51.3668],[21.2142,51.3641],[21.2123,51.3603],[21.209,51.3596],[21.2081,51.3595],[21.205,51.3587],[21.2036,51.3582],[21.2032,51.3575],[21.2026,51.3574],[21.2013,51.3565],[21.2006,51.3538],[21.2001,51.3532],[21.1977,51.3521],[21.1955,51.3492],[21.1947,51.3486],[21.19,51.349],[21.1881,51.3498],[21.1856,51.3503],[21.1817,51.3515],[21.1799,51.3519],[21.1793,51.3522],[21.1776,51.3523],[21.1758,51.3527],[21.1744,51.3533],[21.1732,51.3534],[21.1712,51.3538],[21.1695,51.3539],[21.1688,51.3545],[21.1668,51.3555],[21.165,51.3566],[21.1617,51.3557],[21.1599,51.3554],[21.1574,51.3547],[21.1562,51.3558],[21.1543,51.3549],[21.1496,51.3566],[21.1492,51.3566],[21.1452,51.3577],[21.1448,51.3573],[21.1439,51.3572],[21.1422,51.3575],[21.1384,51.3579],[21.1361,51.358],[21.1282,51.3571],[21.1256,51.3566],[21.1238,51.3564],[21.1142,51.3548],[21.1126,51.3546],[21.1091,51.3539],[21.1074,51.3537],[21.1051,51.3532],[21.1028,51.3529],[21.0993,51.3518],[21.0965,51.3508],[21.0969,51.3502],[21.0941,51.3496],[21.0932,51.3496],[21.0903,51.3501],[21.0858,51.3498],[21.0849,51.3503],[21.0819,51.3498],[21.0822,51.3512],[21.0783,51.3518],[21.0741,51.3523],[21.0722,51.3535],[21.0766,51.3557],[21.0755,51.3558],[21.0795,51.3584],[21.0765,51.3601],[21.0762,51.3614],[21.0737,51.3615],[21.0717,51.3617],[21.0685,51.3618],[21.0651,51.3621],[21.0599,51.3624],[21.0613,51.3633],[21.0671,51.3675],[21.0691,51.3689],[21.0639,51.3702],[21.0626,51.37],[21.06,51.3699],[21.055,51.3699],[21.0533,51.3698],[21.0539,51.3717],[21.0552,51.3729],[21.0543,51.3732],[21.0532,51.3749],[21.0576,51.376],[21.0598,51.3767],[21.0624,51.3777],[21.0634,51.3787],[21.0633,51.3791],[21.0636,51.3809],[21.0636,51.3826],[21.064,51.3844],[21.0658,51.3862],[21.067,51.388],[21.0659,51.3886],[21.0617,51.39],[21.0611,51.3909],[21.0605,51.3924],[21.0585,51.3986],[21.066,51.3999],[21.0711,51.4006],[21.0742,51.4009],[21.0743,51.4044],[21.0771,51.404],[21.0812,51.4033],[21.0849,51.4031],[21.0879,51.4044],[21.0907,51.4059],[21.093,51.4064],[21.0943,51.4069],[21.0964,51.4072],[21.0979,51.4072],[21.105,51.4079],[21.1057,51.4083],[21.1086,51.4124],[21.11,51.4146],[21.111,51.4159],[21.1126,51.4183],[21.1157,51.418],[21.1175,51.4176],[21.1166,51.4205],[21.1182,51.4204],[21.1221,51.4204],[21.1229,51.4202],[21.1243,51.4177],[21.1278,51.418],[21.128,51.4203],[21.1286,51.4248],[21.1289,51.4283],[21.1285,51.4295],[21.1276,51.433],[21.1265,51.4369],[21.1255,51.4365],[21.1229,51.4358],[21.1202,51.4349],[21.1179,51.4348],[21.1185,51.4389],[21.1186,51.4403],[21.1192,51.441],[21.1201,51.4413],[21.1201,51.4421],[21.1187,51.4434],[21.119,51.4476],[21.1194,51.4514],[21.1204,51.4517],[21.1217,51.4532],[21.1239,51.4542],[21.1252,51.454],[21.1263,51.4542],[21.1288,51.4554],[21.1318,51.4558],[21.1328,51.4558],[21.1354,51.4565],[21.1373,51.4575],[21.1389,51.4588],[21.1402,51.459],[21.1423,51.4591],[21.1445,51.4596],[21.1451,51.4599],[21.1437,51.4604],[21.145,51.4619],[21.1446,51.4648],[21.1461,51.4641],[21.1473,51.4649],[21.1499,51.4669],[21.1545,51.4701],[21.1556,51.471],[21.1576,51.4717],[21.1596,51.4726],[21.1601,51.4737],[21.161,51.4765],[21.1622,51.4786],[21.1634,51.4782],[21.1672,51.4783],[21.1696,51.4786],[21.1739,51.4794],[21.1751,51.4797],[21.1774,51.48],[21.1782,51.4812],[21.1795,51.4826],[21.1803,51.4839],[21.1793,51.4856],[21.1814,51.4858],[21.1807,51.485],[21.1816,51.4836],[21.1812,51.4818],[21.1813,51.4811],[21.1818,51.4809],[21.1821,51.48],[21.183,51.4801],[21.1835,51.4796],[21.1834,51.4787],[21.1847,51.4785],[21.1851,51.4771],[21.1869,51.4762],[21.1877,51.4753],[21.1902,51.4744],[21.1914,51.4751],[21.192,51.4749],[21.1925,51.4735],[21.1934,51.4731],[21.1942,51.4721],[21.1956,51.4717],[21.1966,51.4706],[21.1961,51.4687],[21.1967,51.4679],[21.1962,51.4674],[21.1964,51.4661],[21.1983,51.4646],[21.2001,51.4644],[21.2024,51.4636],[21.203,51.4629],[21.2062,51.462],[21.2068,51.4606],[21.2092,51.4594],[21.2113,51.4591],[21.2133,51.4578],[21.2168,51.4559],[21.2192,51.455],[21.221,51.4541],[21.2232,51.4525],[21.2253,51.4512],[21.2276,51.4489],[21.2302,51.4483],[21.2322,51.4477],[21.2331,51.4469],[21.2342,51.447],[21.235,51.4467],[21.2371,51.4466],[21.2379,51.4473],[21.24,51.4472],[21.2406,51.4475],[21.2417,51.4471],[21.2433,51.4474],[21.2446,51.447],[21.2452,51.446],[21.2458,51.4459],[21.2459,51.4452],[21.2483,51.4449],[21.2495,51.4441],[21.2509,51.4439],[21.2511,51.4428],[21.2532,51.4426],[21.2541,51.4423],[21.2559,51.4423],[21.2563,51.4417],[21.2581,51.4418],[21.2591,51.441],[21.2584,51.4401],[21.2582,51.4388],[21.2529,51.4394],[21.2512,51.4395],[21.2496,51.4373],[21.2505,51.4337],[21.2507,51.4333],[21.2564,51.4317]]]}},{"type":"Feature","properties":{"slug":"siedlce","name":"Siedlce","bdlUnitId":"071427164000","voivodeship":"mazowieckie","lat":52.16506,"lon":22.27124},"geometry":{"type":"Polygon","coordinates":[[[22.2409,52.1314],[22.2406,52.1319],[22.2395,52.1347],[22.242,52.1351],[22.242,52.1363],[22.2412,52.1363],[22.241,52.1371],[22.2399,52.139],[22.2393,52.1389],[22.2388,52.1397],[22.2393,52.1409],[22.2398,52.1414],[22.2407,52.1416],[22.2399,52.1426],[22.2401,52.1429],[22.2394,52.1438],[22.2399,52.1443],[22.2398,52.1452],[22.2393,52.1454],[22.2396,52.1462],[22.2392,52.1472],[22.2393,52.1478],[22.2376,52.1478],[22.2373,52.1485],[22.2364,52.149],[22.236,52.1499],[22.2347,52.15],[22.2344,52.1513],[22.2352,52.1521],[22.2358,52.1516],[22.2364,52.1521],[22.2356,52.1524],[22.2357,52.153],[22.2365,52.1533],[22.2375,52.1533],[22.2378,52.1543],[22.2371,52.1545],[22.2366,52.1555],[22.2373,52.1564],[22.2366,52.1565],[22.2354,52.1559],[22.2341,52.157],[22.2333,52.1583],[22.232,52.1592],[22.2317,52.1597],[22.232,52.1603],[22.231,52.1603],[22.2309,52.1612],[22.2323,52.1613],[22.2326,52.1623],[22.232,52.1631],[22.2328,52.164],[22.2329,52.1649],[22.2318,52.1651],[22.2311,52.1659],[22.2313,52.1664],[22.2301,52.1669],[22.2294,52.1677],[22.2294,52.1682],[22.2287,52.1686],[22.2279,52.1685],[22.2272,52.1697],[22.2258,52.1696],[22.226,52.1702],[22.2253,52.1708],[22.2256,52.1715],[22.225,52.1721],[22.2252,52.1727],[22.2248,52.1735],[22.224,52.1737],[22.224,52.1748],[22.2237,52.1767],[22.223,52.1775],[22.2236,52.1781],[22.2236,52.1787],[22.2246,52.1796],[22.2241,52.1803],[22.2231,52.1803],[22.2231,52.1809],[22.2236,52.1817],[22.2228,52.1835],[22.2235,52.1843],[22.2227,52.1861],[22.2225,52.187],[22.2218,52.1878],[22.2211,52.1894],[22.2206,52.1898],[22.2217,52.1908],[22.2222,52.1918],[22.2228,52.1921],[22.2225,52.193],[22.2232,52.1932],[22.2223,52.1959],[22.2264,52.1959],[22.2288,52.1958],[22.2285,52.1938],[22.2284,52.1915],[22.2317,52.1906],[22.234,52.1898],[22.2352,52.1891],[22.2365,52.1887],[22.2388,52.1875],[22.2404,52.1869],[22.2404,52.1865],[22.2377,52.1819],[22.2379,52.1817],[22.2412,52.1811],[22.2434,52.1809],[22.2443,52.1806],[22.2455,52.1826],[22.2465,52.1822],[22.248,52.1843],[22.2489,52.1852],[22.2511,52.187],[22.2518,52.1878],[22.253,52.1882],[22.254,52.188],[22.2568,52.1914],[22.2583,52.1931],[22.2616,52.1921],[22.2625,52.1931],[22.2636,52.1948],[22.2639,52.1957],[22.2688,52.1941],[22.275,52.1922],[22.2777,52.1913],[22.2809,52.1904],[22.2819,52.1917],[22.2846,52.1904],[22.2849,52.1894],[22.2872,52.1867],[22.2896,52.185],[22.2916,52.1848],[22.298,52.1848],[22.2996,52.1847],[22.3005,52.1835],[22.3016,52.183],[22.3053,52.1831],[22.3081,52.1835],[22.3085,52.1832],[22.3064,52.1819],[22.3042,52.1807],[22.3046,52.1798],[22.3059,52.1757],[22.3083,52.1756],[22.3099,52.1758],[22.3145,52.1758],[22.3195,52.1753],[22.3208,52.1747],[22.3229,52.1743],[22.3243,52.1743],[22.3274,52.173],[22.3283,52.1724],[22.3294,52.1704],[22.3297,52.1674],[22.3299,52.1664],[22.3301,52.1618],[22.331,52.1605],[22.3299,52.1604],[22.327,52.1598],[22.326,52.1597],[22.3238,52.1586],[22.3218,52.1579],[22.3184,52.1558],[22.317,52.1547],[22.3146,52.1525],[22.3136,52.1487],[22.3102,52.1481],[22.3074,52.1478],[22.3043,52.1473],[22.3023,52.1458],[22.303,52.1454],[22.3032,52.1448],[22.3033,52.1426],[22.3016,52.1399],[22.3003,52.1397],[22.299,52.1403],[22.2962,52.1412],[22.2942,52.1424],[22.293,52.1436],[22.2918,52.1438],[22.2928,52.1448],[22.293,52.1453],[22.2902,52.1458],[22.2858,52.1467],[22.2831,52.1471],[22.2853,52.1497],[22.2843,52.1504],[22.2811,52.151],[22.2779,52.1476],[22.2761,52.1459],[22.2743,52.144],[22.2695,52.1448],[22.2662,52.1452],[22.2645,52.1443],[22.2637,52.1412],[22.2636,52.1389],[22.2645,52.135],[22.2562,52.1322],[22.2569,52.1299],[22.2542,52.1301],[22.2532,52.1303],[22.2494,52.1277],[22.2465,52.1279],[22.2448,52.1283],[22.2421,52.1276],[22.2413,52.1284],[22.2413,52.1303],[22.2409,52.1314]]]}},{"type":"Feature","properties":{"slug":"leszno","name":"Leszno","bdlUnitId":"023015963000","voivodeship":"wielkopolskie","lat":51.84293,"lon":16.57762},"geometry":{"type":"Polygon","coordinates":[[[16.5419,51.8246],[16.5425,51.8249],[16.5418,51.8276],[16.5398,51.8276],[16.5394,51.8293],[16.5385,51.8323],[16.5351,51.8319],[16.5293,51.831],[16.5293,51.8312],[16.5277,51.8354],[16.5313,51.8369],[16.5328,51.8359],[16.5361,51.837],[16.5364,51.8362],[16.5377,51.837],[16.5395,51.8376],[16.5405,51.836],[16.5427,51.8382],[16.547,51.8416],[16.5451,51.8449],[16.5445,51.8455],[16.5398,51.8463],[16.5384,51.8452],[16.537,51.8454],[16.5349,51.8476],[16.5372,51.8484],[16.5385,51.8482],[16.5388,51.8507],[16.5381,51.8516],[16.5372,51.8518],[16.5365,51.8525],[16.5365,51.853],[16.5374,51.8535],[16.5379,51.8543],[16.5376,51.8552],[16.5361,51.8563],[16.536,51.8569],[16.5349,51.8579],[16.5347,51.8587],[16.5356,51.8604],[16.5367,51.8612],[16.5369,51.8618],[16.5433,51.8587],[16.5462,51.8569],[16.5486,51.8557],[16.5496,51.8563],[16.5505,51.8577],[16.5538,51.8594],[16.5543,51.8599],[16.5564,51.8631],[16.5567,51.8638],[16.5538,51.8639],[16.5538,51.8642],[16.5509,51.8671],[16.5516,51.868],[16.5548,51.8693],[16.5562,51.8701],[16.5607,51.8717],[16.5628,51.8714],[16.5642,51.8716],[16.5663,51.8726],[16.5679,51.8731],[16.5699,51.8734],[16.5714,51.8734],[16.5755,51.8727],[16.5828,51.8716],[16.5855,51.8711],[16.5908,51.8703],[16.5919,51.8703],[16.5957,51.8688],[16.5976,51.8676],[16.6007,51.8687],[16.6056,51.8703],[16.61,51.8718],[16.6106,51.8734],[16.6115,51.8748],[16.6122,51.8766],[16.6123,51.878],[16.6121,51.8798],[16.6124,51.8806],[16.6137,51.8809],[16.6151,51.8815],[16.6153,51.8805],[16.6153,51.8782],[16.615,51.8757],[16.6148,51.8753],[16.6146,51.8724],[16.615,51.871],[16.6174,51.8716],[16.6191,51.8718],[16.6217,51.8714],[16.6197,51.8693],[16.6206,51.8685],[16.6229,51.8659],[16.6237,51.8652],[16.6237,51.8638],[16.6243,51.8617],[16.6238,51.8601],[16.6228,51.8587],[16.6225,51.858],[16.622,51.8557],[16.6211,51.8554],[16.6186,51.8551],[16.6171,51.8546],[16.6158,51.8545],[16.6141,51.854],[16.6142,51.8515],[16.6145,51.8486],[16.6141,51.8468],[16.6139,51.8451],[16.6143,51.8444],[16.6162,51.8426],[16.6167,51.8419],[16.616,51.8414],[16.6138,51.8404],[16.6127,51.8396],[16.6114,51.839],[16.6113,51.8368],[16.61,51.8309],[16.6088,51.8292],[16.6068,51.8272],[16.6068,51.8266],[16.6062,51.8254],[16.6064,51.8251],[16.6054,51.8243],[16.6043,51.8227],[16.6049,51.8218],[16.6044,51.8206],[16.6031,51.8206],[16.6036,51.8189],[16.6013,51.8183],[16.6023,51.8167],[16.6004,51.8163],[16.5954,51.815],[16.5948,51.815],[16.5941,51.8156],[16.5926,51.8149],[16.5929,51.8146],[16.5894,51.8142],[16.5898,51.8136],[16.5873,51.814],[16.5858,51.8141],[16.5869,51.8122],[16.5864,51.8104],[16.5832,51.8107],[16.581,51.8105],[16.5811,51.813],[16.5804,51.8131],[16.5788,51.8166],[16.5753,51.8163],[16.5752,51.8155],[16.574,51.8158],[16.572,51.8167],[16.5691,51.8142],[16.5671,51.8123],[16.566,51.8114],[16.5677,51.8072],[16.5615,51.8085],[16.5586,51.8092],[16.5545,51.808],[16.5522,51.8074],[16.5508,51.8069],[16.5496,51.8067],[16.548,51.8097],[16.5464,51.8124],[16.5428,51.8143],[16.5436,51.8152],[16.5444,51.8152],[16.5452,51.8158],[16.5459,51.8159],[16.5469,51.817],[16.5487,51.8179],[16.5408,51.824],[16.5419,51.8246]]]}},{"type":"Feature","properties":{"slug":"lomza","name":"Łomża","bdlUnitId":"062013862000","voivodeship":"podlaskie","lat":53.17434,"lon":22.05845},"geometry":{"type":"Polygon","coordinates":[[[22.0555,53.1429],[22.052,53.1431],[22.0505,53.1431],[22.0512,53.1452],[22.0513,53.1461],[22.0466,53.1465],[22.0431,53.1469],[22.0404,53.1471],[22.0363,53.1489],[22.0361,53.1482],[22.0346,53.1484],[22.0332,53.149],[22.0283,53.1488],[22.0285,53.1543],[22.0256,53.1538],[22.0248,53.1535],[22.0209,53.1528],[22.0198,53.1527],[22.0159,53.152],[22.0151,53.1521],[22.0148,53.153],[22.0144,53.1556],[22.0145,53.1575],[22.014,53.159],[22.0124,53.1617],[22.0117,53.1638],[22.0127,53.1643],[22.0128,53.1656],[22.0134,53.1667],[22.0128,53.1682],[22.0117,53.1687],[22.0112,53.1703],[22.0121,53.1712],[22.0119,53.1717],[22.0129,53.1734],[22.013,53.1741],[22.0148,53.1765],[22.0148,53.1774],[22.0152,53.1791],[22.0178,53.1807],[22.0181,53.1818],[22.0202,53.1831],[22.0228,53.1851],[22.023,53.1857],[22.0283,53.1865],[22.0294,53.1897],[22.0296,53.1919],[22.0332,53.1911],[22.0356,53.1907],[22.0357,53.1916],[22.0372,53.1989],[22.0378,53.2012],[22.04,53.2009],[22.0405,53.2012],[22.0422,53.2008],[22.0448,53.2004],[22.0466,53.2003],[22.0481,53.1999],[22.0507,53.199],[22.0545,53.1985],[22.0564,53.1981],[22.0584,53.1986],[22.0595,53.1991],[22.0571,53.2018],[22.0553,53.2034],[22.0536,53.2057],[22.0536,53.2075],[22.0549,53.2081],[22.0562,53.2075],[22.0567,53.2079],[22.0541,53.2088],[22.0505,53.2085],[22.0473,53.2089],[22.0426,53.2102],[22.0399,53.2115],[22.038,53.2126],[22.0366,53.2147],[22.0337,53.2172],[22.0329,53.2175],[22.0372,53.2196],[22.0363,53.2204],[22.0347,53.2214],[22.0364,53.2222],[22.0421,53.2183],[22.0487,53.2135],[22.0538,53.212],[22.0605,53.215],[22.061,53.2126],[22.0622,53.2129],[22.0642,53.2118],[22.0636,53.2112],[22.0662,53.2101],[22.0653,53.2097],[22.0648,53.2091],[22.0648,53.2084],[22.0654,53.2081],[22.0689,53.2079],[22.0708,53.2083],[22.0718,53.2089],[22.0737,53.2079],[22.0727,53.2073],[22.0713,53.207],[22.0712,53.2065],[22.0719,53.2058],[22.074,53.2058],[22.076,53.2067],[22.0774,53.2066],[22.0802,53.205],[22.0815,53.2045],[22.0825,53.2035],[22.0844,53.2004],[22.0851,53.1984],[22.0867,53.1964],[22.088,53.1952],[22.0905,53.1936],[22.0927,53.1928],[22.0935,53.1935],[22.0947,53.1928],[22.0956,53.1919],[22.095,53.1903],[22.0933,53.189],[22.0915,53.1882],[22.0903,53.1858],[22.0895,53.1852],[22.0883,53.1851],[22.0874,53.1853],[22.0863,53.1852],[22.0853,53.1847],[22.0848,53.184],[22.0847,53.1831],[22.0857,53.1821],[22.0901,53.1805],[22.0916,53.1796],[22.0928,53.1786],[22.0952,53.1771],[22.0969,53.1767],[22.0984,53.177],[22.1006,53.1767],[22.102,53.1759],[22.1024,53.1745],[22.1024,53.1732],[22.1028,53.1722],[22.1028,53.1704],[22.1031,53.1697],[22.104,53.1686],[22.1047,53.1681],[22.1063,53.1674],[22.105,53.1673],[22.1066,53.1665],[22.1048,53.165],[22.1038,53.1637],[22.1057,53.1633],[22.1022,53.1598],[22.1013,53.1594],[22.0967,53.1549],[22.0935,53.1517],[22.0911,53.1494],[22.0882,53.1465],[22.0874,53.1468],[22.0836,53.1437],[22.0814,53.1444],[22.0791,53.1449],[22.0779,53.1449],[22.0756,53.1445],[22.0727,53.1443],[22.0701,53.1469],[22.0679,53.1468],[22.0679,53.1461],[22.0669,53.1454],[22.0658,53.1455],[22.0657,53.1437],[22.0627,53.1438],[22.0592,53.1432],[22.0582,53.1432],[22.0555,53.1429]]]}},{"type":"Feature","properties":{"slug":"wroclaw","name":"Wrocław","bdlUnitId":"030210564000","voivodeship":"dolnośląskie","lat":51.12769,"lon":16.99606},"geometry":{"type":"Polygon","coordinates":[[[16.8307,51.1118],[16.8302,51.1123],[16.8312,51.1132],[16.8314,51.1137],[16.8331,51.1145],[16.834,51.1145],[16.8347,51.1141],[16.8364,51.1152],[16.8361,51.1168],[16.8365,51.1172],[16.8375,51.1172],[16.8384,51.1162],[16.8403,51.1162],[16.841,51.1159],[16.842,51.116],[16.8418,51.1173],[16.8415,51.1178],[16.8394,51.1186],[16.8371,51.1192],[16.8352,51.1202],[16.8336,51.1219],[16.8327,51.1226],[16.8336,51.124],[16.8332,51.1243],[16.8302,51.1249],[16.8282,51.1252],[16.8243,51.1254],[16.8199,51.1259],[16.8171,51.1264],[16.8179,51.1273],[16.8188,51.1295],[16.8187,51.1324],[16.82,51.1327],[16.8205,51.1331],[16.822,51.1357],[16.8226,51.1372],[16.8233,51.1381],[16.8251,51.1392],[16.8258,51.1398],[16.8265,51.1413],[16.8248,51.1412],[16.8208,51.1399],[16.8204,51.1399],[16.8203,51.1385],[16.8198,51.1384],[16.817,51.1384],[16.8163,51.1381],[16.8135,51.1373],[16.8125,51.1374],[16.8093,51.1374],[16.8096,51.1388],[16.8073,51.1389],[16.8096,51.1435],[16.8104,51.1453],[16.8131,51.1503],[16.816,51.15],[16.8164,51.1506],[16.8173,51.153],[16.8213,51.1522],[16.8254,51.1515],[16.8266,51.1529],[16.8286,51.1548],[16.8311,51.1577],[16.8276,51.1588],[16.827,51.1608],[16.8258,51.1633],[16.8239,51.1662],[16.822,51.168],[16.8216,51.1692],[16.8211,51.1718],[16.8223,51.1716],[16.8236,51.1732],[16.8258,51.1744],[16.8264,51.1751],[16.8233,51.1769],[16.8265,51.1822],[16.8276,51.1836],[16.8298,51.1834],[16.832,51.1836],[16.8324,51.1843],[16.8331,51.1844],[16.8357,51.184],[16.8367,51.1835],[16.8368,51.1827],[16.8373,51.1823],[16.8417,51.1818],[16.8423,51.1828],[16.844,51.1823],[16.845,51.1817],[16.8476,51.1809],[16.8502,51.1796],[16.8515,51.1786],[16.8527,51.1779],[16.855,51.1775],[16.8576,51.1777],[16.8596,51.1781],[16.8619,51.1788],[16.8631,51.1788],[16.8639,51.18],[16.8666,51.1797],[16.8679,51.1797],[16.8712,51.1792],[16.8722,51.1798],[16.8745,51.1804],[16.8754,51.1809],[16.8759,51.1817],[16.8761,51.1826],[16.8773,51.1856],[16.8808,51.1864],[16.8813,51.1873],[16.8812,51.1877],[16.8822,51.1879],[16.8845,51.1879],[16.8873,51.1875],[16.8881,51.1875],[16.8897,51.1868],[16.8902,51.1857],[16.8902,51.185],[16.8923,51.1844],[16.8939,51.1841],[16.8949,51.1843],[16.8968,51.1842],[16.899,51.1845],[16.9005,51.1841],[16.901,51.1846],[16.901,51.186],[16.9014,51.1869],[16.9027,51.1876],[16.9026,51.1882],[16.9018,51.1887],[16.8995,51.1888],[16.8982,51.1884],[16.8961,51.1886],[16.8955,51.1883],[16.8936,51.1887],[16.8928,51.1886],[16.8913,51.189],[16.8903,51.1895],[16.89,51.1901],[16.8887,51.1902],[16.8877,51.191],[16.8874,51.1919],[16.8881,51.1932],[16.8878,51.194],[16.8871,51.1945],[16.8861,51.1962],[16.8862,51.1965],[16.8853,51.1971],[16.8846,51.1984],[16.8844,51.1999],[16.8839,51.2002],[16.8837,51.2011],[16.8824,51.2011],[16.8818,51.2015],[16.8817,51.2025],[16.8823,51.2032],[16.8821,51.2036],[16.8838,51.204],[16.8863,51.2049],[16.8862,51.2055],[16.8869,51.2058],[16.8883,51.206],[16.8891,51.2051],[16.8899,51.2047],[16.8925,51.2042],[16.8933,51.2042],[16.8943,51.2047],[16.8952,51.2048],[16.8971,51.2072],[16.9,51.2091],[16.903,51.2101],[16.9051,51.2095],[16.9049,51.2078],[16.9051,51.2069],[16.9062,51.2053],[16.9069,51.2046],[16.909,51.2035],[16.91,51.2032],[16.9128,51.2027],[16.9151,51.2017],[16.9178,51.1998],[16.9181,51.1992],[16.9189,51.1991],[16.92,51.1984],[16.9213,51.1969],[16.9219,51.1967],[16.9232,51.1968],[16.9255,51.1975],[16.927,51.1975],[16.9284,51.1977],[16.9294,51.1981],[16.9301,51.198],[16.9317,51.1983],[16.9349,51.1995],[16.9369,51.1995],[16.9379,51.1997],[16.9398,51.2005],[16.9436,51.2026],[16.9445,51.2032],[16.946,51.2034],[16.9491,51.2032],[16.9499,51.2035],[16.9515,51.2055],[16.953,51.2063],[16.954,51.2071],[16.9542,51.2084],[16.955,51.2087],[16.9563,51.2086],[16.958,51.2094],[16.961,51.209],[16.9613,51.2087],[16.9652,51.2077],[16.9664,51.2076],[16.9664,51.2066],[16.967,51.2054],[16.9688,51.2052],[16.9698,51.2048],[16.971,51.2049],[16.973,51.2044],[16.9739,51.2046],[16.9764,51.2046],[16.9796,51.2055],[16.9812,51.2049],[16.9873,51.2034],[16.9902,51.2029],[16.9922,51.2022],[16.9933,51.2016],[16.9932,51.201],[16.9958,51.1991],[16.9976,51.1987],[17.0009,51.1975],[17.0011,51.1964],[17,51.1957],[16.9993,51.1943],[16.9991,51.1933],[17.0003,51.1928],[17.0008,51.1915],[17.0002,51.1911],[16.9998,51.1891],[16.9993,51.1882],[16.9992,51.1872],[16.9999,51.1833],[16.9999,51.1818],[17.0015,51.1819],[17.0015,51.1824],[17.0036,51.1824],[17.0048,51.182],[17.0064,51.182],[17.0089,51.1822],[17.0103,51.1822],[17.0112,51.1825],[17.0149,51.1826],[17.0141,51.1845],[17.0135,51.1855],[17.0137,51.1865],[17.0146,51.1876],[17.0155,51.1875],[17.017,51.187],[17.0172,51.1865],[17.0181,51.1858],[17.0198,51.1856],[17.0213,51.1856],[17.0225,51.1859],[17.0242,51.1841],[17.0254,51.1821],[17.0254,51.1816],[17.0263,51.1809],[17.0241,51.179],[17.0253,51.1779],[17.0254,51.1764],[17.0277,51.1753],[17.0306,51.1751],[17.0329,51.1754],[17.0368,51.1739],[17.0387,51.1735],[17.0413,51.1737],[17.0432,51.1733],[17.0457,51.1721],[17.0474,51.171],[17.05,51.1705],[17.0529,51.1698],[17.0545,51.169],[17.0566,51.1685],[17.0578,51.168],[17.0587,51.1671],[17.0601,51.1666],[17.0614,51.1666],[17.0639,51.166],[17.0654,51.1649],[17.0699,51.1656],[17.0719,51.166],[17.0728,51.1659],[17.0754,51.1648],[17.0766,51.1644],[17.0777,51.1637],[17.0784,51.1628],[17.0797,51.1642],[17.0779,51.1658],[17.0776,51.1659],[17.0784,51.1697],[17.0793,51.1728],[17.0801,51.1752],[17.0828,51.175],[17.0845,51.1768],[17.0906,51.1757],[17.092,51.1752],[17.0981,51.1744],[17.0982,51.1763],[17.1003,51.1759],[17.1008,51.1757],[17.1061,51.1745],[17.1083,51.1738],[17.1103,51.173],[17.1123,51.1751],[17.1134,51.1742],[17.1141,51.1742],[17.1173,51.173],[17.1218,51.1717],[17.1248,51.1707],[17.125,51.1718],[17.1262,51.1731],[17.1278,51.1731],[17.1294,51.1741],[17.1293,51.1748],[17.131,51.1789],[17.1312,51.1799],[17.133,51.1803],[17.1348,51.1801],[17.1409,51.1801],[17.1426,51.1804],[17.1438,51.1796],[17.1432,51.179],[17.142,51.1784],[17.1417,51.1775],[17.1421,51.1772],[17.1443,51.1785],[17.145,51.1786],[17.1503,51.1773],[17.1518,51.1775],[17.152,51.1781],[17.1549,51.1785],[17.1573,51.1785],[17.1577,51.1779],[17.1571,51.1773],[17.1561,51.1755],[17.1556,51.1733],[17.1551,51.17],[17.1543,51.1676],[17.1539,51.1651],[17.1539,51.1637],[17.1536,51.1622],[17.1549,51.1618],[17.1534,51.1608],[17.1522,51.1596],[17.1526,51.1549],[17.1525,51.1536],[17.1528,51.153],[17.1529,51.1517],[17.1525,51.1498],[17.1504,51.1444],[17.1455,51.1375],[17.1425,51.1331],[17.1408,51.1309],[17.1394,51.1314],[17.1369,51.1278],[17.1389,51.1266],[17.1391,51.1259],[17.1408,51.1249],[17.1422,51.1246],[17.1429,51.1247],[17.1444,51.1237],[17.1441,51.1231],[17.1449,51.1228],[17.1466,51.1228],[17.1489,51.1234],[17.1493,51.1237],[17.1505,51.1233],[17.1505,51.1226],[17.1524,51.1219],[17.1527,51.1212],[17.1538,51.1206],[17.1556,51.1199],[17.1563,51.1191],[17.1584,51.1191],[17.1609,51.1182],[17.1615,51.1174],[17.164,51.1163],[17.1645,51.1157],[17.1648,51.1147],[17.1658,51.1128],[17.1673,51.1124],[17.1683,51.1118],[17.17,51.112],[17.1722,51.1115],[17.1724,51.1108],[17.1739,51.1097],[17.1752,51.1076],[17.1751,51.1072],[17.1761,51.1062],[17.1752,51.1057],[17.1724,51.1029],[17.1691,51.1005],[17.17,51.0999],[17.1707,51.098],[17.1717,51.0971],[17.1717,51.0963],[17.1712,51.096],[17.1698,51.0961],[17.1649,51.0967],[17.1652,51.0957],[17.1631,51.0938],[17.1618,51.0928],[17.1609,51.0939],[17.1601,51.0945],[17.1593,51.0924],[17.1595,51.0918],[17.1622,51.0888],[17.1607,51.0887],[17.1585,51.0881],[17.1559,51.0866],[17.1542,51.0851],[17.1541,51.0845],[17.1516,51.0831],[17.151,51.0822],[17.1503,51.0818],[17.1485,51.0812],[17.1473,51.0833],[17.1465,51.0831],[17.1444,51.0821],[17.1414,51.0815],[17.1396,51.081],[17.1361,51.0805],[17.1323,51.0807],[17.1315,51.0799],[17.1302,51.0794],[17.1298,51.0795],[17.1277,51.0813],[17.1268,51.0818],[17.124,51.0816],[17.1203,51.0831],[17.1186,51.0815],[17.1194,51.081],[17.1174,51.0808],[17.1171,51.08],[17.1144,51.08],[17.1114,51.0792],[17.1105,51.0773],[17.1083,51.0753],[17.1096,51.0743],[17.1066,51.0721],[17.1047,51.0699],[17.1038,51.0678],[17.1032,51.0673],[17.1006,51.0663],[17.1014,51.0651],[17.0987,51.0638],[17.1014,51.0613],[17.0996,51.0609],[17.0977,51.0603],[17.0974,51.06],[17.0958,51.0594],[17.0979,51.0577],[17.0986,51.0568],[17.1015,51.0557],[17.1021,51.0553],[17.1035,51.0535],[17.1059,51.0525],[17.1072,51.0509],[17.1066,51.05],[17.1049,51.0482],[17.1034,51.0453],[17.0984,51.0452],[17.0918,51.0455],[17.0882,51.0461],[17.0857,51.0467],[17.0848,51.0472],[17.0833,51.0484],[17.0813,51.0494],[17.0801,51.0498],[17.0787,51.0505],[17.0765,51.0538],[17.0742,51.054],[17.073,51.0564],[17.0722,51.0585],[17.071,51.0588],[17.0682,51.0591],[17.0652,51.059],[17.0663,51.0552],[17.066,51.0527],[17.066,51.0517],[17.0657,51.0503],[17.0621,51.0499],[17.0618,51.0495],[17.06,51.0486],[17.0609,51.0455],[17.0607,51.0453],[17.0587,51.0454],[17.0521,51.0461],[17.0507,51.0444],[17.0432,51.0474],[17.0386,51.0489],[17.0365,51.049],[17.034,51.0498],[17.0311,51.05],[17.0304,51.0483],[17.0299,51.0466],[17.0287,51.0436],[17.029,51.0427],[17.0279,51.0427],[17.0207,51.0448],[17.0157,51.0459],[17.0146,51.0459],[17.0121,51.0463],[17.0099,51.0465],[17.0098,51.0468],[17.0101,51.0489],[17.0102,51.0512],[17.0119,51.0542],[17.0116,51.0544],[17.008,51.0553],[17.0053,51.0557],[17.0029,51.0522],[17.0007,51.0499],[16.9998,51.0493],[16.9955,51.0506],[16.9925,51.0517],[16.9922,51.0516],[16.993,51.0546],[16.9927,51.0561],[16.9923,51.0563],[16.9909,51.0577],[16.9907,51.0565],[16.9897,51.0557],[16.9885,51.0553],[16.987,51.0552],[16.9869,51.0536],[16.9856,51.0537],[16.9845,51.054],[16.9833,51.0539],[16.9824,51.0534],[16.9813,51.0531],[16.9791,51.0532],[16.9775,51.0535],[16.9758,51.0542],[16.975,51.0539],[16.9717,51.0554],[16.9691,51.0527],[16.9676,51.0509],[16.9664,51.0491],[16.9645,51.0495],[16.9619,51.0512],[16.9617,51.0515],[16.959,51.054],[16.9588,51.0543],[16.9588,51.0557],[16.9573,51.0575],[16.9551,51.0587],[16.9552,51.0608],[16.9555,51.0616],[16.9573,51.0652],[16.9575,51.0663],[16.9581,51.0674],[16.9548,51.0685],[16.9533,51.0688],[16.9532,51.0699],[16.9509,51.0705],[16.9489,51.0714],[16.9474,51.0729],[16.9466,51.0734],[16.9438,51.0741],[16.9431,51.0744],[16.9437,51.0749],[16.9395,51.0768],[16.9392,51.0779],[16.9388,51.0808],[16.9379,51.082],[16.9354,51.0822],[16.9346,51.0821],[16.9334,51.0816],[16.9286,51.081],[16.9258,51.0811],[16.9229,51.0797],[16.9222,51.0798],[16.9209,51.0804],[16.9189,51.0809],[16.9173,51.0811],[16.9192,51.0816],[16.9198,51.0836],[16.9214,51.0884],[16.923,51.0923],[16.923,51.0955],[16.9229,51.0978],[16.9217,51.0976],[16.9203,51.0976],[16.9174,51.0973],[16.9152,51.0972],[16.9136,51.097],[16.909,51.097],[16.9088,51.0971],[16.9046,51.0971],[16.9037,51.0969],[16.8987,51.0982],[16.8944,51.0988],[16.8897,51.099],[16.8891,51.0982],[16.8877,51.098],[16.8877,51.0975],[16.8884,51.0971],[16.8884,51.095],[16.8873,51.0934],[16.8861,51.0936],[16.8768,51.0945],[16.8717,51.0961],[16.8705,51.0966],[16.8616,51.0994],[16.859,51.1003],[16.8566,51.1035],[16.854,51.1072],[16.8553,51.1088],[16.8568,51.1104],[16.8582,51.1121],[16.8571,51.1122],[16.8569,51.1113],[16.8558,51.1109],[16.8542,51.1108],[16.8539,51.1101],[16.8527,51.11],[16.8519,51.1093],[16.8467,51.1105],[16.8434,51.111],[16.8426,51.111],[16.8402,51.1102],[16.8389,51.1101],[16.8369,51.1105],[16.8347,51.1115],[16.8328,51.1117],[16.8317,51.1122],[16.8307,51.1118]]]}},{"type":"Feature","properties":{"slug":"sosnowiec","name":"Sosnowiec","bdlUnitId":"012415075000","voivodeship":"śląskie","lat":50.27618,"lon":19.19286},"geometry":{"type":"Polygon","coordinates":[[[19.1607,50.2263],[19.1598,50.2273],[19.1578,50.229],[19.1545,50.231],[19.1509,50.2331],[19.1484,50.2348],[19.1474,50.2359],[19.1438,50.2421],[19.1429,50.2436],[19.1401,50.2482],[19.1396,50.2496],[19.1393,50.2525],[19.1384,50.2549],[19.1371,50.2587],[19.134,50.2617],[19.1327,50.2625],[19.1299,50.2636],[19.1271,50.2649],[19.1244,50.266],[19.1224,50.2668],[19.1188,50.2684],[19.1153,50.2698],[19.1137,50.2713],[19.1133,50.2706],[19.1095,50.2721],[19.1058,50.2743],[19.1029,50.2759],[19.1023,50.2764],[19.099,50.2782],[19.0982,50.279],[19.0978,50.2798],[19.0975,50.2812],[19.0969,50.2824],[19.0956,50.2823],[19.0945,50.282],[19.0917,50.2818],[19.0901,50.2818],[19.089,50.2816],[19.0873,50.2809],[19.0857,50.2804],[19.0831,50.2805],[19.0753,50.2805],[19.0737,50.2808],[19.073,50.2816],[19.0735,50.2825],[19.0743,50.2834],[19.0741,50.2842],[19.0722,50.2879],[19.0718,50.2903],[19.0713,50.2943],[19.0723,50.2945],[19.0722,50.2953],[19.0727,50.2956],[19.0745,50.2958],[19.0779,50.2966],[19.0786,50.2966],[19.0817,50.297],[19.0882,50.297],[19.0892,50.2971],[19.0894,50.2977],[19.093,50.2987],[19.0956,50.299],[19.0971,50.2993],[19.1001,50.2997],[19.101,50.2993],[19.1013,50.2983],[19.1015,50.2962],[19.1027,50.296],[19.1036,50.2965],[19.1045,50.2973],[19.1056,50.2975],[19.108,50.2983],[19.1102,50.2988],[19.1114,50.2986],[19.1111,50.3017],[19.1125,50.3019],[19.1171,50.302],[19.1183,50.3022],[19.1198,50.3022],[19.1214,50.3024],[19.1213,50.3031],[19.1206,50.3031],[19.1205,50.3049],[19.1211,50.3052],[19.1253,50.3054],[19.1256,50.3025],[19.1282,50.3026],[19.1295,50.3029],[19.1355,50.3037],[19.1371,50.3037],[19.1358,50.3021],[19.1363,50.3018],[19.1394,50.3015],[19.1392,50.302],[19.14,50.3028],[19.1408,50.3028],[19.1405,50.3013],[19.1426,50.3012],[19.1445,50.3014],[19.1445,50.3034],[19.1437,50.3054],[19.1445,50.3056],[19.1443,50.3061],[19.1442,50.3061],[19.1443,50.3061],[19.1442,50.3061],[19.1482,50.3075],[19.1485,50.3077],[19.1474,50.3089],[19.1515,50.3099],[19.1513,50.3103],[19.1553,50.3109],[19.1578,50.3112],[19.1615,50.3121],[19.1626,50.3125],[19.1656,50.3133],[19.1676,50.3137],[19.1759,50.3143],[19.1775,50.3143],[19.1799,50.3147],[19.1808,50.3138],[19.1844,50.3138],[19.186,50.3136],[19.1882,50.3138],[19.1897,50.3143],[19.1921,50.3156],[19.1947,50.3163],[19.1961,50.3169],[19.1985,50.3169],[19.2017,50.3159],[19.203,50.3153],[19.2063,50.3146],[19.2118,50.3138],[19.214,50.3132],[19.2157,50.3129],[19.2174,50.3124],[19.2175,50.3127],[19.2209,50.312],[19.2257,50.3109],[19.2291,50.3105],[19.2282,50.3091],[19.2271,50.308],[19.2298,50.3069],[19.2295,50.3045],[19.2301,50.3032],[19.23,50.3018],[19.234,50.3001],[19.2364,50.302],[19.2385,50.3021],[19.2406,50.302],[19.241,50.3032],[19.2431,50.3032],[19.2452,50.3027],[19.2456,50.3037],[19.2489,50.304],[19.252,50.304],[19.2531,50.3041],[19.2541,50.3032],[19.2542,50.3025],[19.2542,50.2971],[19.2543,50.2949],[19.2538,50.2949],[19.253,50.2929],[19.2524,50.2918],[19.2554,50.2925],[19.2557,50.2933],[19.2568,50.2933],[19.2569,50.2939],[19.2582,50.2947],[19.2595,50.2958],[19.26,50.2966],[19.2619,50.2978],[19.2631,50.2981],[19.2637,50.2971],[19.2646,50.2973],[19.2668,50.2972],[19.2679,50.297],[19.2719,50.2969],[19.2751,50.2963],[19.2771,50.2958],[19.2794,50.2944],[19.2802,50.2936],[19.2809,50.2933],[19.2848,50.2932],[19.2851,50.2917],[19.2848,50.2905],[19.2846,50.2888],[19.285,50.2886],[19.2846,50.2874],[19.2839,50.2875],[19.2834,50.2868],[19.2839,50.2856],[19.2833,50.2848],[19.2829,50.2837],[19.2819,50.2822],[19.2808,50.2811],[19.2806,50.2805],[19.2864,50.2805],[19.2865,50.2801],[19.2898,50.2804],[19.2936,50.2806],[19.2995,50.281],[19.3032,50.2813],[19.3061,50.2809],[19.3058,50.2803],[19.3049,50.2796],[19.3049,50.2791],[19.3042,50.2778],[19.3051,50.2779],[19.3078,50.2779],[19.3098,50.2777],[19.3118,50.2778],[19.3117,50.2775],[19.3143,50.2774],[19.3157,50.276],[19.3156,50.2753],[19.3142,50.2753],[19.3134,50.275],[19.3114,50.275],[19.3115,50.2722],[19.3137,50.272],[19.3155,50.272],[19.3163,50.2725],[19.318,50.2722],[19.3174,50.2712],[19.3162,50.2707],[19.3135,50.2701],[19.3116,50.27],[19.3117,50.2679],[19.3117,50.2645],[19.3118,50.2642],[19.3118,50.2613],[19.3119,50.2583],[19.3107,50.2579],[19.3106,50.2576],[19.3117,50.2568],[19.3127,50.2566],[19.3128,50.2562],[19.3113,50.2559],[19.3097,50.2571],[19.3081,50.2571],[19.3074,50.2564],[19.3073,50.2557],[19.3062,50.2556],[19.3039,50.2569],[19.303,50.2576],[19.3021,50.2577],[19.3009,50.257],[19.2997,50.257],[19.2984,50.2576],[19.2973,50.2574],[19.2963,50.2566],[19.2954,50.2566],[19.2948,50.2574],[19.294,50.2579],[19.2925,50.2575],[19.2918,50.2567],[19.2896,50.2564],[19.2886,50.256],[19.2867,50.2559],[19.2853,50.2556],[19.2841,50.2551],[19.282,50.2566],[19.2825,50.2569],[19.281,50.2573],[19.2786,50.2588],[19.2749,50.2594],[19.274,50.259],[19.2734,50.2582],[19.2699,50.2574],[19.2693,50.2561],[19.2679,50.2556],[19.2631,50.2566],[19.2609,50.2563],[19.2591,50.2559],[19.2586,50.2552],[19.2574,50.2561],[19.2549,50.256],[19.2529,50.2569],[19.2504,50.2573],[19.2491,50.2573],[19.2482,50.2559],[19.2476,50.2557],[19.2468,50.2575],[19.2447,50.2573],[19.2439,50.2567],[19.2405,50.2574],[19.24,50.257],[19.2389,50.2586],[19.2372,50.2587],[19.2369,50.2578],[19.234,50.258],[19.233,50.2587],[19.2336,50.2599],[19.233,50.2608],[19.2324,50.2611],[19.231,50.2605],[19.2301,50.2606],[19.2295,50.2618],[19.2283,50.2619],[19.2267,50.2609],[19.2257,50.2606],[19.225,50.26],[19.2256,50.2592],[19.2231,50.258],[19.2213,50.258],[19.2205,50.2577],[19.2196,50.2567],[19.2186,50.2568],[19.2173,50.2564],[19.2161,50.2557],[19.2176,50.2551],[19.2159,50.2543],[19.2143,50.2528],[19.2132,50.2525],[19.2122,50.2537],[19.209,50.2528],[19.2078,50.2526],[19.206,50.2518],[19.2038,50.2499],[19.203,50.2495],[19.2023,50.2486],[19.2039,50.2483],[19.2047,50.2487],[19.2057,50.2473],[19.207,50.2459],[19.2091,50.2434],[19.2137,50.2415],[19.2152,50.2398],[19.2087,50.238],[19.208,50.2376],[19.2063,50.2361],[19.2035,50.2334],[19.2012,50.2307],[19.1964,50.2281],[19.1925,50.2281],[19.1906,50.228],[19.1869,50.228],[19.1866,50.2279],[19.1836,50.2279],[19.1809,50.2278],[19.1773,50.2278],[19.1761,50.2277],[19.1717,50.2277],[19.171,50.2276],[19.1667,50.2276],[19.1656,50.2273],[19.1651,50.2256],[19.164,50.226],[19.1639,50.2267],[19.1627,50.2267],[19.1623,50.227],[19.1607,50.2263]]]}},{"type":"Feature","properties":{"slug":"gliwice","name":"Gliwice","bdlUnitId":"012414766000","voivodeship":"śląskie","lat":50.29923,"lon":18.65358},"geometry":{"type":"Polygon","coordinates":[[[18.6581,50.3739],[18.6603,50.3736],[18.6632,50.3724],[18.6638,50.3702],[18.6647,50.3659],[18.6655,50.3648],[18.6657,50.3627],[18.6647,50.3626],[18.6631,50.36],[18.6623,50.3598],[18.6602,50.3602],[18.6597,50.3601],[18.6598,50.3593],[18.6576,50.3591],[18.6555,50.3583],[18.6537,50.3581],[18.6523,50.3577],[18.6493,50.356],[18.649,50.3542],[18.6467,50.3542],[18.6448,50.3544],[18.647,50.3504],[18.6475,50.3498],[18.651,50.3507],[18.6547,50.3489],[18.6584,50.3489],[18.6591,50.3495],[18.6599,50.3513],[18.6604,50.3516],[18.6648,50.3526],[18.6684,50.3489],[18.67,50.3486],[18.6736,50.3476],[18.6741,50.3473],[18.6737,50.3452],[18.6733,50.3438],[18.6715,50.3434],[18.675,50.3372],[18.679,50.3381],[18.6802,50.3395],[18.6811,50.3391],[18.6841,50.3388],[18.6843,50.3384],[18.6866,50.3375],[18.6878,50.3366],[18.6901,50.3359],[18.6928,50.3352],[18.6942,50.3343],[18.6952,50.3342],[18.6966,50.3337],[18.698,50.3334],[18.7005,50.3322],[18.7036,50.3311],[18.7067,50.3302],[18.7084,50.3295],[18.712,50.3285],[18.7128,50.3285],[18.7135,50.3281],[18.7135,50.3286],[18.7154,50.3286],[18.7164,50.3301],[18.716,50.3309],[18.7198,50.3309],[18.7203,50.3308],[18.7244,50.3314],[18.7266,50.331],[18.7288,50.3314],[18.7319,50.3315],[18.7349,50.3308],[18.7365,50.3303],[18.7383,50.3292],[18.7391,50.3259],[18.7386,50.3245],[18.7386,50.3239],[18.7378,50.3228],[18.7381,50.3217],[18.7385,50.3214],[18.7386,50.3203],[18.7367,50.318],[18.7362,50.3169],[18.7348,50.3158],[18.7315,50.3151],[18.7317,50.3141],[18.7313,50.3118],[18.7312,50.3091],[18.7317,50.308],[18.7326,50.3068],[18.7338,50.3055],[18.7363,50.3055],[18.7364,50.3053],[18.7327,50.3053],[18.732,50.3052],[18.7334,50.3025],[18.7328,50.3002],[18.7325,50.2984],[18.734,50.299],[18.734,50.2969],[18.7338,50.2959],[18.7363,50.2959],[18.7395,50.2957],[18.7417,50.2957],[18.7449,50.2955],[18.7474,50.2956],[18.7483,50.2953],[18.7491,50.2947],[18.7507,50.2945],[18.7508,50.2932],[18.7499,50.2927],[18.7498,50.292],[18.7493,50.2918],[18.7501,50.2908],[18.7505,50.2898],[18.7514,50.2896],[18.7525,50.2888],[18.7513,50.2888],[18.7504,50.2893],[18.7479,50.2894],[18.7461,50.289],[18.7466,50.2861],[18.7445,50.2863],[18.7445,50.2852],[18.7449,50.282],[18.7454,50.281],[18.7463,50.2805],[18.7479,50.2808],[18.7489,50.2803],[18.7489,50.2799],[18.751,50.2791],[18.7528,50.2773],[18.7541,50.2768],[18.7555,50.2767],[18.7563,50.2761],[18.756,50.2756],[18.7543,50.2753],[18.7503,50.2752],[18.7497,50.2753],[18.7485,50.275],[18.7473,50.2752],[18.7442,50.2754],[18.7429,50.2743],[18.7421,50.274],[18.7411,50.274],[18.7406,50.2737],[18.7398,50.2734],[18.7378,50.2718],[18.7372,50.2717],[18.7358,50.2708],[18.7343,50.2715],[18.7335,50.2714],[18.732,50.2718],[18.7319,50.2726],[18.731,50.2727],[18.7253,50.2724],[18.7254,50.2694],[18.7258,50.2675],[18.7257,50.2655],[18.7258,50.2627],[18.7256,50.2599],[18.7249,50.2584],[18.7243,50.2576],[18.723,50.2553],[18.7223,50.2536],[18.7221,50.2516],[18.7222,50.2496],[18.722,50.2477],[18.7216,50.2456],[18.7216,50.2441],[18.7214,50.2425],[18.7221,50.2395],[18.7212,50.2365],[18.7211,50.2357],[18.7203,50.2354],[18.7178,50.2354],[18.7156,50.2357],[18.7121,50.2359],[18.7109,50.2358],[18.7062,50.236],[18.7054,50.2327],[18.7041,50.2278],[18.7009,50.2278],[18.6923,50.2274],[18.6897,50.2274],[18.6851,50.2272],[18.6851,50.2338],[18.685,50.2347],[18.6799,50.2344],[18.6799,50.2335],[18.6783,50.2335],[18.6739,50.2333],[18.6705,50.233],[18.6675,50.233],[18.6663,50.2329],[18.6656,50.2346],[18.6645,50.2345],[18.6642,50.2369],[18.6609,50.2366],[18.6597,50.2385],[18.6588,50.2405],[18.6572,50.2403],[18.6531,50.2395],[18.6509,50.2392],[18.6478,50.239],[18.646,50.239],[18.6409,50.2387],[18.64,50.2373],[18.6392,50.2368],[18.6358,50.2359],[18.6354,50.2359],[18.6335,50.2351],[18.6323,50.2362],[18.6309,50.2382],[18.6341,50.2401],[18.6366,50.2413],[18.6387,50.2422],[18.6374,50.2425],[18.6374,50.2437],[18.6391,50.2446],[18.6401,50.2449],[18.6397,50.2462],[18.6407,50.2463],[18.6404,50.2475],[18.6413,50.2476],[18.641,50.249],[18.6407,50.2518],[18.6411,50.2525],[18.6414,50.2539],[18.6413,50.2565],[18.642,50.2606],[18.642,50.2622],[18.64,50.2619],[18.6391,50.2616],[18.6358,50.2617],[18.6335,50.262],[18.6324,50.262],[18.6303,50.2623],[18.6279,50.2624],[18.6259,50.2627],[18.6232,50.2627],[18.6202,50.2631],[18.6182,50.2631],[18.6159,50.2636],[18.6144,50.2636],[18.6112,50.2642],[18.6108,50.2644],[18.609,50.2641],[18.6065,50.2632],[18.604,50.2625],[18.6024,50.2614],[18.6004,50.2603],[18.5979,50.2591],[18.5972,50.2591],[18.5949,50.2596],[18.5937,50.26],[18.5899,50.2605],[18.5866,50.2606],[18.5847,50.2605],[18.5827,50.261],[18.5808,50.2617],[18.5797,50.2619],[18.5793,50.2613],[18.5771,50.2587],[18.5744,50.2562],[18.57,50.2574],[18.5677,50.2552],[18.5668,50.2553],[18.5655,50.255],[18.5644,50.2553],[18.5634,50.2548],[18.5629,50.2561],[18.5652,50.2569],[18.5648,50.2571],[18.5658,50.2578],[18.565,50.2587],[18.5668,50.2606],[18.5688,50.263],[18.5693,50.2639],[18.568,50.2641],[18.566,50.2647],[18.5662,50.2669],[18.567,50.2698],[18.5674,50.2717],[18.5691,50.2735],[18.5698,50.2751],[18.5713,50.2779],[18.5713,50.2805],[18.5709,50.2833],[18.5712,50.2854],[18.5716,50.2864],[18.5725,50.2899],[18.5726,50.292],[18.5708,50.2944],[18.5724,50.295],[18.5776,50.2947],[18.5819,50.2946],[18.5848,50.2949],[18.5867,50.2953],[18.5916,50.2968],[18.5916,50.2996],[18.5915,50.3006],[18.5917,50.3025],[18.5914,50.3045],[18.5917,50.3052],[18.5937,50.3071],[18.5959,50.3083],[18.5973,50.3094],[18.5965,50.3113],[18.5942,50.3117],[18.5918,50.3117],[18.5913,50.3121],[18.5901,50.3123],[18.5886,50.3136],[18.5878,50.3141],[18.5841,50.3144],[18.5836,50.3146],[18.5808,50.315],[18.5794,50.315],[18.5742,50.3153],[18.5714,50.3158],[18.57,50.3157],[18.5697,50.3161],[18.5672,50.3168],[18.5665,50.3173],[18.5655,50.3176],[18.5652,50.3183],[18.5658,50.3194],[18.5641,50.3199],[18.5599,50.3208],[18.5557,50.3214],[18.5511,50.3219],[18.5494,50.3226],[18.5477,50.3227],[18.5471,50.323],[18.5487,50.3234],[18.5498,50.3235],[18.5514,50.3243],[18.5549,50.3246],[18.5558,50.325],[18.5575,50.325],[18.5584,50.3254],[18.5598,50.3256],[18.5607,50.3261],[18.5574,50.3285],[18.5537,50.3314],[18.5515,50.333],[18.5502,50.3335],[18.5503,50.3347],[18.5492,50.3349],[18.5497,50.3337],[18.5483,50.3337],[18.5481,50.3331],[18.547,50.3333],[18.5456,50.3341],[18.5441,50.3344],[18.5442,50.3361],[18.5434,50.3367],[18.5449,50.3381],[18.5495,50.3404],[18.5527,50.3423],[18.5537,50.3428],[18.5546,50.3425],[18.5558,50.3431],[18.5569,50.3427],[18.5583,50.343],[18.5606,50.344],[18.5616,50.3442],[18.5644,50.3434],[18.5672,50.342],[18.5695,50.3406],[18.5719,50.3387],[18.5727,50.3377],[18.5749,50.3371],[18.5782,50.336],[18.5788,50.3369],[18.58,50.3369],[18.5801,50.3356],[18.5879,50.3321],[18.5897,50.3312],[18.5943,50.3291],[18.5982,50.3272],[18.599,50.3278],[18.5991,50.329],[18.5991,50.3317],[18.5992,50.3326],[18.5992,50.3359],[18.5993,50.3378],[18.5959,50.3381],[18.5921,50.3386],[18.5901,50.3391],[18.5857,50.34],[18.585,50.3404],[18.5841,50.342],[18.5841,50.3433],[18.586,50.3443],[18.5874,50.3452],[18.5891,50.3461],[18.5904,50.347],[18.592,50.3477],[18.5934,50.3488],[18.5938,50.3497],[18.5955,50.3504],[18.5964,50.3506],[18.6033,50.3538],[18.6028,50.3548],[18.6002,50.3586],[18.5998,50.3595],[18.5992,50.3599],[18.5986,50.3594],[18.5973,50.3598],[18.5971,50.3605],[18.598,50.3618],[18.5977,50.3624],[18.5985,50.3647],[18.6024,50.363],[18.6054,50.3619],[18.607,50.3627],[18.6073,50.3641],[18.6084,50.3653],[18.6098,50.3661],[18.6117,50.3677],[18.6135,50.3681],[18.6134,50.3691],[18.6157,50.3693],[18.6175,50.3692],[18.6181,50.3695],[18.6221,50.3698],[18.6234,50.37],[18.6256,50.37],[18.6266,50.3697],[18.6285,50.3696],[18.6289,50.37],[18.63,50.3701],[18.6316,50.3707],[18.6333,50.3709],[18.6333,50.3715],[18.6348,50.3716],[18.6355,50.372],[18.6377,50.3719],[18.6389,50.3722],[18.6406,50.3724],[18.6454,50.3735],[18.6483,50.3748],[18.6496,50.3751],[18.6526,50.3751],[18.6543,50.3749],[18.6581,50.3739]]]}},{"type":"Feature","properties":{"slug":"piekary-slaskie","name":"Piekary Śląskie","bdlUnitId":"012414571000","voivodeship":"śląskie","lat":50.3736,"lon":18.96666},"geometry":{"type":"Polygon","coordinates":[[[18.9854,50.3359],[18.9822,50.3365],[18.9794,50.3368],[18.9769,50.3368],[18.9705,50.3377],[18.9682,50.3379],[18.9663,50.3378],[18.9631,50.3369],[18.9613,50.3358],[18.9604,50.3348],[18.9591,50.3353],[18.9609,50.3404],[18.9612,50.3408],[18.9623,50.3405],[18.9629,50.3424],[18.964,50.3465],[18.9619,50.3466],[18.9622,50.348],[18.9631,50.3509],[18.9641,50.3538],[18.964,50.355],[18.9633,50.3555],[18.9615,50.3562],[18.9593,50.3566],[18.9573,50.3574],[18.9556,50.3583],[18.9525,50.3595],[18.951,50.3607],[18.9481,50.3607],[18.9452,50.3608],[18.9451,50.3606],[18.9423,50.3608],[18.9402,50.3608],[18.9389,50.361],[18.9351,50.361],[18.9349,50.3611],[18.9369,50.363],[18.9313,50.3639],[18.9286,50.3644],[18.9265,50.3652],[18.9247,50.3661],[18.9229,50.3666],[18.9231,50.366],[18.9218,50.3662],[18.9216,50.3682],[18.92,50.3699],[18.9201,50.3706],[18.922,50.3703],[18.9228,50.3707],[18.9227,50.3714],[18.9211,50.3713],[18.919,50.3719],[18.9177,50.3716],[18.9163,50.3716],[18.9145,50.3722],[18.9158,50.3748],[18.9163,50.3765],[18.9152,50.3762],[18.9153,50.3784],[18.9157,50.3797],[18.9163,50.3808],[18.9165,50.3828],[18.9175,50.3854],[18.918,50.3872],[18.9174,50.3879],[18.918,50.3885],[18.9197,50.3916],[18.92,50.393],[18.92,50.394],[18.9206,50.395],[18.9214,50.3985],[18.9222,50.4],[18.9234,50.4035],[18.9234,50.4051],[18.923,50.4061],[18.9226,50.4085],[18.9209,50.4121],[18.9195,50.4136],[18.9186,50.4165],[18.9192,50.4173],[18.9215,50.4172],[18.9211,50.4159],[18.9226,50.4159],[18.9237,50.4157],[18.9243,50.4169],[18.9265,50.4192],[18.9283,50.4208],[18.9293,50.421],[18.93,50.4206],[18.9313,50.4207],[18.9335,50.4205],[18.9374,50.4204],[18.9423,50.4207],[18.9446,50.4204],[18.9471,50.4208],[18.9521,50.4203],[18.9573,50.4193],[18.9594,50.4193],[18.9627,50.4186],[18.9626,50.4164],[18.9624,50.416],[18.9636,50.4153],[18.9648,50.415],[18.9649,50.4147],[18.9708,50.4132],[18.97,50.4129],[18.9703,50.4124],[18.9697,50.412],[18.9696,50.4108],[18.9705,50.409],[18.9718,50.4074],[18.9722,50.4067],[18.9742,50.4042],[18.9753,50.4035],[18.9746,50.4031],[18.9745,50.4023],[18.9752,50.4018],[18.975,50.4012],[18.9763,50.4005],[18.9757,50.3999],[18.9759,50.3993],[18.9751,50.3991],[18.9754,50.3986],[18.9751,50.3981],[18.9761,50.3968],[18.9767,50.397],[18.9773,50.3959],[18.9786,50.3958],[18.9786,50.3948],[18.9799,50.3941],[18.9803,50.3933],[18.981,50.3929],[18.9806,50.392],[18.98,50.3916],[18.9796,50.3899],[18.9786,50.3893],[18.9793,50.3891],[18.9782,50.3872],[18.9772,50.3874],[18.9767,50.387],[18.976,50.3858],[18.9763,50.385],[18.9757,50.3841],[18.973,50.384],[18.972,50.3845],[18.9706,50.3845],[18.9692,50.3837],[18.9681,50.3837],[18.9676,50.384],[18.9644,50.3834],[18.9628,50.3835],[18.9588,50.3827],[18.9583,50.3823],[18.958,50.3815],[18.9576,50.3786],[18.9576,50.3778],[18.958,50.377],[18.9592,50.376],[18.9618,50.3747],[18.9634,50.3743],[18.9646,50.3744],[18.9681,50.3744],[18.9704,50.374],[18.9738,50.3731],[18.9785,50.3712],[18.9796,50.3704],[18.9822,50.3694],[18.9841,50.3688],[18.9853,50.3682],[18.9882,50.3676],[18.9921,50.3676],[18.9942,50.3675],[18.9958,50.3678],[18.9976,50.3676],[18.9995,50.3669],[19.0021,50.3664],[19.0043,50.3655],[19.0065,50.3652],[19.0081,50.3647],[19.0106,50.3632],[19.0114,50.3623],[19.0125,50.3618],[19.0146,50.3616],[19.016,50.3607],[19.0168,50.3593],[19.0175,50.3586],[19.0187,50.3579],[19.0207,50.3573],[19.0218,50.3567],[19.0225,50.356],[19.0237,50.3541],[19.0246,50.3535],[19.0267,50.353],[19.0282,50.3524],[19.0299,50.3509],[19.0315,50.35],[19.0329,50.3495],[19.0345,50.3492],[19.0361,50.3491],[19.0383,50.3493],[19.0398,50.3492],[19.0415,50.3488],[19.0403,50.3486],[19.0374,50.3486],[19.0363,50.3484],[19.0367,50.3459],[19.0366,50.3438],[19.036,50.3395],[19.036,50.3385],[19.035,50.3351],[19.0345,50.3339],[19.0324,50.3355],[19.03,50.3357],[19.0247,50.3366],[19.0229,50.3359],[19.0196,50.335],[19.0148,50.3329],[19.0122,50.3315],[19.0112,50.3308],[19.0105,50.3307],[19.0036,50.3321],[19.0001,50.3327],[18.9978,50.333],[18.9935,50.3341],[18.9927,50.3341],[18.9898,50.3348],[18.9868,50.3357],[18.9854,50.3359]]]}},{"type":"Feature","properties":{"slug":"jaworzno","name":"Jaworzno","bdlUnitId":"012415068000","voivodeship":"śląskie","lat":50.20433,"lon":19.29117},"geometry":{"type":"Polygon","coordinates":[[[19.2592,50.1169],[19.257,50.1229],[19.2547,50.1287],[19.2547,50.1299],[19.2544,50.1306],[19.257,50.1313],[19.2584,50.1315],[19.2607,50.1313],[19.2612,50.1315],[19.2612,50.1323],[19.2591,50.1324],[19.2577,50.1327],[19.2542,50.1342],[19.2538,50.1342],[19.2547,50.1355],[19.255,50.1368],[19.2549,50.138],[19.2544,50.1391],[19.2513,50.1423],[19.2502,50.1439],[19.2494,50.1463],[19.249,50.1471],[19.247,50.1527],[19.246,50.1558],[19.2457,50.1563],[19.2449,50.1589],[19.2444,50.1597],[19.2432,50.1607],[19.2418,50.1613],[19.2394,50.1622],[19.238,50.1634],[19.234,50.1713],[19.2329,50.1727],[19.2304,50.1741],[19.2271,50.1749],[19.2253,50.1752],[19.223,50.1759],[19.2223,50.1763],[19.2213,50.1773],[19.2193,50.1812],[19.2184,50.1826],[19.2171,50.1837],[19.2158,50.1843],[19.2135,50.185],[19.2121,50.1859],[19.2088,50.1891],[19.207,50.191],[19.2043,50.1928],[19.2025,50.1935],[19.1999,50.1942],[19.1952,50.1948],[19.1936,50.1952],[19.1917,50.1963],[19.1908,50.1979],[19.1913,50.202],[19.1905,50.2035],[19.1894,50.2044],[19.1883,50.205],[19.1862,50.2055],[19.1849,50.2056],[19.1827,50.2053],[19.1802,50.2047],[19.1788,50.2047],[19.1775,50.2051],[19.1766,50.2056],[19.1755,50.2077],[19.1741,50.21],[19.1736,50.2111],[19.172,50.2127],[19.1704,50.2135],[19.1681,50.2141],[19.1653,50.2144],[19.1639,50.2151],[19.1629,50.2164],[19.1625,50.2219],[19.1622,50.2231],[19.1613,50.2253],[19.1607,50.2263],[19.1623,50.227],[19.1627,50.2267],[19.1639,50.2267],[19.164,50.226],[19.1651,50.2256],[19.1656,50.2273],[19.1667,50.2276],[19.171,50.2276],[19.1717,50.2277],[19.1761,50.2277],[19.1773,50.2278],[19.1809,50.2278],[19.1836,50.2279],[19.1866,50.2279],[19.1869,50.228],[19.1906,50.228],[19.1925,50.2281],[19.1964,50.2281],[19.2012,50.2307],[19.2035,50.2334],[19.2063,50.2361],[19.208,50.2376],[19.2087,50.238],[19.2152,50.2398],[19.2137,50.2415],[19.2091,50.2434],[19.207,50.2459],[19.2057,50.2473],[19.2047,50.2487],[19.2039,50.2483],[19.2023,50.2486],[19.203,50.2495],[19.2038,50.2499],[19.206,50.2518],[19.2078,50.2526],[19.209,50.2528],[19.2122,50.2537],[19.2132,50.2525],[19.2143,50.2528],[19.2159,50.2543],[19.2176,50.2551],[19.2161,50.2557],[19.2173,50.2564],[19.2186,50.2568],[19.2196,50.2567],[19.2205,50.2577],[19.2213,50.258],[19.2231,50.258],[19.2256,50.2592],[19.225,50.26],[19.2257,50.2606],[19.2267,50.2609],[19.2283,50.2619],[19.2295,50.2618],[19.2301,50.2606],[19.231,50.2605],[19.2324,50.2611],[19.233,50.2608],[19.2336,50.2599],[19.233,50.2587],[19.234,50.258],[19.2369,50.2578],[19.2372,50.2587],[19.2389,50.2586],[19.24,50.257],[19.2405,50.2574],[19.2439,50.2567],[19.2447,50.2573],[19.2468,50.2575],[19.2476,50.2557],[19.2482,50.2559],[19.2491,50.2573],[19.2504,50.2573],[19.2529,50.2569],[19.2549,50.256],[19.2574,50.2561],[19.2586,50.2552],[19.2591,50.2559],[19.2609,50.2563],[19.2631,50.2566],[19.2679,50.2556],[19.2693,50.2561],[19.2699,50.2574],[19.2734,50.2582],[19.274,50.259],[19.2749,50.2594],[19.2786,50.2588],[19.281,50.2573],[19.2825,50.2569],[19.282,50.2566],[19.2841,50.2551],[19.2853,50.2556],[19.2867,50.2559],[19.2886,50.256],[19.2896,50.2564],[19.2918,50.2567],[19.2925,50.2575],[19.294,50.2579],[19.2948,50.2574],[19.2954,50.2566],[19.2963,50.2566],[19.2973,50.2574],[19.2984,50.2576],[19.2997,50.257],[19.3009,50.257],[19.3021,50.2577],[19.303,50.2576],[19.3039,50.2569],[19.3062,50.2556],[19.3073,50.2557],[19.3074,50.2564],[19.3081,50.2571],[19.3097,50.2571],[19.3113,50.2559],[19.3128,50.2562],[19.3127,50.2566],[19.3117,50.2568],[19.3106,50.2576],[19.3107,50.2579],[19.3119,50.2583],[19.3139,50.2576],[19.3147,50.258],[19.3146,50.2585],[19.316,50.259],[19.317,50.2584],[19.3177,50.2577],[19.32,50.2582],[19.3213,50.2586],[19.3227,50.2587],[19.3234,50.2591],[19.3247,50.2585],[19.3268,50.2572],[19.3298,50.2556],[19.3312,50.2547],[19.3364,50.2518],[19.3401,50.2496],[19.344,50.2484],[19.3452,50.2481],[19.3488,50.2469],[19.3504,50.2465],[19.3589,50.2438],[19.3663,50.2416],[19.368,50.241],[19.3734,50.2394],[19.3801,50.2373],[19.3817,50.2369],[19.3849,50.2359],[19.3865,50.2353],[19.3898,50.2344],[19.3912,50.2342],[19.3919,50.2335],[19.3931,50.2334],[19.3944,50.2328],[19.395,50.2322],[19.397,50.2316],[19.4015,50.2318],[19.4039,50.2318],[19.405,50.2323],[19.406,50.232],[19.4072,50.2321],[19.4096,50.233],[19.4111,50.2333],[19.418,50.2307],[19.4214,50.2296],[19.4224,50.2287],[19.4236,50.2283],[19.4259,50.227],[19.4274,50.2263],[19.4287,50.2255],[19.4305,50.2251],[19.4326,50.2253],[19.4342,50.2263],[19.4349,50.2265],[19.4375,50.2261],[19.4383,50.2263],[19.4397,50.2263],[19.4407,50.2266],[19.442,50.2266],[19.4405,50.2256],[19.4344,50.2218],[19.4306,50.2195],[19.4285,50.2181],[19.4198,50.2126],[19.4165,50.2106],[19.4162,50.2103],[19.4162,50.2081],[19.4165,50.2039],[19.4163,50.2028],[19.4165,50.2013],[19.4154,50.2009],[19.4145,50.2026],[19.4139,50.2031],[19.414,50.2038],[19.4147,50.2043],[19.414,50.2047],[19.4136,50.2056],[19.4122,50.2063],[19.4114,50.2059],[19.4107,50.2064],[19.4098,50.2066],[19.4084,50.2066],[19.4058,50.2069],[19.4054,50.2068],[19.4042,50.2037],[19.4035,50.2043],[19.4018,50.205],[19.4013,50.2049],[19.3997,50.2033],[19.4025,50.2019],[19.4024,50.201],[19.4018,50.201],[19.3991,50.2004],[19.3983,50.2008],[19.397,50.2009],[19.3949,50.2014],[19.3933,50.2016],[19.3933,50.2011],[19.3917,50.2007],[19.3874,50.1999],[19.3832,50.1997],[19.3821,50.199],[19.3833,50.1976],[19.3796,50.1964],[19.378,50.1963],[19.3764,50.196],[19.3752,50.196],[19.3751,50.1943],[19.3754,50.1933],[19.3733,50.1929],[19.3732,50.1924],[19.3675,50.1913],[19.3657,50.1908],[19.3637,50.1905],[19.3612,50.1904],[19.3596,50.1905],[19.3585,50.1904],[19.357,50.1907],[19.3544,50.1905],[19.3521,50.1913],[19.3486,50.1911],[19.3473,50.1909],[19.3456,50.19],[19.3439,50.1899],[19.3422,50.1902],[19.3406,50.19],[19.3393,50.1896],[19.337,50.1897],[19.3346,50.188],[19.3342,50.1868],[19.3344,50.1859],[19.3357,50.1848],[19.3364,50.184],[19.3375,50.1836],[19.3394,50.1825],[19.3392,50.1816],[19.3408,50.1809],[19.3438,50.18],[19.3462,50.1787],[19.3481,50.1779],[19.3518,50.177],[19.3554,50.1776],[19.3577,50.1776],[19.359,50.1778],[19.3607,50.1777],[19.3616,50.1785],[19.3616,50.1791],[19.3623,50.18],[19.3647,50.1799],[19.3652,50.1796],[19.3664,50.1798],[19.3676,50.1792],[19.3676,50.1788],[19.3666,50.1786],[19.3662,50.1774],[19.3655,50.1766],[19.3667,50.1762],[19.3662,50.1749],[19.3668,50.1747],[19.3666,50.1732],[19.3652,50.1735],[19.3643,50.1725],[19.3632,50.1719],[19.3624,50.1722],[19.3617,50.1715],[19.3595,50.172],[19.3595,50.1725],[19.3576,50.1724],[19.3556,50.173],[19.3513,50.173],[19.3499,50.1733],[19.3487,50.1733],[19.3472,50.1709],[19.3466,50.1689],[19.346,50.1675],[19.3451,50.1647],[19.347,50.1649],[19.3499,50.165],[19.3493,50.1632],[19.3493,50.1625],[19.3489,50.1611],[19.3497,50.1612],[19.3508,50.1617],[19.3508,50.1609],[19.3504,50.1595],[19.3507,50.1572],[19.3519,50.1575],[19.3519,50.1566],[19.3531,50.1568],[19.3527,50.1555],[19.3528,50.1549],[19.3519,50.1543],[19.3538,50.1539],[19.3528,50.1531],[19.3526,50.1526],[19.3505,50.1513],[19.3499,50.1505],[19.3484,50.151],[19.3466,50.1513],[19.3469,50.1523],[19.3477,50.1528],[19.3468,50.1536],[19.3471,50.1546],[19.3461,50.1543],[19.3448,50.1544],[19.3451,50.1534],[19.3446,50.1526],[19.345,50.1515],[19.346,50.1512],[19.3449,50.1501],[19.3431,50.1491],[19.3413,50.1486],[19.3384,50.1472],[19.336,50.1465],[19.3335,50.1451],[19.3316,50.1442],[19.3281,50.1435],[19.3225,50.1439],[19.3201,50.1437],[19.317,50.1432],[19.315,50.1422],[19.3128,50.1425],[19.311,50.1424],[19.3016,50.1424],[19.2962,50.1421],[19.2926,50.1417],[19.2912,50.1412],[19.29,50.1411],[19.2883,50.1404],[19.287,50.1408],[19.2865,50.1417],[19.2853,50.1423],[19.2819,50.1426],[19.2803,50.1431],[19.2791,50.1432],[19.2778,50.1436],[19.2762,50.1437],[19.2735,50.1437],[19.2719,50.1439],[19.2706,50.1437],[19.2707,50.1429],[19.2713,50.1423],[19.2715,50.1414],[19.2725,50.1401],[19.2726,50.1389],[19.2739,50.1378],[19.2746,50.1366],[19.2747,50.1352],[19.2752,50.1328],[19.2733,50.1324],[19.2742,50.1296],[19.2778,50.1197],[19.2724,50.1189],[19.2686,50.1184],[19.2635,50.1176],[19.2592,50.117],[19.2592,50.1169]]]}},{"type":"Feature","properties":{"slug":"torun","name":"Toruń","bdlUnitId":"040410663000","voivodeship":"kujawsko-pomorskie","lat":53.0211,"lon":18.6189},"geometry":{"type":"Polygon","coordinates":[[[18.5504,52.9631],[18.5498,52.9645],[18.5505,52.9699],[18.5511,52.9716],[18.5509,52.9719],[18.5522,52.9735],[18.5531,52.9751],[18.554,52.9763],[18.554,52.9768],[18.5551,52.9786],[18.5554,52.9788],[18.5582,52.983],[18.5585,52.9838],[18.5591,52.984],[18.5597,52.9853],[18.5613,52.9869],[18.5621,52.9875],[18.5624,52.9909],[18.5607,52.9907],[18.5593,52.9962],[18.5586,52.9992],[18.5592,52.9998],[18.5606,52.9997],[18.5627,53.0023],[18.5583,53.0034],[18.5486,53.0062],[18.5412,53.0081],[18.5383,53.0088],[18.5354,53.0094],[18.5311,53.0099],[18.5256,53.0102],[18.5204,53.0099],[18.5182,53.0095],[18.5119,53.0086],[18.5075,53.0081],[18.5018,53.008],[18.4982,53.0081],[18.4958,53.0083],[18.4917,53.0089],[18.4786,53.011],[18.4764,53.0113],[18.4683,53.0132],[18.4607,53.0155],[18.4637,53.0175],[18.4645,53.0175],[18.4665,53.0167],[18.4696,53.0161],[18.478,53.0165],[18.4787,53.0178],[18.4843,53.0232],[18.4847,53.0238],[18.4886,53.0277],[18.4893,53.0277],[18.491,53.0271],[18.4922,53.028],[18.4934,53.0279],[18.496,53.0271],[18.4971,53.027],[18.5,53.0271],[18.504,53.0268],[18.5053,53.0268],[18.5168,53.026],[18.5215,53.0258],[18.5245,53.0256],[18.5227,53.0298],[18.5217,53.0325],[18.5212,53.0335],[18.5188,53.0396],[18.5172,53.0434],[18.5186,53.043],[18.5216,53.0441],[18.5277,53.046],[18.531,53.0471],[18.536,53.0501],[18.5367,53.0511],[18.5386,53.0526],[18.5341,53.0515],[18.5325,53.0512],[18.5318,53.0515],[18.5317,53.0538],[18.5325,53.0548],[18.5365,53.0567],[18.5394,53.0573],[18.54,53.0572],[18.5417,53.0577],[18.5424,53.0581],[18.5444,53.0597],[18.547,53.0588],[18.5496,53.0574],[18.5532,53.06],[18.556,53.0618],[18.557,53.0617],[18.5623,53.0626],[18.564,53.0628],[18.5718,53.0641],[18.5739,53.0591],[18.5769,53.0596],[18.5828,53.0604],[18.5886,53.0613],[18.5881,53.0634],[18.5896,53.0633],[18.5965,53.0633],[18.5965,53.063],[18.6007,53.0618],[18.6021,53.0615],[18.6048,53.0607],[18.6081,53.0599],[18.6119,53.0588],[18.6167,53.0576],[18.6178,53.0574],[18.6218,53.0575],[18.626,53.0575],[18.6284,53.0576],[18.6317,53.0576],[18.6335,53.0577],[18.6373,53.0577],[18.6391,53.0578],[18.6427,53.0578],[18.6463,53.061],[18.6471,53.0618],[18.6502,53.0644],[18.6513,53.0655],[18.6518,53.0656],[18.6552,53.0649],[18.6582,53.0644],[18.6583,53.0651],[18.6596,53.065],[18.661,53.0636],[18.6629,53.0645],[18.6636,53.0642],[18.6639,53.0635],[18.6651,53.0628],[18.6639,53.0621],[18.6659,53.0617],[18.6684,53.062],[18.669,53.0624],[18.6705,53.0618],[18.6733,53.0614],[18.6733,53.0607],[18.6742,53.0604],[18.6734,53.0594],[18.6734,53.0587],[18.6752,53.058],[18.6761,53.059],[18.6773,53.0599],[18.6777,53.0597],[18.6815,53.0589],[18.6861,53.0572],[18.6891,53.0563],[18.691,53.0565],[18.6917,53.0573],[18.694,53.0569],[18.7007,53.0555],[18.7018,53.0558],[18.7052,53.0564],[18.7075,53.0567],[18.7084,53.0547],[18.7104,53.0535],[18.7104,53.0532],[18.7131,53.0514],[18.7142,53.052],[18.7182,53.0496],[18.7226,53.0479],[18.7247,53.047],[18.7239,53.0466],[18.7255,53.0454],[18.7263,53.0452],[18.7289,53.0433],[18.7312,53.0443],[18.7337,53.0439],[18.7388,53.0433],[18.7406,53.0432],[18.7408,53.0428],[18.7368,53.041],[18.7354,53.0401],[18.7313,53.0386],[18.7289,53.0376],[18.723,53.0354],[18.7228,53.0348],[18.7202,53.0346],[18.7165,53.0339],[18.7175,53.0333],[18.7201,53.0336],[18.7229,53.0325],[18.7237,53.0323],[18.7257,53.0309],[18.7277,53.031],[18.7268,53.03],[18.7208,53.0259],[18.7214,53.0253],[18.7236,53.0238],[18.7252,53.0229],[18.7303,53.0195],[18.7313,53.0186],[18.7273,53.0152],[18.7281,53.015],[18.7311,53.0138],[18.7299,53.0129],[18.7264,53.0144],[18.7243,53.0116],[18.7269,53.0105],[18.7252,53.0097],[18.726,53.0048],[18.7272,53.003],[18.7287,53.001],[18.7277,52.9998],[18.7272,52.9996],[18.7256,53.0006],[18.7252,53.0001],[18.7253,52.9993],[18.7259,52.9988],[18.7274,52.9985],[18.729,52.9978],[18.7297,52.9964],[18.731,52.9955],[18.7303,52.9949],[18.7285,52.9945],[18.7271,52.9944],[18.7254,52.9951],[18.7255,52.9968],[18.7243,52.9974],[18.7228,52.9969],[18.7198,52.9965],[18.7191,52.996],[18.7188,52.9943],[18.7177,52.9941],[18.7163,52.9947],[18.7147,52.9959],[18.7147,52.9969],[18.7152,52.9978],[18.715,52.9984],[18.7134,52.9993],[18.7126,53],[18.7124,53.0009],[18.7126,53.0017],[18.7121,53.0021],[18.709,53.0015],[18.7057,53.0018],[18.7044,53.0011],[18.7043,53.0004],[18.7057,52.9996],[18.7076,52.999],[18.7079,52.9983],[18.7068,52.9976],[18.7053,52.9974],[18.7045,52.9975],[18.7037,52.998],[18.7021,53],[18.7006,53.0005],[18.7,53.0005],[18.698,53],[18.6965,52.9994],[18.6931,52.9987],[18.6914,52.9985],[18.6906,52.9982],[18.6888,52.998],[18.6918,52.9929],[18.6951,52.987],[18.6974,52.9831],[18.7009,52.9769],[18.6939,52.9767],[18.6911,52.9767],[18.6876,52.9771],[18.6878,52.9742],[18.6874,52.9729],[18.6871,52.9711],[18.6868,52.9707],[18.6857,52.9709],[18.684,52.9707],[18.6845,52.9736],[18.6792,52.9722],[18.6786,52.9726],[18.6766,52.9721],[18.6762,52.9728],[18.6752,52.9725],[18.6732,52.9748],[18.6736,52.975],[18.6676,52.9818],[18.6654,52.9841],[18.6625,52.9874],[18.6601,52.99],[18.6598,52.9894],[18.6573,52.9888],[18.6539,52.9881],[18.6466,52.9865],[18.6438,52.9858],[18.6396,52.9852],[18.6402,52.9841],[18.6389,52.9838],[18.6379,52.9854],[18.6319,52.9846],[18.6295,52.9844],[18.627,52.984],[18.6249,52.9844],[18.6194,52.9833],[18.6105,52.976],[18.6082,52.9742],[18.5971,52.9734],[18.5967,52.9735],[18.5898,52.9738],[18.5886,52.9738],[18.5879,52.9744],[18.5862,52.9748],[18.5788,52.9753],[18.5757,52.9756],[18.5722,52.9752],[18.5676,52.9753],[18.5659,52.972],[18.5653,52.9711],[18.5641,52.9702],[18.5595,52.9679],[18.555,52.9655],[18.554,52.9651],[18.5533,52.9645],[18.5504,52.9631]]]}},{"type":"Feature","properties":{"slug":"jelenia-gora","name":"Jelenia Góra","bdlUnitId":"030210161000","voivodeship":"dolnośląskie","lat":50.87094,"lon":15.70814},"geometry":{"type":"Polygon","coordinates":[[[15.7632,50.9289],[15.7639,50.9299],[15.7646,50.9304],[15.7664,50.931],[15.7671,50.9314],[15.7683,50.9326],[15.7717,50.9308],[15.7718,50.93],[15.7707,50.9287],[15.7724,50.9281],[15.7719,50.9275],[15.7743,50.9278],[15.7762,50.9277],[15.7775,50.9272],[15.7793,50.9273],[15.7817,50.9267],[15.7825,50.9263],[15.7817,50.925],[15.7819,50.9234],[15.7824,50.923],[15.7851,50.9215],[15.7867,50.9209],[15.7875,50.9208],[15.7913,50.9192],[15.7911,50.9183],[15.7933,50.9177],[15.7943,50.9176],[15.7955,50.9172],[15.7968,50.917],[15.7997,50.9163],[15.8012,50.9158],[15.8049,50.9167],[15.8089,50.9187],[15.8111,50.9196],[15.8143,50.9206],[15.8174,50.922],[15.8201,50.9234],[15.8204,50.9241],[15.8205,50.9259],[15.8201,50.9287],[15.8204,50.9296],[15.8212,50.9298],[15.8246,50.9295],[15.8254,50.9291],[15.8264,50.9299],[15.8266,50.9306],[15.828,50.9314],[15.8283,50.9321],[15.833,50.9311],[15.8395,50.9304],[15.8441,50.9285],[15.8447,50.9276],[15.8469,50.9269],[15.8477,50.9265],[15.8483,50.925],[15.8478,50.924],[15.8472,50.9244],[15.8458,50.923],[15.8447,50.9235],[15.845,50.9176],[15.8446,50.9159],[15.8481,50.9156],[15.8502,50.9149],[15.852,50.9162],[15.8547,50.9179],[15.8582,50.9168],[15.8618,50.9154],[15.8634,50.9149],[15.8657,50.9147],[15.8677,50.9139],[15.8688,50.9133],[15.8698,50.9133],[15.8714,50.9119],[15.8703,50.9114],[15.871,50.9108],[15.8727,50.9106],[15.8742,50.9096],[15.8752,50.9086],[15.8762,50.9073],[15.874,50.9065],[15.8749,50.9048],[15.876,50.9036],[15.8765,50.9018],[15.8772,50.9003],[15.876,50.8996],[15.8754,50.8996],[15.875,50.8988],[15.8734,50.8985],[15.872,50.8985],[15.871,50.8989],[15.8699,50.9006],[15.8688,50.9011],[15.868,50.9006],[15.8672,50.8995],[15.8665,50.898],[15.8644,50.8986],[15.8631,50.8984],[15.8629,50.8975],[15.8646,50.8972],[15.8636,50.8965],[15.8619,50.8966],[15.8607,50.8965],[15.8599,50.8958],[15.8588,50.8965],[15.857,50.8974],[15.8561,50.8976],[15.8546,50.8974],[15.8528,50.8969],[15.851,50.8972],[15.8486,50.8967],[15.8462,50.896],[15.8439,50.8955],[15.8423,50.8958],[15.8411,50.8957],[15.8352,50.8943],[15.8338,50.8938],[15.8308,50.8931],[15.828,50.8931],[15.8275,50.893],[15.8236,50.8935],[15.8208,50.8946],[15.8188,50.8978],[15.8179,50.9007],[15.8121,50.9009],[15.811,50.9021],[15.8096,50.9026],[15.8095,50.9018],[15.8088,50.9007],[15.8068,50.9006],[15.806,50.8997],[15.8054,50.8994],[15.8037,50.8996],[15.8023,50.9004],[15.8001,50.8995],[15.7986,50.8981],[15.798,50.8981],[15.7964,50.8974],[15.7948,50.8964],[15.7951,50.8955],[15.796,50.8946],[15.796,50.8934],[15.7964,50.8925],[15.7947,50.8913],[15.7945,50.8908],[15.795,50.8902],[15.7966,50.89],[15.7971,50.8897],[15.7976,50.8879],[15.7969,50.8874],[15.7971,50.8868],[15.7983,50.8856],[15.7984,50.8845],[15.7975,50.8839],[15.7944,50.8869],[15.7936,50.8879],[15.7907,50.8902],[15.7897,50.8912],[15.7871,50.8934],[15.7834,50.8914],[15.7831,50.891],[15.7809,50.8898],[15.7791,50.8891],[15.7789,50.8886],[15.7773,50.8872],[15.7749,50.8856],[15.7738,50.8852],[15.7725,50.8842],[15.7711,50.8835],[15.7694,50.8829],[15.7655,50.8821],[15.7637,50.8813],[15.7633,50.8786],[15.7641,50.8769],[15.7651,50.8757],[15.7669,50.8742],[15.7678,50.8743],[15.7718,50.8721],[15.7754,50.8697],[15.7775,50.8682],[15.7763,50.8674],[15.7756,50.8676],[15.7733,50.8677],[15.7708,50.866],[15.7717,50.8655],[15.7727,50.8645],[15.7704,50.8632],[15.7689,50.8617],[15.768,50.861],[15.7655,50.8601],[15.7647,50.8593],[15.7662,50.8561],[15.7624,50.8565],[15.7588,50.8574],[15.756,50.8578],[15.7535,50.8586],[15.7503,50.8588],[15.7481,50.8592],[15.7483,50.8603],[15.7488,50.8608],[15.7477,50.8617],[15.7482,50.862],[15.7487,50.8629],[15.7481,50.8635],[15.747,50.8637],[15.748,50.8647],[15.7474,50.8655],[15.7469,50.8679],[15.7463,50.8677],[15.7445,50.8687],[15.7419,50.8699],[15.7386,50.8716],[15.7358,50.8732],[15.7323,50.8732],[15.7315,50.8729],[15.7286,50.8701],[15.7271,50.869],[15.7239,50.8674],[15.722,50.8666],[15.7188,50.8651],[15.7168,50.8633],[15.7176,50.8612],[15.7196,50.8594],[15.7156,50.8568],[15.7139,50.8552],[15.7133,50.854],[15.7131,50.8528],[15.7118,50.8516],[15.7105,50.8498],[15.7086,50.8477],[15.7073,50.8469],[15.7058,50.8473],[15.7048,50.8482],[15.701,50.8463],[15.6987,50.8487],[15.6962,50.8499],[15.6952,50.8509],[15.6936,50.8507],[15.6931,50.8511],[15.6914,50.8509],[15.6907,50.8519],[15.6889,50.8512],[15.686,50.8506],[15.6864,50.8499],[15.6809,50.8509],[15.6799,50.8495],[15.6785,50.8486],[15.6776,50.8483],[15.6765,50.8487],[15.6751,50.8466],[15.6733,50.8463],[15.6716,50.8462],[15.6713,50.8458],[15.6692,50.8466],[15.6661,50.8471],[15.6651,50.8461],[15.6636,50.8453],[15.6616,50.8447],[15.6608,50.8441],[15.6619,50.8426],[15.662,50.8422],[15.661,50.8417],[15.6622,50.8406],[15.6631,50.8403],[15.6629,50.8388],[15.6623,50.8377],[15.6609,50.8381],[15.6594,50.8363],[15.6587,50.8359],[15.6596,50.8351],[15.6587,50.8348],[15.6578,50.8334],[15.6573,50.833],[15.6556,50.8328],[15.6546,50.8323],[15.6547,50.8317],[15.6556,50.8313],[15.656,50.8302],[15.6541,50.8294],[15.6539,50.8289],[15.6523,50.829],[15.6496,50.8274],[15.6483,50.8272],[15.6474,50.8273],[15.6436,50.8255],[15.6423,50.8253],[15.6415,50.8254],[15.6403,50.8248],[15.6394,50.8248],[15.6368,50.8253],[15.6359,50.8252],[15.6346,50.8243],[15.6335,50.8241],[15.6334,50.8234],[15.6342,50.8228],[15.6352,50.8225],[15.6356,50.8195],[15.6369,50.817],[15.6378,50.815],[15.6383,50.8142],[15.6365,50.8125],[15.6325,50.8148],[15.6326,50.8101],[15.6311,50.8105],[15.6311,50.81],[15.6317,50.8094],[15.6294,50.8078],[15.6299,50.8071],[15.6321,50.8064],[15.6341,50.8059],[15.6349,50.8053],[15.6358,50.8054],[15.6368,50.8043],[15.6382,50.8037],[15.6385,50.8033],[15.64,50.8028],[15.6416,50.8031],[15.6427,50.8027],[15.6487,50.8013],[15.6484,50.8002],[15.6478,50.7998],[15.6479,50.7991],[15.6471,50.7986],[15.6474,50.7981],[15.6466,50.7977],[15.6468,50.7967],[15.6465,50.7957],[15.6454,50.7948],[15.6454,50.7939],[15.6444,50.7933],[15.6439,50.7919],[15.6433,50.7916],[15.6435,50.7911],[15.6424,50.7899],[15.6411,50.7889],[15.6397,50.7881],[15.639,50.7871],[15.6393,50.7868],[15.6384,50.7862],[15.6385,50.7852],[15.6382,50.7842],[15.6369,50.7824],[15.6361,50.7816],[15.6357,50.7806],[15.6359,50.7802],[15.6355,50.7793],[15.6342,50.778],[15.6325,50.7755],[15.6324,50.7751],[15.6305,50.7738],[15.6298,50.773],[15.6292,50.7728],[15.6283,50.7719],[15.626,50.7702],[15.6253,50.7701],[15.6245,50.7695],[15.62,50.7678],[15.6181,50.7704],[15.6164,50.7723],[15.6147,50.7731],[15.6114,50.7741],[15.609,50.7746],[15.6078,50.7751],[15.6049,50.776],[15.6018,50.7768],[15.5971,50.777],[15.5944,50.7769],[15.5911,50.7769],[15.5882,50.7782],[15.5854,50.7786],[15.5812,50.7785],[15.5788,50.779],[15.5779,50.7787],[15.5794,50.7828],[15.5811,50.7868],[15.5816,50.7886],[15.5829,50.7924],[15.5845,50.795],[15.5861,50.7994],[15.5854,50.8],[15.5857,50.8015],[15.5856,50.8021],[15.5861,50.8031],[15.586,50.805],[15.5851,50.8056],[15.5853,50.8063],[15.5843,50.8074],[15.5841,50.8085],[15.5837,50.8091],[15.5844,50.8114],[15.5838,50.8123],[15.5838,50.8129],[15.5863,50.8145],[15.587,50.8155],[15.5867,50.8165],[15.589,50.8164],[15.5929,50.8185],[15.5955,50.8198],[15.5991,50.8203],[15.601,50.8192],[15.602,50.8188],[15.603,50.8187],[15.6035,50.8192],[15.6056,50.8191],[15.6069,50.8187],[15.6077,50.8195],[15.6077,50.8199],[15.6066,50.8204],[15.6057,50.8215],[15.6059,50.8219],[15.6093,50.8226],[15.6136,50.8237],[15.6157,50.8253],[15.6169,50.8256],[15.6188,50.8271],[15.6215,50.8273],[15.6231,50.8285],[15.6168,50.8286],[15.615,50.8273],[15.6113,50.8248],[15.6102,50.8253],[15.6086,50.8245],[15.6073,50.8252],[15.6059,50.8251],[15.6052,50.826],[15.605,50.8268],[15.6055,50.8274],[15.6063,50.8298],[15.6071,50.8314],[15.6105,50.833],[15.6104,50.8343],[15.6163,50.831],[15.6171,50.8305],[15.6177,50.8307],[15.6183,50.8318],[15.6181,50.8331],[15.6195,50.8354],[15.6191,50.8376],[15.6205,50.8381],[15.6209,50.8386],[15.6228,50.8403],[15.6237,50.8425],[15.6208,50.8426],[15.6209,50.8439],[15.6207,50.8465],[15.6225,50.8471],[15.6247,50.8486],[15.6253,50.8493],[15.6291,50.8508],[15.6271,50.8507],[15.628,50.8517],[15.6296,50.852],[15.6301,50.8524],[15.6316,50.8529],[15.6323,50.8529],[15.6325,50.8535],[15.6334,50.8539],[15.6332,50.8543],[15.6343,50.8557],[15.6385,50.8555],[15.6392,50.8556],[15.6408,50.8565],[15.6403,50.8574],[15.639,50.8577],[15.6385,50.8587],[15.6373,50.8597],[15.636,50.8601],[15.6348,50.861],[15.6337,50.8615],[15.633,50.8614],[15.632,50.8619],[15.6302,50.8624],[15.6332,50.8636],[15.6365,50.8652],[15.6439,50.8679],[15.645,50.8684],[15.6479,50.8691],[15.649,50.8696],[15.6527,50.8699],[15.6552,50.8705],[15.6574,50.8704],[15.6566,50.8718],[15.6555,50.8726],[15.6593,50.8747],[15.6637,50.8769],[15.6624,50.8785],[15.661,50.8799],[15.6606,50.8807],[15.6635,50.8814],[15.6619,50.8829],[15.6641,50.8845],[15.6612,50.8866],[15.6596,50.8885],[15.6588,50.8884],[15.6578,50.8901],[15.6562,50.8905],[15.6549,50.8911],[15.6526,50.8912],[15.6521,50.8914],[15.6521,50.8923],[15.6516,50.8929],[15.6506,50.8935],[15.6499,50.8942],[15.6525,50.8953],[15.6527,50.8961],[15.6551,50.8962],[15.6567,50.896],[15.6578,50.8963],[15.657,50.8978],[15.6564,50.8982],[15.6559,50.8991],[15.6544,50.9003],[15.6541,50.9012],[15.6566,50.9012],[15.6601,50.9024],[15.6615,50.9044],[15.6627,50.9053],[15.6629,50.906],[15.6643,50.9078],[15.6677,50.9114],[15.6691,50.91],[15.6693,50.9095],[15.6707,50.9099],[15.6709,50.9109],[15.6727,50.9111],[15.6725,50.9116],[15.6742,50.9115],[15.6749,50.9111],[15.677,50.9113],[15.6792,50.9107],[15.6803,50.9107],[15.6808,50.9115],[15.6843,50.9109],[15.6847,50.9113],[15.6851,50.9124],[15.6865,50.9131],[15.6867,50.9137],[15.6876,50.9142],[15.688,50.915],[15.6897,50.9148],[15.6942,50.9164],[15.6972,50.9165],[15.6978,50.917],[15.6994,50.9177],[15.7003,50.9179],[15.7009,50.9185],[15.7005,50.9193],[15.6989,50.921],[15.6998,50.921],[15.7002,50.9221],[15.7015,50.9226],[15.703,50.9219],[15.7077,50.9236],[15.7072,50.9242],[15.7054,50.9255],[15.7065,50.926],[15.7079,50.9269],[15.7085,50.928],[15.7089,50.9296],[15.7096,50.9304],[15.7106,50.9307],[15.7136,50.9309],[15.7144,50.9305],[15.7158,50.9309],[15.716,50.9315],[15.7168,50.9314],[15.7187,50.9306],[15.7255,50.9279],[15.7261,50.9275],[15.7261,50.9269],[15.7246,50.9251],[15.7249,50.9245],[15.726,50.9236],[15.7263,50.923],[15.7265,50.9215],[15.7295,50.9209],[15.7333,50.9204],[15.7348,50.9205],[15.7381,50.9213],[15.7474,50.9232],[15.7512,50.9242],[15.7549,50.9253],[15.7604,50.9272],[15.7628,50.9282],[15.7632,50.9289]]]}},{"type":"Feature","properties":{"slug":"ostroleka","name":"Ostrołęka","bdlUnitId":"071422661000","voivodeship":"mazowieckie","lat":53.08209,"lon":21.59482},"geometry":{"type":"Polygon","coordinates":[[[21.5389,53.0881],[21.5422,53.0904],[21.5412,53.0908],[21.5425,53.0922],[21.5418,53.0925],[21.5425,53.0932],[21.548,53.0914],[21.5494,53.0921],[21.5506,53.0931],[21.5484,53.0953],[21.5472,53.0972],[21.5458,53.0982],[21.5473,53.0996],[21.5491,53.1005],[21.5472,53.101],[21.5465,53.1016],[21.5477,53.1036],[21.5484,53.104],[21.5481,53.1055],[21.5488,53.1069],[21.5505,53.1063],[21.5547,53.1054],[21.5562,53.1052],[21.557,53.1049],[21.5577,53.1042],[21.5575,53.1037],[21.5578,53.1022],[21.5582,53.1018],[21.5579,53.101],[21.5586,53.0993],[21.5667,53.1033],[21.5675,53.1029],[21.5719,53.1019],[21.5735,53.1018],[21.5735,53.1008],[21.5777,53.0994],[21.5795,53.1004],[21.5801,53.1005],[21.5842,53.1005],[21.5864,53.1002],[21.5872,53.1005],[21.5877,53.1011],[21.5892,53.1021],[21.592,53.103],[21.5938,53.1042],[21.5978,53.1049],[21.6011,53.1045],[21.6033,53.1047],[21.6042,53.1053],[21.6039,53.1057],[21.6015,53.1072],[21.6012,53.1091],[21.6025,53.1102],[21.6039,53.1106],[21.6074,53.1099],[21.6094,53.1091],[21.6118,53.1085],[21.6138,53.1085],[21.6154,53.1087],[21.6177,53.1095],[21.6207,53.1123],[21.6217,53.1109],[21.6231,53.1096],[21.6246,53.1086],[21.6287,53.1061],[21.631,53.1054],[21.6318,53.1053],[21.6345,53.1062],[21.6407,53.108],[21.6437,53.109],[21.6472,53.11],[21.6504,53.1072],[21.6512,53.1066],[21.6532,53.1047],[21.655,53.1033],[21.6558,53.1025],[21.6634,53.0959],[21.666,53.0927],[21.6603,53.0912],[21.6571,53.0903],[21.6538,53.0897],[21.6515,53.0894],[21.6476,53.0874],[21.6465,53.0872],[21.6447,53.0866],[21.6426,53.0863],[21.6392,53.0864],[21.6357,53.0858],[21.6338,53.0848],[21.6303,53.0843],[21.6276,53.084],[21.6241,53.0842],[21.6208,53.0843],[21.6155,53.086],[21.6149,53.0851],[21.6131,53.0851],[21.611,53.0837],[21.6106,53.0831],[21.6113,53.0811],[21.6129,53.0808],[21.6086,53.0756],[21.6061,53.0721],[21.6054,53.071],[21.6071,53.0697],[21.6103,53.0684],[21.6117,53.0672],[21.6137,53.0663],[21.6152,53.0658],[21.6167,53.0655],[21.6187,53.0645],[21.6201,53.0634],[21.6232,53.0645],[21.6258,53.0653],[21.6278,53.0635],[21.63,53.0612],[21.6301,53.0606],[21.6348,53.0611],[21.6351,53.0602],[21.6345,53.0591],[21.6327,53.0595],[21.6317,53.0595],[21.6316,53.058],[21.6318,53.0568],[21.6316,53.0565],[21.6329,53.0557],[21.6318,53.0542],[21.6265,53.0556],[21.6233,53.0565],[21.6215,53.055],[21.616,53.0507],[21.6134,53.0485],[21.6094,53.0453],[21.6068,53.0434],[21.6038,53.0447],[21.6009,53.0458],[21.5971,53.0475],[21.5923,53.0486],[21.5912,53.0496],[21.5904,53.0491],[21.5861,53.052],[21.5806,53.0556],[21.5786,53.057],[21.5796,53.0582],[21.5741,53.0599],[21.5728,53.0604],[21.5696,53.0613],[21.5672,53.0592],[21.5645,53.0612],[21.563,53.0619],[21.5596,53.0629],[21.5564,53.0635],[21.5547,53.0636],[21.5551,53.0657],[21.5548,53.0665],[21.5557,53.0676],[21.5532,53.0692],[21.5509,53.0704],[21.5482,53.0672],[21.5465,53.0655],[21.5455,53.065],[21.5443,53.0639],[21.5413,53.065],[21.5427,53.0674],[21.5401,53.0684],[21.5398,53.0687],[21.5383,53.0692],[21.5376,53.0698],[21.5369,53.0699],[21.5384,53.0728],[21.5369,53.0732],[21.5368,53.0737],[21.5379,53.0742],[21.5357,53.0755],[21.5373,53.076],[21.5387,53.0771],[21.5391,53.0777],[21.5388,53.0788],[21.5417,53.0814],[21.5435,53.0829],[21.5466,53.0851],[21.541,53.0877],[21.5389,53.0881]]]}},{"type":"Feature","properties":{"slug":"gdynia","name":"Gdynia","bdlUnitId":"042214362000","voivodeship":"pomorskie","lat":54.50644,"lon":18.47947},"geometry":{"type":"MultiPolygon","coordinates":[[[[18.5075,54.4228],[18.5062,54.423],[18.5049,54.4236],[18.5035,54.4245],[18.5026,54.4264],[18.5025,54.4272],[18.5016,54.4284],[18.5003,54.4289],[18.4988,54.4288],[18.4963,54.4289],[18.4921,54.4281],[18.49,54.428],[18.4855,54.428],[18.4824,54.4285],[18.4829,54.4302],[18.4838,54.4303],[18.4865,54.4299],[18.4869,54.4304],[18.4905,54.4299],[18.4912,54.4299],[18.4923,54.4313],[18.4903,54.4317],[18.4899,54.4325],[18.4879,54.4332],[18.4892,54.4365],[18.4876,54.4369],[18.4853,54.4377],[18.4843,54.4359],[18.4827,54.4359],[18.4807,54.4332],[18.48,54.4329],[18.4788,54.4317],[18.4782,54.4319],[18.477,54.4317],[18.4695,54.4354],[18.47,54.4357],[18.4687,54.4363],[18.4681,54.4398],[18.4632,54.4435],[18.4617,54.4443],[18.4609,54.4452],[18.4567,54.4459],[18.4554,54.4462],[18.4558,54.4468],[18.4538,54.4472],[18.451,54.4433],[18.4496,54.444],[18.4448,54.4468],[18.4436,54.4472],[18.4424,54.4483],[18.4419,54.4505],[18.4392,54.4525],[18.44,54.4534],[18.4399,54.4545],[18.4411,54.4556],[18.4426,54.4566],[18.444,54.4573],[18.4435,54.4577],[18.4392,54.462],[18.438,54.4631],[18.4348,54.4644],[18.4323,54.4652],[18.4268,54.4672],[18.4252,54.4677],[18.421,54.4692],[18.4188,54.4701],[18.4187,54.4713],[18.4193,54.4728],[18.4183,54.4741],[18.4179,54.4753],[18.4177,54.4771],[18.4181,54.4794],[18.4127,54.4781],[18.4107,54.4771],[18.4078,54.4762],[18.4068,54.4779],[18.4054,54.4794],[18.3997,54.4835],[18.3983,54.4847],[18.3973,54.4853],[18.3961,54.4867],[18.3938,54.489],[18.3926,54.4917],[18.392,54.4935],[18.3919,54.4944],[18.3892,54.4922],[18.3868,54.4937],[18.3828,54.494],[18.3791,54.4942],[18.3773,54.4942],[18.3764,54.4912],[18.3735,54.4907],[18.3723,54.4906],[18.3666,54.4897],[18.3631,54.4903],[18.3607,54.4911],[18.358,54.4932],[18.3594,54.4946],[18.3597,54.4956],[18.3606,54.4968],[18.3614,54.4972],[18.3611,54.4979],[18.3614,54.4985],[18.3632,54.4989],[18.3645,54.5012],[18.3658,54.5022],[18.3669,54.5034],[18.3695,54.5048],[18.3705,54.5057],[18.3802,54.5069],[18.3811,54.5082],[18.3829,54.5091],[18.3849,54.5104],[18.3845,54.5115],[18.3833,54.5126],[18.3815,54.5128],[18.3797,54.5128],[18.3802,54.5136],[18.3793,54.5142],[18.3801,54.516],[18.3819,54.5176],[18.383,54.5192],[18.3831,54.5208],[18.3846,54.5222],[18.3868,54.5231],[18.3901,54.5239],[18.3919,54.5247],[18.3938,54.5258],[18.3987,54.5274],[18.4008,54.5277],[18.4018,54.5283],[18.4026,54.5292],[18.4037,54.529],[18.405,54.5294],[18.4037,54.5305],[18.4025,54.5309],[18.4014,54.5323],[18.4014,54.5329],[18.4032,54.5342],[18.4044,54.5364],[18.4031,54.5367],[18.4003,54.5355],[18.3946,54.5359],[18.3907,54.5361],[18.3908,54.5387],[18.3905,54.5412],[18.3896,54.5423],[18.3903,54.5429],[18.3921,54.5431],[18.393,54.5436],[18.3936,54.5444],[18.3948,54.5447],[18.3968,54.5455],[18.3981,54.5465],[18.4003,54.5469],[18.4022,54.5474],[18.4031,54.5478],[18.4034,54.5484],[18.4042,54.5489],[18.4056,54.5506],[18.4058,54.5514],[18.4067,54.5517],[18.4074,54.5515],[18.4093,54.5527],[18.4109,54.5529],[18.4126,54.5529],[18.4138,54.5537],[18.4155,54.5534],[18.4172,54.5542],[18.4153,54.5547],[18.4131,54.5555],[18.4106,54.5566],[18.411,54.5571],[18.4144,54.5568],[18.4171,54.5568],[18.4195,54.557],[18.4243,54.5581],[18.4278,54.559],[18.4288,54.5616],[18.4295,54.5631],[18.4299,54.5645],[18.431,54.5654],[18.431,54.5658],[18.431,54.5665],[18.434,54.5668],[18.4343,54.5666],[18.4344,54.5653],[18.4335,54.5636],[18.4361,54.5631],[18.4364,54.5627],[18.4394,54.564],[18.4419,54.5632],[18.4472,54.5617],[18.4506,54.5606],[18.4554,54.5593],[18.4572,54.5587],[18.4618,54.5574],[18.4646,54.56],[18.4621,54.5615],[18.4634,54.5624],[18.4662,54.5615],[18.4688,54.5613],[18.4702,54.5607],[18.4711,54.5606],[18.4748,54.5623],[18.4755,54.5625],[18.4756,54.5635],[18.4764,54.5638],[18.4773,54.5636],[18.4787,54.5637],[18.4793,54.5627],[18.4806,54.5625],[18.4824,54.5644],[18.4877,54.5629],[18.493,54.5631],[18.4971,54.5631],[18.5013,54.5633],[18.5028,54.5635],[18.5067,54.5638],[18.5077,54.5635],[18.5094,54.5626],[18.51,54.5619],[18.5108,54.5618],[18.5129,54.5627],[18.5137,54.5632],[18.5162,54.564],[18.5232,54.5666],[18.5293,54.5687],[18.5351,54.5708],[18.536,54.5714],[18.5367,54.5739],[18.5372,54.5763],[18.5376,54.5769],[18.5366,54.5777],[18.5352,54.5795],[18.5356,54.5799],[18.5334,54.5818],[18.5352,54.5826],[18.5363,54.5828],[18.5395,54.584],[18.5417,54.5845],[18.5422,54.5826],[18.5428,54.5812],[18.5442,54.5799],[18.5467,54.5762],[18.5486,54.5742],[18.5494,54.5725],[18.5499,54.5701],[18.5505,54.5654],[18.551,54.5632],[18.5516,54.5613],[18.5526,54.5595],[18.5535,54.5582],[18.5544,54.5572],[18.5553,54.5567],[18.5567,54.5549],[18.5577,54.5532],[18.5585,54.5526],[18.5597,54.5506],[18.5601,54.5494],[18.5601,54.5486],[18.5596,54.5471],[18.5599,54.5461],[18.5604,54.543],[18.5604,54.541],[18.5621,54.5401],[18.5626,54.5385],[18.563,54.5365],[18.563,54.5337],[18.5614,54.5305],[18.5615,54.528],[18.5615,54.522],[18.5616,54.5215],[18.5616,54.5174],[18.5598,54.518],[18.5558,54.5182],[18.5539,54.5165],[18.5523,54.5166],[18.5513,54.5158],[18.5511,54.5153],[18.5511,54.5134],[18.5514,54.5125],[18.555,54.5071],[18.5564,54.5058],[18.5567,54.5052],[18.5582,54.5034],[18.5594,54.5017],[18.5616,54.499],[18.5631,54.4976],[18.5633,54.4961],[18.5644,54.4935],[18.5665,54.4901],[18.5679,54.4883],[18.5679,54.4879],[18.5691,54.4853],[18.5673,54.4842],[18.5659,54.4828],[18.5651,54.4809],[18.5641,54.4799],[18.5639,54.4779],[18.5629,54.4762],[18.5623,54.4728],[18.5618,54.4707],[18.562,54.4693],[18.5625,54.4681],[18.5625,54.467],[18.5622,54.4639],[18.5609,54.464],[18.5605,54.4637],[18.5587,54.4637],[18.5576,54.4635],[18.5571,54.463],[18.5562,54.463],[18.5553,54.4622],[18.5524,54.4622],[18.5487,54.4614],[18.5479,54.4615],[18.5459,54.4608],[18.5452,54.4604],[18.5436,54.4604],[18.5433,54.4571],[18.5411,54.4577],[18.5396,54.4579],[18.5389,54.4583],[18.5365,54.4589],[18.5353,54.459],[18.5327,54.4589],[18.5315,54.4583],[18.525,54.4575],[18.5226,54.4575],[18.52,54.4578],[18.5212,54.4561],[18.5194,54.4554],[18.5188,54.4545],[18.5192,54.4518],[18.5139,54.4493],[18.5125,54.4487],[18.5068,54.446],[18.5045,54.445],[18.5052,54.4438],[18.506,54.4431],[18.5099,54.4419],[18.5137,54.4409],[18.5129,54.4401],[18.5119,54.4396],[18.5114,54.4389],[18.5106,54.4386],[18.5084,54.4374],[18.5081,54.437],[18.508,54.4331],[18.5066,54.4314],[18.5097,54.4305],[18.5096,54.4294],[18.5112,54.4279],[18.5104,54.4249],[18.5099,54.4248],[18.5095,54.4239],[18.5088,54.4237],[18.5075,54.4228]]],[[[18.5099,54.5637],[18.51,54.564],[18.5127,54.5653],[18.5129,54.5651],[18.5099,54.5637]]]]}},{"type":"Feature","properties":{"slug":"swinoujscie","name":"Świnoujście","bdlUnitId":"023216663000","voivodeship":"zachodniopomorskie","lat":53.85038,"lon":14.3256},"geometry":{"type":"Polygon","coordinates":[[[14.3917,53.916],[14.3935,53.9139],[14.3952,53.9113],[14.3991,53.9051],[14.4031,53.8989],[14.4048,53.8978],[14.4079,53.8986],[14.4094,53.8987],[14.4122,53.8996],[14.4132,53.8986],[14.4101,53.8947],[14.408,53.8946],[14.4083,53.8933],[14.4123,53.8837],[14.4179,53.87],[14.418,53.8699],[14.4204,53.864],[14.426,53.839],[14.4409,53.7726],[14.3912,53.7693],[14.3814,53.7686],[14.3731,53.7699],[14.2739,53.7852],[14.272,53.7878],[14.2139,53.8654],[14.2126,53.8672],[14.2123,53.868],[14.2132,53.871],[14.2141,53.8764],[14.2146,53.8782],[14.2145,53.8793],[14.2154,53.8808],[14.2145,53.8836],[14.2136,53.8869],[14.213,53.8926],[14.2127,53.8962],[14.2123,53.8998],[14.2121,53.9006],[14.2099,53.9023],[14.204,53.9066],[14.2051,53.9098],[14.2058,53.9106],[14.2012,53.9112],[14.2005,53.9112],[14.1924,53.9121],[14.1853,53.912],[14.1853,53.9141],[14.1875,53.9149],[14.1888,53.9151],[14.1911,53.9158],[14.1949,53.9151],[14.1968,53.915],[14.1993,53.9154],[14.202,53.9154],[14.204,53.9157],[14.2076,53.9159],[14.2087,53.9165],[14.2166,53.9217],[14.2247,53.9269],[14.2261,53.9277],[14.2268,53.9304],[14.2497,53.924],[14.2726,53.9242],[14.2712,53.9348],[14.2804,53.9376],[14.3015,53.9304],[14.3029,53.9196],[14.31,53.9175],[14.3163,53.9157],[14.3445,53.9119],[14.3662,53.9127],[14.391,53.9173],[14.3917,53.916]]]}},{"type":"Feature","properties":{"slug":"opole","name":"Opole","bdlUnitId":"031613261000","voivodeship":"opolskie","lat":50.67938,"lon":17.91773},"geometry":{"type":"Polygon","coordinates":[[[17.853,50.6648],[17.8528,50.6658],[17.8503,50.6673],[17.8493,50.6685],[17.85,50.669],[17.8515,50.6695],[17.8522,50.669],[17.8536,50.6695],[17.8558,50.6707],[17.8547,50.6712],[17.8521,50.672],[17.8486,50.6728],[17.8475,50.6733],[17.8461,50.6751],[17.8461,50.6762],[17.8447,50.6778],[17.8437,50.6783],[17.8423,50.6787],[17.841,50.6796],[17.8412,50.681],[17.8396,50.6808],[17.8346,50.6791],[17.8336,50.6804],[17.8327,50.6813],[17.8311,50.6809],[17.8307,50.6791],[17.8295,50.6778],[17.8275,50.6778],[17.826,50.6779],[17.8224,50.6785],[17.8216,50.6785],[17.8192,50.6791],[17.8189,50.679],[17.8149,50.6798],[17.8137,50.6798],[17.8122,50.6795],[17.8111,50.6786],[17.8095,50.6778],[17.8076,50.6784],[17.8067,50.6791],[17.8056,50.6795],[17.8039,50.6795],[17.8003,50.68],[17.7973,50.6805],[17.795,50.6811],[17.7936,50.6816],[17.7911,50.682],[17.7883,50.6826],[17.7858,50.683],[17.7836,50.6838],[17.7825,50.685],[17.7809,50.6861],[17.7806,50.6866],[17.7806,50.689],[17.7796,50.6902],[17.7814,50.6916],[17.7843,50.6935],[17.7861,50.6943],[17.7865,50.6949],[17.7905,50.6978],[17.7986,50.6999],[17.801,50.703],[17.8036,50.7065],[17.804,50.7096],[17.8032,50.7106],[17.8057,50.7117],[17.8094,50.7132],[17.8104,50.7119],[17.8113,50.711],[17.8127,50.7101],[17.8141,50.7094],[17.8192,50.7114],[17.8221,50.7134],[17.8256,50.7145],[17.8256,50.7126],[17.8268,50.711],[17.8275,50.7098],[17.8285,50.7105],[17.8308,50.7109],[17.8333,50.7112],[17.8359,50.7114],[17.8386,50.7115],[17.8401,50.7125],[17.8419,50.7127],[17.844,50.7141],[17.8464,50.7148],[17.8486,50.7153],[17.8506,50.7159],[17.8512,50.7155],[17.8537,50.7182],[17.8568,50.7166],[17.8571,50.7154],[17.8654,50.7111],[17.8687,50.7093],[17.8704,50.7094],[17.8714,50.709],[17.8715,50.7098],[17.8723,50.7099],[17.8769,50.7086],[17.8786,50.7092],[17.88,50.7119],[17.88,50.7128],[17.8791,50.7143],[17.8793,50.7153],[17.8799,50.7162],[17.8806,50.7167],[17.8774,50.7188],[17.8739,50.7205],[17.8709,50.7224],[17.8704,50.7226],[17.8679,50.7244],[17.8675,50.7249],[17.8647,50.7274],[17.8636,50.7281],[17.8615,50.7297],[17.8596,50.7315],[17.8588,50.7333],[17.8585,50.7348],[17.859,50.7366],[17.8594,50.7372],[17.8606,50.7403],[17.8612,50.7426],[17.866,50.7407],[17.8674,50.7409],[17.8693,50.7409],[17.8712,50.7406],[17.874,50.7394],[17.8759,50.7383],[17.877,50.7375],[17.8775,50.7379],[17.8789,50.7411],[17.8779,50.742],[17.8755,50.7429],[17.8721,50.7444],[17.8703,50.745],[17.8684,50.7458],[17.87,50.7474],[17.871,50.7482],[17.8735,50.7506],[17.8682,50.7559],[17.8675,50.7565],[17.8669,50.7562],[17.8657,50.7566],[17.8642,50.7582],[17.8631,50.7578],[17.8611,50.7568],[17.8603,50.7566],[17.8591,50.7573],[17.858,50.7585],[17.8599,50.7601],[17.8612,50.761],[17.8616,50.7615],[17.8593,50.763],[17.8595,50.7635],[17.8583,50.7645],[17.8585,50.7647],[17.8583,50.7651],[17.8596,50.7657],[17.8581,50.7665],[17.8586,50.7667],[17.8601,50.7659],[17.862,50.7667],[17.8625,50.7663],[17.864,50.767],[17.8662,50.7678],[17.8677,50.7685],[17.8715,50.77],[17.8758,50.7682],[17.877,50.7676],[17.8792,50.7668],[17.8818,50.7656],[17.8869,50.7635],[17.8865,50.7617],[17.8875,50.7614],[17.8863,50.7597],[17.8925,50.7624],[17.8942,50.7632],[17.9008,50.766],[17.9013,50.7661],[17.9101,50.7669],[17.911,50.7674],[17.9123,50.7675],[17.9196,50.7667],[17.9206,50.7671],[17.9218,50.7682],[17.927,50.7674],[17.9282,50.7671],[17.9299,50.7664],[17.9333,50.7652],[17.9364,50.7639],[17.9396,50.7628],[17.9404,50.7624],[17.9424,50.7595],[17.9436,50.7587],[17.9472,50.7571],[17.9454,50.7553],[17.946,50.7544],[17.9447,50.7531],[17.9436,50.7515],[17.9418,50.7513],[17.9393,50.7504],[17.9384,50.7497],[17.9375,50.7483],[17.9358,50.7483],[17.9353,50.7471],[17.9339,50.747],[17.9332,50.7472],[17.9338,50.748],[17.934,50.7489],[17.9347,50.7493],[17.9336,50.7502],[17.9301,50.7496],[17.9268,50.7504],[17.9263,50.7452],[17.926,50.7407],[17.9262,50.74],[17.9305,50.7392],[17.9343,50.7389],[17.9353,50.7389],[17.9355,50.7381],[17.9367,50.7378],[17.9365,50.7374],[17.9349,50.7377],[17.9338,50.7373],[17.9323,50.7369],[17.9322,50.7365],[17.9308,50.7364],[17.9294,50.7361],[17.9281,50.7362],[17.9275,50.7338],[17.9273,50.7319],[17.9268,50.7312],[17.9281,50.7309],[17.9297,50.7311],[17.9317,50.7316],[17.9326,50.7313],[17.9319,50.7303],[17.9323,50.7296],[17.9341,50.7293],[17.9351,50.7293],[17.9361,50.7296],[17.9369,50.7305],[17.9385,50.7296],[17.9391,50.7299],[17.9395,50.731],[17.941,50.7318],[17.9416,50.7312],[17.9433,50.7314],[17.943,50.7305],[17.944,50.7292],[17.9439,50.7287],[17.9423,50.7285],[17.9415,50.7274],[17.9394,50.7261],[17.9379,50.7248],[17.936,50.7228],[17.935,50.7213],[17.9331,50.7199],[17.932,50.7189],[17.9305,50.7168],[17.9301,50.7155],[17.9293,50.7151],[17.9289,50.7142],[17.9271,50.7133],[17.9278,50.7126],[17.9287,50.7121],[17.9296,50.712],[17.9292,50.7113],[17.9298,50.7103],[17.9307,50.7097],[17.9316,50.7087],[17.932,50.7073],[17.9342,50.7066],[17.9364,50.7057],[17.9361,50.7052],[17.9351,50.7049],[17.9344,50.7044],[17.9354,50.704],[17.9375,50.7045],[17.9399,50.7053],[17.9409,50.7051],[17.9428,50.704],[17.9438,50.7037],[17.9438,50.703],[17.9453,50.7018],[17.9484,50.7022],[17.9491,50.7014],[17.9508,50.7008],[17.9546,50.7007],[17.957,50.7003],[17.9583,50.7006],[17.9602,50.6995],[17.9608,50.6989],[17.9609,50.6982],[17.9618,50.6978],[17.9635,50.6957],[17.9651,50.6933],[17.9664,50.6928],[17.9667,50.6923],[17.9665,50.6913],[17.968,50.6905],[17.9696,50.69],[17.9706,50.6895],[17.973,50.6878],[17.976,50.6862],[17.9789,50.684],[17.9797,50.6832],[17.9813,50.6822],[17.9827,50.6828],[17.9886,50.6846],[17.9937,50.6864],[17.994,50.6864],[17.9977,50.688],[17.9985,50.6904],[17.9989,50.6921],[17.9997,50.6931],[18.0012,50.6928],[18.0021,50.6923],[18.0034,50.6909],[18.0056,50.6889],[18.0058,50.6881],[18.0071,50.6871],[18.0089,50.6861],[18.011,50.6852],[18.0147,50.6827],[18.016,50.6822],[18.0186,50.6809],[18.0171,50.6781],[18.0139,50.6787],[18.0086,50.6772],[18.0063,50.6766],[18.0049,50.6739],[18.0053,50.6738],[18.0045,50.6724],[18.0033,50.6722],[18.0004,50.6724],[17.9967,50.6725],[17.9944,50.6727],[17.9916,50.6728],[17.9941,50.6676],[17.9947,50.667],[17.9969,50.6663],[17.9984,50.6646],[18.0011,50.6608],[18.0014,50.6601],[18.0016,50.6577],[18.0145,50.6577],[18.0157,50.6576],[18.0228,50.6576],[18.0262,50.6573],[18.0263,50.6536],[18.0263,50.6496],[18.0324,50.6496],[18.0325,50.6466],[18.0325,50.6428],[18.0326,50.6359],[18.0326,50.6285],[18.0327,50.6221],[18.027,50.6221],[18.022,50.622],[18.0147,50.622],[18.0148,50.6213],[18.0147,50.6187],[18.0155,50.6162],[18.0156,50.6152],[18.0103,50.6165],[18.0071,50.617],[18.0043,50.616],[18.0005,50.6145],[18.0006,50.6123],[17.998,50.6135],[17.9962,50.6129],[17.9954,50.6107],[17.9949,50.6098],[17.9934,50.6093],[17.9935,50.6086],[17.9928,50.6084],[17.9909,50.6083],[17.9877,50.61],[17.9853,50.6092],[17.9841,50.6091],[17.9819,50.6079],[17.9809,50.6071],[17.9792,50.608],[17.977,50.6076],[17.9788,50.6045],[17.9796,50.6029],[17.9826,50.5976],[17.9836,50.596],[17.9854,50.5927],[17.9856,50.5925],[17.9867,50.5897],[17.9839,50.5894],[17.9847,50.5886],[17.9816,50.5886],[17.979,50.5879],[17.9778,50.5878],[17.9731,50.5878],[17.9724,50.5881],[17.9724,50.5888],[17.9714,50.5898],[17.9697,50.5895],[17.9649,50.5877],[17.9636,50.5904],[17.9625,50.5941],[17.9624,50.5953],[17.9621,50.596],[17.9612,50.5971],[17.9601,50.5978],[17.9559,50.5996],[17.9545,50.6006],[17.9541,50.6011],[17.9538,50.6023],[17.9549,50.6051],[17.9569,50.6106],[17.9586,50.6145],[17.9598,50.6167],[17.9605,50.6205],[17.9596,50.6219],[17.9586,50.6225],[17.9564,50.6233],[17.9548,50.6236],[17.953,50.6236],[17.9516,50.6234],[17.9502,50.623],[17.9475,50.6218],[17.9453,50.6212],[17.9429,50.6213],[17.9413,50.6216],[17.9402,50.6222],[17.9393,50.6231],[17.9387,50.6247],[17.9388,50.6263],[17.9394,50.6277],[17.94,50.63],[17.9397,50.6314],[17.9357,50.6368],[17.9332,50.6356],[17.9329,50.6353],[17.9306,50.6348],[17.9313,50.6341],[17.9312,50.6336],[17.929,50.6332],[17.9279,50.6327],[17.9259,50.6307],[17.9255,50.6315],[17.9243,50.6316],[17.9241,50.6301],[17.9223,50.6292],[17.9211,50.6288],[17.9198,50.6292],[17.9192,50.6298],[17.9187,50.6313],[17.9183,50.6317],[17.9171,50.6313],[17.9145,50.6311],[17.9135,50.6309],[17.9124,50.631],[17.9111,50.6308],[17.9101,50.6304],[17.909,50.6304],[17.9079,50.63],[17.906,50.6296],[17.9051,50.6296],[17.9039,50.6304],[17.9026,50.6308],[17.8983,50.6314],[17.8987,50.6321],[17.8988,50.6336],[17.8986,50.6347],[17.8995,50.6356],[17.8995,50.6361],[17.8981,50.6362],[17.8984,50.6376],[17.9001,50.6377],[17.9003,50.6384],[17.9018,50.6393],[17.9033,50.6418],[17.9,50.6427],[17.8996,50.6422],[17.8983,50.6425],[17.8968,50.6401],[17.896,50.6396],[17.8931,50.6401],[17.8923,50.6404],[17.8896,50.6403],[17.8894,50.6401],[17.8865,50.6406],[17.8855,50.6406],[17.8829,50.6416],[17.8809,50.6412],[17.8807,50.6414],[17.8751,50.6382],[17.8707,50.6359],[17.8692,50.635],[17.8674,50.6351],[17.8672,50.6354],[17.8691,50.6374],[17.8707,50.6388],[17.8719,50.6396],[17.8722,50.6404],[17.8704,50.6409],[17.8713,50.6414],[17.8655,50.6427],[17.8648,50.6422],[17.8635,50.6422],[17.863,50.6415],[17.8621,50.641],[17.8579,50.6417],[17.8571,50.642],[17.8552,50.6434],[17.8529,50.6445],[17.8512,50.6437],[17.8492,50.6451],[17.8475,50.6474],[17.8464,50.648],[17.8457,50.6488],[17.8455,50.6495],[17.8445,50.6504],[17.8443,50.6511],[17.8437,50.6518],[17.8418,50.6523],[17.8371,50.6543],[17.8347,50.6543],[17.834,50.6549],[17.8322,50.6556],[17.8306,50.6558],[17.8315,50.658],[17.8331,50.6592],[17.8354,50.659],[17.8379,50.6577],[17.8405,50.6575],[17.8412,50.6572],[17.8439,50.6579],[17.8466,50.6603],[17.8472,50.6606],[17.8492,50.661],[17.8506,50.6611],[17.8518,50.6621],[17.8526,50.6633],[17.853,50.6648]]]}},{"type":"Feature","properties":{"slug":"przemysl","name":"Przemyśl","bdlUnitId":"061813462000","voivodeship":"podkarpackie","lat":49.78057,"lon":22.77715},"geometry":{"type":"Polygon","coordinates":[[[22.7635,49.8082],[22.7632,49.8094],[22.7637,49.8096],[22.7659,49.8095],[22.767,49.8093],[22.7712,49.809],[22.7744,49.8086],[22.7756,49.8086],[22.7791,49.8111],[22.7802,49.8125],[22.7811,49.812],[22.7838,49.812],[22.7853,49.8121],[22.787,49.8125],[22.7888,49.8125],[22.7938,49.8121],[22.7962,49.8114],[22.7971,49.8114],[22.798,49.8106],[22.7991,49.8103],[22.8011,49.8092],[22.8033,49.8084],[22.8054,49.808],[22.8074,49.8067],[22.8078,49.8063],[22.8065,49.8049],[22.805,49.804],[22.8028,49.8033],[22.8002,49.8029],[22.7963,49.8021],[22.7929,49.8015],[22.7928,49.8012],[22.7952,49.8012],[22.7962,49.8009],[22.7978,49.7999],[22.7987,49.7987],[22.7994,49.7965],[22.7992,49.7956],[22.7997,49.7943],[22.8007,49.7937],[22.8015,49.7929],[22.8026,49.7923],[22.8049,49.7918],[22.807,49.7918],[22.8086,49.7921],[22.8123,49.7933],[22.813,49.7938],[22.814,49.7938],[22.8161,49.7943],[22.8177,49.7945],[22.8216,49.7945],[22.8233,49.7946],[22.8243,49.7949],[22.8261,49.7946],[22.828,49.7935],[22.8288,49.7932],[22.8299,49.7932],[22.8336,49.795],[22.8353,49.7936],[22.8359,49.7929],[22.8413,49.7881],[22.8434,49.7865],[22.8459,49.7857],[22.8483,49.7865],[22.8515,49.7864],[22.8522,49.786],[22.854,49.7859],[22.855,49.786],[22.8554,49.7833],[22.8527,49.7839],[22.8503,49.7841],[22.8485,49.7841],[22.8485,49.7832],[22.8489,49.778],[22.8479,49.7755],[22.8471,49.7732],[22.8457,49.7697],[22.8451,49.7679],[22.8428,49.7682],[22.8394,49.7688],[22.832,49.7699],[22.8285,49.771],[22.8249,49.7715],[22.8248,49.7705],[22.8238,49.7682],[22.824,49.7672],[22.8234,49.7667],[22.822,49.7636],[22.8218,49.7629],[22.8212,49.7622],[22.82,49.7619],[22.82,49.7611],[22.8204,49.76],[22.8191,49.7593],[22.8174,49.7594],[22.8168,49.7586],[22.8172,49.757],[22.8166,49.7565],[22.8154,49.7569],[22.8126,49.7575],[22.8126,49.7549],[22.8107,49.7549],[22.809,49.7547],[22.8068,49.7547],[22.8059,49.7549],[22.8042,49.7549],[22.8018,49.7551],[22.7995,49.7548],[22.796,49.7531],[22.7952,49.7523],[22.7926,49.7518],[22.7915,49.7519],[22.7905,49.7517],[22.7902,49.7521],[22.7878,49.7519],[22.7868,49.7521],[22.7864,49.7517],[22.7856,49.7518],[22.7856,49.7511],[22.7844,49.7511],[22.784,49.7507],[22.7831,49.751],[22.7823,49.7506],[22.7817,49.7509],[22.7803,49.7505],[22.7803,49.7498],[22.779,49.7491],[22.7779,49.7479],[22.7772,49.7479],[22.7762,49.7474],[22.776,49.7467],[22.7754,49.7464],[22.7733,49.7471],[22.7717,49.7482],[22.7697,49.749],[22.768,49.749],[22.7671,49.7497],[22.765,49.7503],[22.7634,49.7504],[22.761,49.7512],[22.7591,49.7515],[22.7573,49.7514],[22.7578,49.7529],[22.7567,49.7537],[22.7559,49.7538],[22.7542,49.7545],[22.7534,49.7546],[22.7515,49.7554],[22.7497,49.7564],[22.7479,49.757],[22.7467,49.7578],[22.7457,49.7579],[22.7436,49.7584],[22.7421,49.7583],[22.7401,49.7591],[22.7394,49.7592],[22.7392,49.76],[22.7381,49.7601],[22.7336,49.759],[22.7328,49.7591],[22.7307,49.7588],[22.7303,49.7578],[22.7303,49.7566],[22.7298,49.7561],[22.7287,49.7542],[22.7278,49.754],[22.7275,49.7534],[22.7282,49.7526],[22.7272,49.752],[22.7269,49.7515],[22.7258,49.7507],[22.7249,49.7493],[22.724,49.7487],[22.7223,49.7491],[22.7212,49.7503],[22.7203,49.7516],[22.7181,49.7525],[22.7181,49.754],[22.7175,49.7549],[22.7177,49.756],[22.7172,49.7565],[22.7172,49.7573],[22.7155,49.7587],[22.7152,49.7593],[22.7131,49.7599],[22.7134,49.7629],[22.7142,49.7638],[22.7161,49.765],[22.7173,49.7654],[22.7187,49.7664],[22.7198,49.7668],[22.7204,49.7674],[22.7226,49.7685],[22.7235,49.7678],[22.7239,49.7684],[22.7252,49.7683],[22.7259,49.7679],[22.7301,49.7673],[22.7307,49.7678],[22.731,49.7693],[22.7336,49.7694],[22.7353,49.7703],[22.7366,49.7702],[22.7364,49.7709],[22.7366,49.7721],[22.7372,49.7726],[22.7374,49.7739],[22.7343,49.7731],[22.7335,49.7731],[22.7312,49.7738],[22.7318,49.775],[22.7313,49.7759],[22.7313,49.7766],[22.73,49.7767],[22.73,49.7786],[22.726,49.7789],[22.7221,49.7782],[22.7219,49.7771],[22.7203,49.7769],[22.7205,49.7788],[22.7205,49.7813],[22.7226,49.7822],[22.7239,49.7823],[22.7277,49.783],[22.729,49.7839],[22.73,49.784],[22.731,49.7844],[22.7312,49.7862],[22.7279,49.7882],[22.7253,49.7902],[22.7249,49.7908],[22.7267,49.7931],[22.7279,49.7949],[22.7298,49.7973],[22.7307,49.7988],[22.732,49.8002],[22.7326,49.8012],[22.7358,49.8052],[22.7343,49.8058],[22.734,49.8062],[22.7342,49.8075],[22.7343,49.8109],[22.734,49.8118],[22.7334,49.8127],[22.7334,49.8133],[22.7327,49.8142],[22.7299,49.8158],[22.7295,49.8156],[22.7262,49.8167],[22.727,49.8174],[22.7276,49.8189],[22.7275,49.8194],[22.7281,49.8206],[22.7295,49.8197],[22.7302,49.8195],[22.7316,49.8197],[22.7333,49.8195],[22.7341,49.8197],[22.7366,49.8193],[22.7376,49.8193],[22.7383,49.8187],[22.7434,49.8182],[22.7439,49.8177],[22.7434,49.815],[22.7426,49.8147],[22.7459,49.8143],[22.7464,49.8144],[22.7493,49.8129],[22.7495,49.8124],[22.7504,49.8116],[22.7501,49.8104],[22.7525,49.8098],[22.7546,49.8096],[22.7569,49.809],[22.7589,49.8087],[22.7615,49.8088],[22.7635,49.8082]]]}},{"type":"Feature","properties":{"slug":"lublin","name":"Lublin","bdlUnitId":"060611163000","voivodeship":"lubelskie","lat":51.22576,"lon":22.55663},"geometry":{"type":"Polygon","coordinates":[[[22.4654,51.2364],[22.4669,51.2372],[22.4679,51.2374],[22.4709,51.2385],[22.4727,51.2389],[22.4739,51.239],[22.4788,51.2401],[22.4798,51.2407],[22.4805,51.2418],[22.4814,51.2421],[22.4819,51.2427],[22.4841,51.2435],[22.4838,51.2468],[22.4845,51.2469],[22.4854,51.2506],[22.486,51.2525],[22.4867,51.2554],[22.4831,51.2551],[22.4807,51.2547],[22.4775,51.2547],[22.4748,51.2546],[22.4684,51.2554],[22.4661,51.2554],[22.467,51.2604],[22.4681,51.2634],[22.4712,51.2662],[22.4725,51.2663],[22.4749,51.2669],[22.4763,51.2665],[22.4779,51.2681],[22.4795,51.2695],[22.4851,51.275],[22.486,51.2771],[22.4878,51.2761],[22.4893,51.275],[22.4903,51.2746],[22.4916,51.2738],[22.4949,51.2727],[22.4966,51.2717],[22.4978,51.2712],[22.4987,51.2712],[22.4997,51.2719],[22.5,51.2728],[22.4955,51.274],[22.4948,51.274],[22.4946,51.2747],[22.494,51.2752],[22.4937,51.2761],[22.4942,51.2774],[22.4949,51.2781],[22.4946,51.2789],[22.4928,51.2816],[22.4931,51.2822],[22.4939,51.285],[22.4961,51.2842],[22.4985,51.2837],[22.5007,51.2836],[22.5019,51.2839],[22.5057,51.2846],[22.5072,51.2848],[22.5112,51.2856],[22.5125,51.2855],[22.5171,51.2855],[22.519,51.2858],[22.5214,51.2859],[22.5224,51.2861],[22.5224,51.2846],[22.5246,51.2847],[22.5262,51.2851],[22.5316,51.2858],[22.5335,51.2854],[22.5371,51.285],[22.5381,51.2847],[22.5402,51.2847],[22.5412,51.2843],[22.5439,51.2836],[22.5451,51.2829],[22.5459,51.2829],[22.5484,51.2822],[22.5485,51.2834],[22.5481,51.2844],[22.5493,51.2845],[22.5532,51.2851],[22.5574,51.2855],[22.5586,51.2854],[22.5625,51.2854],[22.5642,51.2855],[22.5658,51.2858],[22.5721,51.286],[22.5753,51.2853],[22.5785,51.2848],[22.5798,51.2848],[22.5808,51.2845],[22.5829,51.2846],[22.5862,51.2854],[22.5867,51.2854],[22.5887,51.286],[22.59,51.2861],[22.5911,51.2855],[22.5911,51.2841],[22.5915,51.2835],[22.5929,51.2831],[22.5956,51.2829],[22.5965,51.2821],[22.599,51.2818],[22.6001,51.2811],[22.6013,51.2808],[22.6037,51.2808],[22.6049,51.2806],[22.6071,51.2818],[22.6084,51.2821],[22.6111,51.2815],[22.6125,51.2816],[22.6136,51.282],[22.6135,51.2828],[22.6147,51.2841],[22.618,51.2874],[22.6186,51.2879],[22.6209,51.2871],[22.6226,51.2884],[22.6229,51.2883],[22.6268,51.2912],[22.6274,51.2925],[22.6274,51.2933],[22.6269,51.2941],[22.6301,51.2966],[22.6345,51.2945],[22.6384,51.2928],[22.638,51.2924],[22.6396,51.2916],[22.6412,51.2923],[22.6421,51.2918],[22.6432,51.2918],[22.6442,51.2911],[22.6452,51.2911],[22.6469,51.2905],[22.6479,51.2895],[22.647,51.2883],[22.6459,51.2877],[22.6476,51.2864],[22.6489,51.286],[22.6495,51.285],[22.6504,51.2846],[22.649,51.2843],[22.6477,51.2838],[22.6435,51.2834],[22.6407,51.2821],[22.6387,51.2819],[22.6376,51.281],[22.6375,51.2797],[22.6365,51.2789],[22.6338,51.2771],[22.6312,51.2759],[22.6312,51.2742],[22.6303,51.2733],[22.6321,51.2722],[22.6333,51.2713],[22.631,51.2701],[22.6311,51.2696],[22.6321,51.2686],[22.6334,51.267],[22.633,51.2659],[22.6329,51.2648],[22.6322,51.2642],[22.6335,51.2633],[22.6346,51.2619],[22.6365,51.261],[22.6376,51.2611],[22.6398,51.26],[22.6423,51.26],[22.6433,51.2597],[22.6443,51.2597],[22.6453,51.2594],[22.6454,51.259],[22.6465,51.2584],[22.6476,51.2581],[22.6491,51.2569],[22.6496,51.2554],[22.6509,51.2549],[22.6522,51.2549],[22.6526,51.2552],[22.6538,51.2553],[22.6546,51.255],[22.6564,51.2549],[22.6575,51.2545],[22.6586,51.2531],[22.6597,51.2528],[22.661,51.2532],[22.6628,51.2532],[22.6641,51.2538],[22.6647,51.2536],[22.6676,51.2533],[22.6707,51.2528],[22.671,51.2535],[22.6735,51.2532],[22.6728,51.251],[22.6717,51.248],[22.6698,51.2482],[22.6668,51.2487],[22.6645,51.2425],[22.6588,51.2431],[22.6518,51.244],[22.6518,51.2429],[22.6525,51.2415],[22.6526,51.2403],[22.6534,51.2386],[22.654,51.2368],[22.6543,51.2349],[22.6541,51.2333],[22.6542,51.2324],[22.6542,51.2296],[22.6541,51.2278],[22.6539,51.2271],[22.6539,51.2254],[22.6536,51.2234],[22.6522,51.2204],[22.6514,51.2168],[22.6509,51.2158],[22.6489,51.2145],[22.6482,51.2143],[22.6465,51.215],[22.6433,51.2146],[22.6423,51.2143],[22.6388,51.214],[22.6349,51.2135],[22.6328,51.213],[22.6318,51.2129],[22.6295,51.2122],[22.6264,51.2117],[22.6218,51.2112],[22.6185,51.211],[22.6162,51.2104],[22.6134,51.2098],[22.612,51.2094],[22.6124,51.2067],[22.6129,51.2043],[22.6119,51.2041],[22.6124,51.2008],[22.6129,51.2009],[22.6132,51.1994],[22.6137,51.1987],[22.6137,51.1968],[22.6155,51.1967],[22.6184,51.1962],[22.621,51.1955],[22.6222,51.1955],[22.6213,51.1943],[22.6212,51.1901],[22.6208,51.1901],[22.621,51.188],[22.6238,51.1883],[22.6246,51.1882],[22.6243,51.1867],[22.6232,51.1843],[22.6219,51.1842],[22.6214,51.183],[22.6208,51.1822],[22.6199,51.1797],[22.6189,51.1794],[22.6157,51.1793],[22.6141,51.1795],[22.6138,51.1788],[22.6127,51.179],[22.6082,51.1788],[22.6029,51.1788],[22.5994,51.1787],[22.6,51.1802],[22.5995,51.1808],[22.5977,51.1819],[22.5971,51.1825],[22.5971,51.1831],[22.5941,51.1833],[22.5928,51.1829],[22.5914,51.1821],[22.5897,51.1808],[22.5894,51.1799],[22.5881,51.1798],[22.5875,51.1793],[22.588,51.179],[22.5879,51.1781],[22.5889,51.1775],[22.5889,51.1765],[22.5883,51.176],[22.5891,51.1754],[22.5882,51.1744],[22.5875,51.1746],[22.5858,51.1746],[22.5854,51.1742],[22.5827,51.1744],[22.581,51.1744],[22.5781,51.1746],[22.5784,51.1769],[22.5744,51.1769],[22.5743,51.1768],[22.5683,51.1768],[22.5682,51.1767],[22.5631,51.1767],[22.5619,51.1766],[22.5557,51.1766],[22.5541,51.1765],[22.5544,51.1751],[22.5542,51.1736],[22.5543,51.1721],[22.5543,51.1648],[22.5544,51.1626],[22.5548,51.1607],[22.5548,51.1582],[22.5543,51.1543],[22.5545,51.1536],[22.5546,51.1516],[22.5549,51.1487],[22.5541,51.1485],[22.5493,51.1486],[22.5453,51.1488],[22.543,51.1487],[22.5417,51.1485],[22.5401,51.1485],[22.5376,51.1488],[22.5369,51.1487],[22.5348,51.1489],[22.5351,51.1468],[22.5095,51.1468],[22.5079,51.1454],[22.5064,51.1446],[22.5059,51.1441],[22.5048,51.1424],[22.5044,51.1408],[22.5031,51.1408],[22.4999,51.1404],[22.498,51.1404],[22.4961,51.1398],[22.4957,51.1401],[22.4947,51.14],[22.4938,51.1403],[22.4931,51.1415],[22.4888,51.1427],[22.4854,51.1432],[22.4842,51.1439],[22.4784,51.1489],[22.4791,51.1498],[22.4796,51.1509],[22.4787,51.1512],[22.4779,51.1522],[22.4784,51.1528],[22.4767,51.154],[22.4754,51.1558],[22.4721,51.1585],[22.4714,51.1589],[22.4742,51.1608],[22.4797,51.1643],[22.4818,51.1658],[22.4837,51.1669],[22.4872,51.1693],[22.4841,51.1711],[22.4882,51.1738],[22.4899,51.175],[22.4922,51.1764],[22.4959,51.1789],[22.4957,51.1791],[22.4977,51.1804],[22.4971,51.1808],[22.4977,51.1813],[22.5002,51.1797],[22.5029,51.1781],[22.5056,51.1799],[22.5076,51.1811],[22.5115,51.1837],[22.5158,51.1864],[22.5158,51.1866],[22.5137,51.1878],[22.5117,51.1891],[22.509,51.1907],[22.5026,51.1947],[22.5009,51.1956],[22.5001,51.1962],[22.496,51.1986],[22.485,51.2053],[22.4878,51.206],[22.4899,51.2062],[22.4947,51.2073],[22.4958,51.2078],[22.4967,51.2088],[22.4967,51.2097],[22.4978,51.2105],[22.4983,51.2112],[22.4995,51.212],[22.5007,51.2125],[22.502,51.2128],[22.5016,51.2152],[22.5011,51.2174],[22.4969,51.2175],[22.4945,51.2171],[22.4912,51.2171],[22.4871,51.2165],[22.4847,51.2164],[22.4822,51.2157],[22.4812,51.2151],[22.4789,51.2143],[22.4768,51.2137],[22.4738,51.2131],[22.4707,51.2127],[22.466,51.2127],[22.4614,51.2132],[22.4574,51.214],[22.4543,51.2148],[22.4546,51.2155],[22.4555,51.2164],[22.4569,51.2174],[22.4568,51.2177],[22.4603,51.2199],[22.463,51.2218],[22.4663,51.2235],[22.4679,51.2242],[22.4703,51.2255],[22.4755,51.228],[22.4784,51.2296],[22.4815,51.2312],[22.4766,51.2312],[22.4762,51.2311],[22.4718,51.2311],[22.4688,51.231],[22.4675,51.2311],[22.4658,51.2308],[22.4633,51.2309],[22.4627,51.232],[22.4625,51.233],[22.4627,51.2339],[22.4636,51.2351],[22.4645,51.2355],[22.4654,51.2364]]]}},{"type":"Feature","properties":{"slug":"tarnow","name":"Tarnów","bdlUnitId":"011212463000","voivodeship":"małopolskie","lat":50.02444,"lon":20.97332},"geometry":{"type":"Polygon","coordinates":[[[20.8937,50.0121],[20.8944,50.0144],[20.8957,50.017],[20.8961,50.0172],[20.8974,50.0192],[20.8972,50.0209],[20.8969,50.0217],[20.8961,50.0228],[20.8949,50.0237],[20.8944,50.0254],[20.895,50.0268],[20.8936,50.0272],[20.8953,50.0285],[20.8956,50.0289],[20.8968,50.0291],[20.8997,50.0307],[20.9017,50.0326],[20.9027,50.0322],[20.904,50.0325],[20.9065,50.0333],[20.908,50.0335],[20.9094,50.034],[20.9104,50.0349],[20.9106,50.036],[20.9115,50.0364],[20.9119,50.0355],[20.9131,50.0344],[20.9138,50.034],[20.9149,50.0338],[20.9168,50.0337],[20.9206,50.0349],[20.9248,50.0354],[20.9278,50.036],[20.9275,50.0374],[20.928,50.0394],[20.9285,50.04],[20.9293,50.0402],[20.9304,50.0412],[20.9304,50.0416],[20.9315,50.044],[20.9312,50.0453],[20.9294,50.0474],[20.9265,50.0503],[20.9262,50.0507],[20.9284,50.052],[20.9299,50.0536],[20.9307,50.0562],[20.9312,50.0569],[20.9305,50.0575],[20.9289,50.0583],[20.9279,50.0594],[20.9273,50.0608],[20.9257,50.0632],[20.9255,50.0641],[20.9269,50.0651],[20.9277,50.0654],[20.9295,50.0657],[20.9321,50.0659],[20.9329,50.0662],[20.9337,50.0659],[20.9357,50.0663],[20.9385,50.0666],[20.9414,50.0666],[20.9426,50.0665],[20.9443,50.0659],[20.9473,50.0659],[20.9499,50.0657],[20.9509,50.0654],[20.9532,50.0653],[20.9564,50.0653],[20.9577,50.0652],[20.9596,50.0653],[20.9634,50.0646],[20.968,50.0639],[20.9687,50.0645],[20.975,50.0645],[20.9781,50.0647],[20.9791,50.0649],[20.9812,50.0649],[20.9811,50.0642],[20.9831,50.064],[20.9842,50.0629],[20.9848,50.062],[20.9875,50.0622],[20.9887,50.0633],[20.9896,50.0648],[20.9932,50.0646],[20.9934,50.0649],[20.9967,50.0649],[21.0003,50.0643],[21.0026,50.064],[21.0056,50.0633],[21.0116,50.0622],[21.0122,50.0619],[21.0129,50.0609],[21.0087,50.0534],[21.0101,50.0532],[21.0116,50.0532],[21.012,50.0536],[21.0159,50.0537],[21.0163,50.0539],[21.0181,50.0534],[21.0191,50.0535],[21.0215,50.0531],[21.0216,50.0537],[21.0212,50.0547],[21.0223,50.055],[21.0246,50.055],[21.0263,50.0552],[21.0286,50.0545],[21.0298,50.054],[21.0315,50.0529],[21.0332,50.053],[21.0336,50.0527],[21.0347,50.0505],[21.0347,50.0486],[21.0341,50.0469],[21.034,50.0452],[21.0345,50.0439],[21.0356,50.0417],[21.0358,50.04],[21.0355,50.0387],[21.0355,50.0367],[21.0347,50.0348],[21.0337,50.0338],[21.033,50.0327],[21.0331,50.0319],[21.0331,50.0287],[21.0333,50.0282],[21.0333,50.0262],[21.0336,50.0249],[21.034,50.0242],[21.0345,50.0226],[21.0361,50.0224],[21.0371,50.0232],[21.0382,50.0237],[21.0403,50.0239],[21.0422,50.0235],[21.0439,50.023],[21.0449,50.0223],[21.0464,50.0217],[21.0474,50.0211],[21.0487,50.0207],[21.0512,50.0202],[21.0542,50.0193],[21.0552,50.0187],[21.0568,50.0182],[21.0606,50.0168],[21.0623,50.0156],[21.0611,50.0152],[21.0601,50.0141],[21.0568,50.0141],[21.0552,50.0139],[21.0545,50.0133],[21.0524,50.0103],[21.051,50.0089],[21.0484,50.0069],[21.0469,50.0064],[21.0441,50.0058],[21.0419,50.0039],[21.0391,50.0048],[21.039,50.0038],[21.0381,50.0035],[21.0361,50.0039],[21.0352,50.0048],[21.0302,50.0066],[21.0286,50.0068],[21.0282,50.0066],[21.0279,50.0053],[21.027,50.0046],[21.0266,50.0035],[21.0255,50.0031],[21.0246,50.0032],[21.0244,50.0039],[21.0233,50.004],[21.022,50.0048],[21.0217,50.0044],[21.0224,50.003],[21.0224,50.0018],[21.023,49.9975],[21.0239,49.9949],[21.0247,49.9931],[21.0248,49.9915],[21.024,49.9901],[21.0241,49.9894],[21.0218,49.9895],[21.0206,49.9899],[21.0195,49.99],[21.0187,49.9913],[21.016,49.9914],[21.0146,49.9902],[21.0149,49.989],[21.0139,49.9881],[21.0131,49.9883],[21.0105,49.9879],[21.0094,49.988],[21.0077,49.9877],[21.0055,49.9878],[21.0053,49.9875],[21.004,49.9875],[21.0017,49.9879],[21.0009,49.9879],[20.9998,49.9883],[20.999,49.9882],[20.9974,49.9886],[20.9959,49.9886],[20.9946,49.9881],[20.9933,49.9879],[20.9905,49.988],[20.9897,49.9877],[20.9886,49.9878],[20.9854,49.9885],[20.9818,49.9889],[20.981,49.9889],[20.9794,49.9893],[20.9773,49.9889],[20.9773,49.9884],[20.9757,49.9884],[20.9728,49.988],[20.9721,49.9882],[20.9707,49.9878],[20.9696,49.9867],[20.9676,49.9857],[20.9672,49.9858],[20.9666,49.9869],[20.9657,49.9875],[20.9657,49.9882],[20.9641,49.99],[20.9628,49.9907],[20.9616,49.9908],[20.9602,49.9898],[20.9596,49.9885],[20.9589,49.9865],[20.9585,49.9861],[20.9563,49.9862],[20.9558,49.9864],[20.9532,49.9869],[20.9498,49.9877],[20.9499,49.9884],[20.9492,49.9909],[20.9469,49.9914],[20.9451,49.9916],[20.9409,49.9919],[20.9399,49.9922],[20.9371,49.9905],[20.9368,49.9894],[20.9354,49.9876],[20.9348,49.986],[20.9331,49.9866],[20.9297,49.9871],[20.9288,49.9874],[20.9277,49.9871],[20.9284,49.9862],[20.9277,49.9858],[20.9269,49.9866],[20.9263,49.9868],[20.9253,49.9861],[20.9245,49.986],[20.9229,49.9868],[20.9215,49.9868],[20.9135,49.9884],[20.9133,49.9888],[20.9148,49.9914],[20.9156,49.9934],[20.9175,49.9938],[20.9203,49.9938],[20.9214,49.9977],[20.9148,49.9986],[20.9128,49.9986],[20.9101,49.9988],[20.9089,50],[20.9078,49.9999],[20.9064,50.0001],[20.9056,49.9998],[20.9044,50.0001],[20.904,50.0021],[20.9036,50.0025],[20.9046,50.0031],[20.9036,50.0036],[20.9064,50.005],[20.9085,50.0049],[20.9102,50.0059],[20.911,50.0069],[20.9108,50.0092],[20.9091,50.0104],[20.9084,50.0111],[20.9058,50.0128],[20.9027,50.0132],[20.9021,50.0136],[20.9006,50.0124],[20.8987,50.0115],[20.8967,50.0101],[20.8963,50.0103],[20.896,50.0115],[20.8937,50.0121]]]}},{"type":"Feature","properties":{"slug":"siemianowice-slaskie","name":"Siemianowice Śląskie","bdlUnitId":"012414874000","voivodeship":"śląskie","lat":50.31337,"lon":19.02667},"geometry":{"type":"Polygon","coordinates":[[[19.0013,50.2963],[18.997,50.2973],[18.9974,50.2979],[18.9967,50.2991],[18.9956,50.3004],[18.9943,50.3016],[18.9933,50.3023],[18.9921,50.3036],[18.9913,50.3052],[18.9903,50.3059],[18.9899,50.3067],[18.9886,50.3079],[18.9882,50.3086],[18.9872,50.3095],[18.9868,50.3108],[18.9861,50.3145],[18.9861,50.3153],[18.9866,50.3174],[18.9885,50.3175],[18.9937,50.3173],[18.9961,50.3173],[18.9964,50.3189],[18.9972,50.3217],[18.9948,50.322],[18.9928,50.3225],[18.9891,50.3236],[18.987,50.3246],[18.9853,50.3247],[18.9853,50.3335],[18.9854,50.3359],[18.9868,50.3357],[18.9898,50.3348],[18.9927,50.3341],[18.9935,50.3341],[18.9978,50.333],[19.0001,50.3327],[19.0036,50.3321],[19.0105,50.3307],[19.0112,50.3308],[19.0122,50.3315],[19.0148,50.3329],[19.0196,50.335],[19.0229,50.3359],[19.0247,50.3366],[19.03,50.3357],[19.0324,50.3355],[19.0345,50.3339],[19.035,50.3351],[19.036,50.3385],[19.036,50.3395],[19.0366,50.3438],[19.0367,50.3459],[19.0363,50.3484],[19.0374,50.3486],[19.0403,50.3486],[19.0415,50.3488],[19.0424,50.3486],[19.0444,50.3486],[19.0468,50.3493],[19.0511,50.3497],[19.0523,50.3499],[19.0555,50.3491],[19.0567,50.3485],[19.0592,50.3469],[19.0604,50.3463],[19.0613,50.345],[19.0612,50.3443],[19.0604,50.3434],[19.0553,50.3399],[19.0543,50.3387],[19.0539,50.3359],[19.0537,50.3333],[19.0541,50.3321],[19.0565,50.3279],[19.0566,50.3274],[19.0562,50.3263],[19.0546,50.3243],[19.054,50.3232],[19.0527,50.3235],[19.0519,50.3227],[19.052,50.3218],[19.0513,50.321],[19.0498,50.3201],[19.0489,50.318],[19.0499,50.3158],[19.05,50.3149],[19.0496,50.314],[19.0489,50.3115],[19.0472,50.3061],[19.0464,50.3044],[19.0465,50.3032],[19.0457,50.3016],[19.0452,50.3012],[19.0457,50.3008],[19.0486,50.2995],[19.0494,50.299],[19.0511,50.2983],[19.0517,50.2977],[19.0538,50.2969],[19.055,50.2967],[19.0564,50.2968],[19.0566,50.2993],[19.0587,50.2992],[19.06,50.299],[19.0606,50.2974],[19.0611,50.2954],[19.0588,50.2946],[19.0578,50.2934],[19.0579,50.2924],[19.0583,50.2917],[19.0592,50.2909],[19.0594,50.2899],[19.0591,50.2894],[19.0566,50.2894],[19.0556,50.2896],[19.0552,50.2879],[19.0563,50.2876],[19.057,50.2871],[19.0563,50.286],[19.0554,50.2841],[19.0552,50.2832],[19.0528,50.2807],[19.0518,50.2776],[19.0516,50.2766],[19.051,50.2754],[19.0503,50.2753],[19.0483,50.2761],[19.0465,50.2766],[19.0452,50.2768],[19.0438,50.2774],[19.0436,50.2778],[19.0401,50.2791],[19.0382,50.2787],[19.0369,50.278],[19.0339,50.2784],[19.0334,50.279],[19.0332,50.2803],[19.0328,50.2807],[19.0321,50.284],[19.0313,50.2857],[19.0296,50.2863],[19.0261,50.2865],[19.0247,50.2871],[19.0228,50.2873],[19.0208,50.2884],[19.0178,50.2902],[19.0184,50.2917],[19.0163,50.2926],[19.0106,50.2941],[19.0069,50.2949],[19.0043,50.2956],[19.0013,50.2963]]]}},{"type":"Feature","properties":{"slug":"elblag","name":"Elbląg","bdlUnitId":"042815461000","voivodeship":"warmińsko-mazurskie","lat":54.19047,"lon":19.43926},"geometry":{"type":"Polygon","coordinates":[[[19.3822,54.1753],[19.3792,54.1786],[19.378,54.1794],[19.3799,54.1801],[19.3808,54.1794],[19.3819,54.1801],[19.3803,54.1828],[19.3794,54.1846],[19.379,54.1863],[19.379,54.188],[19.3786,54.1931],[19.3786,54.1961],[19.378,54.1991],[19.3774,54.2007],[19.3756,54.2034],[19.3743,54.2067],[19.3802,54.2069],[19.3845,54.2071],[19.3841,54.208],[19.3844,54.2096],[19.3861,54.2157],[19.3863,54.2167],[19.3875,54.2206],[19.3884,54.2202],[19.391,54.2201],[19.3912,54.2192],[19.3926,54.2192],[19.3938,54.2187],[19.3973,54.2189],[19.4004,54.2193],[19.4029,54.22],[19.4042,54.22],[19.4042,54.2195],[19.406,54.22],[19.4087,54.2194],[19.412,54.2193],[19.4134,54.2195],[19.4153,54.2191],[19.417,54.219],[19.4172,54.2167],[19.4225,54.2167],[19.429,54.2164],[19.4311,54.2162],[19.4334,54.2162],[19.4332,54.2172],[19.4313,54.2176],[19.4329,54.2186],[19.4365,54.218],[19.438,54.2186],[19.4396,54.22],[19.4417,54.2215],[19.4427,54.2224],[19.4447,54.2239],[19.4466,54.2257],[19.448,54.2267],[19.4492,54.2278],[19.4516,54.2297],[19.4527,54.229],[19.4536,54.2287],[19.4539,54.2298],[19.4546,54.2313],[19.4527,54.2314],[19.4501,54.232],[19.4485,54.2319],[19.4469,54.2321],[19.4459,54.2335],[19.4444,54.2324],[19.4388,54.2329],[19.4359,54.2334],[19.4348,54.2337],[19.434,54.2363],[19.434,54.2374],[19.4336,54.2384],[19.4355,54.239],[19.4362,54.2386],[19.4377,54.2388],[19.4384,54.2391],[19.4392,54.2402],[19.4386,54.2405],[19.4367,54.2399],[19.4353,54.2406],[19.4359,54.2411],[19.4377,54.2418],[19.438,54.2426],[19.4348,54.2448],[19.434,54.2455],[19.4307,54.2478],[19.4301,54.2506],[19.429,54.2532],[19.4283,54.2552],[19.4315,54.2555],[19.4326,54.256],[19.4338,54.2559],[19.4349,54.2562],[19.433,54.2578],[19.4349,54.2581],[19.4364,54.2601],[19.4358,54.2612],[19.4362,54.2615],[19.4352,54.2625],[19.4357,54.2632],[19.4386,54.2628],[19.4392,54.2632],[19.4406,54.2627],[19.4402,54.262],[19.4421,54.2613],[19.4428,54.2605],[19.444,54.2604],[19.4439,54.2598],[19.4443,54.2591],[19.4457,54.2584],[19.4458,54.258],[19.446,54.2577],[19.4461,54.2577],[19.446,54.2577],[19.4461,54.2577],[19.4474,54.2581],[19.4483,54.2577],[19.4491,54.258],[19.4514,54.2581],[19.4543,54.2571],[19.4552,54.2571],[19.4569,54.2566],[19.4576,54.2562],[19.4595,54.2559],[19.4603,54.2553],[19.4605,54.2544],[19.4614,54.2541],[19.4613,54.2536],[19.462,54.2523],[19.4628,54.2515],[19.464,54.2513],[19.4646,54.2507],[19.4657,54.2505],[19.4662,54.251],[19.4674,54.2512],[19.4688,54.2517],[19.4701,54.2517],[19.4717,54.252],[19.4729,54.2517],[19.4735,54.2512],[19.4738,54.2504],[19.4746,54.2497],[19.4735,54.249],[19.4741,54.2487],[19.4761,54.2503],[19.4771,54.252],[19.4791,54.2525],[19.4816,54.2527],[19.486,54.2524],[19.4888,54.2516],[19.4915,54.251],[19.4933,54.2503],[19.4936,54.2489],[19.4951,54.2476],[19.4972,54.2479],[19.4987,54.2479],[19.4999,54.2484],[19.5013,54.2486],[19.5051,54.2487],[19.5067,54.2441],[19.5077,54.2409],[19.509,54.2377],[19.5072,54.2352],[19.5085,54.235],[19.5089,54.2325],[19.5071,54.2324],[19.5067,54.2322],[19.5054,54.2328],[19.5035,54.2329],[19.5026,54.2325],[19.502,54.2327],[19.4999,54.2321],[19.4987,54.2321],[19.4975,54.2324],[19.496,54.2304],[19.4958,54.2274],[19.4961,54.227],[19.4956,54.2262],[19.4916,54.2263],[19.4913,54.2255],[19.4898,54.2253],[19.4901,54.2243],[19.4892,54.2245],[19.4889,54.225],[19.4871,54.2254],[19.4869,54.2248],[19.4857,54.2245],[19.4838,54.2247],[19.4822,54.2241],[19.4769,54.2245],[19.4767,54.2238],[19.4774,54.2225],[19.4772,54.222],[19.4761,54.2218],[19.4758,54.2205],[19.4769,54.2199],[19.4761,54.2198],[19.4744,54.2197],[19.4745,54.2183],[19.4742,54.217],[19.4742,54.2167],[19.4735,54.2154],[19.4736,54.2148],[19.4728,54.2145],[19.4719,54.213],[19.4716,54.2123],[19.4705,54.2119],[19.4694,54.2112],[19.4712,54.2107],[19.4723,54.2114],[19.4725,54.212],[19.4738,54.2122],[19.4759,54.2119],[19.4761,54.2117],[19.4758,54.2104],[19.4767,54.209],[19.4761,54.2075],[19.4748,54.2059],[19.4754,54.2056],[19.4735,54.2043],[19.4757,54.2045],[19.477,54.2053],[19.478,54.2055],[19.481,54.2051],[19.4824,54.2048],[19.4831,54.2064],[19.4836,54.2067],[19.4835,54.2075],[19.4848,54.2075],[19.4859,54.2087],[19.4867,54.2082],[19.4892,54.2089],[19.4905,54.208],[19.4907,54.2069],[19.4916,54.206],[19.4977,54.2032],[19.4983,54.2032],[19.5018,54.2056],[19.5029,54.2062],[19.5034,54.2015],[19.504,54.1997],[19.5047,54.1949],[19.5047,54.1932],[19.5051,54.1896],[19.4989,54.1889],[19.4977,54.1885],[19.4959,54.1884],[19.4942,54.188],[19.4954,54.187],[19.4974,54.1859],[19.4983,54.1858],[19.4987,54.1853],[19.4964,54.1857],[19.4931,54.186],[19.4934,54.1867],[19.4919,54.1868],[19.4914,54.186],[19.4916,54.1851],[19.491,54.1846],[19.4898,54.1843],[19.489,54.1837],[19.4897,54.1834],[19.4897,54.1824],[19.4916,54.1824],[19.4916,54.182],[19.4964,54.1823],[19.5004,54.1819],[19.5024,54.1814],[19.5038,54.1812],[19.5064,54.1814],[19.5079,54.1814],[19.5098,54.1816],[19.5098,54.1812],[19.5086,54.1805],[19.5067,54.1801],[19.5073,54.1792],[19.5075,54.1781],[19.5079,54.1722],[19.5066,54.1715],[19.5054,54.1711],[19.4941,54.1692],[19.493,54.1689],[19.4876,54.168],[19.485,54.1678],[19.4837,54.1675],[19.4821,54.1667],[19.4808,54.1657],[19.4802,54.1643],[19.477,54.1633],[19.4753,54.1636],[19.4737,54.1652],[19.4723,54.1664],[19.4714,54.1666],[19.4696,54.1663],[19.4673,54.1651],[19.4669,54.1647],[19.4659,54.1623],[19.4652,54.1616],[19.4624,54.1612],[19.4721,54.1559],[19.4795,54.1522],[19.4859,54.1496],[19.4862,54.1493],[19.4875,54.1496],[19.4877,54.1492],[19.4817,54.1476],[19.4806,54.1472],[19.4789,54.1469],[19.4766,54.1463],[19.4744,54.1455],[19.4728,54.1451],[19.4682,54.1434],[19.4627,54.1421],[19.4606,54.1418],[19.4582,54.1413],[19.4573,54.1409],[19.4549,54.1404],[19.4507,54.1392],[19.4517,54.137],[19.4466,54.1344],[19.4436,54.1366],[19.4429,54.1368],[19.4415,54.1367],[19.4404,54.1364],[19.4372,54.1358],[19.4334,54.1354],[19.4301,54.1352],[19.4268,54.1352],[19.4221,54.1356],[19.417,54.1366],[19.4083,54.139],[19.4007,54.1412],[19.3973,54.142],[19.3934,54.1431],[19.3917,54.1435],[19.3904,54.1431],[19.3897,54.1426],[19.3885,54.1423],[19.3867,54.1411],[19.3847,54.1402],[19.3825,54.1399],[19.38,54.1404],[19.3782,54.1415],[19.3769,54.1435],[19.3763,54.1448],[19.3745,54.1475],[19.3721,54.1485],[19.3709,54.1487],[19.3689,54.1498],[19.3665,54.1518],[19.3639,54.1557],[19.3626,54.1579],[19.3607,54.1608],[19.3591,54.1635],[19.3606,54.1636],[19.3705,54.1636],[19.3706,54.1663],[19.3708,54.1672],[19.3717,54.1686],[19.3725,54.1692],[19.3748,54.1702],[19.3765,54.1705],[19.3762,54.1708],[19.3842,54.1725],[19.3847,54.1729],[19.382,54.1751],[19.3822,54.1753]]]}},{"type":"Feature","properties":{"slug":"bytom","name":"Bytom","bdlUnitId":"012414562000","voivodeship":"śląskie","lat":50.3636,"lon":18.87758},"geometry":{"type":"Polygon","coordinates":[[[18.927,50.3181],[18.9269,50.3191],[18.9263,50.3191],[18.9257,50.3203],[18.9241,50.3203],[18.9187,50.3206],[18.9169,50.3211],[18.9157,50.3212],[18.9137,50.3217],[18.9103,50.3221],[18.9068,50.3226],[18.9043,50.3226],[18.9029,50.3229],[18.9015,50.3235],[18.8986,50.3245],[18.8984,50.3244],[18.896,50.3249],[18.896,50.325],[18.8953,50.3262],[18.8948,50.3264],[18.8944,50.3272],[18.8935,50.3276],[18.8936,50.3281],[18.892,50.3281],[18.8905,50.3283],[18.8896,50.3286],[18.8904,50.3297],[18.8899,50.3298],[18.8892,50.3288],[18.8873,50.3294],[18.8863,50.3293],[18.8838,50.3297],[18.8816,50.3295],[18.8809,50.3287],[18.8793,50.329],[18.8782,50.3283],[18.8771,50.3286],[18.8763,50.3283],[18.8743,50.3285],[18.8726,50.3295],[18.87,50.3292],[18.8682,50.3287],[18.8672,50.3286],[18.8656,50.328],[18.8647,50.328],[18.8626,50.3272],[18.8623,50.3281],[18.8602,50.3291],[18.859,50.3324],[18.8577,50.3323],[18.8577,50.3346],[18.8557,50.3354],[18.8554,50.3367],[18.8547,50.3369],[18.8539,50.3382],[18.8528,50.3389],[18.8515,50.3394],[18.8476,50.3412],[18.8468,50.3419],[18.847,50.3424],[18.8465,50.3435],[18.8455,50.3444],[18.8449,50.344],[18.8348,50.344],[18.8349,50.3472],[18.8338,50.3472],[18.8311,50.3479],[18.8321,50.3492],[18.8298,50.3495],[18.8284,50.3499],[18.8272,50.3505],[18.8256,50.351],[18.8234,50.3514],[18.8219,50.3515],[18.8168,50.3507],[18.8165,50.3512],[18.8159,50.3534],[18.8184,50.3558],[18.8207,50.3579],[18.8202,50.3589],[18.8187,50.3592],[18.8168,50.3592],[18.8171,50.3603],[18.8168,50.3611],[18.8182,50.3621],[18.8177,50.3627],[18.8182,50.3647],[18.8186,50.3648],[18.8165,50.3667],[18.8163,50.3677],[18.8159,50.3683],[18.8141,50.3685],[18.813,50.3684],[18.8134,50.3694],[18.8151,50.3698],[18.8153,50.3689],[18.8162,50.3687],[18.8191,50.3688],[18.8211,50.3692],[18.8201,50.3699],[18.8163,50.373],[18.8154,50.3736],[18.8144,50.3757],[18.814,50.3769],[18.8146,50.3814],[18.8136,50.3818],[18.8116,50.3817],[18.8103,50.3822],[18.8085,50.3826],[18.8049,50.3827],[18.8045,50.3823],[18.8033,50.3822],[18.8022,50.3824],[18.8022,50.3816],[18.8017,50.3807],[18.8018,50.3794],[18.8022,50.3788],[18.8014,50.3775],[18.8034,50.3765],[18.804,50.3758],[18.8039,50.3752],[18.8026,50.3737],[18.8002,50.3739],[18.8,50.3754],[18.7984,50.377],[18.7982,50.3778],[18.7991,50.3793],[18.7995,50.3794],[18.8009,50.3824],[18.8,50.3842],[18.7924,50.3869],[18.7922,50.3871],[18.7932,50.3883],[18.7918,50.389],[18.7915,50.3894],[18.7901,50.3903],[18.7916,50.391],[18.7886,50.3925],[18.7915,50.3944],[18.7945,50.3948],[18.7948,50.3954],[18.7936,50.3953],[18.7921,50.3962],[18.7903,50.3995],[18.7914,50.3998],[18.7931,50.3995],[18.7953,50.3997],[18.7958,50.3993],[18.7969,50.3996],[18.7979,50.4004],[18.7995,50.3995],[18.801,50.4003],[18.802,50.3997],[18.8043,50.4012],[18.8051,50.4013],[18.8066,50.4023],[18.8074,50.4015],[18.8085,50.4027],[18.8096,50.4046],[18.8111,50.4042],[18.8118,50.4049],[18.8129,50.4055],[18.816,50.4053],[18.8181,50.4054],[18.8193,50.4051],[18.8204,50.4046],[18.8209,50.4041],[18.8212,50.4028],[18.8222,50.4018],[18.8231,50.4013],[18.8252,50.4009],[18.8287,50.4001],[18.8304,50.4015],[18.831,50.4022],[18.8322,50.4048],[18.8324,50.4057],[18.8325,50.4094],[18.8342,50.4125],[18.8354,50.4134],[18.8372,50.4137],[18.8398,50.4129],[18.8425,50.4105],[18.8446,50.4089],[18.8453,50.4079],[18.85,50.4078],[18.8509,50.4079],[18.8536,50.4078],[18.8569,50.4071],[18.8588,50.4064],[18.8602,50.4061],[18.8622,50.406],[18.863,50.4063],[18.8622,50.4068],[18.863,50.4083],[18.8633,50.413],[18.868,50.413],[18.8693,50.4127],[18.8722,50.4123],[18.874,50.4123],[18.8744,50.4112],[18.8753,50.4113],[18.8754,50.4103],[18.8779,50.4096],[18.8786,50.41],[18.8803,50.4084],[18.8831,50.4065],[18.8845,50.4057],[18.8847,50.4037],[18.884,50.4021],[18.8836,50.4001],[18.8836,50.399],[18.8884,50.3993],[18.8907,50.3996],[18.8945,50.3973],[18.8934,50.3966],[18.893,50.3967],[18.892,50.3959],[18.8903,50.3953],[18.8904,50.3949],[18.888,50.394],[18.8899,50.3928],[18.8862,50.3897],[18.8871,50.3896],[18.8866,50.3885],[18.8868,50.3882],[18.8859,50.3866],[18.8845,50.3838],[18.884,50.3831],[18.8854,50.3814],[18.8865,50.3804],[18.8886,50.3814],[18.8914,50.3812],[18.893,50.3806],[18.8929,50.3842],[18.8945,50.3842],[18.8945,50.3849],[18.896,50.3844],[18.8962,50.3811],[18.8957,50.3809],[18.8955,50.3794],[18.8968,50.379],[18.8993,50.3777],[18.9024,50.3765],[18.9048,50.3751],[18.9064,50.375],[18.9083,50.3738],[18.9097,50.374],[18.9111,50.3735],[18.9143,50.3719],[18.9145,50.3722],[18.9163,50.3716],[18.9177,50.3716],[18.919,50.3719],[18.9211,50.3713],[18.9227,50.3714],[18.9228,50.3707],[18.922,50.3703],[18.9201,50.3706],[18.92,50.3699],[18.9216,50.3682],[18.9218,50.3662],[18.9231,50.366],[18.9229,50.3666],[18.9247,50.3661],[18.9265,50.3652],[18.9286,50.3644],[18.9313,50.3639],[18.9369,50.363],[18.9349,50.3611],[18.9351,50.361],[18.9389,50.361],[18.9402,50.3608],[18.9423,50.3608],[18.9451,50.3606],[18.9452,50.3608],[18.9481,50.3607],[18.951,50.3607],[18.9525,50.3595],[18.9556,50.3583],[18.9573,50.3574],[18.9593,50.3566],[18.9615,50.3562],[18.9633,50.3555],[18.964,50.355],[18.9641,50.3538],[18.9631,50.3509],[18.9622,50.348],[18.9619,50.3466],[18.964,50.3465],[18.9629,50.3424],[18.9623,50.3405],[18.9612,50.3408],[18.9609,50.3404],[18.9591,50.3353],[18.9588,50.3346],[18.9561,50.3329],[18.9546,50.3313],[18.9544,50.3281],[18.9545,50.3273],[18.9543,50.3262],[18.9543,50.3248],[18.9539,50.3234],[18.9528,50.3232],[18.9512,50.3215],[18.9508,50.3215],[18.9488,50.3235],[18.9487,50.3236],[18.9488,50.3235],[18.9487,50.3236],[18.9474,50.3245],[18.9457,50.3259],[18.9438,50.3267],[18.9436,50.3262],[18.9439,50.3251],[18.9452,50.3216],[18.9459,50.3195],[18.947,50.3167],[18.9436,50.3171],[18.9428,50.3171],[18.9391,50.3175],[18.9353,50.3176],[18.9329,50.3178],[18.929,50.3179],[18.927,50.3181]]]}},{"type":"Feature","properties":{"slug":"zielona-gora","name":"Zielona Góra","bdlUnitId":"020811462000","voivodeship":"lubuskie","lat":51.92589,"lon":15.53183},"geometry":{"type":"Polygon","coordinates":[[[15.638,51.9051],[15.6373,51.9051],[15.639,51.9025],[15.638,51.8998],[15.6374,51.8988],[15.6369,51.8974],[15.636,51.8963],[15.6434,51.8941],[15.6452,51.8934],[15.6474,51.89],[15.6481,51.8891],[15.6475,51.8885],[15.6455,51.8881],[15.6436,51.8875],[15.6411,51.8869],[15.6399,51.8863],[15.639,51.8845],[15.6377,51.8839],[15.6369,51.883],[15.6355,51.8824],[15.636,51.8809],[15.6362,51.8782],[15.6388,51.878],[15.6391,51.8769],[15.64,51.8769],[15.6466,51.8756],[15.6507,51.8754],[15.6518,51.8751],[15.651,51.8744],[15.6503,51.8732],[15.6492,51.8723],[15.6488,51.8707],[15.6461,51.8706],[15.6454,51.87],[15.644,51.8671],[15.6381,51.8685],[15.6368,51.8687],[15.6366,51.8678],[15.6368,51.865],[15.64,51.8647],[15.6402,51.8645],[15.641,51.8605],[15.6372,51.8598],[15.6373,51.8563],[15.6401,51.8533],[15.6435,51.8529],[15.644,51.8513],[15.6469,51.8516],[15.6469,51.8472],[15.6326,51.8456],[15.6325,51.8461],[15.6312,51.846],[15.631,51.8479],[15.6294,51.8481],[15.6295,51.8504],[15.6245,51.8508],[15.624,51.8519],[15.624,51.8526],[15.6233,51.8526],[15.6222,51.852],[15.622,51.8506],[15.619,51.8505],[15.6185,51.8508],[15.6171,51.8508],[15.6099,51.8515],[15.61,51.8511],[15.6083,51.8508],[15.6075,51.8515],[15.6062,51.8513],[15.6062,51.8509],[15.6029,51.8509],[15.603,51.8513],[15.6016,51.8513],[15.5993,51.8519],[15.5984,51.8519],[15.5988,51.8505],[15.5977,51.8486],[15.5966,51.8486],[15.5959,51.8482],[15.5958,51.8464],[15.5949,51.8456],[15.5945,51.8446],[15.5887,51.8451],[15.5838,51.8454],[15.5836,51.8444],[15.5828,51.8427],[15.581,51.8435],[15.5771,51.8442],[15.5769,51.842],[15.574,51.8421],[15.5736,51.8375],[15.5689,51.8382],[15.5683,51.839],[15.5674,51.8396],[15.5666,51.8394],[15.5645,51.84],[15.5642,51.8387],[15.5632,51.8388],[15.5629,51.8382],[15.5614,51.8383],[15.5569,51.8383],[15.5537,51.839],[15.5514,51.8394],[15.5477,51.8398],[15.5461,51.8403],[15.5461,51.8407],[15.5443,51.8411],[15.5416,51.8411],[15.5412,51.8406],[15.5368,51.8419],[15.5372,51.8425],[15.536,51.8425],[15.5354,51.8422],[15.5347,51.8426],[15.5339,51.8426],[15.533,51.8433],[15.5308,51.8439],[15.5268,51.8441],[15.5252,51.8437],[15.5245,51.8439],[15.5253,51.845],[15.5208,51.8464],[15.5183,51.8435],[15.5198,51.8408],[15.5214,51.8402],[15.5207,51.8391],[15.5218,51.8374],[15.5228,51.8352],[15.5243,51.8329],[15.525,51.8315],[15.5251,51.8309],[15.5269,51.8306],[15.5281,51.8298],[15.5292,51.8293],[15.5307,51.8248],[15.5285,51.825],[15.5291,51.8234],[15.5279,51.8233],[15.5263,51.8235],[15.5234,51.823],[15.5201,51.8215],[15.518,51.8211],[15.5141,51.8205],[15.5131,51.8207],[15.5115,51.8203],[15.5084,51.8201],[15.5065,51.8203],[15.5045,51.8212],[15.5037,51.8213],[15.5002,51.8223],[15.4982,51.8225],[15.4957,51.8224],[15.4927,51.823],[15.4906,51.8227],[15.4891,51.8221],[15.4852,51.8219],[15.4755,51.8262],[15.4753,51.8268],[15.4743,51.8276],[15.4721,51.828],[15.4715,51.8274],[15.4686,51.8281],[15.4659,51.8274],[15.4645,51.8278],[15.4608,51.8277],[15.4575,51.828],[15.4556,51.8288],[15.4517,51.8292],[15.4467,51.8293],[15.4433,51.83],[15.4426,51.8304],[15.4425,51.8316],[15.4427,51.8327],[15.4432,51.834],[15.4447,51.8353],[15.4448,51.8359],[15.4428,51.8383],[15.4429,51.8397],[15.4438,51.8406],[15.4423,51.8411],[15.4413,51.8402],[15.4384,51.8404],[15.4369,51.8416],[15.4327,51.8436],[15.431,51.8441],[15.4273,51.8431],[15.4256,51.8456],[15.4228,51.8455],[15.4251,51.8462],[15.4289,51.8462],[15.4293,51.8486],[15.4265,51.849],[15.4237,51.8493],[15.4193,51.8494],[15.4147,51.8487],[15.4118,51.8485],[15.4082,51.8488],[15.4083,51.8474],[15.403,51.8469],[15.403,51.8488],[15.393,51.8488],[15.3909,51.8487],[15.3907,51.8516],[15.3933,51.8516],[15.3955,51.8512],[15.397,51.8511],[15.4007,51.8514],[15.4013,51.8518],[15.4055,51.8525],[15.4114,51.8534],[15.4144,51.8538],[15.4212,51.8548],[15.4219,51.8552],[15.4239,51.855],[15.4242,51.8564],[15.425,51.8566],[15.4251,51.858],[15.425,51.8634],[15.4248,51.866],[15.4239,51.8662],[15.423,51.8672],[15.4247,51.8676],[15.425,51.8683],[15.4245,51.8692],[15.426,51.8695],[15.4256,51.8714],[15.4219,51.8722],[15.4206,51.873],[15.4205,51.8735],[15.421,51.875],[15.4208,51.8766],[15.421,51.878],[15.4215,51.8799],[15.42,51.8801],[15.4204,51.8818],[15.4214,51.884],[15.4227,51.8854],[15.4242,51.8862],[15.4253,51.8878],[15.4255,51.8884],[15.4267,51.8887],[15.4283,51.8906],[15.4289,51.8907],[15.4303,51.8929],[15.4297,51.8934],[15.4284,51.8936],[15.4299,51.8944],[15.4319,51.8958],[15.4323,51.8959],[15.4344,51.8974],[15.435,51.8983],[15.4358,51.8985],[15.4383,51.8996],[15.4412,51.9012],[15.4431,51.9019],[15.4438,51.9024],[15.449,51.9046],[15.4506,51.905],[15.4524,51.9051],[15.4544,51.9056],[15.4581,51.9062],[15.4629,51.9056],[15.4645,51.9052],[15.4665,51.9051],[15.4702,51.9031],[15.4728,51.9022],[15.4734,51.9018],[15.4766,51.9015],[15.4762,51.9034],[15.4755,51.906],[15.4749,51.907],[15.4744,51.9084],[15.4744,51.9105],[15.474,51.9116],[15.4732,51.9128],[15.4722,51.9136],[15.4712,51.914],[15.4705,51.9147],[15.4667,51.9165],[15.4653,51.9188],[15.4642,51.9201],[15.4629,51.921],[15.4613,51.9228],[15.4603,51.9248],[15.4602,51.9265],[15.4599,51.9278],[15.4587,51.9297],[15.4573,51.931],[15.457,51.9316],[15.4553,51.9334],[15.4553,51.9343],[15.4547,51.9353],[15.4538,51.9361],[15.4498,51.9385],[15.4499,51.9396],[15.4494,51.941],[15.447,51.941],[15.4448,51.9421],[15.4431,51.9439],[15.4422,51.9456],[15.4396,51.9466],[15.4392,51.947],[15.437,51.947],[15.4313,51.9473],[15.4128,51.948],[15.41,51.9483],[15.406,51.9495],[15.4069,51.9513],[15.4086,51.9536],[15.4095,51.9544],[15.4117,51.9555],[15.412,51.956],[15.4122,51.9573],[15.4127,51.9584],[15.4136,51.9591],[15.4143,51.962],[15.4156,51.9618],[15.419,51.9646],[15.4198,51.9655],[15.4216,51.9663],[15.4223,51.9671],[15.4231,51.9675],[15.4237,51.9682],[15.4229,51.9684],[15.4237,51.9706],[15.4243,51.9713],[15.4251,51.9713],[15.426,51.9717],[15.4266,51.9728],[15.4256,51.9738],[15.4252,51.9752],[15.4269,51.9755],[15.4288,51.976],[15.4328,51.9769],[15.4331,51.9786],[15.433,51.9793],[15.4323,51.9806],[15.4309,51.9814],[15.4307,51.9818],[15.4289,51.9825],[15.4272,51.9824],[15.425,51.9821],[15.4264,51.9841],[15.4276,51.9852],[15.4288,51.9858],[15.4314,51.9849],[15.4328,51.9847],[15.4344,51.9849],[15.4377,51.9848],[15.4382,51.9852],[15.4372,51.9869],[15.4414,51.9878],[15.4421,51.9887],[15.4437,51.9889],[15.4448,51.9888],[15.446,51.9908],[15.4462,51.9918],[15.4456,51.9929],[15.444,51.9942],[15.4453,51.9946],[15.4492,51.9952],[15.4482,51.9969],[15.4458,51.9979],[15.4453,51.9984],[15.4453,51.9991],[15.4465,52.0004],[15.446,52.0019],[15.4437,52.0034],[15.4434,52.0039],[15.4437,52.0051],[15.4427,52.0061],[15.4422,52.0069],[15.442,52.0081],[15.4408,52.0082],[15.4408,52.0087],[15.4391,52.0095],[15.4371,52.0091],[15.435,52.009],[15.4348,52.0099],[15.4341,52.0113],[15.4368,52.0132],[15.438,52.0142],[15.4389,52.0152],[15.4405,52.0153],[15.4421,52.0156],[15.4465,52.0169],[15.4523,52.0185],[15.456,52.0177],[15.4566,52.017],[15.4585,52.0172],[15.4604,52.017],[15.4601,52.0162],[15.4607,52.016],[15.4607,52.0154],[15.4634,52.0162],[15.4635,52.0156],[15.4652,52.0158],[15.4669,52.0158],[15.4706,52.0154],[15.4713,52.0167],[15.4728,52.0164],[15.4734,52.0169],[15.4754,52.0169],[15.4767,52.0161],[15.4785,52.0157],[15.4808,52.0147],[15.4816,52.0151],[15.4829,52.015],[15.4831,52.0143],[15.4864,52.0136],[15.4876,52.0131],[15.4905,52.0125],[15.4919,52.0129],[15.4936,52.013],[15.4964,52.0121],[15.4971,52.0116],[15.4988,52.0113],[15.5007,52.0114],[15.5015,52.0118],[15.502,52.0107],[15.5035,52.0104],[15.5061,52.0103],[15.5085,52.0101],[15.5123,52.0099],[15.5149,52.0101],[15.5146,52.0107],[15.5124,52.0118],[15.5128,52.0154],[15.5163,52.0176],[15.5177,52.0166],[15.5189,52.0165],[15.5196,52.0173],[15.5201,52.0168],[15.5208,52.0189],[15.5191,52.0192],[15.5197,52.0201],[15.5213,52.0219],[15.5221,52.0215],[15.5238,52.0231],[15.5225,52.0239],[15.5216,52.0248],[15.5233,52.0251],[15.5247,52.026],[15.5252,52.0261],[15.5256,52.0269],[15.5265,52.0272],[15.5281,52.0266],[15.5303,52.0264],[15.5312,52.0258],[15.5321,52.0257],[15.5327,52.0263],[15.5344,52.0267],[15.5355,52.0258],[15.5365,52.0257],[15.5359,52.0271],[15.5361,52.029],[15.5358,52.0304],[15.5361,52.0322],[15.535,52.0329],[15.5339,52.0339],[15.5347,52.0348],[15.5377,52.0341],[15.5412,52.0338],[15.5483,52.0343],[15.5511,52.0344],[15.5541,52.0344],[15.5576,52.0346],[15.5635,52.0351],[15.5667,52.0351],[15.5698,52.0348],[15.5762,52.034],[15.5786,52.0338],[15.5814,52.0339],[15.5813,52.0329],[15.5839,52.033],[15.5854,52.0328],[15.5876,52.0319],[15.5878,52.0303],[15.5876,52.0298],[15.5864,52.0297],[15.5846,52.0301],[15.5841,52.0249],[15.5857,52.0238],[15.5872,52.0236],[15.5886,52.0238],[15.59,52.0249],[15.5922,52.0242],[15.5936,52.0236],[15.6006,52.0191],[15.604,52.0171],[15.6032,52.0163],[15.6028,52.0155],[15.6036,52.0143],[15.6047,52.0102],[15.6054,52.0098],[15.6068,52.0083],[15.6082,52.008],[15.6086,52.0075],[15.6102,52.0064],[15.6111,52.0062],[15.6118,52.0069],[15.615,52.0069],[15.6173,52.0066],[15.6206,52.0056],[15.6246,52.0059],[15.6345,52.0063],[15.6365,52.006],[15.6357,52.0053],[15.6351,52.0042],[15.6354,52.0028],[15.6336,52.0025],[15.6318,52.0007],[15.6308,51.9988],[15.6302,51.9982],[15.6302,51.9968],[15.63,51.9958],[15.6324,51.9955],[15.6322,51.9924],[15.6338,51.9919],[15.6352,51.9903],[15.6338,51.9881],[15.6331,51.9877],[15.6333,51.9862],[15.633,51.9859],[15.6329,51.9848],[15.6349,51.9848],[15.6349,51.984],[15.6333,51.9835],[15.6322,51.9835],[15.6321,51.9828],[15.6314,51.9826],[15.6292,51.9825],[15.6283,51.982],[15.6281,51.9829],[15.6267,51.9826],[15.6256,51.9829],[15.6215,51.9827],[15.6192,51.9801],[15.6205,51.9797],[15.6223,51.9794],[15.6239,51.9793],[15.6242,51.9789],[15.6226,51.9767],[15.6248,51.9758],[15.6275,51.9749],[15.6267,51.9741],[15.6276,51.974],[15.6262,51.9727],[15.625,51.9719],[15.6227,51.9706],[15.6226,51.9711],[15.6217,51.9717],[15.6153,51.9714],[15.6133,51.9715],[15.6108,51.9707],[15.6086,51.9692],[15.6072,51.9673],[15.607,51.9667],[15.6059,51.9653],[15.6055,51.9644],[15.6056,51.962],[15.6043,51.9597],[15.6037,51.957],[15.6035,51.955],[15.6044,51.9524],[15.6047,51.951],[15.6056,51.949],[15.6066,51.9478],[15.6083,51.9478],[15.6103,51.9476],[15.6145,51.9484],[15.6161,51.9484],[15.6186,51.9482],[15.6196,51.9494],[15.6214,51.9512],[15.6221,51.9517],[15.6259,51.9504],[15.6269,51.9512],[15.6287,51.952],[15.6327,51.9495],[15.6326,51.9488],[15.6312,51.9483],[15.6304,51.9478],[15.6322,51.9473],[15.634,51.9477],[15.6344,51.9482],[15.6357,51.9489],[15.6375,51.9477],[15.6386,51.9464],[15.6414,51.9465],[15.642,51.9467],[15.6412,51.9478],[15.6449,51.9474],[15.6447,51.9468],[15.6477,51.9465],[15.6494,51.9467],[15.6504,51.9465],[15.6501,51.9459],[15.649,51.9453],[15.6476,51.9452],[15.6467,51.9444],[15.6495,51.9436],[15.6511,51.9429],[15.6518,51.9422],[15.652,51.9408],[15.6494,51.9406],[15.6477,51.9401],[15.6455,51.9397],[15.6456,51.9386],[15.6461,51.9361],[15.6489,51.9354],[15.6489,51.9331],[15.6505,51.9334],[15.652,51.9335],[15.6521,51.9329],[15.6492,51.9325],[15.6491,51.9313],[15.6475,51.9309],[15.6478,51.9304],[15.6455,51.9298],[15.6434,51.9294],[15.6423,51.9314],[15.6403,51.9312],[15.6399,51.9326],[15.6395,51.933],[15.6377,51.9336],[15.6369,51.9378],[15.6337,51.9377],[15.6343,51.9344],[15.6341,51.9332],[15.6347,51.9326],[15.6362,51.9318],[15.6366,51.931],[15.6376,51.9308],[15.6394,51.9296],[15.6406,51.9291],[15.6414,51.9279],[15.638,51.9278],[15.6387,51.9269],[15.637,51.9265],[15.6328,51.9252],[15.6333,51.9243],[15.6347,51.9238],[15.6361,51.9231],[15.6394,51.9193],[15.6347,51.918],[15.6346,51.9173],[15.6328,51.9173],[15.6328,51.9165],[15.6312,51.9166],[15.6315,51.9149],[15.6312,51.9144],[15.6301,51.9141],[15.6296,51.915],[15.6306,51.9153],[15.6297,51.9158],[15.6293,51.9147],[15.6297,51.9142],[15.631,51.9134],[15.6317,51.9135],[15.6336,51.9115],[15.6354,51.909],[15.638,51.9051]]]}},{"type":"Feature","properties":{"slug":"skierniewice","name":"Skierniewice","bdlUnitId":"051011963000","voivodeship":"łódzkie","lat":51.95954,"lon":20.15586},"geometry":{"type":"Polygon","coordinates":[[[20.2005,51.9735],[20.2003,51.9726],[20.2005,51.9735],[20.1964,51.9744],[20.192,51.9748],[20.1892,51.9749],[20.1864,51.9749],[20.1855,51.9711],[20.1848,51.9677],[20.1843,51.9657],[20.193,51.9646],[20.1958,51.964],[20.1954,51.9633],[20.2001,51.9624],[20.1996,51.9619],[20.1926,51.9632],[20.1924,51.9628],[20.1977,51.9617],[20.1975,51.9615],[20.184,51.9641],[20.1835,51.9622],[20.1828,51.9587],[20.1841,51.9584],[20.1836,51.9536],[20.1833,51.9498],[20.1882,51.9488],[20.1924,51.948],[20.1914,51.9471],[20.1896,51.946],[20.1888,51.9448],[20.1888,51.9434],[20.1871,51.9428],[20.1841,51.9429],[20.1782,51.9429],[20.1801,51.9398],[20.1817,51.9365],[20.184,51.9312],[20.1819,51.9309],[20.1816,51.9315],[20.1805,51.9314],[20.1815,51.9296],[20.1807,51.9299],[20.1787,51.9301],[20.1758,51.9302],[20.1738,51.9309],[20.1725,51.9307],[20.1705,51.9301],[20.1662,51.9317],[20.1637,51.9329],[20.1631,51.9329],[20.1634,51.9314],[20.163,51.9311],[20.1612,51.9314],[20.1596,51.9314],[20.1599,51.9284],[20.1591,51.9268],[20.1601,51.9248],[20.1603,51.9239],[20.1596,51.9232],[20.1586,51.9226],[20.1577,51.9235],[20.1565,51.924],[20.156,51.9248],[20.1559,51.9258],[20.1562,51.9268],[20.1559,51.9275],[20.1561,51.9281],[20.1555,51.9292],[20.155,51.9296],[20.1534,51.93],[20.1535,51.9303],[20.1485,51.931],[20.1429,51.9317],[20.1382,51.9322],[20.1355,51.9326],[20.1319,51.933],[20.1308,51.932],[20.1278,51.9296],[20.1267,51.9285],[20.1244,51.9273],[20.1229,51.9267],[20.1192,51.9274],[20.1159,51.9281],[20.1145,51.9283],[20.1133,51.9264],[20.1096,51.9271],[20.1095,51.9269],[20.1052,51.9272],[20.107,51.9292],[20.1074,51.93],[20.1054,51.9326],[20.1051,51.9337],[20.1055,51.9339],[20.1117,51.9361],[20.1071,51.9391],[20.1125,51.9429],[20.1131,51.9432],[20.1119,51.9489],[20.1199,51.9507],[20.1187,51.951],[20.113,51.9527],[20.1114,51.9538],[20.1105,51.9547],[20.1091,51.9554],[20.1049,51.9585],[20.1095,51.9582],[20.1099,51.9601],[20.1099,51.9618],[20.1103,51.9648],[20.1103,51.966],[20.1095,51.9663],[20.107,51.9664],[20.1145,51.9707],[20.1188,51.9731],[20.1224,51.9752],[20.122,51.9755],[20.1179,51.9751],[20.1177,51.9754],[20.119,51.9758],[20.1236,51.9776],[20.1269,51.9788],[20.1324,51.9809],[20.1361,51.9822],[20.1406,51.984],[20.1461,51.986],[20.1502,51.9876],[20.1478,51.989],[20.1455,51.9902],[20.1499,51.9933],[20.1562,51.9898],[20.1604,51.9874],[20.161,51.9875],[20.1613,51.9894],[20.1608,51.9907],[20.1617,51.9917],[20.1623,51.993],[20.1623,51.9937],[20.1635,51.9936],[20.1635,51.993],[20.1659,51.9916],[20.1725,51.9879],[20.1727,51.9865],[20.173,51.9863],[20.1813,51.9849],[20.1854,51.9843],[20.1883,51.9838],[20.1918,51.9833],[20.1926,51.9831],[20.1958,51.9816],[20.197,51.9815],[20.2026,51.9822],[20.2071,51.9835],[20.2093,51.9842],[20.2116,51.9848],[20.2119,51.9852],[20.2129,51.9854],[20.2132,51.9849],[20.2156,51.9853],[20.22,51.9859],[20.2209,51.9844],[20.2235,51.9845],[20.2258,51.9834],[20.2279,51.9834],[20.2279,51.9828],[20.2288,51.9826],[20.2284,51.982],[20.2295,51.9801],[20.2286,51.9791],[20.2292,51.9785],[20.2299,51.9784],[20.2316,51.9788],[20.2322,51.9786],[20.2327,51.9779],[20.2321,51.9765],[20.2333,51.9753],[20.2319,51.9745],[20.2323,51.9734],[20.2254,51.9714],[20.2217,51.9712],[20.2174,51.9713],[20.2145,51.9717],[20.2114,51.9719],[20.2103,51.9722],[20.2085,51.9723],[20.2067,51.9726],[20.2033,51.9729],[20.2005,51.9735]]]}},{"type":"Feature","properties":{"slug":"gdansk","name":"Gdańsk","bdlUnitId":"042214361000","voivodeship":"pomorskie","lat":54.3598,"lon":18.63594},"geometry":{"type":"Polygon","coordinates":[[[18.5075,54.4228],[18.512,54.4223],[18.5143,54.4219],[18.517,54.4212],[18.5194,54.4213],[18.5208,54.4218],[18.5244,54.4227],[18.5279,54.4232],[18.5319,54.423],[18.5373,54.4218],[18.5389,54.422],[18.5409,54.4216],[18.5434,54.4221],[18.5444,54.4226],[18.5463,54.4224],[18.5479,54.4225],[18.5494,54.4221],[18.5529,54.4214],[18.554,54.4209],[18.5574,54.4197],[18.5593,54.423],[18.5612,54.4224],[18.5619,54.4224],[18.5633,54.4238],[18.5661,54.4239],[18.5706,54.4235],[18.5728,54.4239],[18.5764,54.4249],[18.5775,54.425],[18.5785,54.4243],[18.5801,54.4242],[18.5798,54.4258],[18.5795,54.4263],[18.5821,54.427],[18.5834,54.4257],[18.5864,54.4273],[18.5891,54.429],[18.5912,54.4302],[18.5927,54.4291],[18.5958,54.4275],[18.5996,54.4252],[18.6038,54.4231],[18.6069,54.4214],[18.6133,54.4183],[18.6181,54.4162],[18.6237,54.414],[18.6327,54.411],[18.6364,54.4099],[18.6402,54.4091],[18.6435,54.4085],[18.6496,54.4081],[18.6525,54.4082],[18.6546,54.4084],[18.6565,54.409],[18.6589,54.4102],[18.6597,54.4111],[18.6617,54.4112],[18.6614,54.4122],[18.6591,54.4156],[18.6593,54.4166],[18.6609,54.4141],[18.6624,54.4131],[18.6654,54.4117],[18.6683,54.4105],[18.6745,54.4087],[18.6754,54.4088],[18.6788,54.4075],[18.681,54.4065],[18.6824,54.4052],[18.6841,54.4039],[18.6857,54.4032],[18.6876,54.403],[18.6892,54.4032],[18.6907,54.4032],[18.6915,54.4029],[18.6976,54.4013],[18.6987,54.4014],[18.7016,54.4021],[18.7049,54.403],[18.7056,54.4031],[18.7117,54.4046],[18.7134,54.4055],[18.715,54.4066],[18.7136,54.4073],[18.7156,54.408],[18.7183,54.4086],[18.7243,54.4064],[18.7265,54.4057],[18.7313,54.4033],[18.7311,54.4032],[18.7243,54.398],[18.7316,54.394],[18.7315,54.3939],[18.7166,54.3933],[18.7159,54.3929],[18.7079,54.3903],[18.7101,54.388],[18.7098,54.3875],[18.7105,54.387],[18.7148,54.3845],[18.7174,54.3863],[18.7215,54.3887],[18.725,54.387],[18.7224,54.3852],[18.7199,54.3836],[18.7178,54.3802],[18.7208,54.3786],[18.7239,54.3774],[18.7272,54.3763],[18.7299,54.3756],[18.7355,54.3745],[18.7408,54.3738],[18.7465,54.3735],[18.7494,54.3737],[18.7511,54.3737],[18.7547,54.3733],[18.7601,54.3724],[18.7623,54.3722],[18.7665,54.3716],[18.7693,54.371],[18.7762,54.3705],[18.7778,54.3706],[18.7793,54.3705],[18.7811,54.371],[18.779,54.3743],[18.7794,54.3745],[18.782,54.3705],[18.7837,54.3692],[18.7857,54.3685],[18.7865,54.3678],[18.7886,54.3676],[18.7906,54.3671],[18.7944,54.3664],[18.7969,54.3658],[18.7987,54.3652],[18.8061,54.3632],[18.8072,54.3632],[18.8086,54.3626],[18.8125,54.3614],[18.8151,54.3607],[18.8238,54.3582],[18.8284,54.3571],[18.8322,54.3563],[18.8336,54.3559],[18.8388,54.3549],[18.841,54.3543],[18.8432,54.3539],[18.846,54.3532],[18.8508,54.3522],[18.856,54.3513],[18.8584,54.351],[18.8684,54.3495],[18.876,54.3485],[18.8802,54.348],[18.8844,54.3477],[18.886,54.3475],[18.8903,54.3473],[18.8978,54.3468],[18.8989,54.3468],[18.9079,54.3464],[18.9092,54.3465],[18.9116,54.3463],[18.9172,54.3463],[18.9218,54.3467],[18.9244,54.3471],[18.9272,54.3482],[18.9287,54.3485],[18.9309,54.3493],[18.9353,54.3511],[18.9364,54.3517],[18.9385,54.3533],[18.9399,54.3548],[18.94,54.3572],[18.9407,54.3579],[18.9406,54.3583],[18.9392,54.3582],[18.9382,54.3577],[18.9383,54.3569],[18.9373,54.357],[18.9368,54.3575],[18.9379,54.358],[18.9401,54.3596],[18.9436,54.3612],[18.9459,54.3624],[18.9487,54.3631],[18.9494,54.3634],[18.9504,54.3628],[18.9498,54.3616],[18.9488,54.3613],[18.9477,54.3605],[18.9461,54.3577],[18.9502,54.3587],[18.95,54.3583],[18.9484,54.3557],[18.947,54.3529],[18.945,54.3478],[18.9419,54.3394],[18.9411,54.3367],[18.9378,54.3271],[18.9355,54.3197],[18.9342,54.3143],[18.9336,54.3097],[18.9335,54.3078],[18.9335,54.3036],[18.9336,54.3017],[18.9342,54.2974],[18.9353,54.2929],[18.9368,54.2884],[18.9389,54.2838],[18.9407,54.2802],[18.9323,54.2816],[18.9299,54.2825],[18.9266,54.2849],[18.9226,54.2881],[18.9217,54.2895],[18.9212,54.2928],[18.9207,54.2941],[18.9207,54.2987],[18.9187,54.3021],[18.9183,54.3034],[18.9163,54.3058],[18.9143,54.3093],[18.911,54.3116],[18.9101,54.3124],[18.9083,54.3132],[18.9064,54.3137],[18.9046,54.3139],[18.9019,54.3144],[18.9001,54.3145],[18.8962,54.3145],[18.894,54.3143],[18.8902,54.3138],[18.8861,54.313],[18.8826,54.3121],[18.8804,54.3113],[18.8777,54.3106],[18.875,54.3104],[18.8731,54.3104],[18.8687,54.3121],[18.8667,54.3131],[18.8653,54.3145],[18.8649,54.3158],[18.864,54.3161],[18.864,54.3166],[18.8624,54.3184],[18.8613,54.3187],[18.8611,54.3195],[18.8596,54.3202],[18.8577,54.3208],[18.8557,54.3221],[18.8522,54.3233],[18.8467,54.3248],[18.8424,54.3266],[18.8406,54.3277],[18.8394,54.3287],[18.8386,54.3298],[18.837,54.3324],[18.8352,54.3349],[18.8331,54.3374],[18.8322,54.3381],[18.8287,54.3404],[18.8247,54.3422],[18.8186,54.3438],[18.8153,54.3446],[18.8136,54.3449],[18.8114,54.3451],[18.8006,54.3457],[18.798,54.3459],[18.7929,54.3465],[18.7913,54.3445],[18.7906,54.3439],[18.7885,54.3431],[18.7874,54.3423],[18.7847,54.341],[18.7835,54.3409],[18.7809,54.3404],[18.7795,54.3403],[18.7786,54.3385],[18.7774,54.3384],[18.7765,54.3372],[18.775,54.3369],[18.7724,54.337],[18.7702,54.3368],[18.7688,54.3365],[18.7675,54.336],[18.7651,54.334],[18.7641,54.3333],[18.7594,54.3343],[18.7578,54.3345],[18.7554,54.3346],[18.7521,54.3351],[18.7511,54.3354],[18.7502,54.3366],[18.7482,54.3385],[18.7473,54.3396],[18.7466,54.3401],[18.7443,54.3412],[18.7437,54.3412],[18.7394,54.3407],[18.7377,54.3404],[18.7358,54.3403],[18.7331,54.3406],[18.7301,54.3407],[18.7279,54.3415],[18.7218,54.3336],[18.7193,54.3306],[18.7173,54.3279],[18.716,54.3264],[18.714,54.3237],[18.7131,54.3228],[18.7109,54.3198],[18.7074,54.3154],[18.7054,54.3128],[18.7044,54.3128],[18.7033,54.3134],[18.7027,54.3156],[18.7019,54.316],[18.7008,54.3159],[18.6993,54.3149],[18.6982,54.3146],[18.6968,54.3147],[18.695,54.3154],[18.6938,54.3153],[18.6916,54.3138],[18.6908,54.3134],[18.6885,54.3133],[18.6873,54.3131],[18.6878,54.3109],[18.6876,54.309],[18.689,54.3069],[18.6888,54.3063],[18.6876,54.306],[18.6882,54.3036],[18.6897,54.3022],[18.6899,54.3015],[18.6851,54.3003],[18.6745,54.2979],[18.6685,54.2965],[18.6568,54.2939],[18.6542,54.2934],[18.6528,54.293],[18.6509,54.2927],[18.6447,54.2915],[18.6446,54.2919],[18.6393,54.291],[18.6402,54.2876],[18.6408,54.2877],[18.6411,54.286],[18.6419,54.2837],[18.6427,54.2796],[18.6403,54.2798],[18.6388,54.2798],[18.6394,54.2772],[18.6393,54.2765],[18.6383,54.2756],[18.6382,54.2756],[18.6383,54.2756],[18.6382,54.2756],[18.6369,54.2751],[18.6358,54.275],[18.6325,54.2756],[18.6309,54.2758],[18.6295,54.2763],[18.6286,54.2773],[18.6268,54.2781],[18.6265,54.2785],[18.6251,54.2787],[18.6241,54.2767],[18.6187,54.2779],[18.616,54.2784],[18.6134,54.2783],[18.6072,54.2783],[18.6048,54.2785],[18.605,54.2796],[18.606,54.2821],[18.6067,54.2825],[18.6073,54.2835],[18.605,54.2838],[18.6024,54.284],[18.6005,54.284],[18.5997,54.2849],[18.5986,54.285],[18.5976,54.2858],[18.5978,54.2863],[18.6029,54.2855],[18.6036,54.287],[18.6052,54.2893],[18.6066,54.2901],[18.6094,54.2905],[18.6104,54.2915],[18.6116,54.2917],[18.6094,54.2929],[18.6058,54.2952],[18.6043,54.296],[18.6058,54.2987],[18.5974,54.3041],[18.5961,54.3046],[18.5944,54.305],[18.5918,54.3059],[18.5906,54.3056],[18.5886,54.3048],[18.5883,54.3044],[18.5865,54.3036],[18.5846,54.3021],[18.5831,54.3029],[18.5804,54.3033],[18.5783,54.3031],[18.5753,54.3032],[18.5732,54.3043],[18.5718,54.3053],[18.572,54.3071],[18.5704,54.3081],[18.5696,54.3091],[18.5715,54.3104],[18.5726,54.3115],[18.5721,54.312],[18.5696,54.3139],[18.5681,54.3154],[18.5669,54.3162],[18.5661,54.317],[18.5645,54.3174],[18.5617,54.3184],[18.5587,54.3186],[18.5572,54.3186],[18.5566,54.3182],[18.555,54.3182],[18.5541,54.318],[18.553,54.3173],[18.5513,54.317],[18.5488,54.317],[18.5482,54.3165],[18.5475,54.3148],[18.5466,54.3143],[18.5479,54.3133],[18.5474,54.3125],[18.5464,54.3125],[18.5433,54.3132],[18.5415,54.3135],[18.54,54.3141],[18.535,54.3172],[18.5356,54.3182],[18.5341,54.3191],[18.5344,54.3195],[18.5363,54.3193],[18.5367,54.3196],[18.535,54.3218],[18.5331,54.3261],[18.5329,54.3268],[18.5362,54.3271],[18.5353,54.328],[18.5332,54.3306],[18.5317,54.3326],[18.5327,54.3335],[18.5324,54.3338],[18.5341,54.3356],[18.5325,54.3354],[18.53,54.3356],[18.5286,54.336],[18.5276,54.3365],[18.5257,54.3353],[18.5244,54.3355],[18.5233,54.335],[18.5195,54.3348],[18.5186,54.3342],[18.5167,54.3339],[18.5157,54.3339],[18.5143,54.3342],[18.5121,54.3342],[18.5056,54.3356],[18.5004,54.3337],[18.4967,54.3314],[18.4956,54.3308],[18.4947,54.33],[18.4938,54.3285],[18.4937,54.3279],[18.4925,54.325],[18.4915,54.3242],[18.4911,54.3235],[18.4911,54.321],[18.4913,54.3204],[18.4927,54.3189],[18.4916,54.3185],[18.4899,54.3175],[18.488,54.317],[18.4875,54.318],[18.4875,54.3188],[18.4879,54.3196],[18.4875,54.3201],[18.4861,54.3201],[18.4847,54.3197],[18.4827,54.3201],[18.4815,54.3213],[18.4799,54.3219],[18.4787,54.3235],[18.4795,54.325],[18.4786,54.3255],[18.4786,54.3264],[18.4782,54.3266],[18.4744,54.3274],[18.4722,54.3273],[18.4709,54.3271],[18.4697,54.3272],[18.4674,54.3271],[18.4664,54.3281],[18.4646,54.3283],[18.4637,54.3298],[18.4603,54.3306],[18.459,54.3315],[18.4569,54.3323],[18.4581,54.3347],[18.4591,54.3354],[18.4614,54.3377],[18.4622,54.3388],[18.4626,54.3398],[18.4635,54.3409],[18.4646,54.3414],[18.4664,54.3431],[18.4679,54.3449],[18.4685,54.3467],[18.4684,54.3475],[18.4675,54.3486],[18.4672,54.3495],[18.4665,54.3505],[18.4624,54.3522],[18.4637,54.3537],[18.4595,54.3551],[18.456,54.3568],[18.4551,54.3565],[18.4532,54.3549],[18.45,54.3554],[18.4473,54.356],[18.4462,54.3566],[18.443,54.3572],[18.4412,54.3574],[18.4413,54.3579],[18.4439,54.3606],[18.4443,54.3627],[18.4441,54.3648],[18.4442,54.367],[18.4442,54.3716],[18.4446,54.3738],[18.4471,54.3765],[18.446,54.3776],[18.443,54.3788],[18.4404,54.3797],[18.4377,54.3808],[18.4305,54.3835],[18.4312,54.3847],[18.4297,54.385],[18.43,54.3855],[18.4319,54.3865],[18.4344,54.3875],[18.4371,54.3866],[18.4377,54.387],[18.4422,54.3892],[18.449,54.3927],[18.4471,54.3936],[18.4482,54.3941],[18.4502,54.3943],[18.4521,54.3949],[18.4536,54.3956],[18.4564,54.3962],[18.4589,54.3965],[18.4599,54.3974],[18.4606,54.3981],[18.4617,54.3985],[18.4625,54.3996],[18.4642,54.4004],[18.4653,54.3999],[18.4651,54.4014],[18.4636,54.4023],[18.4642,54.4029],[18.4659,54.4038],[18.4655,54.4058],[18.4655,54.4077],[18.4622,54.4078],[18.4595,54.408],[18.4578,54.408],[18.451,54.4085],[18.4498,54.4083],[18.4455,54.408],[18.442,54.408],[18.442,54.4082],[18.4445,54.412],[18.445,54.413],[18.4463,54.415],[18.4486,54.4182],[18.447,54.4185],[18.4429,54.4185],[18.4431,54.4188],[18.4455,54.4205],[18.4489,54.4231],[18.4535,54.4287],[18.4561,54.4317],[18.4557,54.4325],[18.4558,54.4333],[18.4564,54.4347],[18.4575,54.4358],[18.4568,54.4364],[18.4515,54.4362],[18.4514,54.4354],[18.447,54.4359],[18.4428,54.4363],[18.4389,54.4386],[18.4375,54.4393],[18.4387,54.4395],[18.4411,54.4389],[18.4432,54.4391],[18.444,54.44],[18.4458,54.4403],[18.4483,54.4401],[18.4491,54.4391],[18.4513,54.4427],[18.451,54.4433],[18.4538,54.4472],[18.4558,54.4468],[18.4554,54.4462],[18.4567,54.4459],[18.4609,54.4452],[18.4617,54.4443],[18.4632,54.4435],[18.4681,54.4398],[18.4687,54.4363],[18.47,54.4357],[18.4695,54.4354],[18.477,54.4317],[18.4782,54.4319],[18.4788,54.4317],[18.48,54.4329],[18.4807,54.4332],[18.4827,54.4359],[18.4843,54.4359],[18.4853,54.4377],[18.4876,54.4369],[18.4892,54.4365],[18.4879,54.4332],[18.4899,54.4325],[18.4903,54.4317],[18.4923,54.4313],[18.4912,54.4299],[18.4905,54.4299],[18.4869,54.4304],[18.4865,54.4299],[18.4838,54.4303],[18.4829,54.4302],[18.4824,54.4285],[18.4855,54.428],[18.49,54.428],[18.4921,54.4281],[18.4963,54.4289],[18.4988,54.4288],[18.5003,54.4289],[18.5016,54.4284],[18.5025,54.4272],[18.5026,54.4264],[18.5035,54.4245],[18.5049,54.4236],[18.5062,54.423],[18.5075,54.4228]]]}},{"type":"Feature","properties":{"slug":"lodz","name":"Łódź","bdlUnitId":"051011661000","voivodeship":"łódzkie","lat":51.76649,"lon":19.48026},"geometry":{"type":"Polygon","coordinates":[[[19.3373,51.7841],[19.3399,51.7847],[19.3416,51.7849],[19.3439,51.7849],[19.3447,51.7847],[19.3477,51.7846],[19.3489,51.7847],[19.3544,51.7902],[19.3572,51.7929],[19.3566,51.7932],[19.3512,51.795],[19.3495,51.7957],[19.3451,51.7978],[19.3444,51.7987],[19.3425,51.8003],[19.342,51.8009],[19.3401,51.8007],[19.3399,51.8004],[19.3392,51.7963],[19.3375,51.7963],[19.3332,51.796],[19.3317,51.796],[19.3291,51.7958],[19.3295,51.7982],[19.3301,51.8008],[19.3301,51.8015],[19.3286,51.8017],[19.3249,51.802],[19.3242,51.8022],[19.3249,51.8058],[19.3222,51.8058],[19.321,51.8078],[19.3212,51.808],[19.3241,51.808],[19.3255,51.8078],[19.3276,51.8079],[19.3314,51.8079],[19.3317,51.808],[19.3355,51.808],[19.3379,51.8124],[19.3421,51.8142],[19.3411,51.8152],[19.341,51.8166],[19.3367,51.8164],[19.3367,51.8192],[19.3366,51.8202],[19.3395,51.8203],[19.3428,51.8203],[19.3438,51.8204],[19.3437,51.8226],[19.3437,51.8268],[19.3436,51.827],[19.3436,51.8305],[19.3484,51.8301],[19.3515,51.8299],[19.3519,51.835],[19.3498,51.837],[19.3491,51.8375],[19.3513,51.8385],[19.3517,51.838],[19.3529,51.8372],[19.355,51.8354],[19.3568,51.8356],[19.3609,51.8354],[19.362,51.8359],[19.366,51.8364],[19.3701,51.8371],[19.3736,51.8367],[19.374,51.8369],[19.3741,51.8369],[19.374,51.8369],[19.3741,51.8368],[19.3741,51.8369],[19.3741,51.8368],[19.3754,51.8368],[19.3771,51.837],[19.3811,51.8371],[19.3825,51.8367],[19.3844,51.8362],[19.3841,51.835],[19.3832,51.8324],[19.3837,51.8317],[19.383,51.8301],[19.3832,51.8299],[19.3827,51.8286],[19.3827,51.8276],[19.3812,51.8231],[19.3808,51.8216],[19.3813,51.8215],[19.3823,51.822],[19.3833,51.8232],[19.3848,51.8241],[19.3873,51.8259],[19.3895,51.8259],[19.3931,51.8261],[19.3964,51.8262],[19.3991,51.8295],[19.4008,51.8291],[19.4046,51.8288],[19.4074,51.8282],[19.4107,51.828],[19.4119,51.8283],[19.4138,51.8284],[19.4167,51.8292],[19.4186,51.8296],[19.4218,51.8306],[19.4247,51.8311],[19.429,51.8311],[19.4319,51.8318],[19.4342,51.832],[19.4362,51.8323],[19.4369,51.8341],[19.4384,51.8342],[19.4423,51.8347],[19.4491,51.8354],[19.4502,51.8358],[19.4518,51.8361],[19.4545,51.8363],[19.4559,51.8363],[19.4563,51.8373],[19.4567,51.8396],[19.4565,51.8405],[19.4559,51.8417],[19.454,51.8422],[19.4551,51.8435],[19.454,51.8459],[19.4502,51.8472],[19.4493,51.8476],[19.4456,51.8488],[19.4452,51.8502],[19.446,51.8504],[19.4488,51.85],[19.4567,51.8487],[19.4577,51.8488],[19.4592,51.8494],[19.4632,51.8505],[19.4652,51.8512],[19.4676,51.8519],[19.4705,51.8529],[19.4737,51.8538],[19.4794,51.8557],[19.4848,51.8573],[19.4858,51.8577],[19.4903,51.8591],[19.4911,51.8591],[19.4936,51.8565],[19.4955,51.8571],[19.4988,51.8579],[19.5031,51.8592],[19.5043,51.8593],[19.5065,51.8599],[19.5067,51.8594],[19.508,51.8581],[19.5086,51.8567],[19.5097,51.8554],[19.5099,51.8548],[19.5144,51.8498],[19.5165,51.8493],[19.5194,51.8488],[19.5214,51.8483],[19.5245,51.8477],[19.526,51.8475],[19.5314,51.8471],[19.5368,51.8466],[19.5436,51.8451],[19.5463,51.8446],[19.5493,51.8439],[19.5515,51.8435],[19.5526,51.8448],[19.5542,51.8463],[19.5559,51.8481],[19.5565,51.8484],[19.56,51.8456],[19.5631,51.8459],[19.5643,51.8437],[19.5653,51.8423],[19.568,51.8376],[19.5667,51.8373],[19.5643,51.8364],[19.5622,51.836],[19.5608,51.836],[19.5595,51.8358],[19.5574,51.8348],[19.5537,51.8323],[19.5474,51.8282],[19.5493,51.8251],[19.5493,51.8244],[19.5482,51.8203],[19.5478,51.8183],[19.5473,51.8169],[19.5474,51.8166],[19.5509,51.8145],[19.5544,51.8125],[19.5554,51.8118],[19.5598,51.8093],[19.5601,51.8089],[19.5623,51.8092],[19.564,51.81],[19.5657,51.8106],[19.5668,51.8112],[19.569,51.8117],[19.57,51.8125],[19.5716,51.8135],[19.573,51.8141],[19.5764,51.8147],[19.5779,51.8155],[19.5784,51.8154],[19.5798,51.8158],[19.5819,51.8159],[19.5828,51.8161],[19.5885,51.8161],[19.5904,51.8157],[19.5923,51.8157],[19.5985,51.8149],[19.5992,51.8151],[19.6015,51.8152],[19.6047,51.8152],[19.608,51.8149],[19.6119,51.814],[19.6123,51.8137],[19.6134,51.8138],[19.6164,51.8144],[19.616,51.8136],[19.6148,51.8119],[19.6141,51.8099],[19.6143,51.8093],[19.6136,51.8081],[19.6153,51.8056],[19.6158,51.8046],[19.6176,51.8016],[19.6181,51.7986],[19.6186,51.7964],[19.6188,51.7949],[19.6194,51.7922],[19.6189,51.792],[19.6174,51.7921],[19.6175,51.7889],[19.6165,51.7852],[19.6183,51.7836],[19.6106,51.7796],[19.6094,51.7789],[19.61,51.7783],[19.6137,51.7755],[19.618,51.7721],[19.6224,51.7687],[19.6243,51.7673],[19.6216,51.766],[19.617,51.7635],[19.619,51.762],[19.6245,51.7577],[19.6205,51.7557],[19.621,51.7555],[19.6251,51.7554],[19.6275,51.7552],[19.6289,51.7552],[19.6322,51.755],[19.6339,51.755],[19.6382,51.7547],[19.6399,51.7547],[19.6303,51.7495],[19.6277,51.7482],[19.628,51.7439],[19.628,51.7423],[19.6284,51.7387],[19.6285,51.7359],[19.6295,51.7235],[19.6263,51.7197],[19.6249,51.7182],[19.6233,51.7162],[19.6226,51.7155],[19.6208,51.7132],[19.6198,51.7122],[19.6159,51.7075],[19.6075,51.6976],[19.6057,51.7002],[19.6047,51.7014],[19.6037,51.7029],[19.6006,51.698],[19.6,51.6981],[19.5996,51.6973],[19.596,51.6988],[19.5938,51.6996],[19.5926,51.7002],[19.5883,51.7018],[19.5883,51.7022],[19.5898,51.7053],[19.5912,51.7061],[19.5884,51.7068],[19.5864,51.7075],[19.5845,51.7046],[19.5816,51.7028],[19.5806,51.7034],[19.5774,51.705],[19.5766,51.7066],[19.5724,51.7054],[19.5685,51.7044],[19.5645,51.7036],[19.5642,51.7041],[19.5628,51.7038],[19.5631,51.7033],[19.5612,51.703],[19.5601,51.7026],[19.562,51.699],[19.5602,51.6986],[19.5615,51.697],[19.5582,51.6967],[19.5572,51.6967],[19.5544,51.6964],[19.5493,51.6961],[19.5444,51.6956],[19.5411,51.6954],[19.5399,51.6952],[19.5364,51.695],[19.5335,51.6923],[19.5322,51.6919],[19.5332,51.6907],[19.5259,51.6902],[19.5226,51.6899],[19.5181,51.6896],[19.5186,51.6906],[19.518,51.6915],[19.5177,51.6925],[19.514,51.6928],[19.5139,51.694],[19.5135,51.696],[19.5133,51.6977],[19.5053,51.6977],[19.5034,51.6975],[19.5015,51.6975],[19.4979,51.6979],[19.4957,51.698],[19.4936,51.6984],[19.4908,51.6984],[19.4865,51.6981],[19.4841,51.6981],[19.4811,51.6974],[19.4792,51.6971],[19.4737,51.6958],[19.4692,51.6958],[19.467,51.6954],[19.4676,51.6928],[19.4681,51.6911],[19.4687,51.6883],[19.4559,51.6883],[19.4535,51.6884],[19.4524,51.6888],[19.4499,51.6872],[19.4405,51.6872],[19.4385,51.6873],[19.436,51.6872],[19.4345,51.6873],[19.4318,51.6866],[19.431,51.6867],[19.4281,51.6862],[19.4275,51.6864],[19.4247,51.6866],[19.4246,51.6875],[19.4215,51.6871],[19.4204,51.6871],[19.4179,51.6909],[19.4186,51.6909],[19.4186,51.6932],[19.4125,51.6946],[19.4102,51.6952],[19.4036,51.6966],[19.4024,51.6969],[19.4017,51.6962],[19.4003,51.6935],[19.3971,51.6939],[19.3934,51.6945],[19.3928,51.6945],[19.384,51.6957],[19.3818,51.6961],[19.3811,51.6961],[19.3784,51.6966],[19.3763,51.6968],[19.3743,51.6972],[19.3729,51.6973],[19.3689,51.6979],[19.3648,51.6984],[19.3594,51.6992],[19.3593,51.7022],[19.3582,51.7026],[19.3542,51.7022],[19.3538,51.7039],[19.3533,51.7051],[19.352,51.7071],[19.3519,51.7078],[19.3505,51.7097],[19.3493,51.7116],[19.3466,51.714],[19.3461,51.715],[19.3452,51.7161],[19.3444,51.7167],[19.3419,51.7177],[19.3424,51.719],[19.3432,51.7205],[19.3437,51.7222],[19.3446,51.723],[19.346,51.7239],[19.3463,51.7269],[19.347,51.7277],[19.3466,51.7284],[19.3454,51.729],[19.3463,51.7296],[19.3425,51.7294],[19.3422,51.7289],[19.3433,51.7284],[19.3415,51.7272],[19.3392,51.7263],[19.3368,51.7255],[19.3367,51.7257],[19.3379,51.7277],[19.3379,51.7289],[19.339,51.7291],[19.3384,51.7302],[19.3386,51.7309],[19.3367,51.7309],[19.3362,51.7296],[19.3356,51.7304],[19.3349,51.7303],[19.3355,51.732],[19.3367,51.7324],[19.339,51.7322],[19.34,51.733],[19.3415,51.7339],[19.3427,51.7335],[19.3444,51.7339],[19.3413,51.7364],[19.3387,51.7387],[19.3389,51.739],[19.3423,51.7401],[19.3449,51.7407],[19.3464,51.7409],[19.3466,51.7404],[19.3483,51.7405],[19.3519,51.7411],[19.3548,51.7415],[19.3556,51.7415],[19.361,51.7422],[19.3617,51.7398],[19.3643,51.7405],[19.3657,51.741],[19.3676,51.7414],[19.3717,51.7421],[19.3712,51.744],[19.3713,51.7448],[19.3703,51.7446],[19.3703,51.7463],[19.3697,51.7465],[19.3698,51.7478],[19.3704,51.7503],[19.3703,51.7509],[19.3724,51.752],[19.3728,51.7524],[19.3734,51.7539],[19.3746,51.7559],[19.3709,51.7565],[19.3641,51.7578],[19.3565,51.7591],[19.3536,51.7597],[19.3525,51.7598],[19.3532,51.7623],[19.3535,51.7638],[19.3426,51.7662],[19.3404,51.7666],[19.3376,51.7673],[19.3384,51.7694],[19.34,51.7731],[19.3425,51.7794],[19.3417,51.7796],[19.3371,51.7802],[19.3356,51.7805],[19.3373,51.7841]]]}},{"type":"Feature","properties":{"slug":"poznan","name":"Poznań","bdlUnitId":"023016264000","voivodeship":"wielkopolskie","lat":52.40646,"lon":16.92309},"geometry":{"type":"Polygon","coordinates":[[[16.7794,52.4592],[16.7812,52.4592],[16.7813,52.4603],[16.7805,52.4608],[16.7803,52.462],[16.7807,52.4631],[16.7821,52.4643],[16.7809,52.4649],[16.7791,52.4664],[16.7779,52.4667],[16.777,52.4664],[16.777,52.466],[16.7755,52.4654],[16.7732,52.4649],[16.773,52.4645],[16.7711,52.4654],[16.7711,52.4668],[16.768,52.4644],[16.7664,52.4639],[16.7654,52.4624],[16.7623,52.4606],[16.7617,52.4609],[16.7592,52.4597],[16.7562,52.4578],[16.7527,52.4553],[16.7479,52.4562],[16.7474,52.4564],[16.7428,52.4592],[16.739,52.4591],[16.7378,52.4585],[16.7366,52.4591],[16.7325,52.4614],[16.7316,52.4637],[16.7341,52.4643],[16.7392,52.4654],[16.748,52.4697],[16.7499,52.4709],[16.7517,52.4724],[16.7543,52.4736],[16.7547,52.4741],[16.7574,52.476],[16.7615,52.4775],[16.764,52.4782],[16.7664,52.4783],[16.7683,52.4785],[16.7699,52.4784],[16.7752,52.4784],[16.7748,52.4788],[16.7749,52.4795],[16.7762,52.4801],[16.7764,52.4807],[16.7778,52.4822],[16.7794,52.4825],[16.7799,52.4824],[16.7817,52.4828],[16.7831,52.4825],[16.7832,52.482],[16.7842,52.4811],[16.7855,52.4794],[16.7861,52.4791],[16.7876,52.4773],[16.7894,52.4759],[16.7921,52.4743],[16.7929,52.474],[16.7938,52.4757],[16.7937,52.4767],[16.7946,52.4791],[16.7956,52.481],[16.7995,52.4804],[16.8013,52.4799],[16.8039,52.4794],[16.8043,52.4795],[16.8085,52.4786],[16.8111,52.4777],[16.8134,52.4765],[16.816,52.4733],[16.8172,52.4717],[16.8178,52.4714],[16.8194,52.4711],[16.8237,52.4705],[16.8251,52.4702],[16.8305,52.4694],[16.8309,52.4706],[16.8313,52.4709],[16.8335,52.4713],[16.8344,52.4717],[16.8354,52.4731],[16.8369,52.4743],[16.838,52.4746],[16.8405,52.475],[16.8421,52.4762],[16.8432,52.4766],[16.844,52.4766],[16.8462,52.4762],[16.8525,52.4754],[16.8537,52.4752],[16.854,52.4737],[16.8553,52.4718],[16.8566,52.4705],[16.8576,52.4682],[16.86,52.4666],[16.8618,52.466],[16.864,52.4656],[16.8653,52.4656],[16.8693,52.4653],[16.8724,52.4652],[16.876,52.4652],[16.8767,52.4651],[16.8819,52.4651],[16.8829,52.465],[16.8857,52.465],[16.8873,52.4648],[16.8908,52.4647],[16.8913,52.465],[16.8939,52.465],[16.8962,52.4653],[16.8976,52.4667],[16.8966,52.4671],[16.9012,52.4717],[16.8964,52.4741],[16.8954,52.4745],[16.8949,52.4751],[16.8932,52.4762],[16.8922,52.4764],[16.8897,52.4782],[16.8889,52.4789],[16.8877,52.4812],[16.8872,52.4817],[16.8872,52.4825],[16.8864,52.4835],[16.888,52.4841],[16.8882,52.4845],[16.8905,52.4864],[16.8905,52.4889],[16.8893,52.4882],[16.8888,52.4886],[16.8881,52.4914],[16.8882,52.4947],[16.8949,52.4967],[16.8999,52.4983],[16.9012,52.4986],[16.9041,52.4996],[16.9072,52.5005],[16.9076,52.4975],[16.9078,52.4951],[16.9085,52.4956],[16.9098,52.4961],[16.911,52.4961],[16.9112,52.4932],[16.913,52.4932],[16.9137,52.4934],[16.9137,52.4954],[16.9149,52.4957],[16.9148,52.4963],[16.9215,52.497],[16.925,52.4973],[16.926,52.4991],[16.9269,52.501],[16.9287,52.5009],[16.9302,52.501],[16.9307,52.5004],[16.9322,52.5003],[16.9333,52.4999],[16.9341,52.5003],[16.9345,52.4996],[16.9359,52.4994],[16.9358,52.499],[16.9376,52.499],[16.9379,52.4997],[16.9371,52.5008],[16.9396,52.5017],[16.941,52.5013],[16.9423,52.5012],[16.9423,52.5005],[16.9436,52.5008],[16.9456,52.5049],[16.9465,52.507],[16.9499,52.506],[16.9502,52.5058],[16.957,52.5053],[16.9604,52.505],[16.9614,52.5056],[16.9643,52.5063],[16.9659,52.5068],[16.9694,52.5093],[16.9705,52.5093],[16.9702,52.5085],[16.9687,52.5071],[16.9679,52.505],[16.9698,52.5036],[16.9708,52.5025],[16.9717,52.5011],[16.9724,52.4988],[16.9726,52.4961],[16.9728,52.4952],[16.9737,52.4928],[16.9751,52.4903],[16.9753,52.4896],[16.9751,52.4888],[16.9732,52.4879],[16.9717,52.4868],[16.9711,52.4856],[16.9709,52.4845],[16.9711,52.4827],[16.9721,52.4796],[16.9722,52.4775],[16.972,52.4757],[16.972,52.474],[16.9724,52.4732],[16.9749,52.4706],[16.9753,52.4698],[16.9751,52.4692],[16.9755,52.4686],[16.9759,52.4661],[16.9759,52.4648],[16.9762,52.4635],[16.9767,52.4629],[16.9788,52.4613],[16.9795,52.4605],[16.9798,52.4587],[16.979,52.4571],[16.9781,52.4562],[16.9773,52.4558],[16.9751,52.4552],[16.9741,52.4551],[16.9726,52.4546],[16.9716,52.454],[16.9711,52.4531],[16.9712,52.4522],[16.9716,52.4515],[16.9736,52.4491],[16.9749,52.4474],[16.9756,52.4462],[16.9759,52.4438],[16.9757,52.4415],[16.9782,52.4414],[16.9837,52.4403],[16.988,52.44],[16.9925,52.4394],[16.9954,52.4393],[16.9968,52.4394],[17.0013,52.4394],[17.0027,52.4395],[17.0094,52.4395],[17.0111,52.4408],[17.0112,52.4413],[17.01,52.4413],[17.0076,52.4422],[17.0057,52.4431],[17.0068,52.444],[17.0093,52.4451],[17.0144,52.447],[17.0169,52.4475],[17.019,52.4483],[17.0201,52.4492],[17.0204,52.4481],[17.021,52.4481],[17.0214,52.4466],[17.0228,52.4458],[17.0232,52.4439],[17.0248,52.444],[17.0255,52.4412],[17.023,52.4399],[17.0228,52.4396],[17.0266,52.4385],[17.026,52.4378],[17.0248,52.4377],[17.0241,52.4378],[17.0225,52.4365],[17.0208,52.4357],[17.0192,52.436],[17.0156,52.4349],[17.0142,52.4341],[17.0112,52.4337],[17.0094,52.4337],[17.0075,52.4339],[17.0059,52.4339],[17.006,52.4332],[17.0069,52.4325],[17.0081,52.4327],[17.009,52.4322],[17.0116,52.428],[17.0148,52.4282],[17.0172,52.4285],[17.0183,52.4285],[17.0218,52.4289],[17.0287,52.4294],[17.0331,52.4298],[17.035,52.4267],[17.0369,52.4239],[17.0377,52.4251],[17.0398,52.4287],[17.0467,52.425],[17.0493,52.4235],[17.054,52.421],[17.0572,52.4226],[17.0613,52.4248],[17.0607,52.4266],[17.0642,52.4273],[17.0656,52.4278],[17.0677,52.4262],[17.0689,52.4251],[17.0706,52.4264],[17.0717,52.4266],[17.0717,52.4259],[17.0712,52.4254],[17.0696,52.4246],[17.0689,52.4236],[17.0688,52.423],[17.0682,52.4226],[17.0665,52.4201],[17.0664,52.4193],[17.0666,52.418],[17.0664,52.4173],[17.0655,52.4163],[17.0649,52.4161],[17.0634,52.4151],[17.0625,52.4148],[17.0598,52.4133],[17.0573,52.4133],[17.0549,52.4126],[17.0544,52.4126],[17.0533,52.4114],[17.0514,52.4111],[17.0496,52.4105],[17.0486,52.4098],[17.0473,52.4094],[17.0461,52.4088],[17.0447,52.4084],[17.0451,52.4078],[17.0464,52.4081],[17.047,52.4079],[17.0468,52.407],[17.0463,52.4066],[17.0464,52.406],[17.0447,52.404],[17.0412,52.4032],[17.0398,52.4032],[17.0383,52.4037],[17.0376,52.4033],[17.0375,52.4027],[17.0369,52.402],[17.0381,52.4017],[17.0392,52.4011],[17.0405,52.4007],[17.0453,52.3984],[17.0486,52.3961],[17.0491,52.3955],[17.0495,52.3943],[17.0485,52.3915],[17.0478,52.3907],[17.0484,52.3887],[17.0485,52.3871],[17.0488,52.3855],[17.0493,52.3846],[17.0499,52.3829],[17.0513,52.3808],[17.0515,52.3799],[17.0535,52.3774],[17.0541,52.3763],[17.0552,52.3736],[17.0559,52.3722],[17.0571,52.3687],[17.0574,52.3671],[17.0575,52.3654],[17.0582,52.3621],[17.0582,52.3613],[17.0576,52.3592],[17.0583,52.3584],[17.0586,52.3575],[17.0578,52.3555],[17.0577,52.3545],[17.0555,52.3518],[17.0541,52.3491],[17.0526,52.3472],[17.0521,52.3463],[17.0519,52.3451],[17.051,52.3438],[17.0493,52.342],[17.0484,52.3421],[17.0466,52.3404],[17.0452,52.3386],[17.0438,52.336],[17.0422,52.3339],[17.0398,52.332],[17.0377,52.329],[17.0334,52.3304],[17.0262,52.3326],[17.0245,52.3329],[17.0231,52.3334],[17.0223,52.334],[17.0206,52.3347],[17.0188,52.3351],[17.0164,52.3366],[17.0157,52.3374],[17.0145,52.3369],[17.0142,52.336],[17.0121,52.3369],[17.0107,52.3354],[17.0108,52.3345],[17.0083,52.3325],[17.0067,52.3308],[17.0054,52.3323],[17.005,52.3338],[17.0045,52.3343],[17.0027,52.3355],[16.9997,52.3373],[16.9983,52.3354],[16.9965,52.3327],[16.9953,52.3315],[16.9918,52.3294],[16.9904,52.3277],[16.989,52.3268],[16.9859,52.3252],[16.984,52.3245],[16.9835,52.324],[16.9883,52.3219],[16.9906,52.321],[16.9931,52.3195],[16.9954,52.3188],[16.9962,52.3184],[16.9981,52.3166],[16.9995,52.3159],[17.0007,52.315],[17.0021,52.3125],[16.9973,52.3101],[16.9932,52.3074],[16.9955,52.3034],[16.9962,52.3016],[16.997,52.3014],[17.0001,52.2987],[17.003,52.2959],[17.0018,52.2953],[17.0011,52.2954],[16.999,52.2944],[16.9969,52.2929],[16.9959,52.2919],[16.994,52.2928],[16.9908,52.2937],[16.9891,52.2945],[16.9902,52.2955],[16.9882,52.2963],[16.9875,52.2963],[16.9859,52.2973],[16.9851,52.2968],[16.9841,52.298],[16.9821,52.299],[16.9806,52.2993],[16.9801,52.3002],[16.9789,52.3002],[16.9776,52.3008],[16.978,52.3012],[16.9764,52.302],[16.9765,52.303],[16.9787,52.3029],[16.9792,52.3035],[16.9763,52.3047],[16.9751,52.3051],[16.9707,52.3069],[16.9687,52.3076],[16.967,52.3084],[16.9653,52.3086],[16.9642,52.308],[16.962,52.3095],[16.9608,52.3094],[16.9612,52.3101],[16.9601,52.3101],[16.9584,52.3108],[16.9589,52.3115],[16.9584,52.3122],[16.957,52.3134],[16.9571,52.3139],[16.9564,52.3146],[16.9556,52.3146],[16.9544,52.3136],[16.9529,52.314],[16.9522,52.3131],[16.9509,52.3135],[16.9509,52.3125],[16.9476,52.3107],[16.9454,52.3122],[16.944,52.313],[16.941,52.315],[16.9401,52.3144],[16.9371,52.3161],[16.9343,52.3175],[16.9313,52.3187],[16.9288,52.3187],[16.9264,52.3193],[16.9266,52.3208],[16.9272,52.3223],[16.9262,52.3229],[16.9239,52.3236],[16.9231,52.3241],[16.9251,52.3264],[16.9259,52.3287],[16.926,52.3297],[16.9243,52.3297],[16.9228,52.33],[16.9185,52.3314],[16.9146,52.3324],[16.9117,52.3333],[16.9116,52.3336],[16.9094,52.3339],[16.9091,52.3352],[16.9083,52.336],[16.9066,52.3367],[16.9041,52.3368],[16.9032,52.3367],[16.9007,52.3371],[16.899,52.3385],[16.8991,52.34],[16.9002,52.342],[16.9009,52.3429],[16.9024,52.3441],[16.9041,52.3449],[16.9015,52.3473],[16.9023,52.3473],[16.9051,52.3482],[16.9051,52.3487],[16.9033,52.349],[16.9032,52.3493],[16.905,52.3496],[16.9041,52.3511],[16.9032,52.3508],[16.9027,52.3515],[16.901,52.3522],[16.9028,52.3552],[16.9017,52.3559],[16.9006,52.3556],[16.8982,52.3556],[16.8952,52.356],[16.895,52.3558],[16.8929,52.3558],[16.892,52.3554],[16.8897,52.3561],[16.8894,52.3553],[16.8885,52.3541],[16.8875,52.3543],[16.8852,52.3553],[16.8841,52.3562],[16.8823,52.3567],[16.8798,52.3568],[16.8787,52.357],[16.876,52.357],[16.8751,52.3573],[16.8692,52.3584],[16.8678,52.3589],[16.8662,52.359],[16.8613,52.3547],[16.8595,52.3529],[16.8583,52.352],[16.8567,52.3512],[16.8538,52.3503],[16.8531,52.3499],[16.8516,52.3486],[16.8491,52.3495],[16.8442,52.3461],[16.842,52.3443],[16.841,52.3449],[16.8394,52.3462],[16.8344,52.3498],[16.8321,52.3516],[16.829,52.3538],[16.8252,52.3567],[16.8291,52.3583],[16.8298,52.3585],[16.8308,52.3615],[16.8331,52.3676],[16.8341,52.3704],[16.8323,52.372],[16.8305,52.3738],[16.8284,52.3756],[16.8257,52.3781],[16.8251,52.3779],[16.8187,52.3777],[16.8176,52.3781],[16.8171,52.3777],[16.8081,52.3772],[16.8081,52.3774],[16.8049,52.3773],[16.8012,52.3769],[16.801,52.377],[16.798,52.3767],[16.796,52.3767],[16.7931,52.3765],[16.7902,52.3764],[16.79,52.3767],[16.7957,52.3796],[16.8003,52.3818],[16.8023,52.3829],[16.8047,52.384],[16.8084,52.3859],[16.8086,52.3863],[16.8055,52.388],[16.8109,52.3907],[16.8072,52.3938],[16.8045,52.3959],[16.8028,52.3976],[16.7988,52.4008],[16.7973,52.4022],[16.7997,52.4029],[16.8038,52.4037],[16.8048,52.4042],[16.8043,52.4045],[16.8022,52.405],[16.8008,52.4048],[16.7984,52.4059],[16.7958,52.4087],[16.7951,52.4108],[16.7975,52.4132],[16.7985,52.4137],[16.7991,52.4146],[16.7997,52.4166],[16.8003,52.4178],[16.8,52.419],[16.8006,52.4207],[16.8006,52.4225],[16.8003,52.4233],[16.7995,52.424],[16.7978,52.4247],[16.7984,52.4249],[16.8022,52.4256],[16.8014,52.4293],[16.8001,52.4325],[16.799,52.4344],[16.7987,52.4352],[16.8007,52.4348],[16.8004,52.4354],[16.8008,52.4361],[16.8008,52.4373],[16.7985,52.4393],[16.797,52.4401],[16.7939,52.4421],[16.7929,52.4432],[16.7922,52.4449],[16.7908,52.4445],[16.7896,52.4454],[16.7864,52.4469],[16.7904,52.4478],[16.7891,52.4505],[16.7875,52.4532],[16.786,52.4541],[16.7853,52.4553],[16.7824,52.4558],[16.7836,52.457],[16.7832,52.4575],[16.7821,52.4581],[16.7798,52.4583],[16.7794,52.4592]]]}},{"type":"Feature","properties":{"slug":"konin","name":"Konin","bdlUnitId":"023015862000","voivodeship":"wielkopolskie","lat":52.25534,"lon":18.26214},"geometry":{"type":"Polygon","coordinates":[[[18.3086,52.294],[18.3083,52.2933],[18.307,52.2925],[18.3068,52.2919],[18.3058,52.291],[18.3053,52.2898],[18.3055,52.2888],[18.3047,52.288],[18.3054,52.2872],[18.3053,52.2861],[18.3057,52.285],[18.3051,52.2846],[18.3056,52.2835],[18.3068,52.2824],[18.3089,52.2817],[18.3095,52.2818],[18.3104,52.281],[18.3114,52.2809],[18.3124,52.2799],[18.3112,52.2794],[18.3109,52.2783],[18.309,52.2778],[18.3077,52.2767],[18.3081,52.2752],[18.3059,52.2738],[18.3065,52.273],[18.3047,52.2726],[18.306,52.2718],[18.3101,52.2689],[18.306,52.2676],[18.3044,52.2673],[18.305,52.2656],[18.3026,52.2653],[18.3046,52.2622],[18.3024,52.2615],[18.3002,52.2645],[18.2994,52.2658],[18.2985,52.2669],[18.2924,52.2655],[18.292,52.2619],[18.2928,52.2577],[18.2934,52.2555],[18.2933,52.255],[18.2941,52.2507],[18.2921,52.2503],[18.291,52.2503],[18.2887,52.2508],[18.2891,52.2483],[18.2814,52.2469],[18.2779,52.2462],[18.2781,52.246],[18.278,52.2443],[18.2798,52.2411],[18.2786,52.2406],[18.2799,52.2383],[18.2816,52.2394],[18.2836,52.2404],[18.2855,52.2411],[18.2891,52.2419],[18.2912,52.2425],[18.2921,52.2426],[18.2944,52.2432],[18.295,52.2431],[18.2962,52.2436],[18.2986,52.244],[18.2985,52.2431],[18.2997,52.243],[18.2995,52.2408],[18.2978,52.2409],[18.2973,52.2395],[18.2968,52.2374],[18.297,52.2364],[18.2997,52.2359],[18.3005,52.2368],[18.303,52.2407],[18.3044,52.2412],[18.3102,52.2437],[18.3119,52.2475],[18.3134,52.2479],[18.3151,52.2478],[18.3174,52.2471],[18.3204,52.2464],[18.3238,52.2454],[18.3218,52.2435],[18.3212,52.2426],[18.3213,52.2417],[18.3225,52.2397],[18.3235,52.2375],[18.3241,52.2367],[18.3239,52.2351],[18.3241,52.2341],[18.3249,52.2318],[18.3249,52.2313],[18.324,52.2295],[18.324,52.2288],[18.3277,52.2282],[18.3327,52.2275],[18.3307,52.226],[18.3292,52.2254],[18.3279,52.2251],[18.3264,52.225],[18.3264,52.2247],[18.3285,52.2227],[18.3308,52.2207],[18.3203,52.2207],[18.3192,52.2208],[18.317,52.22],[18.3158,52.2199],[18.3131,52.2203],[18.3111,52.2211],[18.3096,52.2215],[18.3061,52.2218],[18.3031,52.2218],[18.3026,52.2221],[18.2998,52.2227],[18.2982,52.224],[18.2976,52.2253],[18.2974,52.2266],[18.2959,52.2282],[18.2942,52.2279],[18.2935,52.2263],[18.2934,52.2253],[18.2929,52.2232],[18.2918,52.2205],[18.2911,52.2199],[18.2907,52.2179],[18.2901,52.2176],[18.2895,52.216],[18.2889,52.215],[18.2892,52.2142],[18.2882,52.2136],[18.2872,52.2134],[18.2873,52.2127],[18.2866,52.2116],[18.2852,52.2081],[18.2847,52.2071],[18.2836,52.2042],[18.2833,52.202],[18.2859,52.2016],[18.2873,52.2012],[18.287,52.2006],[18.2887,52.2003],[18.2901,52.1998],[18.2899,52.1994],[18.2914,52.199],[18.2966,52.198],[18.2945,52.1971],[18.2928,52.1958],[18.2905,52.1957],[18.2884,52.1952],[18.283,52.1935],[18.2834,52.1916],[18.2851,52.1824],[18.2845,52.1823],[18.2816,52.1827],[18.2764,52.1827],[18.2743,52.1829],[18.2689,52.1831],[18.2677,52.1856],[18.2662,52.1879],[18.2626,52.1876],[18.26,52.1872],[18.2572,52.1869],[18.25,52.186],[18.2494,52.186],[18.2432,52.1853],[18.243,52.1858],[18.2435,52.1878],[18.2431,52.1889],[18.2415,52.1888],[18.2413,52.1923],[18.2392,52.192],[18.2383,52.1915],[18.2365,52.191],[18.2358,52.1904],[18.2337,52.1896],[18.2316,52.1896],[18.2307,52.1897],[18.2307,52.1891],[18.2266,52.1887],[18.2259,52.1889],[18.2236,52.1886],[18.222,52.1895],[18.2202,52.1892],[18.2188,52.1897],[18.2179,52.1913],[18.2161,52.1937],[18.2129,52.1948],[18.2135,52.1955],[18.2133,52.196],[18.2151,52.1971],[18.2166,52.1978],[18.2177,52.198],[18.2181,52.1973],[18.2209,52.1991],[18.2214,52.1999],[18.2236,52.2012],[18.2234,52.2023],[18.2244,52.2025],[18.2252,52.2033],[18.2258,52.2058],[18.2259,52.209],[18.2248,52.2118],[18.2264,52.212],[18.2262,52.2125],[18.2237,52.2124],[18.2188,52.2127],[18.2178,52.2125],[18.2178,52.2137],[18.2184,52.2137],[18.2186,52.2148],[18.2198,52.2147],[18.2243,52.2152],[18.2248,52.2144],[18.2258,52.2142],[18.2258,52.2149],[18.2269,52.2159],[18.2279,52.216],[18.2285,52.2166],[18.2299,52.2167],[18.2307,52.2172],[18.2303,52.2195],[18.2272,52.2199],[18.2265,52.2199],[18.2213,52.2204],[18.2203,52.2209],[18.2163,52.2208],[18.2146,52.2205],[18.2143,52.2211],[18.2148,52.2216],[18.2125,52.2219],[18.21,52.2219],[18.2091,52.2221],[18.2064,52.2223],[18.2057,52.2226],[18.2035,52.2211],[18.2025,52.2206],[18.1969,52.2214],[18.1966,52.2231],[18.195,52.2234],[18.1952,52.2238],[18.1948,52.2246],[18.1961,52.2247],[18.1965,52.2255],[18.196,52.2259],[18.1964,52.2273],[18.1957,52.2282],[18.1962,52.2288],[18.1965,52.23],[18.1956,52.2315],[18.1946,52.2325],[18.1933,52.2335],[18.1926,52.2338],[18.1929,52.235],[18.1945,52.2365],[18.196,52.2371],[18.196,52.2374],[18.1978,52.2384],[18.1985,52.2394],[18.1986,52.2402],[18.2008,52.2406],[18.201,52.2415],[18.2007,52.2419],[18.2032,52.2441],[18.2029,52.2454],[18.2017,52.248],[18.2036,52.2482],[18.2039,52.2485],[18.2076,52.2489],[18.208,52.2487],[18.2099,52.2488],[18.2143,52.2494],[18.2182,52.2495],[18.2202,52.2497],[18.2214,52.25],[18.222,52.2485],[18.2229,52.2472],[18.2236,52.2467],[18.2261,52.2472],[18.23,52.2483],[18.2298,52.249],[18.2302,52.2505],[18.2318,52.2503],[18.2319,52.2506],[18.2337,52.2524],[18.2355,52.2544],[18.2363,52.2544],[18.2386,52.254],[18.2385,52.2549],[18.2414,52.2556],[18.2442,52.2564],[18.2468,52.257],[18.2525,52.257],[18.2517,52.2592],[18.2503,52.2626],[18.2495,52.2649],[18.2484,52.2672],[18.2464,52.2724],[18.2431,52.2745],[18.2384,52.2776],[18.2376,52.278],[18.2363,52.279],[18.2338,52.2806],[18.227,52.2829],[18.2229,52.2841],[18.2245,52.2851],[18.2257,52.2848],[18.2275,52.2868],[18.2256,52.2872],[18.2269,52.2888],[18.2264,52.2898],[18.2256,52.2899],[18.2246,52.2906],[18.2213,52.2904],[18.2193,52.2901],[18.2167,52.2899],[18.2145,52.2895],[18.2117,52.2895],[18.2085,52.2894],[18.2068,52.2897],[18.2051,52.2909],[18.2048,52.2928],[18.2052,52.2941],[18.206,52.2951],[18.2067,52.2953],[18.2072,52.2964],[18.2084,52.2969],[18.209,52.2969],[18.2105,52.2976],[18.2125,52.2976],[18.2148,52.2991],[18.2159,52.2994],[18.2167,52.2992],[18.2187,52.2991],[18.2198,52.2994],[18.2205,52.2992],[18.2217,52.2983],[18.2229,52.2984],[18.2257,52.2981],[18.2272,52.2983],[18.2283,52.2982],[18.2291,52.2986],[18.2332,52.2993],[18.2336,52.3032],[18.2337,52.3052],[18.2328,52.3061],[18.2324,52.3061],[18.2316,52.3071],[18.2307,52.3078],[18.229,52.3082],[18.2299,52.3104],[18.2299,52.3118],[18.2311,52.3127],[18.2314,52.3133],[18.2309,52.3156],[18.2313,52.3165],[18.2314,52.3175],[18.2311,52.3197],[18.2314,52.3203],[18.2297,52.3226],[18.2304,52.3233],[18.2295,52.3235],[18.2292,52.324],[18.23,52.3246],[18.228,52.3256],[18.2276,52.327],[18.2272,52.3275],[18.2271,52.3286],[18.2301,52.3288],[18.2382,52.3291],[18.2403,52.3291],[18.2436,52.3293],[18.2461,52.3293],[18.2566,52.33],[18.2556,52.3266],[18.2543,52.3227],[18.2588,52.3224],[18.2632,52.322],[18.2645,52.322],[18.2688,52.3216],[18.2768,52.321],[18.2778,52.321],[18.2848,52.3204],[18.2877,52.3202],[18.2895,52.3217],[18.2931,52.3214],[18.296,52.3213],[18.2986,52.3211],[18.3007,52.3206],[18.303,52.3199],[18.3037,52.319],[18.3054,52.3187],[18.3071,52.317],[18.3072,52.3167],[18.3064,52.3158],[18.3055,52.3141],[18.304,52.3126],[18.3038,52.3114],[18.3038,52.3096],[18.3022,52.3085],[18.3034,52.3076],[18.3063,52.3071],[18.3082,52.3061],[18.309,52.3049],[18.3092,52.3036],[18.3097,52.3023],[18.3111,52.3023],[18.3116,52.3027],[18.3124,52.3024],[18.3166,52.3022],[18.3171,52.2993],[18.3174,52.2962],[18.3156,52.2954],[18.3134,52.295],[18.3117,52.295],[18.3108,52.2948],[18.3087,52.2948],[18.3086,52.294]]]}},{"type":"Feature","properties":{"slug":"tarnobrzeg","name":"Tarnobrzeg","bdlUnitId":"061813664000","voivodeship":"podkarpackie","lat":50.58461,"lon":21.70708},"geometry":{"type":"Polygon","coordinates":[[[21.6012,50.5197],[21.604,50.5212],[21.6056,50.5226],[21.6072,50.5242],[21.6133,50.531],[21.6159,50.5345],[21.6184,50.5387],[21.6221,50.5429],[21.6241,50.5454],[21.6265,50.5476],[21.6287,50.5493],[21.632,50.5525],[21.6349,50.5544],[21.6363,50.5552],[21.641,50.5583],[21.6474,50.5627],[21.6498,50.5646],[21.6517,50.5663],[21.6535,50.5682],[21.6575,50.573],[21.6603,50.5783],[21.662,50.582],[21.6632,50.5849],[21.6638,50.5868],[21.6642,50.5876],[21.6651,50.5909],[21.6665,50.5971],[21.6667,50.5987],[21.6674,50.6011],[21.6683,50.6031],[21.6694,50.605],[21.6713,50.6069],[21.6751,50.6095],[21.6795,50.6118],[21.6812,50.6128],[21.6862,50.6152],[21.6893,50.6165],[21.692,50.618],[21.6934,50.6189],[21.6974,50.6212],[21.6993,50.6222],[21.7037,50.6251],[21.7051,50.6262],[21.7074,50.6276],[21.7105,50.6298],[21.7134,50.6321],[21.7157,50.6345],[21.7169,50.6362],[21.7178,50.6372],[21.7192,50.6391],[21.7211,50.6419],[21.7226,50.6454],[21.7249,50.6444],[21.7292,50.6429],[21.7304,50.6424],[21.7334,50.6416],[21.7354,50.6424],[21.7375,50.6434],[21.739,50.6438],[21.7389,50.6459],[21.7386,50.6467],[21.7387,50.6477],[21.7412,50.6477],[21.7434,50.6492],[21.7451,50.6509],[21.7471,50.6534],[21.7472,50.6546],[21.7483,50.6552],[21.7512,50.6552],[21.7565,50.6546],[21.7598,50.6549],[21.7603,50.6529],[21.7617,50.6498],[21.7612,50.648],[21.7654,50.647],[21.7675,50.6462],[21.7691,50.6462],[21.771,50.6459],[21.7737,50.6458],[21.778,50.6451],[21.7792,50.645],[21.7781,50.6424],[21.7774,50.6413],[21.7775,50.6406],[21.777,50.6399],[21.7754,50.6393],[21.7747,50.6386],[21.7749,50.638],[21.7741,50.6373],[21.7731,50.6371],[21.7731,50.6347],[21.7725,50.6323],[21.7724,50.6303],[21.7731,50.6286],[21.774,50.628],[21.7733,50.6258],[21.7732,50.6238],[21.7733,50.6226],[21.7749,50.6225],[21.7759,50.6229],[21.7773,50.623],[21.7766,50.6218],[21.7783,50.6213],[21.7797,50.6207],[21.7813,50.6213],[21.7848,50.6197],[21.7848,50.6191],[21.7843,50.6186],[21.7852,50.6175],[21.7854,50.6157],[21.7893,50.6151],[21.7892,50.6139],[21.7894,50.6135],[21.7912,50.6136],[21.7921,50.614],[21.7909,50.6152],[21.7915,50.6162],[21.7934,50.6162],[21.7951,50.6149],[21.7963,50.6147],[21.7954,50.6136],[21.7936,50.6122],[21.793,50.6119],[21.7921,50.6108],[21.7912,50.6092],[21.7897,50.608],[21.7883,50.6063],[21.7864,50.605],[21.7864,50.6041],[21.7858,50.6036],[21.7846,50.6018],[21.7835,50.6009],[21.7833,50.6003],[21.7801,50.6005],[21.7793,50.6007],[21.7783,50.5994],[21.776,50.5961],[21.7745,50.5928],[21.7734,50.5926],[21.773,50.5922],[21.7696,50.5909],[21.7684,50.5906],[21.7639,50.5873],[21.7608,50.5837],[21.7603,50.5836],[21.7598,50.5825],[21.7588,50.5818],[21.758,50.582],[21.7562,50.58],[21.7534,50.5781],[21.7527,50.5765],[21.7516,50.576],[21.7489,50.5775],[21.748,50.5781],[21.746,50.5759],[21.7444,50.5704],[21.7437,50.5696],[21.742,50.5687],[21.7386,50.565],[21.7368,50.5624],[21.7364,50.5609],[21.7349,50.5568],[21.7333,50.5519],[21.7329,50.5513],[21.7306,50.5496],[21.7277,50.5477],[21.7248,50.5456],[21.7213,50.5433],[21.7203,50.5425],[21.7182,50.5413],[21.7181,50.5411],[21.7197,50.5401],[21.7163,50.5392],[21.7144,50.5371],[21.7119,50.534],[21.7112,50.5347],[21.7092,50.5355],[21.7069,50.5362],[21.7032,50.5377],[21.6996,50.5387],[21.6934,50.5387],[21.6916,50.5388],[21.6887,50.5384],[21.6812,50.5384],[21.6769,50.5377],[21.6747,50.5378],[21.6733,50.5376],[21.6709,50.537],[21.6672,50.537],[21.6648,50.5366],[21.6612,50.5356],[21.6594,50.535],[21.6551,50.5316],[21.6525,50.53],[21.6509,50.5292],[21.6489,50.5256],[21.648,50.5253],[21.6479,50.5249],[21.6456,50.5243],[21.6457,50.5237],[21.6396,50.5231],[21.6391,50.523],[21.6355,50.523],[21.6312,50.5236],[21.6298,50.5242],[21.6287,50.5235],[21.627,50.5218],[21.6287,50.521],[21.6285,50.5203],[21.6278,50.5194],[21.626,50.5184],[21.6248,50.5164],[21.6241,50.5144],[21.6235,50.5134],[21.6228,50.5128],[21.6189,50.5127],[21.6165,50.5128],[21.6161,50.5123],[21.6139,50.5127],[21.6134,50.5125],[21.6118,50.5129],[21.6113,50.5134],[21.6111,50.5144],[21.6089,50.5154],[21.6078,50.5154],[21.6066,50.515],[21.6058,50.5142],[21.6055,50.5162],[21.6046,50.5164],[21.6037,50.5172],[21.6032,50.5183],[21.6012,50.5197]]]}},{"type":"Feature","properties":{"slug":"zamosc","name":"Zamość","bdlUnitId":"060611064000","voivodeship":"lubelskie","lat":50.72083,"lon":23.25844},"geometry":{"type":"Polygon","coordinates":[[[23.3064,50.7445],[23.3055,50.7395],[23.3047,50.7395],[23.3044,50.7382],[23.304,50.7354],[23.304,50.7347],[23.3035,50.7332],[23.302,50.7332],[23.3025,50.7305],[23.3026,50.7281],[23.3029,50.7266],[23.303,50.7245],[23.3032,50.7236],[23.3068,50.7231],[23.3064,50.7223],[23.3034,50.7191],[23.3013,50.7171],[23.3009,50.7164],[23.301,50.7156],[23.2975,50.7156],[23.2967,50.7155],[23.2936,50.7155],[23.2911,50.7126],[23.2912,50.7114],[23.2895,50.7092],[23.2909,50.7085],[23.2942,50.7073],[23.2932,50.7061],[23.2912,50.7034],[23.2888,50.7042],[23.2863,50.7052],[23.2844,50.7037],[23.2824,50.7018],[23.2803,50.6992],[23.2778,50.6959],[23.2754,50.696],[23.2738,50.6969],[23.2718,50.6957],[23.2657,50.6941],[23.2645,50.6937],[23.2584,50.6924],[23.2546,50.693],[23.2539,50.693],[23.2503,50.6935],[23.2461,50.6944],[23.2415,50.6952],[23.2388,50.6958],[23.236,50.6963],[23.2342,50.6949],[23.2317,50.6952],[23.2295,50.6943],[23.2242,50.6958],[23.2254,50.696],[23.2288,50.6968],[23.2321,50.6974],[23.2282,50.6989],[23.2261,50.702],[23.2234,50.7024],[23.2205,50.7027],[23.2186,50.7045],[23.2157,50.7074],[23.2144,50.7095],[23.2138,50.7097],[23.213,50.7116],[23.2064,50.7098],[23.2053,50.7155],[23.2124,50.7165],[23.213,50.7183],[23.2133,50.7208],[23.2139,50.7209],[23.2128,50.724],[23.2106,50.7239],[23.2056,50.7238],[23.2045,50.727],[23.1985,50.7262],[23.1962,50.7261],[23.1945,50.7259],[23.192,50.7259],[23.1906,50.7256],[23.1903,50.7275],[23.1921,50.7275],[23.196,50.7277],[23.1977,50.7277],[23.2005,50.7279],[23.2044,50.7283],[23.2119,50.7296],[23.2171,50.7303],[23.2171,50.7304],[23.2237,50.7315],[23.228,50.7323],[23.2295,50.7331],[23.2305,50.732],[23.2309,50.732],[23.2325,50.7328],[23.2331,50.7335],[23.2343,50.7328],[23.2346,50.731],[23.2331,50.7301],[23.2319,50.7298],[23.2312,50.73],[23.2309,50.7272],[23.2291,50.7273],[23.2289,50.7254],[23.2344,50.7251],[23.2335,50.7257],[23.2333,50.7265],[23.2326,50.7268],[23.2329,50.7284],[23.2346,50.7296],[23.2356,50.7307],[23.2358,50.7317],[23.2355,50.7324],[23.2338,50.7337],[23.2328,50.734],[23.2318,50.7358],[23.2343,50.7363],[23.2349,50.7363],[23.2375,50.737],[23.2393,50.7379],[23.2385,50.7391],[23.2382,50.7403],[23.2394,50.7404],[23.2491,50.7404],[23.2489,50.7408],[23.2461,50.7444],[23.2452,50.7457],[23.2433,50.7481],[23.2417,50.7503],[23.2448,50.7495],[23.2488,50.7477],[23.251,50.7475],[23.252,50.747],[23.2539,50.747],[23.2583,50.7458],[23.264,50.7456],[23.2644,50.7449],[23.266,50.7441],[23.2669,50.7439],[23.2691,50.7428],[23.2714,50.7422],[23.2723,50.7424],[23.274,50.7421],[23.2742,50.7427],[23.2718,50.7455],[23.2715,50.7485],[23.2742,50.7482],[23.2772,50.7476],[23.2789,50.7475],[23.2816,50.7469],[23.2843,50.7468],[23.2844,50.7466],[23.2876,50.7462],[23.2901,50.7461],[23.2916,50.7458],[23.2935,50.7458],[23.2963,50.7455],[23.3003,50.7453],[23.3026,50.745],[23.3044,50.745],[23.3064,50.7445]],[[23.2075,50.725],[23.2106,50.7255],[23.2123,50.726],[23.2111,50.7286],[23.2089,50.7282],[23.2065,50.7276],[23.2075,50.725]]]}},{"type":"Feature","properties":{"slug":"plock","name":"Płock","bdlUnitId":"071427062000","voivodeship":"mazowieckie","lat":52.53754,"lon":19.70158},"geometry":{"type":"Polygon","coordinates":[[[19.6955,52.4737],[19.6941,52.4743],[19.6899,52.4758],[19.6905,52.4771],[19.6905,52.4777],[19.6889,52.4777],[19.6849,52.4781],[19.6848,52.4782],[19.6809,52.4785],[19.6796,52.4788],[19.6812,52.4814],[19.6806,52.4819],[19.6763,52.4846],[19.6757,52.4851],[19.6727,52.4869],[19.67,52.4887],[19.6686,52.4864],[19.6667,52.4866],[19.6627,52.4872],[19.6636,52.4886],[19.6603,52.4898],[19.6622,52.4916],[19.6584,52.4915],[19.6542,52.4915],[19.6511,52.4934],[19.647,52.4961],[19.6432,52.4965],[19.6478,52.4991],[19.6416,52.5013],[19.6378,52.5027],[19.6389,52.5034],[19.6447,52.5075],[19.6483,52.5091],[19.6505,52.5096],[19.6517,52.5092],[19.6538,52.509],[19.6553,52.5101],[19.6562,52.5104],[19.6548,52.511],[19.6528,52.5124],[19.6488,52.5133],[19.6406,52.5141],[19.6397,52.5141],[19.6344,52.515],[19.6281,52.516],[19.6241,52.5184],[19.6246,52.5196],[19.6267,52.52],[19.6285,52.5202],[19.6318,52.5208],[19.6323,52.5208],[19.6365,52.5215],[19.6439,52.5226],[19.6449,52.5228],[19.6428,52.5261],[19.6423,52.5266],[19.6404,52.5278],[19.6375,52.5293],[19.6357,52.53],[19.6375,52.5316],[19.6395,52.5332],[19.6418,52.5321],[19.6448,52.5312],[19.6477,52.5299],[19.651,52.5278],[19.6519,52.5285],[19.6503,52.5299],[19.6502,52.5308],[19.652,52.532],[19.648,52.5338],[19.6468,52.5345],[19.6447,52.5361],[19.6465,52.5372],[19.6482,52.5362],[19.6529,52.5342],[19.6563,52.5333],[19.6579,52.5348],[19.6588,52.5347],[19.6613,52.537],[19.6674,52.5428],[19.6636,52.5439],[19.6615,52.5444],[19.6594,52.5451],[19.6542,52.5476],[19.6496,52.5492],[19.6472,52.5499],[19.6451,52.5507],[19.6415,52.5517],[19.6375,52.5523],[19.6338,52.5527],[19.6313,52.5531],[19.634,52.5612],[19.6345,52.563],[19.6355,52.5629],[19.6368,52.565],[19.6382,52.5676],[19.638,52.5678],[19.6444,52.5714],[19.6449,52.5713],[19.6467,52.5703],[19.647,52.573],[19.6477,52.578],[19.6489,52.5853],[19.6491,52.5871],[19.6471,52.5872],[19.6477,52.5905],[19.6496,52.5903],[19.6501,52.5931],[19.6507,52.5971],[19.6547,52.597],[19.6584,52.597],[19.6624,52.5968],[19.6659,52.5967],[19.6706,52.5967],[19.6742,52.5966],[19.6787,52.5966],[19.6802,52.5965],[19.6864,52.5965],[19.6865,52.5964],[19.6929,52.5964],[19.6948,52.5963],[19.6947,52.5933],[19.701,52.5927],[19.7086,52.5921],[19.7116,52.5918],[19.7129,52.5919],[19.7136,52.5896],[19.7137,52.588],[19.7226,52.5861],[19.7243,52.5858],[19.7262,52.5865],[19.7286,52.5842],[19.7286,52.5829],[19.7282,52.5821],[19.7352,52.581],[19.7385,52.5804],[19.7407,52.5801],[19.7429,52.5796],[19.7458,52.5793],[19.7458,52.5772],[19.7449,52.5765],[19.7445,52.5755],[19.7437,52.5745],[19.7401,52.573],[19.7368,52.5722],[19.7345,52.572],[19.7331,52.5722],[19.7308,52.5723],[19.7313,52.5713],[19.7319,52.5707],[19.7309,52.5685],[19.7321,52.5651],[19.7333,52.5634],[19.7341,52.5637],[19.736,52.5649],[19.7369,52.5633],[19.7376,52.561],[19.7389,52.5577],[19.7406,52.5528],[19.7663,52.5528],[19.7662,52.5521],[19.7657,52.5516],[19.7652,52.5502],[19.7659,52.5494],[19.7667,52.5494],[19.7684,52.5489],[19.7685,52.5483],[19.7691,52.5477],[19.7687,52.5464],[19.7676,52.5453],[19.7675,52.5442],[19.7683,52.5427],[19.7694,52.5422],[19.7698,52.5415],[19.7697,52.5388],[19.7695,52.5379],[19.7689,52.5374],[19.7677,52.5359],[19.7679,52.5348],[19.7674,52.5341],[19.7666,52.5337],[19.7697,52.5329],[19.7714,52.5326],[19.7742,52.5319],[19.7773,52.5313],[19.7803,52.5306],[19.7878,52.529],[19.7913,52.5283],[19.7918,52.5281],[19.7953,52.5274],[19.7995,52.5264],[19.8008,52.5262],[19.8046,52.5253],[19.8059,52.5251],[19.8043,52.5223],[19.8033,52.5202],[19.8029,52.5178],[19.8019,52.5156],[19.8001,52.512],[19.7979,52.5128],[19.7966,52.513],[19.7955,52.5106],[19.7947,52.5109],[19.7923,52.5113],[19.791,52.5118],[19.7878,52.5122],[19.7855,52.5123],[19.7824,52.5127],[19.7777,52.5132],[19.7742,52.5085],[19.7738,52.5082],[19.7746,52.5067],[19.7745,52.5061],[19.7722,52.507],[19.7663,52.5073],[19.7648,52.5073],[19.7614,52.5068],[19.7605,52.5068],[19.7571,52.5105],[19.7559,52.5113],[19.7536,52.5124],[19.7496,52.5145],[19.7422,52.517],[19.7366,52.519],[19.7337,52.5206],[19.7308,52.5232],[19.7294,52.5237],[19.7286,52.5205],[19.7341,52.5168],[19.7321,52.5157],[19.7327,52.5132],[19.7329,52.5103],[19.7332,52.5076],[19.7338,52.5045],[19.7348,52.5029],[19.7373,52.4998],[19.7401,52.4976],[19.7437,52.4949],[19.7465,52.4927],[19.7426,52.4912],[19.7409,52.4907],[19.7361,52.4902],[19.7303,52.4898],[19.724,52.491],[19.7229,52.4895],[19.7213,52.4898],[19.7188,52.4919],[19.7166,52.492],[19.7158,52.4913],[19.7144,52.4908],[19.7112,52.4894],[19.7096,52.4886],[19.7056,52.4854],[19.7041,52.4841],[19.7043,52.4839],[19.703,52.4824],[19.7013,52.4801],[19.6984,52.478],[19.6966,52.4752],[19.6955,52.4737]]]}},{"type":"Feature","properties":{"slug":"ruda-slaska","name":"Ruda Śląska","bdlUnitId":"012414872000","voivodeship":"śląskie","lat":50.2663,"lon":18.8691},"geometry":{"type":"Polygon","coordinates":[[[18.7979,50.2466],[18.7969,50.2463],[18.794,50.2467],[18.7923,50.2468],[18.7927,50.2475],[18.7933,50.2507],[18.795,50.2538],[18.7977,50.2611],[18.7972,50.2646],[18.7966,50.2662],[18.7963,50.2675],[18.799,50.2674],[18.7993,50.2709],[18.7994,50.2739],[18.8013,50.2739],[18.8054,50.2737],[18.8127,50.2735],[18.8141,50.2734],[18.8139,50.2742],[18.8142,50.2749],[18.818,50.2747],[18.8218,50.2739],[18.8215,50.2754],[18.8221,50.2761],[18.8217,50.2792],[18.8225,50.279],[18.8226,50.2802],[18.8257,50.2802],[18.8273,50.2801],[18.8274,50.2819],[18.8283,50.2843],[18.8274,50.2849],[18.8239,50.2856],[18.8232,50.2859],[18.8235,50.2866],[18.8261,50.2882],[18.8284,50.2895],[18.8289,50.2904],[18.8298,50.2903],[18.8314,50.2907],[18.8333,50.2914],[18.8339,50.2919],[18.8338,50.293],[18.8341,50.2935],[18.8353,50.2942],[18.8373,50.2947],[18.8382,50.2952],[18.8404,50.2955],[18.8417,50.2954],[18.8417,50.2959],[18.8443,50.2966],[18.845,50.2986],[18.8449,50.2991],[18.8455,50.2998],[18.8433,50.2996],[18.8428,50.3001],[18.8429,50.3027],[18.8398,50.3028],[18.8366,50.3033],[18.833,50.3045],[18.8316,50.3048],[18.831,50.3052],[18.8322,50.3102],[18.8326,50.3112],[18.8326,50.3126],[18.8313,50.3122],[18.8317,50.3161],[18.8318,50.3179],[18.8314,50.3189],[18.8315,50.3194],[18.831,50.3202],[18.8319,50.321],[18.8326,50.3209],[18.8364,50.3218],[18.8385,50.3224],[18.8428,50.3229],[18.8494,50.3236],[18.8488,50.3249],[18.8484,50.3248],[18.8469,50.3273],[18.8458,50.3278],[18.8453,50.3294],[18.8496,50.3315],[18.851,50.3316],[18.8554,50.3301],[18.8567,50.33],[18.8575,50.3295],[18.8594,50.3292],[18.8596,50.3288],[18.8613,50.3276],[18.8623,50.3281],[18.8626,50.3272],[18.8647,50.328],[18.8656,50.328],[18.8672,50.3286],[18.8682,50.3287],[18.87,50.3292],[18.8726,50.3295],[18.8743,50.3285],[18.8763,50.3283],[18.8771,50.3286],[18.8782,50.3283],[18.8793,50.329],[18.8809,50.3287],[18.8816,50.3295],[18.8838,50.3297],[18.8863,50.3293],[18.8873,50.3294],[18.8892,50.3288],[18.8899,50.3298],[18.8904,50.3297],[18.8896,50.3286],[18.8905,50.3283],[18.892,50.3281],[18.8936,50.3281],[18.8935,50.3276],[18.8944,50.3272],[18.8948,50.3264],[18.8953,50.3262],[18.896,50.325],[18.896,50.3249],[18.8959,50.324],[18.8953,50.3229],[18.8955,50.3214],[18.8953,50.32],[18.8948,50.3187],[18.894,50.3172],[18.8924,50.3154],[18.8904,50.3134],[18.8893,50.313],[18.8885,50.3124],[18.8878,50.3114],[18.8868,50.3092],[18.8869,50.3074],[18.8905,50.3035],[18.8906,50.303],[18.892,50.3015],[18.8921,50.3011],[18.8911,50.3005],[18.8902,50.3004],[18.8896,50.3],[18.8885,50.2987],[18.8871,50.298],[18.8855,50.2977],[18.8851,50.2968],[18.8842,50.2961],[18.8835,50.2949],[18.8859,50.2943],[18.8876,50.2935],[18.8891,50.2926],[18.891,50.2927],[18.8933,50.2917],[18.8974,50.2902],[18.8994,50.2891],[18.9004,50.2882],[18.9013,50.2869],[18.9032,50.285],[18.9032,50.2838],[18.8997,50.284],[18.8995,50.2818],[18.8992,50.2804],[18.8988,50.2797],[18.8995,50.2783],[18.8996,50.2776],[18.9021,50.2776],[18.9035,50.2781],[18.9046,50.2781],[18.9041,50.2765],[18.9045,50.276],[18.906,50.2756],[18.9094,50.2749],[18.9095,50.2756],[18.9108,50.2756],[18.9105,50.275],[18.9111,50.2746],[18.9144,50.2739],[18.9173,50.2732],[18.921,50.2724],[18.9242,50.2718],[18.9272,50.2711],[18.9298,50.2709],[18.9292,50.2696],[18.9293,50.2682],[18.9331,50.2664],[18.9336,50.2638],[18.9335,50.2619],[18.9341,50.2602],[18.9352,50.26],[18.9358,50.2595],[18.9359,50.2589],[18.9355,50.2584],[18.9349,50.2558],[18.9337,50.2546],[18.9336,50.2542],[18.9346,50.2533],[18.9365,50.2505],[18.9371,50.2486],[18.9377,50.2477],[18.9397,50.2457],[18.9416,50.2443],[18.9435,50.2431],[18.9461,50.2416],[18.9483,50.2407],[18.9515,50.2398],[18.9543,50.2393],[18.9561,50.2391],[18.9555,50.2384],[18.955,50.2384],[18.9544,50.2377],[18.9532,50.2374],[18.9516,50.2367],[18.9514,50.236],[18.9506,50.2358],[18.95,50.2344],[18.9494,50.2336],[18.948,50.2326],[18.9465,50.2324],[18.9454,50.2319],[18.9442,50.2315],[18.9438,50.2317],[18.9428,50.2316],[18.9427,50.2316],[18.9428,50.2316],[18.9427,50.2316],[18.9426,50.2315],[18.9425,50.2315],[18.9426,50.2315],[18.9425,50.2315],[18.9424,50.2315],[18.9389,50.2312],[18.9389,50.2311],[18.9389,50.2312],[18.9387,50.2309],[18.9375,50.2308],[18.9374,50.2308],[18.9375,50.2308],[18.9374,50.2308],[18.9367,50.2308],[18.9354,50.2307],[18.9336,50.2302],[18.9313,50.2297],[18.93,50.2297],[18.9286,50.2293],[18.9252,50.2292],[18.9249,50.229],[18.9229,50.2293],[18.9226,50.2296],[18.9215,50.2295],[18.9201,50.2297],[18.9193,50.2293],[18.9187,50.2297],[18.9173,50.2296],[18.9152,50.2287],[18.9129,50.2287],[18.9128,50.2283],[18.9125,50.2287],[18.9112,50.2287],[18.9108,50.2283],[18.9094,50.2282],[18.9086,50.2292],[18.9078,50.2289],[18.9065,50.2295],[18.9037,50.2299],[18.9022,50.2306],[18.902,50.2317],[18.9006,50.2319],[18.8985,50.2338],[18.8988,50.2345],[18.897,50.2348],[18.8973,50.2354],[18.8961,50.2354],[18.8948,50.2359],[18.8936,50.2356],[18.8918,50.2346],[18.8927,50.2342],[18.8915,50.2331],[18.8933,50.2287],[18.8945,50.2255],[18.8969,50.2194],[18.8954,50.2191],[18.8906,50.2184],[18.8832,50.2171],[18.8821,50.2166],[18.882,50.2154],[18.8826,50.2149],[18.8825,50.2139],[18.8843,50.2127],[18.8866,50.2124],[18.8873,50.2114],[18.8858,50.2111],[18.8829,50.2107],[18.8803,50.2102],[18.8784,50.21],[18.8745,50.2093],[18.8688,50.2084],[18.8682,50.2099],[18.8668,50.2115],[18.8658,50.2113],[18.865,50.2116],[18.8646,50.2122],[18.8634,50.2129],[18.8622,50.214],[18.8614,50.215],[18.8616,50.2158],[18.8611,50.2164],[18.8616,50.2171],[18.8614,50.218],[18.8601,50.2197],[18.8602,50.2204],[18.8597,50.222],[18.8591,50.2228],[18.8552,50.2255],[18.8537,50.227],[18.8529,50.2281],[18.8491,50.2251],[18.8483,50.2246],[18.8471,50.2235],[18.8462,50.2229],[18.8439,50.221],[18.8429,50.2203],[18.8405,50.22],[18.8398,50.2201],[18.8385,50.2198],[18.8379,50.22],[18.8385,50.2211],[18.8397,50.221],[18.84,50.2218],[18.8407,50.2219],[18.8405,50.2226],[18.8408,50.223],[18.8398,50.2242],[18.8413,50.2237],[18.8416,50.2233],[18.8412,50.2225],[18.842,50.2209],[18.8425,50.2204],[18.8434,50.2208],[18.8425,50.2213],[18.8418,50.2225],[18.8417,50.2236],[18.8406,50.2251],[18.8398,50.2258],[18.8388,50.2272],[18.8373,50.2287],[18.8372,50.229],[18.8353,50.2287],[18.8354,50.2297],[18.8351,50.2309],[18.8369,50.2309],[18.8367,50.2319],[18.8371,50.2324],[18.837,50.2337],[18.8375,50.2347],[18.8365,50.236],[18.8359,50.2359],[18.8344,50.2362],[18.8328,50.2338],[18.8271,50.2334],[18.8269,50.2344],[18.8249,50.2345],[18.8249,50.2356],[18.8231,50.2356],[18.8226,50.2363],[18.8218,50.2368],[18.8215,50.2376],[18.8208,50.2385],[18.8202,50.2386],[18.8201,50.2405],[18.8205,50.2435],[18.8198,50.2435],[18.8183,50.2439],[18.8162,50.244],[18.8157,50.2444],[18.8141,50.245],[18.8133,50.2455],[18.8135,50.2462],[18.8098,50.2475],[18.8051,50.2484],[18.8045,50.2484],[18.8021,50.2474],[18.8005,50.2476],[18.7994,50.2475],[18.7994,50.2469],[18.7985,50.2462],[18.7979,50.2466]]]}},{"type":"Feature","properties":{"slug":"chorzow","name":"Chorzów","bdlUnitId":"012414863000","voivodeship":"śląskie","lat":50.29479,"lon":18.96108},"geometry":{"type":"Polygon","coordinates":[[[18.9561,50.2391],[18.9543,50.2393],[18.9515,50.2398],[18.9483,50.2407],[18.9461,50.2416],[18.9435,50.2431],[18.9416,50.2443],[18.9397,50.2457],[18.9377,50.2477],[18.9371,50.2486],[18.9365,50.2505],[18.9346,50.2533],[18.9336,50.2542],[18.9337,50.2546],[18.9349,50.2558],[18.9355,50.2584],[18.9359,50.2589],[18.9358,50.2595],[18.9352,50.26],[18.9341,50.2602],[18.9335,50.2619],[18.9336,50.2638],[18.9331,50.2664],[18.9293,50.2682],[18.9292,50.2696],[18.9298,50.2709],[18.9312,50.271],[18.929,50.2717],[18.9274,50.2726],[18.9263,50.2756],[18.9272,50.2769],[18.9283,50.2779],[18.9298,50.2776],[18.9301,50.2785],[18.9309,50.2783],[18.9327,50.2775],[18.9333,50.2787],[18.9334,50.2804],[18.9337,50.2813],[18.9347,50.2825],[18.9359,50.2821],[18.9364,50.2823],[18.9355,50.2833],[18.935,50.2851],[18.9332,50.2859],[18.9325,50.2859],[18.9326,50.2871],[18.9358,50.2891],[18.9319,50.2907],[18.9332,50.2921],[18.928,50.294],[18.9247,50.2951],[18.9254,50.2967],[18.9261,50.2976],[18.9277,50.3003],[18.9243,50.3012],[18.9245,50.3016],[18.919,50.3025],[18.9195,50.3049],[18.9217,50.3045],[18.9226,50.3057],[18.9219,50.3066],[18.9229,50.3072],[18.925,50.308],[18.9261,50.3091],[18.9275,50.3101],[18.9287,50.3119],[18.9306,50.3134],[18.9298,50.3145],[18.9273,50.3172],[18.927,50.3181],[18.929,50.3179],[18.9329,50.3178],[18.9353,50.3176],[18.9391,50.3175],[18.9428,50.3171],[18.9436,50.3171],[18.947,50.3167],[18.9459,50.3195],[18.9452,50.3216],[18.9439,50.3251],[18.9436,50.3262],[18.9438,50.3267],[18.9457,50.3259],[18.9474,50.3245],[18.9487,50.3236],[18.9488,50.3235],[18.9487,50.3236],[18.9488,50.3235],[18.9508,50.3215],[18.9512,50.3215],[18.9528,50.3232],[18.9539,50.3234],[18.9543,50.3248],[18.9543,50.3262],[18.9545,50.3273],[18.9544,50.3281],[18.9546,50.3313],[18.9561,50.3329],[18.9588,50.3346],[18.9591,50.3353],[18.9604,50.3348],[18.9613,50.3358],[18.9631,50.3369],[18.9663,50.3378],[18.9682,50.3379],[18.9705,50.3377],[18.9769,50.3368],[18.9794,50.3368],[18.9822,50.3365],[18.9854,50.3359],[18.9853,50.3335],[18.9853,50.3247],[18.987,50.3246],[18.9891,50.3236],[18.9928,50.3225],[18.9948,50.322],[18.9972,50.3217],[18.9964,50.3189],[18.9961,50.3173],[18.9937,50.3173],[18.9885,50.3175],[18.9866,50.3174],[18.9861,50.3153],[18.9861,50.3145],[18.9868,50.3108],[18.9872,50.3095],[18.9882,50.3086],[18.9886,50.3079],[18.9899,50.3067],[18.9903,50.3059],[18.9913,50.3052],[18.9921,50.3036],[18.9933,50.3023],[18.9943,50.3016],[18.9956,50.3004],[18.9967,50.2991],[18.9974,50.2979],[18.997,50.2973],[19.0013,50.2963],[19.0014,50.2961],[19.0043,50.2954],[19.0048,50.2937],[19.0053,50.2914],[19.0059,50.2894],[19.0062,50.2879],[19.006,50.2875],[19.0048,50.2874],[19.0049,50.2857],[19.0056,50.2857],[19.0059,50.285],[19.0067,50.285],[19.0068,50.283],[19.0064,50.2813],[19.0047,50.2805],[19.0046,50.279],[19.003,50.2791],[19.0012,50.2777],[18.9971,50.2753],[18.9957,50.2743],[18.9921,50.2721],[18.9891,50.274],[18.9872,50.2753],[18.9859,50.276],[18.9826,50.2783],[18.9797,50.2801],[18.978,50.2813],[18.9754,50.2828],[18.9748,50.2833],[18.9748,50.2838],[18.9737,50.2841],[18.9701,50.2864],[18.9694,50.2872],[18.9679,50.2875],[18.9663,50.2863],[18.9658,50.2855],[18.9647,50.2845],[18.9639,50.2841],[18.9623,50.2806],[18.9616,50.2804],[18.961,50.2792],[18.9613,50.2785],[18.9608,50.2737],[18.9588,50.274],[18.9582,50.2733],[18.9568,50.2722],[18.9557,50.2707],[18.9555,50.27],[18.9554,50.2682],[18.955,50.2676],[18.9554,50.2657],[18.9542,50.2624],[18.9545,50.2612],[18.9561,50.2574],[18.9569,50.2552],[18.9561,50.2541],[18.9567,50.2538],[18.9565,50.2533],[18.9581,50.2517],[18.9586,50.251],[18.9591,50.2492],[18.9589,50.2474],[18.9581,50.2459],[18.9564,50.2444],[18.9562,50.2424],[18.9556,50.2418],[18.956,50.2411],[18.9561,50.2391]]]}},{"type":"Feature","properties":{"slug":"katowice","name":"Katowice","bdlUnitId":"012414869000","voivodeship":"śląskie","lat":50.21802,"lon":19.02314},"geometry":{"type":"Polygon","coordinates":[[[18.9342,50.1586],[18.9333,50.1588],[18.931,50.1584],[18.9312,50.1593],[18.9317,50.1601],[18.9333,50.1605],[18.9349,50.1602],[18.9376,50.1593],[18.9391,50.1604],[18.9407,50.1605],[18.9426,50.1618],[18.9418,50.1631],[18.9429,50.164],[18.9446,50.1642],[18.945,50.1648],[18.9459,50.165],[18.947,50.1656],[18.9471,50.166],[18.9481,50.1669],[18.9468,50.1683],[18.9469,50.169],[18.9461,50.1699],[18.9469,50.1704],[18.9467,50.1709],[18.9456,50.1715],[18.9438,50.1722],[18.9441,50.1728],[18.9439,50.1746],[18.9417,50.1749],[18.9405,50.1723],[18.9384,50.1723],[18.9392,50.175],[18.9382,50.1761],[18.9376,50.1777],[18.936,50.1771],[18.9336,50.1777],[18.9336,50.1786],[18.9344,50.1794],[18.935,50.1795],[18.9356,50.1808],[18.9352,50.1815],[18.9354,50.1824],[18.9349,50.1837],[18.9344,50.1844],[18.9334,50.1835],[18.9326,50.1838],[18.9302,50.1839],[18.93,50.1848],[18.9322,50.1847],[18.9333,50.1854],[18.9339,50.1863],[18.9336,50.1872],[18.9317,50.1874],[18.9313,50.1878],[18.9323,50.1881],[18.933,50.1886],[18.934,50.1904],[18.934,50.1912],[18.9363,50.1914],[18.9357,50.1924],[18.9358,50.1936],[18.9354,50.1947],[18.9341,50.1947],[18.9329,50.195],[18.9319,50.1946],[18.9309,50.1945],[18.9295,50.1939],[18.9294,50.1952],[18.928,50.1951],[18.9271,50.1957],[18.9283,50.1962],[18.9289,50.1962],[18.9292,50.1969],[18.9306,50.1974],[18.9307,50.1977],[18.9267,50.1997],[18.9258,50.2017],[18.9252,50.2035],[18.924,50.2063],[18.9237,50.2073],[18.9228,50.2094],[18.9208,50.2104],[18.9202,50.2105],[18.9186,50.2116],[18.9183,50.2126],[18.9189,50.2136],[18.9184,50.2143],[18.9175,50.2141],[18.9165,50.2152],[18.917,50.2155],[18.9169,50.2163],[18.9157,50.2172],[18.9156,50.2188],[18.915,50.22],[18.9153,50.2205],[18.9136,50.2221],[18.9096,50.2215],[18.9089,50.221],[18.9082,50.2212],[18.9034,50.2204],[18.8969,50.2194],[18.8945,50.2255],[18.8933,50.2287],[18.8915,50.2331],[18.8927,50.2342],[18.8918,50.2346],[18.8936,50.2356],[18.8948,50.2359],[18.8961,50.2354],[18.8973,50.2354],[18.897,50.2348],[18.8988,50.2345],[18.8985,50.2338],[18.9006,50.2319],[18.902,50.2317],[18.9022,50.2306],[18.9037,50.2299],[18.9065,50.2295],[18.9078,50.2289],[18.9086,50.2292],[18.9094,50.2282],[18.9108,50.2283],[18.9112,50.2287],[18.9125,50.2287],[18.9128,50.2283],[18.9129,50.2287],[18.9152,50.2287],[18.9173,50.2296],[18.9187,50.2297],[18.9193,50.2293],[18.9201,50.2297],[18.9215,50.2295],[18.9226,50.2296],[18.9229,50.2293],[18.9249,50.229],[18.9252,50.2292],[18.9286,50.2293],[18.93,50.2297],[18.9313,50.2297],[18.9336,50.2302],[18.9354,50.2307],[18.9367,50.2308],[18.9374,50.2308],[18.9375,50.2308],[18.9374,50.2308],[18.9375,50.2308],[18.9387,50.2309],[18.9389,50.2312],[18.9389,50.2311],[18.9389,50.2312],[18.9424,50.2315],[18.9425,50.2315],[18.9426,50.2315],[18.9425,50.2315],[18.9426,50.2315],[18.9427,50.2316],[18.9428,50.2316],[18.9427,50.2316],[18.9428,50.2316],[18.9438,50.2317],[18.9442,50.2315],[18.9454,50.2319],[18.9465,50.2324],[18.948,50.2326],[18.9494,50.2336],[18.95,50.2344],[18.9506,50.2358],[18.9514,50.236],[18.9516,50.2367],[18.9532,50.2374],[18.9544,50.2377],[18.955,50.2384],[18.9555,50.2384],[18.9561,50.2391],[18.956,50.2411],[18.9556,50.2418],[18.9562,50.2424],[18.9564,50.2444],[18.9581,50.2459],[18.9589,50.2474],[18.9591,50.2492],[18.9586,50.251],[18.9581,50.2517],[18.9565,50.2533],[18.9567,50.2538],[18.9561,50.2541],[18.9569,50.2552],[18.9561,50.2574],[18.9545,50.2612],[18.9542,50.2624],[18.9554,50.2657],[18.955,50.2676],[18.9554,50.2682],[18.9555,50.27],[18.9557,50.2707],[18.9568,50.2722],[18.9582,50.2733],[18.9588,50.274],[18.9608,50.2737],[18.9613,50.2785],[18.961,50.2792],[18.9616,50.2804],[18.9623,50.2806],[18.9639,50.2841],[18.9647,50.2845],[18.9658,50.2855],[18.9663,50.2863],[18.9679,50.2875],[18.9694,50.2872],[18.9701,50.2864],[18.9737,50.2841],[18.9748,50.2838],[18.9748,50.2833],[18.9754,50.2828],[18.978,50.2813],[18.9797,50.2801],[18.9826,50.2783],[18.9859,50.276],[18.9872,50.2753],[18.9891,50.274],[18.9921,50.2721],[18.9957,50.2743],[18.9971,50.2753],[19.0012,50.2777],[19.003,50.2791],[19.0046,50.279],[19.0047,50.2805],[19.0064,50.2813],[19.0068,50.283],[19.0067,50.285],[19.0059,50.285],[19.0056,50.2857],[19.0049,50.2857],[19.0048,50.2874],[19.006,50.2875],[19.0062,50.2879],[19.0059,50.2894],[19.0053,50.2914],[19.0048,50.2937],[19.0043,50.2954],[19.0014,50.2961],[19.0013,50.2963],[19.0043,50.2956],[19.0069,50.2949],[19.0106,50.2941],[19.0163,50.2926],[19.0184,50.2917],[19.0178,50.2902],[19.0208,50.2884],[19.0228,50.2873],[19.0247,50.2871],[19.0261,50.2865],[19.0296,50.2863],[19.0313,50.2857],[19.0321,50.284],[19.0328,50.2807],[19.0332,50.2803],[19.0334,50.279],[19.0339,50.2784],[19.0369,50.278],[19.0382,50.2787],[19.0401,50.2791],[19.0436,50.2778],[19.0438,50.2774],[19.0452,50.2768],[19.0465,50.2766],[19.0483,50.2761],[19.0503,50.2753],[19.051,50.2754],[19.0516,50.2766],[19.0518,50.2776],[19.0528,50.2807],[19.0552,50.2832],[19.0554,50.2841],[19.0563,50.286],[19.057,50.2871],[19.0563,50.2876],[19.0552,50.2879],[19.0556,50.2896],[19.0566,50.2894],[19.0591,50.2894],[19.0594,50.2899],[19.0592,50.2909],[19.0583,50.2917],[19.0579,50.2924],[19.0578,50.2934],[19.0588,50.2946],[19.0611,50.2954],[19.0627,50.2965],[19.0649,50.2971],[19.0658,50.2971],[19.0668,50.2975],[19.0687,50.2977],[19.0694,50.2975],[19.0695,50.2969],[19.0691,50.2959],[19.0694,50.2955],[19.0704,50.2955],[19.0706,50.2946],[19.0713,50.2943],[19.0718,50.2903],[19.0722,50.2879],[19.0741,50.2842],[19.0743,50.2834],[19.0735,50.2825],[19.073,50.2816],[19.0737,50.2808],[19.0753,50.2805],[19.0831,50.2805],[19.0857,50.2804],[19.0873,50.2809],[19.089,50.2816],[19.0901,50.2818],[19.0917,50.2818],[19.0945,50.282],[19.0956,50.2823],[19.0969,50.2824],[19.0975,50.2812],[19.0978,50.2798],[19.0982,50.279],[19.099,50.2782],[19.1023,50.2764],[19.1029,50.2759],[19.1058,50.2743],[19.1095,50.2721],[19.1133,50.2706],[19.1137,50.2713],[19.1153,50.2698],[19.1188,50.2684],[19.1224,50.2668],[19.1244,50.266],[19.123,50.2663],[19.1224,50.2668],[19.1221,50.2669],[19.1188,50.2635],[19.1183,50.2623],[19.118,50.2604],[19.1174,50.2594],[19.1164,50.2572],[19.1155,50.2576],[19.115,50.257],[19.1132,50.2531],[19.1112,50.2531],[19.1106,50.25],[19.1086,50.2498],[19.1049,50.248],[19.1031,50.2476],[19.1014,50.247],[19.1011,50.2463],[19.1015,50.2459],[19.1005,50.2454],[19.1003,50.2449],[19.1012,50.2447],[19.101,50.244],[19.1015,50.243],[19.101,50.2426],[19.1017,50.2418],[19.1021,50.2406],[19.1021,50.2398],[19.1026,50.2391],[19.1018,50.2369],[19.1005,50.2337],[19.0994,50.2305],[19.0944,50.2175],[19.0937,50.2154],[19.092,50.2111],[19.0916,50.2098],[19.0886,50.2093],[19.0855,50.2084],[19.0822,50.2079],[19.0803,50.2071],[19.0784,50.2068],[19.0769,50.2064],[19.0742,50.2063],[19.0728,50.2064],[19.0699,50.206],[19.0689,50.2061],[19.0683,50.2056],[19.0686,50.2047],[19.0677,50.204],[19.0725,50.2037],[19.0732,50.2034],[19.0768,50.2037],[19.0799,50.2037],[19.0822,50.2045],[19.0836,50.2043],[19.0853,50.2044],[19.0859,50.2047],[19.0882,50.2045],[19.0927,50.2038],[19.0942,50.204],[19.0942,50.2036],[19.0958,50.2032],[19.0943,50.202],[19.0948,50.2017],[19.0937,50.2008],[19.0932,50.2],[19.0936,50.1991],[19.0924,50.199],[19.0942,50.1979],[19.0949,50.1969],[19.096,50.1961],[19.0961,50.1954],[19.091,50.1944],[19.0903,50.1942],[19.0906,50.1933],[19.0911,50.1932],[19.0903,50.192],[19.0919,50.1916],[19.0928,50.1906],[19.0937,50.1908],[19.0953,50.1902],[19.0954,50.1897],[19.0965,50.1894],[19.0966,50.1886],[19.0982,50.1871],[19.098,50.1865],[19.0982,50.1856],[19.0997,50.1849],[19.1002,50.1834],[19.1001,50.1827],[19.1009,50.1813],[19.1022,50.1795],[19.1031,50.1785],[19.1029,50.1774],[19.1034,50.1766],[19.1032,50.176],[19.1043,50.1757],[19.1044,50.1736],[19.1041,50.1725],[19.1048,50.1722],[19.1061,50.1708],[19.1069,50.1685],[19.108,50.1675],[19.1096,50.1638],[19.1101,50.162],[19.11,50.1609],[19.1091,50.1599],[19.1093,50.1608],[19.1083,50.1619],[19.1082,50.1627],[19.1066,50.1639],[19.1063,50.1647],[19.1048,50.165],[19.1042,50.164],[19.1042,50.163],[19.1028,50.1627],[19.1035,50.1611],[19.1029,50.1606],[19.1032,50.1598],[19.1037,50.1596],[19.1051,50.1582],[19.1051,50.1576],[19.1069,50.1573],[19.1061,50.1562],[19.1047,50.1563],[19.1037,50.1568],[19.1026,50.1564],[19.1017,50.1551],[19.1024,50.1547],[19.1028,50.154],[19.1049,50.1531],[19.1054,50.1526],[19.1053,50.1516],[19.1056,50.1511],[19.1067,50.1504],[19.1064,50.1495],[19.1046,50.1481],[19.1043,50.1469],[19.1034,50.1462],[19.1021,50.1443],[19.1012,50.1435],[19.0999,50.143],[19.0982,50.1427],[19.1001,50.1438],[19.1005,50.1442],[19.0982,50.1447],[19.0972,50.1452],[19.0978,50.1462],[19.0972,50.1468],[19.0961,50.1471],[19.0952,50.1465],[19.0926,50.1468],[19.0911,50.1472],[19.09,50.1472],[19.0901,50.1462],[19.0882,50.1463],[19.0895,50.1452],[19.0902,50.145],[19.0906,50.1442],[19.09,50.1429],[19.0872,50.1421],[19.0862,50.1422],[19.0821,50.142],[19.0805,50.1422],[19.0799,50.1412],[19.0794,50.1411],[19.0795,50.1397],[19.0793,50.1391],[19.0779,50.1394],[19.0773,50.1383],[19.0763,50.138],[19.0754,50.1373],[19.0769,50.137],[19.0765,50.1358],[19.0752,50.1341],[19.0746,50.134],[19.0765,50.1317],[19.078,50.132],[19.0796,50.1319],[19.0811,50.1336],[19.0817,50.1338],[19.0825,50.1328],[19.0829,50.1319],[19.0816,50.1313],[19.0793,50.1305],[19.0785,50.1307],[19.076,50.1305],[19.0743,50.1301],[19.0727,50.1304],[19.0717,50.1303],[19.0703,50.131],[19.0698,50.1319],[19.0698,50.1333],[19.069,50.1347],[19.0675,50.1361],[19.0647,50.1374],[19.0642,50.1382],[19.0619,50.1392],[19.0612,50.1404],[19.0606,50.1407],[19.0591,50.1399],[19.0579,50.1395],[19.0565,50.14],[19.0544,50.1399],[19.0535,50.1401],[19.0525,50.1394],[19.0492,50.1394],[19.0479,50.1399],[19.047,50.1397],[19.0457,50.1429],[19.0452,50.1444],[19.0402,50.1436],[19.038,50.145],[19.0373,50.1464],[19.038,50.1493],[19.0381,50.1512],[19.0379,50.1525],[19.0374,50.1535],[19.0364,50.1548],[19.0361,50.1563],[19.0364,50.157],[19.0378,50.1584],[19.0387,50.1601],[19.0397,50.1611],[19.0394,50.1624],[19.0386,50.1632],[19.0385,50.1637],[19.0372,50.1647],[19.0354,50.1657],[19.0313,50.1673],[19.0303,50.1681],[19.0298,50.1699],[19.0276,50.1696],[19.0269,50.1691],[19.0261,50.1693],[19.0241,50.169],[19.0236,50.1706],[19.0228,50.1723],[19.0223,50.1737],[19.023,50.1745],[19.0222,50.1758],[19.0184,50.1752],[19.017,50.1749],[19.0113,50.174],[19.0091,50.1736],[18.9978,50.1718],[18.9947,50.1712],[18.9907,50.1706],[18.9918,50.1678],[18.9929,50.1677],[18.9952,50.1668],[18.9943,50.1662],[18.9936,50.1654],[18.9922,50.1654],[18.991,50.1662],[18.9879,50.1673],[18.9872,50.1677],[18.9863,50.1674],[18.9823,50.1674],[18.981,50.1673],[18.9795,50.166],[18.9785,50.1654],[18.9768,50.1647],[18.9759,50.1641],[18.9738,50.164],[18.9723,50.1633],[18.9705,50.1622],[18.9691,50.1623],[18.9683,50.1614],[18.9671,50.1614],[18.9668,50.1617],[18.9676,50.1623],[18.9669,50.1628],[18.9652,50.1629],[18.9632,50.1621],[18.9599,50.16],[18.9579,50.1606],[18.9578,50.1602],[18.9585,50.1596],[18.9572,50.1591],[18.955,50.1592],[18.9526,50.1591],[18.9523,50.1586],[18.9507,50.1588],[18.9498,50.1596],[18.949,50.16],[18.9482,50.1595],[18.949,50.1587],[18.9492,50.158],[18.9504,50.1581],[18.951,50.1577],[18.9506,50.1571],[18.9489,50.1556],[18.948,50.1559],[18.9472,50.1551],[18.9458,50.1559],[18.9421,50.1563],[18.9401,50.1575],[18.9389,50.1559],[18.938,50.1557],[18.9369,50.1541],[18.9369,50.1557],[18.936,50.1564],[18.9356,50.1571],[18.9361,50.1577],[18.9351,50.158],[18.9352,50.1584],[18.9342,50.1586]]]}},{"type":"Feature","properties":{"slug":"walbrzych","name":"Wałbrzych","bdlUnitId":"030210365000","voivodeship":"dolnośląskie","lat":50.78644,"lon":16.29003},"geometry":{"type":"Polygon","coordinates":[[[16.2723,50.854],[16.2728,50.8538],[16.2761,50.851],[16.2767,50.8502],[16.2772,50.8502],[16.2793,50.8495],[16.2798,50.848],[16.2804,50.8476],[16.2821,50.8475],[16.2837,50.8478],[16.2866,50.8478],[16.2873,50.8481],[16.2876,50.8467],[16.288,50.8462],[16.2898,50.8473],[16.2897,50.8458],[16.2906,50.8457],[16.2909,50.8467],[16.2914,50.8473],[16.2915,50.8483],[16.2935,50.8481],[16.2942,50.8488],[16.2965,50.8494],[16.2999,50.8496],[16.3018,50.8488],[16.3027,50.8475],[16.3033,50.8478],[16.3049,50.8481],[16.3052,50.8471],[16.306,50.8471],[16.3071,50.8477],[16.3074,50.847],[16.3083,50.8469],[16.3089,50.8463],[16.3105,50.846],[16.3126,50.8449],[16.3124,50.843],[16.3135,50.8423],[16.3151,50.8447],[16.316,50.8451],[16.319,50.8453],[16.3196,50.8444],[16.3209,50.8435],[16.3223,50.8413],[16.3236,50.8406],[16.3273,50.8394],[16.3285,50.8391],[16.3303,50.8395],[16.3319,50.8396],[16.3334,50.8402],[16.3343,50.8402],[16.3353,50.8388],[16.3374,50.8381],[16.3401,50.8386],[16.3404,50.8384],[16.3421,50.8385],[16.3434,50.8369],[16.3434,50.8359],[16.3446,50.8357],[16.3476,50.8341],[16.3482,50.8322],[16.3482,50.8312],[16.3488,50.8306],[16.3493,50.8288],[16.3506,50.8274],[16.351,50.8264],[16.3523,50.8247],[16.3535,50.8239],[16.3537,50.8231],[16.3546,50.8221],[16.3537,50.821],[16.351,50.8211],[16.3497,50.822],[16.3476,50.8214],[16.345,50.8194],[16.3416,50.8179],[16.3395,50.8167],[16.3384,50.8163],[16.3341,50.8139],[16.3334,50.8132],[16.333,50.8114],[16.3322,50.8105],[16.336,50.809],[16.3378,50.808],[16.3386,50.8068],[16.3402,50.8062],[16.3407,50.8056],[16.3404,50.805],[16.342,50.8034],[16.3449,50.8014],[16.3469,50.8002],[16.3497,50.7992],[16.3509,50.7989],[16.3518,50.7982],[16.3526,50.7981],[16.3534,50.7973],[16.3553,50.796],[16.3526,50.794],[16.3507,50.7932],[16.3462,50.7913],[16.3438,50.7905],[16.3401,50.7899],[16.339,50.7891],[16.3382,50.7882],[16.3368,50.7874],[16.3365,50.7868],[16.3351,50.7857],[16.3345,50.7849],[16.3331,50.7837],[16.332,50.7834],[16.332,50.783],[16.3297,50.7814],[16.3276,50.7804],[16.3294,50.7792],[16.3319,50.7769],[16.3345,50.7755],[16.335,50.7742],[16.3386,50.7717],[16.3397,50.7707],[16.3432,50.7684],[16.3456,50.7675],[16.346,50.7666],[16.3455,50.7662],[16.3446,50.7664],[16.3431,50.7653],[16.3407,50.7646],[16.3388,50.7653],[16.3378,50.7644],[16.3387,50.7638],[16.3389,50.7633],[16.3382,50.7629],[16.338,50.7619],[16.3394,50.7611],[16.3377,50.7601],[16.3371,50.7593],[16.3381,50.759],[16.3378,50.7582],[16.339,50.7575],[16.3379,50.7567],[16.3371,50.757],[16.3365,50.7557],[16.3365,50.7551],[16.3354,50.7547],[16.3346,50.754],[16.3341,50.753],[16.3331,50.7521],[16.3322,50.7516],[16.3309,50.7514],[16.3313,50.7509],[16.33,50.7503],[16.3298,50.7508],[16.3289,50.7509],[16.3285,50.7502],[16.3272,50.7489],[16.328,50.7475],[16.3272,50.7457],[16.3265,50.745],[16.3256,50.7453],[16.3249,50.7449],[16.3242,50.744],[16.3229,50.7429],[16.3219,50.743],[16.3194,50.7422],[16.3178,50.7413],[16.3167,50.7416],[16.3162,50.743],[16.3139,50.7425],[16.3132,50.7425],[16.313,50.7437],[16.3107,50.7428],[16.3101,50.7423],[16.3086,50.7417],[16.3077,50.7404],[16.3079,50.7393],[16.3083,50.7387],[16.3071,50.738],[16.3063,50.737],[16.3062,50.7364],[16.3067,50.7344],[16.3062,50.7339],[16.3038,50.7331],[16.3039,50.7321],[16.3036,50.7315],[16.3047,50.7288],[16.3041,50.7286],[16.3044,50.7279],[16.3041,50.725],[16.3043,50.7238],[16.3036,50.7233],[16.3017,50.7235],[16.2994,50.7227],[16.2984,50.7222],[16.2967,50.7219],[16.2953,50.7219],[16.2917,50.7213],[16.2871,50.722],[16.2862,50.722],[16.2852,50.7215],[16.2811,50.7199],[16.2778,50.7198],[16.276,50.7191],[16.2747,50.7189],[16.2717,50.7193],[16.2703,50.7199],[16.2686,50.7193],[16.2673,50.7183],[16.2662,50.7183],[16.2648,50.718],[16.2636,50.718],[16.2645,50.7168],[16.2641,50.7161],[16.263,50.7174],[16.2619,50.7193],[16.2602,50.7217],[16.2588,50.723],[16.2576,50.7239],[16.2568,50.7253],[16.2558,50.7256],[16.2554,50.7264],[16.2542,50.7273],[16.2531,50.7277],[16.2507,50.7277],[16.2508,50.7282],[16.2528,50.7295],[16.2527,50.7307],[16.2534,50.7318],[16.2547,50.7324],[16.2554,50.7335],[16.255,50.7344],[16.2549,50.7358],[16.2561,50.7365],[16.2553,50.7421],[16.2514,50.7415],[16.2491,50.7415],[16.248,50.742],[16.2471,50.7427],[16.2465,50.7437],[16.2444,50.7436],[16.2438,50.744],[16.2413,50.7437],[16.2406,50.7441],[16.2387,50.7444],[16.2373,50.7457],[16.2363,50.7475],[16.2349,50.7492],[16.2333,50.7501],[16.2297,50.7508],[16.2282,50.7506],[16.2276,50.7509],[16.2295,50.7527],[16.23,50.7528],[16.2309,50.7545],[16.2307,50.7557],[16.23,50.7569],[16.2279,50.7596],[16.2277,50.761],[16.2297,50.7631],[16.2309,50.764],[16.2313,50.7639],[16.2318,50.7651],[16.2327,50.766],[16.2305,50.7663],[16.232,50.7674],[16.2326,50.7682],[16.2327,50.769],[16.2333,50.7702],[16.2331,50.7708],[16.2338,50.7712],[16.2325,50.7721],[16.2318,50.7729],[16.2309,50.773],[16.2288,50.7728],[16.2287,50.7756],[16.2294,50.7778],[16.2299,50.7786],[16.2325,50.7811],[16.2328,50.7821],[16.2323,50.7827],[16.2334,50.7835],[16.2344,50.7847],[16.2347,50.786],[16.2351,50.7867],[16.2349,50.7874],[16.2352,50.7879],[16.2366,50.7884],[16.2383,50.7886],[16.2396,50.7894],[16.2364,50.791],[16.2333,50.7902],[16.2321,50.79],[16.232,50.7905],[16.2303,50.7906],[16.2306,50.7921],[16.2312,50.7924],[16.232,50.7938],[16.2316,50.7954],[16.2312,50.7957],[16.2313,50.7967],[16.2321,50.7971],[16.2319,50.7979],[16.2311,50.7988],[16.2343,50.7996],[16.2349,50.8003],[16.2358,50.8001],[16.2381,50.8003],[16.2393,50.7997],[16.2383,50.7986],[16.2364,50.7982],[16.2369,50.7976],[16.2377,50.7972],[16.2399,50.7956],[16.2403,50.7955],[16.2426,50.7962],[16.2436,50.7962],[16.2446,50.797],[16.247,50.7961],[16.2485,50.7961],[16.2527,50.7967],[16.2525,50.7975],[16.256,50.7975],[16.2562,50.7982],[16.2582,50.7975],[16.2595,50.798],[16.2617,50.7971],[16.2638,50.7964],[16.2658,50.7948],[16.265,50.7939],[16.2667,50.7925],[16.2671,50.7927],[16.2682,50.7921],[16.2693,50.7912],[16.2694,50.7904],[16.271,50.7906],[16.2745,50.7906],[16.2777,50.7909],[16.2793,50.7925],[16.2797,50.7932],[16.2798,50.7969],[16.2806,50.7975],[16.2803,50.7978],[16.2784,50.7987],[16.2771,50.7995],[16.2755,50.8],[16.2739,50.7995],[16.2715,50.8001],[16.2715,50.8004],[16.2701,50.8009],[16.2686,50.8018],[16.2665,50.8042],[16.2652,50.8054],[16.2639,50.807],[16.2648,50.8079],[16.2658,50.8086],[16.2676,50.8093],[16.2668,50.8101],[16.2683,50.811],[16.2689,50.8109],[16.2697,50.8116],[16.2721,50.8131],[16.275,50.8139],[16.2752,50.8144],[16.276,50.8148],[16.2771,50.8159],[16.2769,50.8168],[16.2742,50.817],[16.2725,50.8176],[16.2685,50.8196],[16.2665,50.8205],[16.2639,50.8214],[16.2615,50.8216],[16.2596,50.8213],[16.2587,50.821],[16.2568,50.821],[16.2554,50.8212],[16.2513,50.8229],[16.2476,50.8234],[16.247,50.8236],[16.2503,50.8263],[16.2522,50.8283],[16.2559,50.8314],[16.2581,50.8329],[16.2588,50.8337],[16.2597,50.8355],[16.2565,50.8363],[16.2547,50.8366],[16.2494,50.8381],[16.2495,50.8384],[16.2508,50.8393],[16.2523,50.8398],[16.2527,50.8407],[16.2526,50.8418],[16.2517,50.8426],[16.2509,50.8443],[16.2534,50.8444],[16.2551,50.8455],[16.2555,50.846],[16.2553,50.8467],[16.2538,50.8475],[16.2524,50.8479],[16.254,50.8494],[16.2553,50.8499],[16.2603,50.8514],[16.2641,50.8518],[16.2657,50.8522],[16.2664,50.8526],[16.2683,50.8541],[16.2706,50.8541],[16.272,50.8537],[16.2723,50.854]]]}},{"type":"Feature","properties":{"slug":"wloclawek","name":"Włocławek","bdlUnitId":"040410864000","voivodeship":"kujawsko-pomorskie","lat":52.66127,"lon":19.05752},"geometry":{"type":"Polygon","coordinates":[[[18.9826,52.736],[18.9845,52.7334],[18.986,52.7316],[18.9867,52.7296],[18.9873,52.7252],[18.9884,52.7231],[18.9898,52.7211],[18.9923,52.7189],[18.996,52.7168],[19.0009,52.7141],[19.0067,52.7078],[19.008,52.7062],[19.0112,52.7015],[19.0131,52.6981],[19.014,52.6967],[19.0204,52.6909],[19.0233,52.6871],[19.0319,52.6858],[19.034,52.6869],[19.0366,52.6881],[19.0387,52.6895],[19.0409,52.6899],[19.0423,52.6899],[19.0439,52.6886],[19.0465,52.6871],[19.0481,52.6863],[19.0511,52.6851],[19.0542,52.6835],[19.0559,52.6845],[19.0566,52.6845],[19.0581,52.6839],[19.0594,52.6839],[19.0604,52.6836],[19.0644,52.6828],[19.0653,52.6828],[19.07,52.6822],[19.0713,52.6818],[19.0754,52.6811],[19.0774,52.6805],[19.0783,52.6805],[19.0797,52.68],[19.0823,52.6795],[19.086,52.6776],[19.0871,52.6767],[19.0876,52.676],[19.09,52.6754],[19.0913,52.6749],[19.0932,52.6744],[19.0995,52.6723],[19.1008,52.6718],[19.1053,52.6703],[19.1056,52.6701],[19.1093,52.6689],[19.1104,52.669],[19.132,52.669],[19.1413,52.6681],[19.144,52.668],[19.1457,52.6678],[19.1499,52.6676],[19.1558,52.6668],[19.1591,52.6663],[19.1608,52.6667],[19.161,52.668],[19.1599,52.6691],[19.1584,52.6703],[19.159,52.6706],[19.1603,52.67],[19.1615,52.6689],[19.1621,52.6686],[19.1629,52.669],[19.1637,52.6688],[19.1655,52.669],[19.1674,52.6697],[19.1687,52.6694],[19.169,52.6687],[19.1704,52.6692],[19.1725,52.6671],[19.1743,52.6639],[19.1733,52.6632],[19.1729,52.6626],[19.1756,52.6623],[19.1759,52.6627],[19.1794,52.6624],[19.1794,52.6628],[19.1807,52.6628],[19.1806,52.662],[19.1826,52.6613],[19.182,52.66],[19.1763,52.6559],[19.1706,52.6465],[19.1714,52.6462],[19.1667,52.6396],[19.1659,52.6386],[19.1686,52.6371],[19.172,52.6351],[19.1657,52.6332],[19.1625,52.6321],[19.1587,52.631],[19.1579,52.6326],[19.1565,52.6315],[19.1522,52.6284],[19.1497,52.6265],[19.1493,52.6265],[19.1453,52.6279],[19.1426,52.6287],[19.1406,52.6295],[19.1366,52.6305],[19.1362,52.6294],[19.1374,52.6285],[19.1396,52.6265],[19.1397,52.6255],[19.1378,52.6254],[19.1349,52.6262],[19.1339,52.6267],[19.1323,52.63],[19.1339,52.6302],[19.1354,52.6296],[19.1359,52.6297],[19.1357,52.6313],[19.1343,52.631],[19.134,52.6307],[19.1315,52.6304],[19.1299,52.6304],[19.127,52.6299],[19.1262,52.6299],[19.1235,52.6293],[19.1201,52.629],[19.1178,52.6293],[19.1136,52.6296],[19.1132,52.6298],[19.1101,52.6298],[19.1083,52.6302],[19.1073,52.6286],[19.1067,52.6268],[19.1057,52.6244],[19.1112,52.6234],[19.1063,52.6133],[19.1037,52.6127],[19.1006,52.6116],[19.0996,52.6111],[19.0972,52.6104],[19.0941,52.615],[19.0931,52.6163],[19.0897,52.6214],[19.0786,52.6234],[19.075,52.6241],[19.0728,52.6244],[19.071,52.6248],[19.0704,52.6269],[19.0695,52.6308],[19.0653,52.6321],[19.0637,52.6325],[19.062,52.6327],[19.0605,52.6333],[19.06,52.6338],[19.059,52.6342],[19.0559,52.6277],[19.0546,52.6252],[19.0508,52.6174],[19.0501,52.6142],[19.0482,52.6072],[19.0475,52.6044],[19.0466,52.6003],[19.0439,52.6013],[19.0436,52.6007],[19.0416,52.6009],[19.0386,52.5991],[19.0386,52.5976],[19.034,52.597],[19.0325,52.5969],[19.0323,52.5965],[19.0306,52.5965],[19.0264,52.5967],[19.0267,52.5982],[19.0256,52.5981],[19.0246,52.5974],[19.0228,52.5967],[19.0211,52.5965],[19.0186,52.596],[19.0162,52.5953],[19.0124,52.5958],[19.0105,52.5948],[19.0096,52.5956],[19.0048,52.6004],[19.004,52.6028],[19.0044,52.6033],[19.0055,52.6033],[19.0085,52.606],[19.0116,52.6091],[19.0136,52.6109],[19.018,52.6152],[19.0188,52.6161],[19.0203,52.6174],[19.027,52.6239],[19.0296,52.6266],[19.0254,52.6274],[19.0284,52.6326],[19.0308,52.6369],[19.029,52.6372],[19.0283,52.638],[19.0273,52.6385],[19.0228,52.6393],[19.0221,52.64],[19.0226,52.6426],[19.0218,52.6436],[19.0202,52.6445],[19.0194,52.6446],[19.0162,52.644],[19.016,52.6433],[19.015,52.6431],[19.0142,52.6425],[19.0134,52.6425],[19.0116,52.6419],[19.0101,52.6421],[19.009,52.6416],[19.0081,52.6417],[19.0072,52.6423],[19.0065,52.6435],[19.0083,52.6441],[19.0102,52.645],[19.0112,52.6457],[19.0128,52.6465],[19.0167,52.6499],[19.0185,52.6508],[19.0215,52.6525],[19.0252,52.6505],[19.0251,52.6509],[19.0286,52.6514],[19.0307,52.6525],[19.0356,52.6554],[19.0361,52.6559],[19.0318,52.6559],[19.0293,52.656],[19.0262,52.656],[19.0263,52.6601],[19.0206,52.6643],[19.0194,52.6651],[19.0152,52.6683],[19.0099,52.6721],[19.0175,52.6759],[19.015,52.6768],[19.014,52.6773],[19.007,52.6799],[18.9978,52.6834],[18.9957,52.6843],[18.9948,52.6842],[18.9924,52.6855],[18.9902,52.6863],[18.987,52.6876],[18.9831,52.6879],[18.9737,52.6887],[18.9681,52.6891],[18.9624,52.6896],[18.9632,52.693],[18.9584,52.6934],[18.9555,52.6928],[18.9499,52.6931],[18.9451,52.6949],[18.9394,52.6966],[18.9391,52.7],[18.9391,52.7011],[18.9408,52.7013],[18.9407,52.7023],[18.9399,52.7055],[18.9396,52.7061],[18.9394,52.7078],[18.9457,52.7083],[18.9431,52.7187],[18.9452,52.7188],[18.9467,52.7192],[18.95,52.7198],[18.9546,52.7211],[18.9535,52.7259],[18.9521,52.7317],[18.9581,52.7326],[18.9721,52.7345],[18.9766,52.7352],[18.9826,52.736]]]}},{"type":"Feature","properties":{"slug":"szczecin","name":"Szczecin","bdlUnitId":"023216562000","voivodeship":"zachodniopomorskie","lat":53.4318,"lon":14.61417},"geometry":{"type":"Polygon","coordinates":[[[14.778,53.403],[14.7804,53.4031],[14.78,53.4021],[14.7837,53.4021],[14.7843,53.4011],[14.786,53.3989],[14.7879,53.3969],[14.791,53.3972],[14.7911,53.3961],[14.7903,53.3945],[14.7878,53.3932],[14.787,53.393],[14.7838,53.3917],[14.781,53.3907],[14.7771,53.3891],[14.7747,53.3883],[14.7718,53.3872],[14.772,53.3869],[14.7682,53.3856],[14.7663,53.3834],[14.7673,53.383],[14.7687,53.3829],[14.7709,53.3825],[14.7748,53.3821],[14.7751,53.3769],[14.772,53.3768],[14.7682,53.3768],[14.7669,53.3767],[14.7636,53.3767],[14.7636,53.3775],[14.7632,53.3824],[14.7626,53.3827],[14.7588,53.3832],[14.7581,53.3831],[14.7531,53.3807],[14.7507,53.3797],[14.7476,53.3788],[14.7439,53.3773],[14.7405,53.3755],[14.7387,53.3758],[14.7359,53.3756],[14.7359,53.3745],[14.7351,53.3743],[14.7333,53.3747],[14.7322,53.3733],[14.732,53.3726],[14.7325,53.372],[14.7347,53.3724],[14.7354,53.3721],[14.7352,53.3712],[14.7368,53.3706],[14.7365,53.3701],[14.7372,53.3689],[14.7381,53.3687],[14.74,53.3696],[14.7411,53.3694],[14.7422,53.3688],[14.7441,53.3673],[14.7469,53.3655],[14.7515,53.3648],[14.7533,53.3641],[14.7559,53.364],[14.7562,53.3634],[14.7586,53.362],[14.7595,53.3616],[14.7582,53.3608],[14.7586,53.3575],[14.7597,53.3568],[14.76,53.3559],[14.7623,53.3542],[14.7621,53.3537],[14.7624,53.3523],[14.7623,53.3514],[14.7634,53.3511],[14.7631,53.3505],[14.7654,53.3499],[14.7664,53.3489],[14.7656,53.3484],[14.7671,53.3475],[14.7665,53.3467],[14.7683,53.3454],[14.7693,53.345],[14.7714,53.3449],[14.7715,53.3454],[14.7734,53.345],[14.7753,53.3465],[14.7743,53.3472],[14.7757,53.3482],[14.7758,53.3491],[14.7772,53.3499],[14.7808,53.3505],[14.7867,53.3513],[14.788,53.3506],[14.7884,53.3499],[14.7879,53.3496],[14.7881,53.3486],[14.7887,53.3475],[14.7851,53.3469],[14.7838,53.3464],[14.7836,53.3458],[14.7847,53.3449],[14.7865,53.3439],[14.787,53.3443],[14.7887,53.3443],[14.7909,53.3453],[14.7917,53.3452],[14.7937,53.3437],[14.7933,53.343],[14.7919,53.3424],[14.7934,53.3403],[14.7935,53.3398],[14.7963,53.3386],[14.7971,53.3381],[14.7985,53.3382],[14.8028,53.3355],[14.8046,53.3343],[14.8033,53.3337],[14.8054,53.3318],[14.804,53.331],[14.8048,53.3304],[14.8029,53.3295],[14.8038,53.3274],[14.802,53.3263],[14.8009,53.3258],[14.8007,53.3262],[14.8016,53.3274],[14.8012,53.3284],[14.8013,53.3297],[14.7999,53.3304],[14.7995,53.331],[14.798,53.331],[14.7965,53.3318],[14.7949,53.3314],[14.7942,53.3321],[14.7947,53.3325],[14.7944,53.3335],[14.7934,53.3337],[14.7924,53.3336],[14.7913,53.3352],[14.7901,53.3356],[14.7879,53.3359],[14.7861,53.3364],[14.7858,53.3359],[14.7846,53.3364],[14.7843,53.3373],[14.7828,53.3379],[14.781,53.3374],[14.778,53.3382],[14.7768,53.338],[14.7758,53.3381],[14.7736,53.3391],[14.7745,53.3404],[14.7716,53.3413],[14.7689,53.3432],[14.7677,53.3428],[14.7652,53.3427],[14.7649,53.3425],[14.7625,53.3423],[14.763,53.3414],[14.7615,53.3405],[14.7608,53.341],[14.7616,53.3415],[14.7609,53.3419],[14.7598,53.3416],[14.7562,53.3427],[14.7558,53.3424],[14.7566,53.3408],[14.7574,53.34],[14.7561,53.3392],[14.7551,53.3381],[14.7547,53.3369],[14.7564,53.3355],[14.757,53.3352],[14.758,53.3366],[14.7585,53.3391],[14.7587,53.3394],[14.7602,53.3389],[14.7633,53.3374],[14.7632,53.3358],[14.7628,53.334],[14.7645,53.3345],[14.7648,53.3368],[14.7682,53.3356],[14.7697,53.3346],[14.768,53.3342],[14.7691,53.3334],[14.7687,53.3325],[14.7687,53.3315],[14.7678,53.3303],[14.7657,53.3301],[14.7642,53.3296],[14.7631,53.3289],[14.7614,53.3291],[14.7603,53.3284],[14.758,53.328],[14.7517,53.3278],[14.7514,53.3298],[14.75,53.3298],[14.7475,53.3293],[14.7463,53.3292],[14.7459,53.3312],[14.7449,53.3321],[14.7437,53.3318],[14.7422,53.3308],[14.7409,53.3322],[14.7393,53.3333],[14.7386,53.3335],[14.7395,53.3347],[14.7381,53.3346],[14.7361,53.3342],[14.735,53.3342],[14.7349,53.3347],[14.7362,53.3355],[14.7351,53.3365],[14.7318,53.3356],[14.7273,53.3365],[14.7244,53.3381],[14.724,53.3398],[14.7235,53.34],[14.7232,53.3415],[14.7233,53.3424],[14.7227,53.3431],[14.7224,53.3441],[14.7205,53.3438],[14.7179,53.3431],[14.715,53.3428],[14.7142,53.3432],[14.716,53.3444],[14.715,53.3452],[14.7145,53.3459],[14.7134,53.3463],[14.7163,53.3485],[14.7199,53.347],[14.722,53.3484],[14.7182,53.3504],[14.7171,53.3495],[14.7166,53.35],[14.7153,53.3496],[14.715,53.3503],[14.7168,53.3515],[14.716,53.3521],[14.714,53.3516],[14.7129,53.351],[14.7117,53.3519],[14.71,53.3509],[14.7089,53.35],[14.7081,53.3498],[14.7072,53.35],[14.7124,53.3533],[14.7136,53.3544],[14.7146,53.3538],[14.7174,53.3558],[14.7186,53.3565],[14.7175,53.3569],[14.7186,53.3578],[14.7198,53.3584],[14.7215,53.3595],[14.7195,53.3605],[14.7209,53.3616],[14.7192,53.3624],[14.7146,53.3616],[14.7107,53.3608],[14.7072,53.3606],[14.7029,53.3597],[14.7005,53.3597],[14.6957,53.3599],[14.6928,53.3604],[14.6913,53.3612],[14.6919,53.3589],[14.6939,53.3588],[14.6937,53.3584],[14.6935,53.3576],[14.6925,53.3573],[14.692,53.3563],[14.6911,53.3562],[14.6882,53.3562],[14.6855,53.3554],[14.6835,53.3546],[14.6826,53.3539],[14.6782,53.3529],[14.6775,53.3531],[14.6772,53.3539],[14.675,53.354],[14.673,53.3544],[14.6721,53.3544],[14.6701,53.3559],[14.6687,53.3559],[14.6665,53.3553],[14.6653,53.356],[14.6637,53.3575],[14.6623,53.3572],[14.6612,53.3574],[14.6595,53.3584],[14.6596,53.3595],[14.6594,53.3602],[14.6588,53.3604],[14.6584,53.3618],[14.6574,53.362],[14.6534,53.3623],[14.6532,53.3625],[14.6512,53.3627],[14.6485,53.3633],[14.6482,53.3636],[14.6444,53.3645],[14.6421,53.3648],[14.6409,53.3639],[14.639,53.3634],[14.6373,53.3633],[14.6355,53.3634],[14.6344,53.3642],[14.635,53.3657],[14.6319,53.366],[14.629,53.3661],[14.6265,53.3658],[14.6236,53.3652],[14.6216,53.3645],[14.6198,53.3635],[14.6203,53.3629],[14.6201,53.3624],[14.6182,53.362],[14.6177,53.3601],[14.6182,53.3601],[14.6172,53.3575],[14.6178,53.3573],[14.621,53.3572],[14.6204,53.3555],[14.6196,53.3538],[14.6139,53.3535],[14.6106,53.3534],[14.6058,53.3547],[14.6038,53.3526],[14.6029,53.3512],[14.6023,53.351],[14.6017,53.3499],[14.5993,53.3477],[14.5971,53.3462],[14.5951,53.3452],[14.5918,53.3443],[14.5902,53.3405],[14.5902,53.3399],[14.5915,53.3392],[14.5935,53.3365],[14.5904,53.3361],[14.5886,53.3356],[14.5884,53.3352],[14.5869,53.3348],[14.584,53.3347],[14.5811,53.3347],[14.5792,53.3344],[14.5794,53.3338],[14.577,53.3338],[14.5751,53.3335],[14.5769,53.3315],[14.5795,53.3291],[14.5821,53.3272],[14.5836,53.3256],[14.5846,53.3241],[14.5792,53.3237],[14.5743,53.3237],[14.5709,53.3238],[14.5706,53.3232],[14.5715,53.3229],[14.5712,53.3222],[14.5684,53.3236],[14.5672,53.3249],[14.5669,53.3269],[14.5664,53.3279],[14.5648,53.3291],[14.5629,53.328],[14.561,53.3292],[14.5607,53.3296],[14.5585,53.3301],[14.5574,53.3308],[14.5552,53.3307],[14.5538,53.3305],[14.5523,53.3305],[14.5512,53.3309],[14.5492,53.3311],[14.5487,53.3315],[14.5471,53.3319],[14.5441,53.3324],[14.5437,53.3316],[14.5428,53.3331],[14.5416,53.3329],[14.5387,53.3327],[14.5346,53.3328],[14.5322,53.3332],[14.5308,53.3336],[14.5309,53.334],[14.5323,53.3361],[14.535,53.3379],[14.5371,53.3396],[14.5388,53.3417],[14.5403,53.3432],[14.543,53.3452],[14.5461,53.3466],[14.5489,53.3481],[14.5512,53.3496],[14.5529,53.3519],[14.5548,53.3541],[14.5545,53.3545],[14.5606,53.3594],[14.5675,53.3612],[14.5705,53.3616],[14.5749,53.3615],[14.5778,53.3621],[14.5811,53.3638],[14.5837,53.3655],[14.5864,53.3671],[14.5853,53.3678],[14.5818,53.3679],[14.5785,53.369],[14.5765,53.3699],[14.5743,53.3714],[14.5699,53.3716],[14.5689,53.3712],[14.5661,53.3714],[14.5623,53.3718],[14.5595,53.3714],[14.555,53.3738],[14.5522,53.3745],[14.5462,53.375],[14.5437,53.3755],[14.5409,53.3752],[14.5388,53.3752],[14.5381,53.3725],[14.5374,53.372],[14.5329,53.3735],[14.533,53.3751],[14.5345,53.3803],[14.5356,53.3824],[14.5343,53.3827],[14.531,53.3838],[14.5282,53.3853],[14.526,53.3861],[14.5239,53.3864],[14.5181,53.3868],[14.5147,53.3877],[14.5136,53.3877],[14.5086,53.3892],[14.5069,53.3896],[14.5029,53.3908],[14.4979,53.392],[14.496,53.3926],[14.4918,53.3936],[14.4902,53.3937],[14.4886,53.393],[14.4862,53.3909],[14.4839,53.3918],[14.4795,53.3937],[14.479,53.394],[14.4803,53.3946],[14.4815,53.3956],[14.4815,53.3968],[14.4806,53.3976],[14.4781,53.3982],[14.4764,53.3989],[14.4713,53.4001],[14.4684,53.4009],[14.4714,53.4016],[14.4724,53.4059],[14.475,53.4062],[14.4813,53.4068],[14.4845,53.4072],[14.4845,53.4108],[14.4844,53.4113],[14.4844,53.4152],[14.4845,53.4172],[14.4829,53.4178],[14.4809,53.4177],[14.4786,53.4156],[14.4773,53.4147],[14.4772,53.4173],[14.4751,53.4173],[14.4751,53.4178],[14.471,53.4178],[14.4691,53.4177],[14.4709,53.4185],[14.4711,53.4195],[14.4726,53.4225],[14.4749,53.4269],[14.4757,53.4276],[14.4793,53.4272],[14.4805,53.4299],[14.482,53.4336],[14.4817,53.4347],[14.4819,53.4354],[14.483,53.4365],[14.4806,53.4374],[14.4798,53.4382],[14.4791,53.4385],[14.4775,53.4384],[14.4766,53.4389],[14.4751,53.4391],[14.4732,53.4392],[14.4659,53.4412],[14.4631,53.4419],[14.4589,53.442],[14.4549,53.4428],[14.4493,53.4435],[14.4459,53.4442],[14.4477,53.4464],[14.4488,53.4482],[14.4527,53.4469],[14.4551,53.4467],[14.4556,53.4478],[14.4582,53.4478],[14.4606,53.4474],[14.4599,53.4466],[14.4632,53.4461],[14.4642,53.448],[14.4647,53.4493],[14.4653,53.4502],[14.4677,53.45],[14.473,53.4498],[14.4727,53.4522],[14.4712,53.4528],[14.4684,53.4533],[14.4707,53.455],[14.4666,53.456],[14.4615,53.4565],[14.4629,53.4611],[14.4651,53.4607],[14.4668,53.4602],[14.4706,53.4596],[14.4703,53.461],[14.47,53.4614],[14.4666,53.4645],[14.4647,53.4664],[14.4629,53.4685],[14.4619,53.4694],[14.459,53.4725],[14.4586,53.4726],[14.4595,53.4739],[14.4606,53.4764],[14.459,53.4774],[14.4553,53.4799],[14.4532,53.4816],[14.4518,53.482],[14.4486,53.4832],[14.4475,53.4835],[14.445,53.4846],[14.4439,53.4848],[14.444,53.4861],[14.4449,53.4871],[14.4466,53.4897],[14.4467,53.4905],[14.4485,53.4927],[14.4488,53.4938],[14.4494,53.4948],[14.4471,53.4951],[14.4438,53.4954],[14.447,53.4962],[14.4492,53.4963],[14.4514,53.4962],[14.4532,53.4964],[14.4549,53.4964],[14.4561,53.4957],[14.4582,53.4952],[14.4619,53.4962],[14.4628,53.4968],[14.4645,53.497],[14.4661,53.4958],[14.4668,53.4946],[14.4681,53.4929],[14.4691,53.4929],[14.4708,53.4944],[14.4744,53.4953],[14.4753,53.4957],[14.4778,53.4955],[14.4788,53.4957],[14.479,53.4952],[14.4806,53.4955],[14.4812,53.4914],[14.4838,53.4918],[14.4835,53.493],[14.4846,53.4938],[14.4851,53.4927],[14.4865,53.493],[14.4864,53.4936],[14.4875,53.4939],[14.4894,53.4939],[14.491,53.4943],[14.4918,53.4924],[14.4929,53.4922],[14.4941,53.4924],[14.4943,53.493],[14.4963,53.4923],[14.4963,53.4916],[14.4985,53.492],[14.4997,53.4917],[14.502,53.4907],[14.5044,53.491],[14.5064,53.4911],[14.5083,53.4921],[14.508,53.4929],[14.5088,53.4931],[14.5086,53.4938],[14.5076,53.4958],[14.5086,53.4959],[14.5107,53.4958],[14.5135,53.4963],[14.5146,53.4968],[14.516,53.497],[14.518,53.4969],[14.5193,53.497],[14.5218,53.4962],[14.5238,53.496],[14.5256,53.4965],[14.5256,53.4958],[14.5265,53.4956],[14.5299,53.4963],[14.5293,53.4956],[14.5311,53.4954],[14.5341,53.4967],[14.534,53.4971],[14.5382,53.4963],[14.5391,53.4989],[14.5398,53.4989],[14.5412,53.4984],[14.541,53.4977],[14.5418,53.4975],[14.5414,53.4965],[14.5419,53.4961],[14.5414,53.4952],[14.5454,53.4943],[14.5447,53.494],[14.5418,53.4934],[14.5422,53.4924],[14.545,53.4929],[14.5463,53.4929],[14.5477,53.4932],[14.5483,53.4931],[14.5503,53.4935],[14.5511,53.4952],[14.5531,53.4974],[14.5541,53.4988],[14.5591,53.498],[14.5626,53.4973],[14.5657,53.4994],[14.567,53.5006],[14.5706,53.4993],[14.5732,53.5004],[14.5735,53.5007],[14.5756,53.5018],[14.5769,53.5017],[14.578,53.5022],[14.5792,53.5019],[14.5822,53.5026],[14.5831,53.5031],[14.5867,53.5043],[14.587,53.5052],[14.5844,53.5052],[14.5839,53.5082],[14.5834,53.5097],[14.5815,53.5116],[14.5802,53.5131],[14.5808,53.5148],[14.5807,53.5153],[14.5816,53.5159],[14.5816,53.517],[14.5813,53.5177],[14.5805,53.5183],[14.5788,53.5188],[14.5787,53.5193],[14.5759,53.5195],[14.5736,53.5206],[14.574,53.5233],[14.5713,53.5227],[14.5707,53.5204],[14.5683,53.5199],[14.5687,53.5219],[14.565,53.5218],[14.564,53.5227],[14.5623,53.523],[14.5617,53.5237],[14.5589,53.5238],[14.5588,53.5241],[14.5568,53.5247],[14.5563,53.5253],[14.5547,53.5257],[14.5536,53.5264],[14.5535,53.5271],[14.5541,53.528],[14.5534,53.5292],[14.5542,53.5298],[14.5546,53.5318],[14.5543,53.5325],[14.5553,53.5329],[14.5561,53.5328],[14.5576,53.5334],[14.5624,53.5351],[14.5653,53.5362],[14.5695,53.5373],[14.5705,53.5377],[14.5721,53.5366],[14.57,53.5339],[14.5725,53.5337],[14.5724,53.5329],[14.5739,53.5329],[14.5739,53.5335],[14.5756,53.5335],[14.5765,53.5333],[14.5785,53.5358],[14.583,53.5349],[14.5843,53.5345],[14.5858,53.5334],[14.5855,53.5329],[14.5871,53.5324],[14.5907,53.5339],[14.5935,53.5312],[14.595,53.5308],[14.5953,53.5321],[14.5968,53.5322],[14.5992,53.5326],[14.5999,53.533],[14.6011,53.533],[14.6052,53.5353],[14.6038,53.536],[14.6026,53.5362],[14.6041,53.5371],[14.6058,53.5364],[14.6077,53.5364],[14.6099,53.5368],[14.6111,53.5366],[14.6116,53.5361],[14.6196,53.5355],[14.6283,53.5328],[14.6353,53.5339],[14.6368,53.5336],[14.6374,53.533],[14.6375,53.5323],[14.637,53.5317],[14.6365,53.5305],[14.6365,53.5284],[14.6368,53.5272],[14.637,53.5268],[14.6382,53.5264],[14.6388,53.5258],[14.6394,53.5255],[14.6426,53.5253],[14.6452,53.5262],[14.6464,53.5265],[14.6485,53.5274],[14.6503,53.5277],[14.6515,53.5277],[14.652,53.5281],[14.6526,53.5293],[14.6545,53.5303],[14.6551,53.5313],[14.6563,53.5315],[14.6544,53.533],[14.6544,53.5338],[14.6548,53.5342],[14.6564,53.535],[14.658,53.5354],[14.6586,53.536],[14.6609,53.5359],[14.6618,53.5361],[14.6637,53.536],[14.6643,53.5356],[14.665,53.5362],[14.6665,53.5366],[14.6678,53.5366],[14.6704,53.536],[14.6715,53.5366],[14.672,53.5362],[14.6728,53.5367],[14.6758,53.5366],[14.6775,53.5361],[14.6776,53.5357],[14.6788,53.5349],[14.6788,53.5339],[14.6793,53.5334],[14.6809,53.5328],[14.6814,53.5316],[14.6828,53.531],[14.6812,53.5296],[14.6801,53.5292],[14.6808,53.5281],[14.6818,53.5272],[14.6819,53.526],[14.6815,53.5249],[14.6798,53.5239],[14.6781,53.524],[14.6791,53.523],[14.68,53.5229],[14.681,53.5223],[14.6814,53.5214],[14.6804,53.5204],[14.6784,53.52],[14.6782,53.5195],[14.6789,53.5182],[14.6786,53.5174],[14.679,53.5145],[14.6798,53.5129],[14.6814,53.5121],[14.6826,53.5121],[14.6841,53.5115],[14.6846,53.5116],[14.6873,53.5106],[14.6885,53.5107],[14.6907,53.5115],[14.691,53.5118],[14.693,53.5116],[14.6942,53.511],[14.6948,53.5104],[14.6952,53.5088],[14.697,53.5089],[14.6985,53.5087],[14.6994,53.5083],[14.6999,53.5077],[14.6995,53.5073],[14.7003,53.5062],[14.7008,53.5051],[14.702,53.5044],[14.7011,53.5028],[14.7003,53.5024],[14.7001,53.5017],[14.7006,53.5013],[14.7006,53.5001],[14.7003,53.4996],[14.7003,53.4983],[14.6996,53.4978],[14.7007,53.4964],[14.7005,53.4958],[14.7008,53.4946],[14.7002,53.494],[14.6984,53.4934],[14.6974,53.4927],[14.6961,53.4924],[14.6946,53.4924],[14.6942,53.4917],[14.6947,53.4904],[14.6946,53.489],[14.6942,53.4883],[14.6942,53.4873],[14.6956,53.4864],[14.6976,53.486],[14.6981,53.4857],[14.6972,53.4842],[14.6955,53.4837],[14.6952,53.4829],[14.6956,53.4825],[14.6955,53.4818],[14.6968,53.4804],[14.6988,53.4806],[14.6992,53.4801],[14.6988,53.4788],[14.6975,53.4785],[14.6963,53.4792],[14.696,53.4783],[14.6934,53.4772],[14.6929,53.4758],[14.6949,53.4747],[14.696,53.4737],[14.6961,53.4725],[14.6959,53.4718],[14.6952,53.4715],[14.6944,53.4705],[14.6933,53.4705],[14.6929,53.4709],[14.6931,53.4716],[14.6913,53.472],[14.6909,53.4714],[14.691,53.4703],[14.695,53.4697],[14.6963,53.4685],[14.6973,53.4682],[14.699,53.4683],[14.6998,53.469],[14.7018,53.4696],[14.7037,53.4696],[14.7041,53.4692],[14.7062,53.4683],[14.707,53.4676],[14.7083,53.4659],[14.7084,53.4652],[14.7101,53.4631],[14.7104,53.463],[14.7106,53.4613],[14.71,53.4608],[14.7079,53.4603],[14.7095,53.4597],[14.7098,53.4592],[14.7094,53.4585],[14.7093,53.4576],[14.7086,53.4564],[14.7076,53.4555],[14.7082,53.4545],[14.7093,53.4536],[14.7095,53.4531],[14.7109,53.4525],[14.7113,53.4527],[14.7121,53.4508],[14.712,53.4496],[14.711,53.4481],[14.7099,53.4479],[14.7099,53.4475],[14.7091,53.4462],[14.7079,53.4454],[14.7064,53.4449],[14.7057,53.4441],[14.705,53.4408],[14.7036,53.4397],[14.7024,53.4393],[14.702,53.4389],[14.7028,53.4374],[14.7024,53.4367],[14.7004,53.435],[14.7012,53.4343],[14.7033,53.4319],[14.7054,53.4297],[14.7087,53.4265],[14.7098,53.4268],[14.7109,53.4277],[14.7134,53.4293],[14.7167,53.4278],[14.7181,53.4274],[14.7199,53.4277],[14.7251,53.43],[14.7268,53.4309],[14.7276,53.4319],[14.7286,53.4337],[14.7307,53.4351],[14.732,53.4349],[14.7361,53.4349],[14.7376,53.4358],[14.7409,53.4382],[14.7409,53.4392],[14.7412,53.4401],[14.7435,53.4397],[14.7452,53.4432],[14.7458,53.444],[14.7487,53.4434],[14.7502,53.4433],[14.7514,53.443],[14.7527,53.4424],[14.7557,53.4422],[14.7584,53.4419],[14.762,53.4412],[14.7592,53.4394],[14.7573,53.4383],[14.7527,53.4352],[14.747,53.4317],[14.7526,53.4258],[14.7505,53.4251],[14.7427,53.4229],[14.738,53.4206],[14.737,53.42],[14.7344,53.4188],[14.7325,53.4178],[14.7312,53.4173],[14.7212,53.4145],[14.7207,53.4141],[14.7169,53.4127],[14.7181,53.4105],[14.72,53.4075],[14.7217,53.4067],[14.7247,53.4056],[14.7268,53.4047],[14.7304,53.4046],[14.7373,53.4042],[14.7414,53.4055],[14.7448,53.4057],[14.7464,53.4059],[14.7498,53.4061],[14.7515,53.4063],[14.7637,53.407],[14.7664,53.407],[14.7672,53.4053],[14.7697,53.404],[14.77,53.4048],[14.7706,53.4047],[14.7711,53.4056],[14.7732,53.4044],[14.7755,53.4041],[14.778,53.403]]]}},{"type":"Feature","properties":{"slug":"suwalki","name":"Suwałki","bdlUnitId":"062013963000","voivodeship":"podlaskie","lat":54.09995,"lon":22.93171},"geometry":{"type":"Polygon","coordinates":[[[22.9813,54.1058],[22.9832,54.106],[22.9846,54.1058],[22.9863,54.106],[22.9873,54.1044],[22.9891,54.1029],[22.9806,54.1016],[22.9772,54.1012],[22.9771,54.1005],[22.9769,54.1002],[22.978,54.0988],[22.9792,54.0986],[22.9795,54.098],[22.9798,54.096],[22.9786,54.0958],[22.9788,54.0951],[22.9812,54.0939],[22.9831,54.0933],[22.9814,54.0915],[22.9832,54.0909],[22.9793,54.0903],[22.9762,54.0897],[22.976,54.0884],[22.9765,54.0879],[22.9758,54.0871],[22.9763,54.0866],[22.9757,54.0861],[22.9764,54.0854],[22.978,54.0848],[22.9785,54.0839],[22.98,54.0838],[22.9807,54.0825],[22.9806,54.0808],[22.9811,54.0802],[22.9818,54.0804],[22.9831,54.0799],[22.9856,54.0797],[22.9862,54.079],[22.988,54.0793],[22.9883,54.0775],[22.9891,54.0767],[22.9909,54.0763],[22.993,54.0753],[22.9927,54.0742],[22.9932,54.0733],[22.9947,54.072],[22.9945,54.0713],[22.9926,54.0703],[22.9933,54.0688],[22.9895,54.0689],[22.989,54.0684],[22.9872,54.0688],[22.9853,54.0684],[22.9842,54.0685],[22.9816,54.0697],[22.9807,54.0703],[22.9797,54.0695],[22.9787,54.0694],[22.9784,54.0699],[22.9799,54.0701],[22.9788,54.0711],[22.9784,54.0704],[22.9763,54.0708],[22.9758,54.07],[22.9747,54.0705],[22.975,54.071],[22.9742,54.0715],[22.974,54.0729],[22.9732,54.0742],[22.9715,54.0754],[22.9711,54.0759],[22.9696,54.076],[22.9665,54.0751],[22.9652,54.0746],[22.9629,54.074],[22.9596,54.0735],[22.9623,54.0698],[22.9634,54.07],[22.9648,54.0676],[22.9671,54.0681],[22.968,54.0663],[22.9695,54.0637],[22.9708,54.0637],[22.9723,54.064],[22.9743,54.0604],[22.9724,54.0601],[22.973,54.059],[22.9687,54.0582],[22.9671,54.0578],[22.9629,54.057],[22.9653,54.0527],[22.9634,54.0523],[22.9617,54.0545],[22.9437,54.0523],[22.9373,54.0514],[22.9375,54.0507],[22.9354,54.0497],[22.9376,54.0475],[22.9372,54.0453],[22.9354,54.0421],[22.9346,54.0404],[22.9294,54.0416],[22.928,54.042],[22.9255,54.0425],[22.9209,54.0437],[22.9167,54.0446],[22.9124,54.0457],[22.9079,54.0467],[22.9028,54.0482],[22.8998,54.049],[22.8985,54.049],[22.8971,54.0503],[22.8942,54.0525],[22.8994,54.0583],[22.9011,54.0603],[22.9003,54.0613],[22.898,54.0654],[22.8959,54.0688],[22.8933,54.0682],[22.8899,54.0696],[22.8867,54.0708],[22.8846,54.0724],[22.884,54.073],[22.8827,54.0758],[22.8913,54.0779],[22.8888,54.0829],[22.888,54.0827],[22.8866,54.0849],[22.8822,54.0923],[22.8812,54.0939],[22.8799,54.0938],[22.8764,54.093],[22.8737,54.0925],[22.8745,54.0912],[22.8698,54.0912],[22.8679,54.0913],[22.8639,54.0912],[22.8638,54.0922],[22.8672,54.0928],[22.867,54.0933],[22.8674,54.094],[22.8684,54.0944],[22.869,54.0952],[22.8683,54.0964],[22.871,54.0971],[22.8694,54.0991],[22.8762,54.1025],[22.875,54.1045],[22.8727,54.1088],[22.8706,54.1107],[22.8735,54.1122],[22.8729,54.1129],[22.8723,54.1144],[22.8722,54.1154],[22.8748,54.1178],[22.8759,54.119],[22.8789,54.1217],[22.8815,54.1243],[22.8834,54.1259],[22.8872,54.1297],[22.8885,54.1308],[22.8917,54.1339],[22.8939,54.1343],[22.896,54.1345],[22.8983,54.1349],[22.906,54.1359],[22.9076,54.1362],[22.9097,54.1364],[22.9119,54.1368],[22.9171,54.1375],[22.9191,54.1377],[22.9227,54.1383],[22.9277,54.1389],[22.9309,54.1394],[22.9313,54.145],[22.9313,54.1468],[22.9315,54.1489],[22.9315,54.1505],[22.9318,54.1542],[22.9318,54.1573],[22.9367,54.1593],[22.9386,54.1602],[22.9443,54.1626],[22.9471,54.1637],[22.9501,54.165],[22.9537,54.1632],[22.9558,54.1623],[22.9583,54.161],[22.9635,54.1586],[22.9672,54.1567],[22.9678,54.1565],[22.9711,54.1548],[22.9731,54.154],[22.9709,54.1522],[22.9703,54.1519],[22.9687,54.1505],[22.9689,54.1492],[22.9681,54.1481],[22.9675,54.1465],[22.9659,54.1455],[22.9667,54.1439],[22.9684,54.144],[22.9699,54.1448],[22.9703,54.1397],[22.9705,54.1364],[22.9726,54.1363],[22.9721,54.1356],[22.9732,54.1337],[22.9742,54.1307],[22.9759,54.1291],[22.9765,54.1266],[22.9763,54.1243],[22.9771,54.1231],[22.9775,54.1221],[22.979,54.1215],[22.98,54.1208],[22.98,54.1202],[22.9764,54.1196],[22.9748,54.1192],[22.9724,54.119],[22.9698,54.1186],[22.9703,54.1167],[22.9692,54.1164],[22.9693,54.1157],[22.9702,54.1136],[22.9707,54.1128],[22.9728,54.113],[22.973,54.1122],[22.9739,54.1116],[22.9747,54.1107],[22.9746,54.1098],[22.9752,54.1096],[22.9762,54.1085],[22.9755,54.1082],[22.9758,54.1077],[22.9789,54.1069],[22.9813,54.1058]]]}},{"type":"Feature","properties":{"slug":"kielce","name":"Kielce","bdlUnitId":"052615261000","voivodeship":"świętokrzyskie","lat":50.86099,"lon":20.60894},"geometry":{"type":"Polygon","coordinates":[[[20.6774,50.8629],[20.6789,50.8629],[20.6798,50.8631],[20.6928,50.8631],[20.6933,50.863],[20.7099,50.863],[20.71,50.8631],[20.7191,50.8631],[20.7196,50.8625],[20.7205,50.8623],[20.719,50.8616],[20.7182,50.8615],[20.717,50.8607],[20.7161,50.8613],[20.7153,50.8606],[20.7141,50.8609],[20.7133,50.8605],[20.7142,50.8599],[20.7134,50.8594],[20.712,50.8595],[20.7115,50.8588],[20.7106,50.8587],[20.711,50.8578],[20.71,50.8566],[20.7093,50.8562],[20.7084,50.8562],[20.7083,50.8553],[20.7083,50.8505],[20.7082,50.8496],[20.7082,50.846],[20.7016,50.8493],[20.6972,50.8493],[20.6973,50.8487],[20.6965,50.8484],[20.6966,50.8471],[20.6939,50.8471],[20.6933,50.8478],[20.6916,50.8488],[20.6894,50.8489],[20.6889,50.8497],[20.6872,50.8501],[20.6851,50.8509],[20.6845,50.8509],[20.6829,50.8523],[20.6788,50.8524],[20.6739,50.8524],[20.6714,50.8525],[20.6692,50.8524],[20.6682,50.8471],[20.676,50.8471],[20.6759,50.8441],[20.6729,50.8441],[20.672,50.8423],[20.6702,50.8395],[20.6677,50.835],[20.6666,50.8334],[20.6657,50.8317],[20.6689,50.8289],[20.672,50.8261],[20.6695,50.8262],[20.6666,50.8265],[20.6639,50.8266],[20.6593,50.827],[20.655,50.8185],[20.6507,50.8191],[20.6493,50.8192],[20.6461,50.8197],[20.6433,50.82],[20.6421,50.8227],[20.6376,50.8232],[20.6373,50.8189],[20.6403,50.8186],[20.6422,50.8183],[20.6459,50.8179],[20.6455,50.8124],[20.6455,50.8103],[20.6453,50.8073],[20.6433,50.808],[20.6409,50.8052],[20.6392,50.8055],[20.6368,50.8064],[20.6323,50.8079],[20.6316,50.8071],[20.6294,50.8073],[20.6275,50.8076],[20.6272,50.8027],[20.6255,50.8033],[20.6236,50.8038],[20.6214,50.8012],[20.6222,50.7981],[20.6206,50.7983],[20.6203,50.7933],[20.618,50.7934],[20.6146,50.7934],[20.6132,50.7935],[20.6143,50.7956],[20.6167,50.8009],[20.6155,50.801],[20.6151,50.8055],[20.6039,50.8098],[20.6026,50.8102],[20.6007,50.8094],[20.5966,50.8074],[20.5954,50.8069],[20.5948,50.8073],[20.5923,50.8085],[20.5944,50.8111],[20.5949,50.811],[20.5955,50.814],[20.5926,50.8146],[20.5917,50.8152],[20.5896,50.8163],[20.5887,50.8169],[20.5859,50.8175],[20.5847,50.8174],[20.584,50.8161],[20.5805,50.8164],[20.5795,50.8166],[20.5792,50.8159],[20.5773,50.8163],[20.5765,50.8156],[20.5754,50.8157],[20.5732,50.8154],[20.5717,50.8126],[20.569,50.8116],[20.5686,50.811],[20.567,50.8111],[20.564,50.8115],[20.5638,50.8112],[20.5625,50.8113],[20.5618,50.8106],[20.5622,50.8099],[20.5601,50.8101],[20.5553,50.8118],[20.5532,50.8128],[20.5528,50.8144],[20.5517,50.8198],[20.5495,50.8249],[20.5485,50.8259],[20.5461,50.8277],[20.5436,50.829],[20.5413,50.8307],[20.5398,50.8322],[20.5391,50.8334],[20.5379,50.8332],[20.5388,50.8324],[20.5381,50.832],[20.537,50.8326],[20.5357,50.8325],[20.5345,50.8348],[20.5352,50.8359],[20.5346,50.8361],[20.536,50.8373],[20.5334,50.8377],[20.5329,50.8387],[20.5349,50.8386],[20.5353,50.8389],[20.5299,50.8409],[20.5285,50.8412],[20.5257,50.8396],[20.5237,50.8398],[20.516,50.8409],[20.5153,50.8428],[20.5144,50.8458],[20.5134,50.8486],[20.5134,50.849],[20.5118,50.8531],[20.5105,50.8566],[20.513,50.8564],[20.5154,50.8561],[20.5174,50.856],[20.5211,50.8556],[20.5224,50.8594],[20.5257,50.8597],[20.5262,50.861],[20.5282,50.8656],[20.527,50.8657],[20.525,50.8662],[20.5256,50.8677],[20.5195,50.8688],[20.5192,50.8715],[20.5199,50.8731],[20.5215,50.8757],[20.5227,50.8757],[20.5228,50.8753],[20.5243,50.8748],[20.5243,50.8743],[20.5265,50.8736],[20.5273,50.8738],[20.528,50.8734],[20.5296,50.8734],[20.5323,50.8736],[20.5345,50.8736],[20.5399,50.8739],[20.5422,50.8739],[20.5452,50.8741],[20.5472,50.8741],[20.5474,50.8756],[20.5476,50.8794],[20.5458,50.8795],[20.5428,50.8828],[20.542,50.8832],[20.5399,50.8829],[20.5407,50.8843],[20.5438,50.889],[20.5446,50.8905],[20.5464,50.8932],[20.5482,50.8961],[20.549,50.8993],[20.5499,50.9024],[20.5533,50.903],[20.5592,50.9043],[20.5613,50.9046],[20.5638,50.9052],[20.5651,50.9053],[20.5669,50.9058],[20.5689,50.9061],[20.5703,50.9065],[20.571,50.9065],[20.573,50.907],[20.5749,50.9073],[20.5764,50.9077],[20.5791,50.908],[20.5798,50.9083],[20.5815,50.9084],[20.582,50.9076],[20.5836,50.9086],[20.5853,50.9093],[20.5866,50.9095],[20.5882,50.9101],[20.5924,50.9111],[20.597,50.9126],[20.6007,50.9139],[20.6032,50.915],[20.6032,50.9138],[20.6029,50.9122],[20.6104,50.9122],[20.6131,50.9123],[20.6165,50.9123],[20.6185,50.9103],[20.6179,50.9094],[20.6164,50.9078],[20.621,50.907],[20.6212,50.9066],[20.623,50.9062],[20.6237,50.9066],[20.6273,50.9063],[20.628,50.9056],[20.6297,50.9059],[20.631,50.9065],[20.6316,50.9065],[20.6327,50.9074],[20.6328,50.9085],[20.6321,50.9094],[20.6334,50.9093],[20.6339,50.9099],[20.6343,50.9116],[20.6332,50.9118],[20.6339,50.9134],[20.6389,50.9126],[20.6393,50.9119],[20.6381,50.9092],[20.6389,50.9085],[20.639,50.9078],[20.6379,50.9067],[20.6444,50.9058],[20.6517,50.9046],[20.6542,50.9043],[20.6601,50.9034],[20.6615,50.9075],[20.662,50.9093],[20.6628,50.9115],[20.6707,50.9121],[20.6734,50.9122],[20.6769,50.9125],[20.6776,50.9149],[20.6851,50.911],[20.6819,50.9088],[20.6825,50.9074],[20.6826,50.9064],[20.6825,50.9046],[20.6817,50.903],[20.6852,50.902],[20.686,50.9019],[20.6931,50.9001],[20.6922,50.8996],[20.6891,50.8989],[20.687,50.8983],[20.6855,50.898],[20.6815,50.897],[20.6787,50.8962],[20.677,50.8961],[20.6769,50.8956],[20.6774,50.8936],[20.6785,50.8928],[20.6802,50.8929],[20.6811,50.8932],[20.6838,50.8927],[20.6856,50.892],[20.6878,50.8924],[20.6887,50.8924],[20.6903,50.8929],[20.6928,50.8939],[20.695,50.8943],[20.6979,50.8895],[20.7,50.8913],[20.7003,50.891],[20.697,50.8881],[20.6956,50.8867],[20.6946,50.8859],[20.6917,50.883],[20.6912,50.8826],[20.6892,50.8829],[20.6828,50.8842],[20.6776,50.8843],[20.6777,50.8825],[20.6777,50.8791],[20.677,50.8769],[20.6758,50.8737],[20.6762,50.8707],[20.6766,50.8685],[20.6767,50.8671],[20.6772,50.8637],[20.6774,50.8629]]]}},{"type":"Feature","properties":{"slug":"koszalin","name":"Koszalin","bdlUnitId":"023216361000","voivodeship":"zachodniopomorskie","lat":54.20204,"lon":16.20597},"geometry":{"type":"Polygon","coordinates":[[[16.3206,54.2057],[16.3214,54.2048],[16.3217,54.2031],[16.3232,54.2016],[16.323,54.2007],[16.3225,54.2],[16.3228,54.1995],[16.3218,54.1974],[16.321,54.1964],[16.3192,54.1967],[16.3176,54.1935],[16.3156,54.1923],[16.3138,54.1922],[16.3122,54.1903],[16.3118,54.1903],[16.3091,54.1911],[16.3084,54.1902],[16.3063,54.1904],[16.3057,54.1901],[16.3041,54.1902],[16.3038,54.1908],[16.3024,54.1909],[16.3011,54.1907],[16.3018,54.1887],[16.3009,54.1884],[16.299,54.1881],[16.2996,54.1859],[16.3008,54.1846],[16.3007,54.1831],[16.2988,54.1834],[16.2977,54.1828],[16.2966,54.1836],[16.2944,54.1829],[16.291,54.1807],[16.2871,54.1785],[16.2882,54.1779],[16.2883,54.1774],[16.2877,54.1768],[16.2879,54.1761],[16.2894,54.1755],[16.2901,54.1746],[16.291,54.1744],[16.2913,54.1734],[16.2923,54.173],[16.2928,54.1704],[16.2922,54.1683],[16.2922,54.1675],[16.2918,54.1662],[16.2936,54.1648],[16.2943,54.1645],[16.3,54.161],[16.3011,54.1602],[16.3044,54.1575],[16.3031,54.1572],[16.3026,54.1568],[16.3,54.156],[16.2993,54.157],[16.2965,54.1591],[16.2952,54.159],[16.2942,54.1585],[16.2901,54.1587],[16.2874,54.1604],[16.2862,54.1614],[16.2864,54.1628],[16.286,54.1635],[16.285,54.164],[16.2853,54.1647],[16.2833,54.1655],[16.2825,54.1661],[16.2815,54.1659],[16.269,54.1624],[16.2679,54.1614],[16.2677,54.1607],[16.2667,54.1607],[16.2626,54.1585],[16.2612,54.1584],[16.2604,54.1587],[16.2555,54.161],[16.2465,54.1642],[16.2423,54.1655],[16.2405,54.1658],[16.2363,54.1663],[16.2276,54.1676],[16.2254,54.1676],[16.224,54.1678],[16.223,54.1669],[16.2226,54.1669],[16.2162,54.1654],[16.2142,54.1652],[16.2123,54.1654],[16.2091,54.1667],[16.2085,54.1655],[16.1994,54.1606],[16.2014,54.1599],[16.2021,54.1595],[16.2052,54.1584],[16.2076,54.1574],[16.2131,54.1556],[16.2164,54.1546],[16.2174,54.1544],[16.2178,54.1511],[16.2181,54.1479],[16.2212,54.1432],[16.2201,54.1432],[16.2192,54.1427],[16.2188,54.1419],[16.2178,54.142],[16.2165,54.1418],[16.2163,54.1413],[16.2149,54.1416],[16.2139,54.1409],[16.212,54.1405],[16.2093,54.1402],[16.2087,54.1395],[16.2074,54.1399],[16.2062,54.1396],[16.2062,54.1391],[16.2018,54.1387],[16.2002,54.1377],[16.199,54.138],[16.1984,54.1388],[16.197,54.1391],[16.1943,54.1386],[16.1938,54.1391],[16.1926,54.139],[16.1899,54.1393],[16.1882,54.1391],[16.1878,54.1388],[16.1861,54.1391],[16.1857,54.1383],[16.185,54.1381],[16.1828,54.1389],[16.1805,54.1374],[16.1801,54.1377],[16.1817,54.141],[16.1834,54.1424],[16.1852,54.1443],[16.1864,54.1458],[16.1876,54.1461],[16.188,54.1468],[16.1875,54.1477],[16.1867,54.148],[16.1876,54.1491],[16.1891,54.1495],[16.1891,54.1499],[16.1903,54.15],[16.1909,54.1506],[16.1911,54.1515],[16.192,54.1516],[16.1929,54.1522],[16.1882,54.1532],[16.1807,54.1569],[16.1792,54.1558],[16.1776,54.1567],[16.1769,54.1564],[16.1754,54.1575],[16.1715,54.1607],[16.1707,54.1603],[16.1696,54.161],[16.1668,54.1633],[16.1646,54.162],[16.1646,54.1629],[16.164,54.1636],[16.1627,54.1665],[16.1608,54.1682],[16.1615,54.1689],[16.1609,54.1695],[16.1604,54.1706],[16.161,54.1713],[16.1566,54.1749],[16.1542,54.1766],[16.1519,54.1776],[16.1493,54.1796],[16.1454,54.178],[16.1413,54.1764],[16.1392,54.1746],[16.1368,54.1736],[16.1363,54.1757],[16.1353,54.1769],[16.1375,54.1775],[16.136,54.1802],[16.1344,54.1833],[16.1336,54.1844],[16.1332,54.1854],[16.1313,54.1876],[16.1287,54.1908],[16.1268,54.194],[16.1257,54.1956],[16.1251,54.1969],[16.1244,54.1976],[16.1231,54.1978],[16.1222,54.1982],[16.1211,54.1991],[16.1195,54.1991],[16.1178,54.1999],[16.1165,54.2003],[16.1172,54.2012],[16.1154,54.2028],[16.1144,54.2041],[16.1156,54.2048],[16.1159,54.207],[16.1153,54.2087],[16.1157,54.2093],[16.1152,54.21],[16.1125,54.2118],[16.1115,54.2129],[16.112,54.2132],[16.1138,54.2154],[16.1148,54.2169],[16.1131,54.217],[16.1133,54.2177],[16.114,54.218],[16.1132,54.2194],[16.1109,54.2207],[16.1099,54.2217],[16.1106,54.2232],[16.1122,54.2251],[16.1126,54.225],[16.1128,54.2239],[16.1156,54.2251],[16.1159,54.2256],[16.115,54.2262],[16.1156,54.227],[16.1154,54.2282],[16.1176,54.2282],[16.1181,54.2266],[16.1191,54.227],[16.1209,54.2282],[16.1253,54.2309],[16.1256,54.2314],[16.1237,54.2319],[16.1263,54.2332],[16.1281,54.2338],[16.1297,54.2352],[16.1303,54.2341],[16.1336,54.2351],[16.1353,54.2337],[16.1367,54.2336],[16.1359,54.2355],[16.1333,54.2374],[16.1325,54.2385],[16.1312,54.2388],[16.1306,54.2393],[16.1307,54.2398],[16.1299,54.2408],[16.1285,54.2419],[16.1285,54.2423],[16.1293,54.243],[16.1295,54.2438],[16.1304,54.245],[16.1312,54.2467],[16.1324,54.2502],[16.133,54.2483],[16.1335,54.2475],[16.1391,54.2477],[16.1393,54.2482],[16.1418,54.2486],[16.1442,54.2503],[16.1459,54.2511],[16.1462,54.2515],[16.1489,54.2528],[16.1519,54.256],[16.1533,54.2572],[16.1573,54.2588],[16.1597,54.2593],[16.1653,54.2594],[16.1666,54.2597],[16.1665,54.2601],[16.1701,54.2618],[16.1715,54.263],[16.171,54.2645],[16.1709,54.2666],[16.1722,54.2679],[16.172,54.2707],[16.1714,54.2714],[16.1689,54.2738],[16.1687,54.2748],[16.1761,54.2759],[16.1766,54.2759],[16.1768,54.277],[16.1799,54.2766],[16.1875,54.2747],[16.19,54.2742],[16.1913,54.2737],[16.1922,54.2729],[16.1917,54.2708],[16.1923,54.2693],[16.193,54.2682],[16.1942,54.2658],[16.1935,54.2642],[16.1955,54.2606],[16.1959,54.2577],[16.1972,54.257],[16.1972,54.256],[16.1986,54.2538],[16.199,54.2535],[16.2014,54.2526],[16.203,54.2515],[16.204,54.2505],[16.2042,54.2483],[16.2047,54.2457],[16.2049,54.2455],[16.2076,54.2449],[16.207,54.2432],[16.2058,54.2426],[16.2038,54.2424],[16.2023,54.2424],[16.2012,54.2427],[16.1977,54.2428],[16.1965,54.2424],[16.1974,54.2413],[16.1938,54.2397],[16.1929,54.2392],[16.1962,54.2359],[16.1934,54.235],[16.1912,54.2339],[16.1868,54.2344],[16.1904,54.2292],[16.1846,54.2299],[16.1831,54.23],[16.1802,54.2304],[16.1853,54.2236],[16.1879,54.22],[16.1901,54.2172],[16.1928,54.2154],[16.1963,54.2169],[16.1996,54.218],[16.2012,54.2187],[16.2053,54.22],[16.2049,54.2207],[16.2054,54.2213],[16.2069,54.2215],[16.2085,54.2223],[16.2112,54.2253],[16.2146,54.227],[16.2162,54.2288],[16.2167,54.229],[16.2181,54.2276],[16.2175,54.2271],[16.2181,54.2267],[16.221,54.2257],[16.2268,54.2264],[16.2271,54.2256],[16.2263,54.2246],[16.2272,54.2244],[16.2285,54.2245],[16.2303,54.2243],[16.2311,54.2244],[16.2377,54.2244],[16.2385,54.2243],[16.2424,54.2243],[16.2438,54.2246],[16.2455,54.2252],[16.2466,54.2251],[16.247,54.2254],[16.2488,54.2242],[16.2494,54.2231],[16.2527,54.2227],[16.2548,54.2229],[16.2562,54.2225],[16.2579,54.2217],[16.2595,54.2215],[16.2607,54.2217],[16.2612,54.2213],[16.2613,54.2204],[16.2628,54.2197],[16.265,54.2192],[16.267,54.2217],[16.268,54.2209],[16.2696,54.2207],[16.2705,54.2208],[16.2715,54.2218],[16.2734,54.2218],[16.2769,54.2213],[16.2776,54.221],[16.2772,54.2203],[16.2762,54.2195],[16.2774,54.2185],[16.2774,54.2182],[16.279,54.2171],[16.2812,54.2171],[16.2808,54.2162],[16.2809,54.2155],[16.2817,54.2143],[16.2821,54.2133],[16.2827,54.2132],[16.2841,54.2135],[16.2854,54.2135],[16.2878,54.2147],[16.2898,54.2171],[16.2958,54.2198],[16.2987,54.2195],[16.3006,54.2187],[16.3032,54.2179],[16.3067,54.2151],[16.3087,54.2143],[16.3093,54.2131],[16.3113,54.2113],[16.3126,54.2096],[16.3142,54.2087],[16.3156,54.2086],[16.3171,54.2078],[16.3192,54.2072],[16.3201,54.2072],[16.3201,54.2062],[16.3206,54.2057]]]}},{"type":"Feature","properties":{"slug":"bielsko-biala","name":"Bielsko-Biała","bdlUnitId":"012414461000","voivodeship":"śląskie","lat":49.81298,"lon":19.03891},"geometry":{"type":"Polygon","coordinates":[[[18.9864,49.7367],[18.9841,49.7368],[18.9809,49.7383],[18.9774,49.7397],[18.9764,49.7404],[18.9739,49.7425],[18.9726,49.7433],[18.9711,49.7436],[18.9679,49.7446],[18.9653,49.7451],[18.9635,49.7443],[18.9631,49.7443],[18.9604,49.7435],[18.9573,49.7438],[18.9555,49.7438],[18.9546,49.7442],[18.9545,49.745],[18.9532,49.7456],[18.9514,49.7473],[18.9508,49.7477],[18.9485,49.75],[18.9477,49.7506],[18.946,49.7523],[18.9454,49.7532],[18.9454,49.754],[18.946,49.7555],[18.9473,49.7573],[18.9488,49.7589],[18.9499,49.7606],[18.9502,49.7615],[18.9513,49.763],[18.9523,49.7647],[18.9534,49.7655],[18.954,49.7665],[18.9555,49.7681],[18.9583,49.7693],[18.9611,49.7718],[18.9621,49.773],[18.9628,49.7742],[18.9628,49.7764],[18.9633,49.7776],[18.9643,49.7783],[18.9651,49.7792],[18.9664,49.7797],[18.9693,49.7806],[18.9706,49.7805],[18.9727,49.7808],[18.9731,49.781],[18.9727,49.7835],[18.9724,49.7841],[18.974,49.7845],[18.9741,49.7851],[18.9753,49.7851],[18.9764,49.7879],[18.9766,49.7892],[18.9764,49.7913],[18.9751,49.791],[18.9745,49.7924],[18.9743,49.7939],[18.9735,49.7941],[18.9742,49.7949],[18.9743,49.7959],[18.9749,49.7966],[18.9753,49.7978],[18.9739,49.7978],[18.9745,49.799],[18.9739,49.7992],[18.9723,49.7991],[18.9727,49.8007],[18.9714,49.8026],[18.9707,49.8026],[18.9692,49.807],[18.9679,49.8069],[18.9677,49.8089],[18.9647,49.8091],[18.963,49.8094],[18.9593,49.8094],[18.9567,49.8091],[18.9535,49.809],[18.9533,49.8099],[18.9512,49.8111],[18.9508,49.8128],[18.9499,49.8133],[18.9509,49.814],[18.9514,49.8155],[18.9533,49.8174],[18.9539,49.817],[18.9555,49.8185],[18.9559,49.8195],[18.957,49.8198],[18.9591,49.8217],[18.9599,49.8221],[18.9615,49.8233],[18.9622,49.8235],[18.9624,49.8242],[18.9633,49.8251],[18.9648,49.826],[18.9649,49.8268],[18.9643,49.8275],[18.9648,49.8279],[18.9647,49.8287],[18.9639,49.8291],[18.9635,49.8301],[18.9678,49.8278],[18.9693,49.8292],[18.9703,49.8309],[18.9712,49.8321],[18.9709,49.8332],[18.9705,49.8337],[18.9707,49.8344],[18.9721,49.8344],[18.9741,49.8348],[18.9746,49.8353],[18.9747,49.8361],[18.9729,49.8391],[18.9736,49.8395],[18.9733,49.8405],[18.9753,49.8405],[18.9751,49.8411],[18.9765,49.8414],[18.9809,49.8416],[18.9847,49.8422],[18.9874,49.8424],[18.9915,49.8435],[18.9922,49.842],[18.9932,49.8415],[18.9951,49.8422],[18.9961,49.8435],[18.9959,49.8438],[18.9977,49.8444],[18.9993,49.8446],[19.0018,49.8447],[19.0034,49.845],[19.0063,49.845],[19.0079,49.846],[19.0099,49.8466],[19.0117,49.8475],[19.0123,49.8473],[19.0133,49.8475],[19.0144,49.8495],[19.015,49.8515],[19.0144,49.8528],[19.014,49.8544],[19.0121,49.8543],[19.0108,49.8539],[19.01,49.8545],[19.01,49.8555],[19.0107,49.8562],[19.0125,49.857],[19.0129,49.8578],[19.0128,49.8588],[19.0119,49.8587],[19.0116,49.8619],[19.0105,49.863],[19.0108,49.8633],[19.0115,49.8651],[19.0126,49.8655],[19.0131,49.8665],[19.0135,49.8665],[19.0144,49.8674],[19.0145,49.8687],[19.0142,49.8693],[19.0168,49.8698],[19.0179,49.8702],[19.0194,49.8699],[19.0226,49.8698],[19.0246,49.8691],[19.0257,49.8691],[19.0281,49.8685],[19.0322,49.8685],[19.0367,49.8683],[19.0394,49.8677],[19.0398,49.8683],[19.0406,49.8683],[19.0418,49.8688],[19.0417,49.8701],[19.041,49.8706],[19.0394,49.8731],[19.0391,49.874],[19.0392,49.8755],[19.0386,49.8764],[19.0389,49.8783],[19.0389,49.8794],[19.0382,49.8804],[19.037,49.8808],[19.0363,49.8816],[19.037,49.8827],[19.038,49.8828],[19.0382,49.8837],[19.0397,49.8841],[19.0396,49.8845],[19.0414,49.8849],[19.0423,49.8849],[19.0442,49.8861],[19.0453,49.8858],[19.0482,49.8874],[19.0539,49.8853],[19.0561,49.8855],[19.0565,49.8846],[19.0556,49.884],[19.055,49.883],[19.0543,49.8825],[19.0543,49.8812],[19.0549,49.8802],[19.0574,49.8802],[19.0581,49.8793],[19.0587,49.8793],[19.0601,49.8779],[19.0617,49.8775],[19.063,49.8766],[19.0655,49.8769],[19.0681,49.8769],[19.0674,49.8757],[19.0674,49.8752],[19.0664,49.8752],[19.0661,49.8733],[19.0672,49.8732],[19.0673,49.8746],[19.0685,49.874],[19.0698,49.8749],[19.0703,49.8746],[19.0729,49.8746],[19.0742,49.8742],[19.0749,49.8748],[19.0768,49.8747],[19.0784,49.8743],[19.0803,49.8735],[19.0833,49.8731],[19.0883,49.8726],[19.0902,49.8717],[19.0916,49.8702],[19.0941,49.8692],[19.0951,49.8682],[19.0959,49.8682],[19.0974,49.8694],[19.0974,49.8698],[19.0991,49.8704],[19.0997,49.8712],[19.1007,49.8711],[19.1004,49.8719],[19.1007,49.8726],[19.1029,49.8727],[19.1044,49.8738],[19.1044,49.8743],[19.1058,49.8744],[19.1064,49.8748],[19.1064,49.8753],[19.108,49.8754],[19.1084,49.8758],[19.11,49.876],[19.1102,49.8756],[19.1132,49.8759],[19.1138,49.8748],[19.1138,49.8739],[19.1134,49.8729],[19.1121,49.8731],[19.1126,49.8724],[19.1138,49.8715],[19.1138,49.8708],[19.1131,49.8693],[19.1142,49.8689],[19.1165,49.8676],[19.1165,49.8667],[19.1169,49.8653],[19.1168,49.8639],[19.1165,49.8634],[19.115,49.8624],[19.113,49.8603],[19.1128,49.8596],[19.1138,49.8574],[19.1141,49.8552],[19.1151,49.8533],[19.1155,49.8531],[19.1159,49.8521],[19.1165,49.8514],[19.1167,49.8501],[19.1163,49.8488],[19.1173,49.8456],[19.1172,49.8447],[19.1153,49.843],[19.1153,49.8422],[19.1167,49.8406],[19.1167,49.8397],[19.1174,49.8375],[19.118,49.8362],[19.1181,49.8343],[19.1189,49.8302],[19.1191,49.8288],[19.1204,49.8285],[19.1214,49.8256],[19.1219,49.8251],[19.1237,49.8246],[19.1257,49.8234],[19.1273,49.8228],[19.1276,49.8219],[19.1285,49.8212],[19.1304,49.8204],[19.1302,49.8189],[19.1292,49.8178],[19.1289,49.8167],[19.1294,49.8156],[19.1306,49.815],[19.1313,49.8141],[19.1292,49.8138],[19.1266,49.8138],[19.1241,49.8144],[19.1223,49.8162],[19.121,49.8161],[19.1196,49.8157],[19.1192,49.8163],[19.1183,49.8167],[19.1172,49.8167],[19.116,49.8161],[19.1157,49.8156],[19.116,49.8145],[19.1153,49.8145],[19.1148,49.815],[19.113,49.8155],[19.1126,49.8148],[19.1135,49.8131],[19.1121,49.8135],[19.1108,49.8136],[19.1101,49.813],[19.1099,49.8122],[19.1085,49.8123],[19.1071,49.812],[19.1063,49.8109],[19.1058,49.8109],[19.105,49.8098],[19.1044,49.8082],[19.1019,49.807],[19.1021,49.8067],[19.1011,49.8056],[19.0998,49.8047],[19.1,49.8024],[19.0999,49.8014],[19.1026,49.7994],[19.1044,49.7977],[19.1064,49.7962],[19.109,49.7961],[19.1105,49.7966],[19.111,49.7971],[19.1107,49.7976],[19.111,49.7983],[19.1136,49.799],[19.1165,49.7999],[19.1179,49.7999],[19.1191,49.8001],[19.1193,49.7997],[19.1191,49.7986],[19.1214,49.7963],[19.1217,49.7946],[19.1229,49.7935],[19.1246,49.7928],[19.1255,49.7922],[19.1245,49.7913],[19.1251,49.7905],[19.1227,49.7901],[19.1231,49.7885],[19.1241,49.7872],[19.1228,49.7872],[19.1215,49.7869],[19.1212,49.7865],[19.1174,49.7844],[19.117,49.7844],[19.1152,49.7833],[19.1158,49.7828],[19.1153,49.7822],[19.1126,49.7827],[19.1104,49.7826],[19.1092,49.7823],[19.106,49.782],[19.1043,49.7821],[19.1026,49.7828],[19.1021,49.7837],[19.1005,49.7848],[19.0999,49.7838],[19.0972,49.7829],[19.0962,49.782],[19.0951,49.7818],[19.0945,49.7807],[19.0938,49.7803],[19.092,49.7783],[19.0907,49.7777],[19.0882,49.7772],[19.0864,49.7759],[19.0862,49.7755],[19.0846,49.7748],[19.0841,49.7742],[19.0828,49.7744],[19.0818,49.7743],[19.079,49.775],[19.0774,49.7764],[19.0764,49.7771],[19.0741,49.776],[19.0733,49.7755],[19.0729,49.7743],[19.0714,49.7732],[19.0693,49.7725],[19.0686,49.7719],[19.0679,49.7709],[19.0678,49.7701],[19.0685,49.7699],[19.068,49.768],[19.069,49.7675],[19.0681,49.7667],[19.0669,49.7672],[19.0664,49.7666],[19.065,49.7658],[19.0646,49.7661],[19.0631,49.7657],[19.0625,49.7644],[19.063,49.7633],[19.0615,49.7629],[19.0611,49.7635],[19.0593,49.7638],[19.0573,49.7634],[19.0567,49.7641],[19.0558,49.7634],[19.0545,49.7633],[19.0545,49.7627],[19.0515,49.7625],[19.0503,49.7623],[19.0491,49.7625],[19.0469,49.7623],[19.0456,49.7624],[19.0455,49.7628],[19.0436,49.7629],[19.0417,49.7623],[19.0399,49.7632],[19.0383,49.7632],[19.0372,49.7628],[19.0371,49.7638],[19.0341,49.7634],[19.0332,49.7639],[19.032,49.7657],[19.0325,49.7678],[19.0316,49.7678],[19.0286,49.7671],[19.0261,49.7668],[19.0242,49.7667],[19.0215,49.7658],[19.0182,49.7644],[19.0168,49.7646],[19.0146,49.7642],[19.0123,49.763],[19.0114,49.7628],[19.0099,49.7628],[19.0078,49.7621],[19.0035,49.761],[19.0025,49.7606],[19.0026,49.7589],[19.0024,49.7571],[19.0026,49.7559],[19.0014,49.7546],[19.0002,49.7522],[18.9992,49.7518],[18.9977,49.7508],[18.9965,49.7497],[18.9957,49.7486],[18.9937,49.7472],[18.9936,49.7451],[18.9937,49.7437],[18.9945,49.7413],[18.9951,49.74],[18.9934,49.739],[18.9901,49.7385],[18.9875,49.7369],[18.9864,49.7367]]]}},{"type":"Feature","properties":{"slug":"legnica","name":"Legnica","bdlUnitId":"030210262000","voivodeship":"dolnośląskie","lat":51.20172,"lon":16.16749},"geometry":{"type":"Polygon","coordinates":[[[16.1282,51.2002],[16.1278,51.2002],[16.1236,51.1994],[16.1219,51.2042],[16.1243,51.2046],[16.1243,51.2051],[16.1231,51.21],[16.1229,51.2115],[16.1241,51.2117],[16.1266,51.2117],[16.1297,51.2124],[16.1329,51.2124],[16.1342,51.2128],[16.1338,51.2148],[16.1337,51.216],[16.1333,51.218],[16.1332,51.2193],[16.1328,51.2214],[16.1333,51.2216],[16.1376,51.2215],[16.1462,51.2207],[16.1479,51.2221],[16.1493,51.2228],[16.1495,51.2233],[16.1509,51.2242],[16.1507,51.2249],[16.1515,51.227],[16.1509,51.2279],[16.1509,51.2285],[16.1518,51.2293],[16.1513,51.2303],[16.1506,51.2333],[16.148,51.2373],[16.1471,51.2377],[16.1461,51.2392],[16.1448,51.2397],[16.1449,51.2409],[16.1447,51.2416],[16.1435,51.2436],[16.1423,51.2442],[16.1411,51.246],[16.1394,51.2472],[16.1402,51.2476],[16.1423,51.2483],[16.1451,51.2488],[16.1456,51.2476],[16.1464,51.2468],[16.1486,51.2452],[16.1504,51.2436],[16.1526,51.2425],[16.1545,51.2393],[16.156,51.2402],[16.1581,51.24],[16.158,51.2395],[16.1594,51.2388],[16.1597,51.2383],[16.1582,51.236],[16.1608,51.2356],[16.1619,51.2386],[16.1632,51.2416],[16.1641,51.2444],[16.1648,51.2458],[16.1651,51.2468],[16.1658,51.2476],[16.1709,51.248],[16.1743,51.248],[16.1767,51.2479],[16.1796,51.2475],[16.1802,51.2476],[16.1804,51.2452],[16.1787,51.2433],[16.1816,51.2426],[16.1842,51.2421],[16.1867,51.2419],[16.1918,51.2411],[16.1956,51.2407],[16.1954,51.2418],[16.1967,51.242],[16.1965,51.2436],[16.1969,51.2439],[16.1994,51.2445],[16.2057,51.2454],[16.2083,51.2453],[16.2119,51.2461],[16.214,51.245],[16.2146,51.2444],[16.2155,51.2425],[16.2161,51.2418],[16.2171,51.2413],[16.2191,51.2411],[16.2205,51.2402],[16.2196,51.2386],[16.2191,51.2369],[16.2194,51.2353],[16.2189,51.2347],[16.2184,51.2335],[16.2175,51.232],[16.2173,51.2311],[16.2158,51.2286],[16.2154,51.227],[16.2171,51.2264],[16.219,51.2263],[16.2189,51.2251],[16.2192,51.2243],[16.2181,51.2235],[16.2194,51.2223],[16.22,51.2215],[16.2215,51.2207],[16.2227,51.2203],[16.2235,51.2203],[16.2265,51.2212],[16.2284,51.2213],[16.2297,51.222],[16.2316,51.2218],[16.2324,51.2212],[16.2325,51.2204],[16.2332,51.2196],[16.2332,51.219],[16.2323,51.218],[16.2312,51.2172],[16.2296,51.2164],[16.2276,51.2151],[16.2275,51.2148],[16.2256,51.2137],[16.2259,51.2131],[16.2276,51.2126],[16.2283,51.2122],[16.2289,51.2111],[16.2284,51.2107],[16.2274,51.2106],[16.2269,51.2101],[16.2272,51.2097],[16.2282,51.2096],[16.2285,51.2082],[16.2273,51.2079],[16.2265,51.2061],[16.2256,51.2058],[16.225,51.2048],[16.2249,51.2034],[16.2271,51.2026],[16.2276,51.2016],[16.23,51.1998],[16.2302,51.1987],[16.2286,51.1979],[16.2272,51.1969],[16.2246,51.1963],[16.2245,51.1954],[16.2238,51.1946],[16.223,51.1944],[16.2207,51.1933],[16.2205,51.1924],[16.2208,51.1918],[16.2218,51.1914],[16.2224,51.1908],[16.2217,51.1899],[16.2202,51.1889],[16.2189,51.1884],[16.2173,51.1882],[16.2167,51.1886],[16.2133,51.1894],[16.2135,51.1901],[16.2093,51.1904],[16.2089,51.1891],[16.2066,51.1892],[16.2038,51.1892],[16.2024,51.1899],[16.2016,51.1901],[16.2008,51.1907],[16.199,51.1916],[16.1992,51.1922],[16.1986,51.1927],[16.1975,51.193],[16.1968,51.1926],[16.1953,51.1933],[16.1947,51.1914],[16.1939,51.1895],[16.1928,51.186],[16.1923,51.1847],[16.1914,51.1814],[16.1904,51.1787],[16.1903,51.178],[16.194,51.1779],[16.1936,51.1768],[16.1925,51.176],[16.1891,51.1751],[16.1884,51.1733],[16.1873,51.1699],[16.1855,51.1652],[16.1844,51.162],[16.1841,51.1608],[16.1837,51.1607],[16.1799,51.1607],[16.175,51.1609],[16.1749,51.1605],[16.1728,51.1607],[16.1692,51.1606],[16.1653,51.1608],[16.165,51.1612],[16.1617,51.1612],[16.156,51.1614],[16.149,51.1617],[16.1446,51.1617],[16.1435,51.1618],[16.1384,51.162],[16.1361,51.162],[16.1308,51.1623],[16.1273,51.1628],[16.1218,51.1638],[16.1165,51.1647],[16.1094,51.1661],[16.1089,51.1661],[16.1057,51.1668],[16.1065,51.1677],[16.1071,51.1693],[16.1063,51.1715],[16.1054,51.1712],[16.1037,51.1711],[16.1048,51.1722],[16.1044,51.1739],[16.1032,51.1751],[16.1017,51.1761],[16.1009,51.178],[16.1001,51.1793],[16.0994,51.18],[16.0983,51.1803],[16.0978,51.1801],[16.0941,51.1793],[16.093,51.1807],[16.0891,51.1804],[16.0868,51.1805],[16.0839,51.1804],[16.0833,51.1813],[16.0847,51.1816],[16.0898,51.1831],[16.09,51.183],[16.0928,51.184],[16.0976,51.1859],[16.1055,51.1888],[16.1063,51.1892],[16.1143,51.1922],[16.1163,51.1936],[16.1177,51.1943],[16.1239,51.1982],[16.1273,51.1996],[16.1282,51.2002]]]}},{"type":"Feature","properties":{"slug":"sopot","name":"Sopot","bdlUnitId":"042214364000","voivodeship":"pomorskie","lat":54.43936,"lon":18.5446},"geometry":{"type":"Polygon","coordinates":[[[18.5075,54.4228],[18.5088,54.4237],[18.5095,54.4239],[18.5099,54.4248],[18.5104,54.4249],[18.5112,54.4279],[18.5096,54.4294],[18.5097,54.4305],[18.5066,54.4314],[18.508,54.4331],[18.5081,54.437],[18.5084,54.4374],[18.5106,54.4386],[18.5114,54.4389],[18.5119,54.4396],[18.5129,54.4401],[18.5137,54.4409],[18.5099,54.4419],[18.506,54.4431],[18.5052,54.4438],[18.5045,54.445],[18.5068,54.446],[18.5125,54.4487],[18.5139,54.4493],[18.5192,54.4518],[18.5188,54.4545],[18.5194,54.4554],[18.5212,54.4561],[18.52,54.4578],[18.5226,54.4575],[18.525,54.4575],[18.5315,54.4583],[18.5327,54.4589],[18.5353,54.459],[18.5365,54.4589],[18.5389,54.4583],[18.5396,54.4579],[18.5411,54.4577],[18.5433,54.4571],[18.5436,54.4604],[18.5452,54.4604],[18.5459,54.4608],[18.5479,54.4615],[18.5487,54.4614],[18.5524,54.4622],[18.5553,54.4622],[18.5562,54.463],[18.5571,54.463],[18.5576,54.4635],[18.5587,54.4637],[18.5605,54.4637],[18.5609,54.464],[18.5622,54.4639],[18.562,54.4616],[18.5625,54.4594],[18.5646,54.4553],[18.5654,54.454],[18.5674,54.4512],[18.57,54.4484],[18.5731,54.4463],[18.5744,54.4436],[18.5771,54.4409],[18.58,54.4383],[18.5851,54.4345],[18.5875,54.433],[18.5903,54.431],[18.5912,54.4302],[18.5891,54.429],[18.5864,54.4273],[18.5834,54.4257],[18.5821,54.427],[18.5795,54.4263],[18.5798,54.4258],[18.5801,54.4242],[18.5785,54.4243],[18.5775,54.425],[18.5764,54.4249],[18.5728,54.4239],[18.5706,54.4235],[18.5661,54.4239],[18.5633,54.4238],[18.5619,54.4224],[18.5612,54.4224],[18.5593,54.423],[18.5574,54.4197],[18.554,54.4209],[18.5529,54.4214],[18.5494,54.4221],[18.5479,54.4225],[18.5463,54.4224],[18.5444,54.4226],[18.5434,54.4221],[18.5409,54.4216],[18.5389,54.422],[18.5373,54.4218],[18.5319,54.423],[18.5279,54.4232],[18.5244,54.4227],[18.5208,54.4218],[18.5194,54.4213],[18.517,54.4212],[18.5143,54.4219],[18.512,54.4223],[18.5075,54.4228]]]}},{"type":"Feature","properties":{"slug":"kalisz","name":"Kalisz","bdlUnitId":"023015761000","voivodeship":"wielkopolskie","lat":51.74395,"lon":18.07609},"geometry":{"type":"Polygon","coordinates":[[[18.0096,51.7597],[18.0108,51.7603],[18.0134,51.7603],[18.0146,51.7601],[18.0146,51.7611],[18.0162,51.7623],[18.0177,51.7631],[18.0191,51.763],[18.0207,51.7631],[18.0225,51.7627],[18.0246,51.763],[18.0288,51.764],[18.0322,51.7646],[18.035,51.7653],[18.038,51.7672],[18.0392,51.7684],[18.0405,51.7694],[18.0398,51.7698],[18.0344,51.7716],[18.0325,51.7723],[18.0326,51.7729],[18.0341,51.7738],[18.0368,51.7752],[18.0383,51.7762],[18.042,51.7793],[18.0425,51.7795],[18.0462,51.7776],[18.0473,51.7773],[18.0498,51.7759],[18.0532,51.7792],[18.0533,51.7803],[18.0536,51.7808],[18.0549,51.7801],[18.0579,51.779],[18.0601,51.7784],[18.061,51.7805],[18.0626,51.7821],[18.0639,51.7825],[18.0663,51.7835],[18.0669,51.7835],[18.0683,51.7841],[18.0691,51.7841],[18.0702,51.7845],[18.0745,51.7848],[18.077,51.7854],[18.0804,51.7869],[18.082,51.788],[18.0838,51.7897],[18.0867,51.7908],[18.09,51.7918],[18.0959,51.7939],[18.0993,51.7874],[18.1004,51.7854],[18.1035,51.7866],[18.1043,51.7858],[18.1066,51.7866],[18.1075,51.7853],[18.1087,51.7831],[18.1086,51.7817],[18.1144,51.7771],[18.1172,51.775],[18.1192,51.776],[18.1212,51.7746],[18.1232,51.773],[18.1274,51.7699],[18.1242,51.7682],[18.1289,51.7645],[18.1311,51.7629],[18.1304,51.7625],[18.1332,51.7604],[18.1323,51.7602],[18.1345,51.759],[18.1358,51.7598],[18.137,51.7602],[18.1439,51.7598],[18.1452,51.7598],[18.1522,51.7593],[18.1512,51.7558],[18.1511,51.7535],[18.1505,51.7496],[18.1523,51.7493],[18.1571,51.7487],[18.1568,51.7477],[18.1562,51.7477],[18.1553,51.7452],[18.1544,51.7432],[18.1516,51.7431],[18.1493,51.738],[18.1507,51.7369],[18.1496,51.7345],[18.1492,51.7339],[18.1473,51.7332],[18.1459,51.7333],[18.1449,51.7331],[18.1446,51.7327],[18.1425,51.7319],[18.1424,51.7316],[18.1403,51.7307],[18.1381,51.7307],[18.1366,51.7312],[18.1358,51.7319],[18.1328,51.7318],[18.1328,51.7309],[18.1318,51.7307],[18.1305,51.7315],[18.13,51.731],[18.1293,51.7315],[18.1282,51.7306],[18.1284,51.7293],[18.1284,51.7279],[18.1281,51.7272],[18.1293,51.7256],[18.1307,51.7253],[18.1307,51.7246],[18.13,51.7235],[18.1299,51.721],[18.1302,51.7206],[18.129,51.7194],[18.1279,51.718],[18.127,51.7166],[18.1259,51.716],[18.1261,51.7152],[18.1241,51.7134],[18.1216,51.711],[18.119,51.7092],[18.1163,51.7099],[18.1153,51.7099],[18.1145,51.7096],[18.1109,51.7092],[18.1079,51.7091],[18.1066,51.7097],[18.1059,51.709],[18.1052,51.709],[18.1035,51.7079],[18.1026,51.7079],[18.1018,51.7066],[18.094,51.7062],[18.0941,51.7075],[18.0902,51.7076],[18.0882,51.7078],[18.0873,51.7066],[18.0874,51.7062],[18.0855,51.7066],[18.0843,51.7072],[18.0816,51.7057],[18.0812,51.7053],[18.0778,51.7034],[18.0746,51.7021],[18.0734,51.7012],[18.0722,51.7008],[18.0712,51.7008],[18.0697,51.7014],[18.0679,51.7016],[18.0634,51.7015],[18.0616,51.7024],[18.0611,51.7038],[18.0584,51.706],[18.0572,51.7071],[18.0549,51.7089],[18.0516,51.7117],[18.0501,51.712],[18.0467,51.7122],[18.0442,51.7126],[18.0407,51.7134],[18.0372,51.7136],[18.0362,51.7117],[18.0338,51.7097],[18.0295,51.7114],[18.0283,51.712],[18.0263,51.7127],[18.0256,51.7131],[18.0233,51.714],[18.0197,51.7149],[18.0167,51.7152],[18.0145,51.7128],[18.0134,51.712],[18.0117,51.7127],[18.0103,51.7139],[18.0088,51.7143],[18.0073,51.7145],[18.0051,51.7153],[18.0019,51.7159],[17.9992,51.7174],[17.9979,51.7176],[17.9988,51.7193],[18.0005,51.723],[18.0017,51.7258],[18.0077,51.7242],[18.01,51.7259],[18.0127,51.7277],[18.0147,51.7287],[18.0178,51.7327],[18.018,51.7331],[18.0153,51.7331],[18.0135,51.7329],[18.0125,51.733],[18.0094,51.7342],[18.0055,51.7368],[18.0048,51.7402],[18.0009,51.7399],[17.9987,51.7402],[17.995,51.7411],[17.9957,51.7433],[17.9977,51.7441],[17.9999,51.744],[18.0002,51.7445],[18.0018,51.7454],[18.002,51.7462],[18.0036,51.7479],[18.0051,51.7485],[18.0061,51.7487],[18.0057,51.7522],[18.0066,51.7536],[18.0075,51.7543],[18.0087,51.7556],[18.0095,51.7571],[18.0095,51.7582],[18.0099,51.7592],[18.0096,51.7597]]]}},{"type":"Feature","properties":{"slug":"tychy","name":"Tychy","bdlUnitId":"012415177000","voivodeship":"śląskie","lat":50.12309,"lon":19.00263},"geometry":{"type":"Polygon","coordinates":[[[18.9331,50.0819],[18.9372,50.0867],[18.9393,50.0897],[18.9415,50.093],[18.9422,50.0942],[18.9436,50.0961],[18.946,50.0998],[18.9471,50.1013],[18.9471,50.1023],[18.9479,50.1025],[18.9497,50.1052],[18.9508,50.1067],[18.954,50.1115],[18.9515,50.1122],[18.9512,50.1127],[18.9524,50.1132],[18.9536,50.1127],[18.9546,50.1138],[18.9538,50.1151],[18.9541,50.1156],[18.9535,50.1161],[18.9505,50.1165],[18.95,50.1173],[18.9509,50.1191],[18.9517,50.1196],[18.9526,50.1193],[18.9539,50.1192],[18.9545,50.1205],[18.9559,50.1213],[18.9548,50.1226],[18.953,50.123],[18.9522,50.1235],[18.9482,50.1229],[18.947,50.1225],[18.9455,50.1223],[18.9434,50.1213],[18.9422,50.1212],[18.9398,50.122],[18.9384,50.1234],[18.9347,50.1218],[18.933,50.1216],[18.9319,50.1218],[18.9327,50.1226],[18.9329,50.124],[18.9327,50.1242],[18.9332,50.1253],[18.9331,50.1262],[18.9322,50.1276],[18.9308,50.1275],[18.9305,50.128],[18.9293,50.1285],[18.9283,50.1297],[18.926,50.1315],[18.9253,50.1323],[18.9256,50.1333],[18.93,50.1336],[18.9294,50.1348],[18.9301,50.1353],[18.9321,50.1361],[18.9324,50.1375],[18.9341,50.1391],[18.9331,50.1392],[18.9317,50.1398],[18.9307,50.1411],[18.9314,50.1421],[18.9323,50.1438],[18.9326,50.145],[18.9312,50.1452],[18.9295,50.1457],[18.9271,50.1462],[18.928,50.1476],[18.9282,50.1484],[18.9297,50.1484],[18.93,50.1499],[18.9304,50.1507],[18.9316,50.1519],[18.9335,50.1516],[18.9339,50.1522],[18.9352,50.1523],[18.935,50.1527],[18.9337,50.1534],[18.9318,50.1542],[18.9342,50.1586],[18.9352,50.1584],[18.9351,50.158],[18.9361,50.1577],[18.9356,50.1571],[18.936,50.1564],[18.9369,50.1557],[18.9369,50.1541],[18.938,50.1557],[18.9389,50.1559],[18.9401,50.1575],[18.9421,50.1563],[18.9458,50.1559],[18.9472,50.1551],[18.948,50.1559],[18.9489,50.1556],[18.9506,50.1571],[18.951,50.1577],[18.9504,50.1581],[18.9492,50.158],[18.949,50.1587],[18.9482,50.1595],[18.949,50.16],[18.9498,50.1596],[18.9507,50.1588],[18.9523,50.1586],[18.9526,50.1591],[18.955,50.1592],[18.9572,50.1591],[18.9585,50.1596],[18.9578,50.1602],[18.9579,50.1606],[18.9599,50.16],[18.9632,50.1621],[18.9652,50.1629],[18.9669,50.1628],[18.9676,50.1623],[18.9668,50.1617],[18.9671,50.1614],[18.9683,50.1614],[18.9691,50.1623],[18.9705,50.1622],[18.9723,50.1633],[18.9738,50.164],[18.9759,50.1641],[18.9768,50.1647],[18.9785,50.1654],[18.9795,50.166],[18.981,50.1673],[18.9823,50.1674],[18.9863,50.1674],[18.9872,50.1677],[18.9879,50.1673],[18.991,50.1662],[18.9922,50.1654],[18.9936,50.1654],[18.9943,50.1662],[18.9952,50.1668],[18.9929,50.1677],[18.9918,50.1678],[18.9907,50.1706],[18.9947,50.1712],[18.9978,50.1718],[19.0091,50.1736],[19.0113,50.174],[19.017,50.1749],[19.0184,50.1752],[19.0222,50.1758],[19.023,50.1745],[19.0223,50.1737],[19.0228,50.1723],[19.0236,50.1706],[19.0241,50.169],[19.0261,50.1693],[19.0269,50.1691],[19.0276,50.1696],[19.0298,50.1699],[19.0303,50.1681],[19.0313,50.1673],[19.0354,50.1657],[19.0372,50.1647],[19.0385,50.1637],[19.0386,50.1632],[19.0394,50.1624],[19.0397,50.1611],[19.0387,50.1601],[19.0378,50.1584],[19.0364,50.157],[19.0361,50.1563],[19.0364,50.1548],[19.0374,50.1535],[19.0379,50.1525],[19.0381,50.1512],[19.038,50.1493],[19.0373,50.1464],[19.038,50.145],[19.0402,50.1436],[19.0452,50.1444],[19.0457,50.1429],[19.047,50.1397],[19.0479,50.1399],[19.0492,50.1394],[19.0525,50.1394],[19.0535,50.1401],[19.0544,50.1399],[19.0565,50.14],[19.0579,50.1395],[19.0591,50.1399],[19.0606,50.1407],[19.0612,50.1404],[19.0619,50.1392],[19.0642,50.1382],[19.0647,50.1374],[19.0675,50.1361],[19.069,50.1347],[19.0698,50.1333],[19.0698,50.1319],[19.0703,50.131],[19.0717,50.1303],[19.0727,50.1304],[19.0743,50.1301],[19.076,50.1305],[19.0785,50.1307],[19.0793,50.1305],[19.0816,50.1313],[19.0833,50.1308],[19.0777,50.1279],[19.0821,50.1276],[19.0817,50.1268],[19.0786,50.1259],[19.078,50.1253],[19.0758,50.1238],[19.0752,50.1229],[19.0754,50.1218],[19.0759,50.1205],[19.0759,50.1193],[19.0773,50.1176],[19.0781,50.1181],[19.0807,50.1163],[19.0818,50.1163],[19.0831,50.1155],[19.0828,50.1149],[19.0876,50.1145],[19.087,50.1116],[19.0888,50.111],[19.0887,50.1104],[19.0857,50.111],[19.0851,50.1113],[19.0846,50.1106],[19.0827,50.1114],[19.0816,50.1109],[19.0801,50.1115],[19.0793,50.111],[19.0787,50.1117],[19.0771,50.1125],[19.0759,50.1113],[19.0746,50.11],[19.0752,50.1096],[19.0758,50.1084],[19.0801,50.1078],[19.0851,50.1073],[19.0864,50.1073],[19.0874,50.1068],[19.0884,50.1066],[19.0897,50.1058],[19.0903,50.1045],[19.0912,50.1017],[19.0895,50.1017],[19.0889,50.1001],[19.0883,50.1002],[19.0881,50.0994],[19.0863,50.0993],[19.0845,50.0995],[19.0804,50.1003],[19.0784,50.1006],[19.0675,50.1018],[19.0621,50.1025],[19.0595,50.1033],[19.054,50.1062],[19.0547,50.1051],[19.0548,50.1043],[19.0569,50.1023],[19.0585,50.0998],[19.0603,50.098],[19.0605,50.0974],[19.06,50.0968],[19.06,50.0954],[19.0594,50.0945],[19.0593,50.0931],[19.0587,50.0916],[19.0578,50.0904],[19.0578,50.0895],[19.0563,50.0904],[19.0552,50.0903],[19.054,50.0905],[19.0515,50.0912],[19.0497,50.0914],[19.0495,50.0905],[19.0498,50.0898],[19.0492,50.0891],[19.0506,50.0886],[19.0511,50.0873],[19.053,50.0871],[19.0524,50.0841],[19.0513,50.0823],[19.0488,50.0825],[19.0463,50.083],[19.0456,50.0833],[19.0425,50.0835],[19.0415,50.0827],[19.0405,50.0807],[19.0397,50.0804],[19.0389,50.0794],[19.0383,50.0793],[19.0382,50.0784],[19.0361,50.0772],[19.036,50.0808],[19.0353,50.0809],[19.035,50.0818],[19.0328,50.0817],[19.0319,50.0813],[19.0311,50.0803],[19.0303,50.0804],[19.0297,50.0796],[19.0288,50.0795],[19.023,50.0798],[19.0219,50.0795],[19.0193,50.0795],[19.0166,50.0798],[19.0152,50.0794],[19.0117,50.0806],[19.0091,50.0817],[19.0073,50.082],[19.006,50.0829],[19.0045,50.0833],[19.0029,50.0834],[19.0014,50.0837],[18.9987,50.0827],[18.9939,50.0839],[18.9935,50.0815],[18.9912,50.0817],[18.9898,50.0817],[18.9886,50.0821],[18.9857,50.0818],[18.9828,50.081],[18.9802,50.0798],[18.9793,50.0801],[18.978,50.08],[18.9766,50.0804],[18.9746,50.0795],[18.9719,50.0796],[18.9714,50.0795],[18.9699,50.0799],[18.9691,50.0803],[18.9679,50.0797],[18.9648,50.0797],[18.9643,50.0799],[18.962,50.08],[18.962,50.0829],[18.9593,50.0833],[18.9564,50.0841],[18.9543,50.0841],[18.9512,50.0839],[18.9487,50.0842],[18.9474,50.0842],[18.9442,50.0837],[18.9397,50.0831],[18.9357,50.0833],[18.9349,50.0835],[18.9336,50.082],[18.9331,50.0819]]]}},{"type":"Feature","properties":{"slug":"rybnik","name":"Rybnik","bdlUnitId":"012414973000","voivodeship":"śląskie","lat":50.10558,"lon":18.54423},"geometry":{"type":"Polygon","coordinates":[[[18.642,50.0507],[18.6412,50.0507],[18.6399,50.0503],[18.6387,50.0497],[18.6366,50.0497],[18.636,50.0494],[18.6342,50.0494],[18.6331,50.0489],[18.6319,50.049],[18.6298,50.0487],[18.6288,50.0482],[18.628,50.0483],[18.627,50.0478],[18.6253,50.0476],[18.6238,50.0471],[18.6229,50.0473],[18.6224,50.0467],[18.6215,50.0463],[18.6208,50.0465],[18.6198,50.0474],[18.6184,50.0475],[18.6171,50.0472],[18.6184,50.0465],[18.6173,50.0453],[18.6155,50.0442],[18.6146,50.0441],[18.6138,50.0436],[18.6123,50.043],[18.6113,50.0417],[18.61,50.0417],[18.6099,50.0413],[18.6093,50.0417],[18.609,50.0432],[18.608,50.0435],[18.6052,50.0434],[18.6032,50.0443],[18.6022,50.0432],[18.6033,50.043],[18.6013,50.0419],[18.6014,50.0415],[18.6005,50.0411],[18.5997,50.0408],[18.5983,50.0409],[18.5976,50.0407],[18.5965,50.0409],[18.5943,50.0403],[18.5938,50.0395],[18.595,50.0397],[18.597,50.0397],[18.5964,50.0375],[18.5953,50.0364],[18.5944,50.0359],[18.5927,50.0361],[18.5919,50.0354],[18.5913,50.0359],[18.5883,50.0361],[18.5877,50.0356],[18.5863,50.0362],[18.5872,50.0373],[18.5874,50.0379],[18.5877,50.0404],[18.5875,50.0414],[18.5884,50.0418],[18.588,50.0425],[18.5871,50.0429],[18.5849,50.0431],[18.5849,50.0437],[18.5842,50.045],[18.584,50.0465],[18.5815,50.0476],[18.5798,50.0481],[18.5789,50.0481],[18.5768,50.0486],[18.5765,50.0493],[18.5774,50.0493],[18.5795,50.0499],[18.58,50.0509],[18.5798,50.0521],[18.5801,50.0528],[18.582,50.0541],[18.5833,50.0546],[18.5807,50.0561],[18.5799,50.0569],[18.5787,50.0577],[18.5778,50.059],[18.5767,50.0612],[18.5721,50.0587],[18.5701,50.058],[18.5707,50.0576],[18.5687,50.056],[18.5692,50.0554],[18.568,50.0545],[18.5662,50.0528],[18.5638,50.0536],[18.561,50.0558],[18.5604,50.0556],[18.5585,50.057],[18.5577,50.0569],[18.5571,50.0579],[18.5557,50.0577],[18.555,50.057],[18.553,50.0571],[18.5518,50.0574],[18.5506,50.0573],[18.5502,50.057],[18.5488,50.0571],[18.5476,50.0565],[18.5469,50.0565],[18.547,50.0542],[18.5468,50.0536],[18.549,50.0536],[18.5489,50.053],[18.5456,50.0529],[18.5451,50.0546],[18.5453,50.0552],[18.545,50.0564],[18.5435,50.0568],[18.5431,50.0572],[18.5434,50.058],[18.5413,50.0589],[18.5401,50.0591],[18.5394,50.0589],[18.5384,50.0579],[18.5361,50.0559],[18.5353,50.055],[18.5347,50.0538],[18.5346,50.0528],[18.5351,50.0512],[18.5343,50.0496],[18.5342,50.049],[18.5328,50.0479],[18.5328,50.047],[18.5318,50.046],[18.5308,50.0447],[18.5297,50.0439],[18.5283,50.0442],[18.5269,50.0435],[18.5258,50.0434],[18.5247,50.043],[18.5243,50.0415],[18.5243,50.0407],[18.5247,50.0398],[18.5242,50.0395],[18.5232,50.0382],[18.523,50.0379],[18.5208,50.0376],[18.5176,50.0376],[18.5146,50.0384],[18.5135,50.0379],[18.5101,50.0373],[18.5085,50.0376],[18.5049,50.0372],[18.5021,50.0398],[18.5004,50.0426],[18.5002,50.0442],[18.5005,50.0461],[18.5003,50.0465],[18.5009,50.0488],[18.4997,50.0489],[18.4971,50.0501],[18.4967,50.0506],[18.4946,50.0518],[18.4926,50.0522],[18.4912,50.0519],[18.4898,50.0518],[18.4876,50.052],[18.486,50.0523],[18.4833,50.0525],[18.4814,50.0524],[18.4794,50.0526],[18.4807,50.0539],[18.4805,50.0547],[18.4809,50.0555],[18.4808,50.0566],[18.4811,50.0571],[18.4799,50.0574],[18.4798,50.0579],[18.4803,50.0592],[18.4798,50.0596],[18.4782,50.0597],[18.4772,50.0595],[18.4751,50.0596],[18.4755,50.0601],[18.4754,50.0607],[18.4762,50.0621],[18.4763,50.0627],[18.4754,50.0628],[18.4739,50.0624],[18.473,50.0616],[18.4723,50.06],[18.4699,50.0605],[18.4694,50.0604],[18.4692,50.0589],[18.4681,50.0591],[18.4682,50.06],[18.4645,50.0595],[18.4605,50.0594],[18.4594,50.0592],[18.4578,50.0592],[18.4557,50.0594],[18.4547,50.059],[18.4528,50.0588],[18.4522,50.061],[18.4546,50.0623],[18.4557,50.0633],[18.4562,50.0635],[18.4573,50.0645],[18.4577,50.0652],[18.4586,50.0658],[18.4586,50.0668],[18.4583,50.0673],[18.4584,50.0684],[18.46,50.069],[18.4619,50.0691],[18.4633,50.0694],[18.463,50.0702],[18.4616,50.0724],[18.4619,50.0736],[18.4591,50.0741],[18.4595,50.0745],[18.4612,50.0745],[18.4611,50.0765],[18.4612,50.0777],[18.4609,50.0793],[18.4613,50.0795],[18.4614,50.0804],[18.4567,50.0813],[18.4561,50.0812],[18.4539,50.0815],[18.4523,50.0819],[18.4503,50.0826],[18.449,50.0827],[18.4482,50.0823],[18.4485,50.0814],[18.4464,50.0808],[18.4442,50.0809],[18.4417,50.0812],[18.4425,50.0823],[18.444,50.0848],[18.4441,50.0865],[18.4432,50.0862],[18.4423,50.0864],[18.4438,50.0877],[18.445,50.0885],[18.4457,50.0892],[18.4471,50.0887],[18.447,50.0876],[18.4481,50.0877],[18.4484,50.0889],[18.4494,50.0885],[18.4506,50.0884],[18.4515,50.0889],[18.4528,50.0889],[18.4545,50.0897],[18.4564,50.0903],[18.4582,50.0892],[18.4584,50.0884],[18.4591,50.0875],[18.4606,50.087],[18.4617,50.0861],[18.4622,50.0854],[18.4642,50.0835],[18.4675,50.0827],[18.4688,50.0827],[18.4703,50.083],[18.4716,50.0843],[18.4736,50.0851],[18.4752,50.0853],[18.4772,50.0849],[18.4797,50.0846],[18.482,50.084],[18.4798,50.0922],[18.4796,50.0926],[18.4796,50.0942],[18.4799,50.0952],[18.4811,50.0957],[18.4811,50.0973],[18.4814,50.0981],[18.4816,50.0997],[18.4814,50.1006],[18.4821,50.1012],[18.4832,50.1026],[18.4859,50.1042],[18.486,50.1059],[18.4865,50.1067],[18.4896,50.1086],[18.4892,50.1089],[18.4891,50.11],[18.49,50.1121],[18.4892,50.1131],[18.4886,50.113],[18.488,50.1137],[18.4874,50.1137],[18.486,50.1144],[18.4858,50.1147],[18.4869,50.1145],[18.4889,50.1148],[18.49,50.1161],[18.492,50.1181],[18.4937,50.1204],[18.4916,50.1213],[18.4904,50.1216],[18.4899,50.1208],[18.4887,50.1214],[18.4876,50.1212],[18.486,50.1215],[18.4858,50.1212],[18.484,50.1214],[18.4838,50.121],[18.4828,50.1211],[18.4824,50.1206],[18.4814,50.1208],[18.4798,50.1216],[18.4783,50.1215],[18.4776,50.1207],[18.4757,50.1209],[18.4754,50.1206],[18.4713,50.119],[18.4709,50.119],[18.4673,50.1198],[18.4663,50.1198],[18.4595,50.1205],[18.4568,50.1204],[18.4522,50.1204],[18.4519,50.1206],[18.4537,50.1227],[18.458,50.128],[18.4581,50.128],[18.4612,50.1317],[18.4588,50.1325],[18.4613,50.1327],[18.4615,50.135],[18.4617,50.1356],[18.4616,50.1368],[18.4618,50.1375],[18.4632,50.1387],[18.4638,50.1382],[18.4646,50.1392],[18.4654,50.1391],[18.4658,50.1397],[18.4661,50.141],[18.4671,50.1412],[18.4662,50.1421],[18.465,50.142],[18.4606,50.1425],[18.4618,50.1455],[18.4609,50.1457],[18.4616,50.1472],[18.464,50.1472],[18.4647,50.1479],[18.4655,50.148],[18.4666,50.149],[18.4678,50.1491],[18.4667,50.1499],[18.4674,50.1504],[18.4666,50.1516],[18.4645,50.1509],[18.4638,50.1513],[18.4616,50.1503],[18.4554,50.1532],[18.4556,50.154],[18.4529,50.1545],[18.4503,50.1545],[18.4502,50.1555],[18.4535,50.1553],[18.4551,50.1554],[18.456,50.1552],[18.4574,50.1554],[18.4591,50.1554],[18.4601,50.1561],[18.4592,50.1594],[18.4626,50.1606],[18.4668,50.1619],[18.4663,50.1629],[18.4662,50.1639],[18.4625,50.1702],[18.475,50.1744],[18.4758,50.1737],[18.4764,50.1721],[18.4785,50.1721],[18.4819,50.1736],[18.4854,50.175],[18.486,50.1749],[18.4865,50.1729],[18.4862,50.1711],[18.4865,50.1701],[18.4908,50.1753],[18.4947,50.1799],[18.5048,50.1766],[18.5078,50.1757],[18.5111,50.1746],[18.5117,50.1753],[18.515,50.178],[18.516,50.1792],[18.5192,50.1796],[18.5208,50.1792],[18.5219,50.1791],[18.5243,50.1796],[18.5253,50.1796],[18.5269,50.1804],[18.5285,50.1818],[18.5306,50.1814],[18.5328,50.1812],[18.5355,50.1806],[18.5387,50.1809],[18.5406,50.1817],[18.5416,50.1831],[18.5451,50.1857],[18.5457,50.1855],[18.5469,50.1843],[18.5519,50.1823],[18.5553,50.1818],[18.558,50.181],[18.5634,50.1686],[18.5635,50.1681],[18.5695,50.1549],[18.5709,50.1516],[18.5724,50.1484],[18.5675,50.1475],[18.5682,50.1471],[18.5685,50.1464],[18.5678,50.1457],[18.567,50.1455],[18.5667,50.1448],[18.5657,50.1434],[18.5667,50.1423],[18.5658,50.1414],[18.5644,50.1419],[18.5626,50.1397],[18.561,50.1391],[18.5605,50.138],[18.5597,50.1371],[18.5588,50.1366],[18.5559,50.1355],[18.5533,50.1347],[18.5528,50.1341],[18.552,50.1326],[18.5521,50.1322],[18.5532,50.1321],[18.5543,50.1297],[18.5562,50.1301],[18.5586,50.1304],[18.5587,50.1312],[18.5584,50.1323],[18.5599,50.1323],[18.5596,50.1313],[18.5608,50.1309],[18.5606,50.1303],[18.5599,50.13],[18.5603,50.1293],[18.5611,50.1297],[18.5619,50.1286],[18.5629,50.1287],[18.5633,50.1282],[18.5623,50.1278],[18.5639,50.1275],[18.5637,50.1269],[18.5669,50.1274],[18.5677,50.1271],[18.5685,50.1264],[18.569,50.1255],[18.5701,50.1252],[18.5706,50.1247],[18.5727,50.1251],[18.5732,50.1255],[18.5741,50.1256],[18.5732,50.1268],[18.5731,50.1278],[18.5726,50.1287],[18.5718,50.1292],[18.5708,50.131],[18.5702,50.1325],[18.5734,50.1353],[18.5754,50.1377],[18.5788,50.1372],[18.5801,50.1381],[18.5811,50.1393],[18.5826,50.1406],[18.5842,50.1405],[18.5879,50.1412],[18.5919,50.1425],[18.5948,50.1444],[18.5971,50.1455],[18.6011,50.1481],[18.6021,50.1486],[18.6046,50.1494],[18.6077,50.1494],[18.6099,50.1492],[18.6111,50.1496],[18.6141,50.1503],[18.6171,50.1508],[18.6203,50.1508],[18.623,50.1517],[18.6247,50.1521],[18.6272,50.1522],[18.6291,50.1527],[18.6301,50.1515],[18.6316,50.1517],[18.6319,50.1513],[18.6309,50.1507],[18.6292,50.1494],[18.6256,50.147],[18.6227,50.1456],[18.6228,50.1452],[18.6207,50.1442],[18.6194,50.143],[18.6178,50.142],[18.6176,50.141],[18.6168,50.1397],[18.6164,50.1386],[18.6143,50.1357],[18.6137,50.1343],[18.6129,50.1334],[18.6116,50.1316],[18.6103,50.1321],[18.6094,50.1313],[18.6081,50.1317],[18.6061,50.132],[18.6049,50.1345],[18.6031,50.1339],[18.6006,50.1324],[18.5996,50.1315],[18.598,50.1296],[18.5958,50.1284],[18.5949,50.1276],[18.5932,50.1241],[18.5917,50.1239],[18.5911,50.1236],[18.5916,50.1206],[18.5919,50.1194],[18.5922,50.1171],[18.5926,50.1165],[18.5965,50.1171],[18.5979,50.1174],[18.602,50.118],[18.6033,50.1183],[18.608,50.1191],[18.6135,50.1209],[18.6145,50.1202],[18.6144,50.119],[18.6135,50.1182],[18.6139,50.1173],[18.615,50.1168],[18.6159,50.1156],[18.6174,50.1149],[18.6169,50.1141],[18.6172,50.1134],[18.6169,50.1126],[18.6168,50.1109],[18.6173,50.1103],[18.6166,50.1092],[18.6176,50.1088],[18.6184,50.1082],[18.6196,50.108],[18.6206,50.1075],[18.6226,50.1076],[18.6229,50.1089],[18.6267,50.1095],[18.6318,50.1105],[18.6337,50.1064],[18.6347,50.1039],[18.637,50.0988],[18.6376,50.0976],[18.6324,50.0966],[18.6328,50.0959],[18.6354,50.0898],[18.6376,50.0851],[18.6387,50.0849],[18.6392,50.0857],[18.6401,50.0857],[18.6419,50.0854],[18.6427,50.0851],[18.6462,50.0857],[18.6466,50.085],[18.6482,50.0846],[18.6497,50.0844],[18.6506,50.0837],[18.6502,50.0827],[18.651,50.082],[18.6523,50.0816],[18.6521,50.0825],[18.6528,50.0826],[18.6535,50.0822],[18.6555,50.082],[18.656,50.0815],[18.6568,50.0813],[18.6558,50.08],[18.6551,50.0804],[18.6536,50.08],[18.6509,50.0805],[18.6477,50.0812],[18.6471,50.0816],[18.6448,50.0809],[18.6441,50.0792],[18.6444,50.0786],[18.6445,50.077],[18.6438,50.077],[18.6441,50.0761],[18.6441,50.0746],[18.6437,50.0732],[18.643,50.0718],[18.6434,50.0712],[18.6419,50.0705],[18.6421,50.0702],[18.6405,50.0686],[18.639,50.0676],[18.6391,50.0672],[18.6376,50.0665],[18.6369,50.0664],[18.6362,50.0656],[18.6389,50.0661],[18.6394,50.0663],[18.6421,50.0667],[18.6423,50.0672],[18.6439,50.067],[18.6459,50.0665],[18.6456,50.0651],[18.6457,50.0639],[18.6454,50.0626],[18.645,50.062],[18.6448,50.0609],[18.6441,50.0595],[18.6448,50.0591],[18.6453,50.0595],[18.6462,50.0595],[18.6465,50.059],[18.648,50.0578],[18.6487,50.0579],[18.6502,50.0572],[18.6504,50.0565],[18.6509,50.0562],[18.6505,50.0552],[18.6513,50.0553],[18.6517,50.0547],[18.6503,50.0541],[18.6474,50.0519],[18.6465,50.0515],[18.6442,50.051],[18.642,50.0507]]]}},{"type":"Feature","properties":{"slug":"biala-podlaska","name":"Biała Podlaska","bdlUnitId":"060610961000","voivodeship":"lubelskie","lat":52.03,"lon":23.142},"geometry":{"type":"Polygon","coordinates":[[[23.1778,52.0076],[23.1773,52.0077],[23.1761,52.0069],[23.1752,52.0069],[23.1731,52.0065],[23.1725,52.0059],[23.1715,52.0059],[23.1701,52.005],[23.1686,52.0053],[23.1666,52.0041],[23.1657,52.0044],[23.1647,52.0041],[23.1623,52.0056],[23.1601,52.0064],[23.155,52.0051],[23.1527,52.0044],[23.1453,52.0025],[23.1415,52.0014],[23.1385,52.0007],[23.1365,52.0001],[23.1269,51.9976],[23.1237,51.9967],[23.1223,51.9964],[23.1158,51.9992],[23.1149,51.9983],[23.1142,51.9985],[23.1083,52.001],[23.1078,52.0013],[23.1029,52.0033],[23.1019,52.0038],[23.0959,52.0062],[23.0923,52.0047],[23.0901,52.0037],[23.0889,52.0037],[23.0855,52.0034],[23.0823,52.0033],[23.0788,52.0031],[23.077,52.0029],[23.074,52.0028],[23.0732,52.0074],[23.0732,52.008],[23.0726,52.0116],[23.0725,52.0135],[23.0732,52.0135],[23.0755,52.0139],[23.077,52.014],[23.0801,52.0144],[23.0839,52.015],[23.0851,52.0151],[23.0819,52.0179],[23.0761,52.0231],[23.0751,52.0239],[23.0758,52.0241],[23.0785,52.0242],[23.0801,52.024],[23.0847,52.0239],[23.0871,52.0234],[23.088,52.0237],[23.0914,52.024],[23.0912,52.0249],[23.0922,52.0256],[23.0884,52.0271],[23.0897,52.0303],[23.0906,52.0323],[23.0837,52.0327],[23.0816,52.0327],[23.0791,52.0329],[23.0769,52.0329],[23.0651,52.0334],[23.0651,52.0339],[23.067,52.0341],[23.0711,52.035],[23.0766,52.0372],[23.0823,52.0397],[23.0865,52.0414],[23.0885,52.0423],[23.0846,52.0431],[23.0883,52.0472],[23.0896,52.0485],[23.0894,52.0487],[23.0911,52.0507],[23.0944,52.0543],[23.0991,52.0549],[23.1032,52.0555],[23.1112,52.0568],[23.113,52.057],[23.1214,52.0583],[23.1223,52.0586],[23.1235,52.0617],[23.1281,52.0613],[23.1316,52.0611],[23.133,52.0609],[23.1389,52.0604],[23.1397,52.0604],[23.1438,52.06],[23.1471,52.0598],[23.1474,52.0585],[23.1484,52.0579],[23.1483,52.0563],[23.1494,52.0549],[23.1489,52.0543],[23.1491,52.0535],[23.15,52.0529],[23.1502,52.0524],[23.1524,52.0522],[23.158,52.0526],[23.1605,52.0529],[23.1616,52.0529],[23.1644,52.0532],[23.1656,52.0532],[23.1695,52.0536],[23.1706,52.0536],[23.177,52.0542],[23.1782,52.0542],[23.184,52.0548],[23.1852,52.0548],[23.1929,52.0555],[23.194,52.0555],[23.2005,52.0561],[23.2029,52.0562],[23.2099,52.0568],[23.2104,52.052],[23.2105,52.0482],[23.2111,52.0408],[23.2111,52.0393],[23.2114,52.0357],[23.2115,52.033],[23.2109,52.0316],[23.2091,52.028],[23.2082,52.026],[23.2083,52.0197],[23.2084,52.0171],[23.2072,52.0172],[23.2071,52.0176],[23.2056,52.0175],[23.2045,52.0187],[23.2029,52.0187],[23.2026,52.0194],[23.2001,52.0191],[23.1989,52.0193],[23.1983,52.0188],[23.197,52.0186],[23.1966,52.0177],[23.1959,52.0178],[23.1921,52.0157],[23.1907,52.0138],[23.1903,52.013],[23.189,52.0129],[23.1876,52.0119],[23.1866,52.0119],[23.1866,52.0112],[23.1856,52.0108],[23.1843,52.01],[23.1831,52.0098],[23.1824,52.0091],[23.1804,52.0092],[23.1797,52.009],[23.1778,52.0076]]]}},{"type":"Feature","properties":{"slug":"nowy-sacz","name":"Nowy Sącz","bdlUnitId":"011212262000","voivodeship":"małopolskie","lat":49.60744,"lon":20.70469},"geometry":{"type":"Polygon","coordinates":[[[20.6793,49.5738],[20.6784,49.5739],[20.6785,49.5744],[20.6774,49.5753],[20.6767,49.5756],[20.6764,49.5763],[20.6756,49.5765],[20.6754,49.5771],[20.6733,49.5776],[20.6721,49.5773],[20.6717,49.5764],[20.6717,49.5756],[20.6709,49.5727],[20.6705,49.5716],[20.6699,49.5686],[20.6691,49.5674],[20.6675,49.566],[20.6663,49.5657],[20.6649,49.566],[20.6634,49.5661],[20.6624,49.567],[20.661,49.5673],[20.66,49.5672],[20.6591,49.5688],[20.6553,49.572],[20.6546,49.5741],[20.6546,49.5756],[20.654,49.5767],[20.6525,49.578],[20.6504,49.5792],[20.6493,49.5801],[20.6484,49.5816],[20.6489,49.5851],[20.6497,49.5865],[20.6508,49.5891],[20.652,49.5915],[20.6529,49.5945],[20.6536,49.5954],[20.6554,49.5967],[20.6574,49.5977],[20.6618,49.5988],[20.6665,49.6008],[20.6672,49.601],[20.6683,49.6025],[20.6689,49.6045],[20.6681,49.6047],[20.6687,49.6054],[20.6702,49.6078],[20.6711,49.6085],[20.6747,49.6097],[20.6766,49.6105],[20.6782,49.6115],[20.6793,49.6129],[20.6795,49.6136],[20.6796,49.6171],[20.6805,49.619],[20.6821,49.6207],[20.6792,49.6216],[20.6777,49.6223],[20.6763,49.6217],[20.6746,49.622],[20.6727,49.622],[20.6702,49.6217],[20.6673,49.6218],[20.6682,49.6255],[20.6677,49.628],[20.6674,49.6303],[20.667,49.6311],[20.6671,49.6326],[20.6675,49.6336],[20.6676,49.6349],[20.6658,49.6387],[20.6657,49.6417],[20.6684,49.6455],[20.669,49.6478],[20.6695,49.6488],[20.6705,49.6484],[20.6708,49.6488],[20.6728,49.6498],[20.6737,49.6507],[20.6739,49.6514],[20.6748,49.652],[20.676,49.6535],[20.6762,49.6549],[20.6776,49.6564],[20.6778,49.6577],[20.6789,49.6584],[20.6786,49.6605],[20.6776,49.663],[20.6773,49.6641],[20.6811,49.6647],[20.6828,49.6651],[20.6867,49.6654],[20.6883,49.6656],[20.6889,49.662],[20.6892,49.6591],[20.6895,49.6574],[20.6915,49.6574],[20.6951,49.6564],[20.6972,49.6567],[20.6998,49.6566],[20.7008,49.6564],[20.7009,49.6557],[20.7017,49.6556],[20.7049,49.6534],[20.7057,49.6539],[20.7074,49.6536],[20.7084,49.6532],[20.7097,49.6536],[20.7103,49.6543],[20.7123,49.6555],[20.7144,49.6559],[20.7153,49.6562],[20.7171,49.6571],[20.7181,49.6559],[20.7199,49.6546],[20.7211,49.654],[20.723,49.6534],[20.7237,49.6528],[20.7238,49.652],[20.7229,49.6509],[20.7221,49.6503],[20.7218,49.6486],[20.7214,49.6479],[20.7224,49.6474],[20.7238,49.6473],[20.7264,49.648],[20.7269,49.6475],[20.7256,49.6469],[20.7253,49.6453],[20.7258,49.6449],[20.7255,49.6436],[20.7253,49.6417],[20.7248,49.641],[20.7245,49.6396],[20.7263,49.6396],[20.7272,49.6402],[20.7276,49.6384],[20.7282,49.6381],[20.7311,49.638],[20.7316,49.6383],[20.7316,49.6394],[20.7323,49.6393],[20.7338,49.6395],[20.7344,49.6383],[20.7356,49.6376],[20.7347,49.6366],[20.7363,49.6362],[20.7384,49.6359],[20.7419,49.6364],[20.7434,49.6361],[20.7457,49.6359],[20.745,49.6343],[20.7434,49.6336],[20.743,49.6326],[20.7435,49.632],[20.7462,49.6311],[20.7477,49.6307],[20.7481,49.6295],[20.748,49.6287],[20.7484,49.6266],[20.7492,49.6259],[20.7496,49.6237],[20.7501,49.6223],[20.7499,49.6208],[20.7484,49.62],[20.7494,49.6191],[20.7511,49.6171],[20.754,49.6133],[20.7545,49.6125],[20.7564,49.6105],[20.7575,49.6097],[20.7581,49.6086],[20.759,49.6075],[20.7603,49.6072],[20.7603,49.6065],[20.7596,49.6052],[20.7608,49.6049],[20.7606,49.6043],[20.7612,49.6029],[20.7612,49.6023],[20.762,49.6012],[20.7621,49.6007],[20.7632,49.6005],[20.7641,49.6],[20.7648,49.5986],[20.7626,49.5983],[20.7584,49.5983],[20.7527,49.5993],[20.7512,49.5998],[20.7473,49.6006],[20.7434,49.6016],[20.7418,49.6022],[20.742,49.6006],[20.7431,49.5984],[20.7435,49.598],[20.743,49.5971],[20.7428,49.5952],[20.7434,49.5944],[20.7431,49.5937],[20.7437,49.593],[20.7439,49.5921],[20.7451,49.5913],[20.7444,49.5905],[20.7453,49.5902],[20.7433,49.5877],[20.7448,49.5867],[20.7455,49.586],[20.7453,49.5857],[20.7463,49.5831],[20.7473,49.582],[20.7494,49.5801],[20.751,49.5792],[20.7503,49.5785],[20.7485,49.5773],[20.7479,49.5767],[20.7462,49.5757],[20.7456,49.5751],[20.7456,49.5739],[20.7411,49.5722],[20.7399,49.5716],[20.7337,49.5698],[20.7316,49.5693],[20.7302,49.5672],[20.7297,49.5658],[20.7288,49.5645],[20.7283,49.5641],[20.7259,49.5626],[20.7237,49.5609],[20.7224,49.5595],[20.7206,49.558],[20.7201,49.5578],[20.7192,49.5567],[20.7189,49.5558],[20.7181,49.5549],[20.7161,49.5554],[20.7139,49.5566],[20.7135,49.5571],[20.7115,49.558],[20.7077,49.5592],[20.7059,49.5593],[20.7044,49.5596],[20.7035,49.56],[20.7019,49.5612],[20.7003,49.5617],[20.6973,49.5624],[20.696,49.5633],[20.6965,49.564],[20.6974,49.5647],[20.698,49.5655],[20.6969,49.5674],[20.6966,49.5694],[20.6959,49.5711],[20.694,49.5714],[20.6933,49.5712],[20.6902,49.5709],[20.6879,49.571],[20.6864,49.5724],[20.685,49.5722],[20.6846,49.5726],[20.682,49.5724],[20.6818,49.5728],[20.6808,49.573],[20.6793,49.5738]]]}},{"type":"Feature","properties":{"slug":"gorzow-wielkopolski","name":"Gorzów Wielkopolski","bdlUnitId":"020811361000","voivodeship":"lubuskie","lat":52.73143,"lon":15.2195},"geometry":{"type":"Polygon","coordinates":[[[15.2832,52.7314],[15.2814,52.7317],[15.2805,52.7301],[15.279,52.7282],[15.2764,52.7273],[15.2792,52.7268],[15.2818,52.7253],[15.2831,52.7235],[15.2855,52.7223],[15.2885,52.7219],[15.2913,52.7217],[15.2941,52.7221],[15.2973,52.7224],[15.2988,52.7227],[15.3031,52.7241],[15.3081,52.7253],[15.309,52.7233],[15.3109,52.7185],[15.3077,52.7178],[15.3066,52.7172],[15.3068,52.7168],[15.3066,52.7117],[15.3066,52.7099],[15.3061,52.7097],[15.3051,52.7075],[15.3035,52.7029],[15.3015,52.6975],[15.2992,52.6971],[15.2981,52.6975],[15.2966,52.6966],[15.2972,52.6963],[15.2978,52.6951],[15.2981,52.6935],[15.2984,52.693],[15.2977,52.6918],[15.2969,52.6919],[15.2962,52.6906],[15.2934,52.6888],[15.2915,52.6877],[15.2912,52.6878],[15.2881,52.6848],[15.285,52.6867],[15.284,52.6868],[15.2813,52.6883],[15.2805,52.6881],[15.2772,52.6892],[15.2773,52.6903],[15.2726,52.6896],[15.269,52.6892],[15.268,52.689],[15.2638,52.6885],[15.2632,52.6902],[15.2597,52.6887],[15.2563,52.687],[15.2545,52.6863],[15.2497,52.6842],[15.2499,52.685],[15.2442,52.6856],[15.2424,52.6857],[15.2358,52.6863],[15.2303,52.6869],[15.232,52.6891],[15.2288,52.6901],[15.2214,52.6922],[15.2123,52.695],[15.2095,52.6958],[15.2087,52.6962],[15.2062,52.6968],[15.2081,52.6993],[15.204,52.7007],[15.2021,52.7009],[15.2009,52.7017],[15.1995,52.7029],[15.1975,52.7023],[15.1964,52.7022],[15.1959,52.7026],[15.195,52.7039],[15.1942,52.7045],[15.191,52.7031],[15.1906,52.7046],[15.1886,52.7058],[15.1859,52.7077],[15.1845,52.709],[15.1843,52.7098],[15.182,52.7098],[15.181,52.7096],[15.1815,52.7084],[15.1777,52.7067],[15.1763,52.7071],[15.1761,52.7087],[15.175,52.7105],[15.1709,52.7099],[15.169,52.7097],[15.1575,52.7078],[15.1551,52.7075],[15.1547,52.7084],[15.1534,52.7101],[15.153,52.7102],[15.1516,52.7118],[15.1508,52.7116],[15.1442,52.7095],[15.1434,52.7105],[15.1422,52.7099],[15.1398,52.7094],[15.1382,52.7092],[15.1362,52.7097],[15.1348,52.7099],[15.1338,52.711],[15.1327,52.7118],[15.1327,52.7124],[15.1314,52.714],[15.1316,52.7143],[15.1297,52.7161],[15.1287,52.7163],[15.1284,52.7169],[15.1263,52.718],[15.1257,52.7193],[15.1254,52.7212],[15.1272,52.7235],[15.1307,52.7248],[15.1315,52.7248],[15.1344,52.7253],[15.1378,52.7261],[15.1395,52.7272],[15.1405,52.7283],[15.141,52.7296],[15.1406,52.7312],[15.1384,52.7338],[15.1364,52.7358],[15.1338,52.7386],[15.1337,52.7389],[15.1305,52.7419],[15.1283,52.7441],[15.1247,52.7474],[15.1241,52.7481],[15.1234,52.7482],[15.1242,52.7501],[15.1249,52.7498],[15.1258,52.7489],[15.1271,52.7522],[15.1268,52.7524],[15.1285,52.7551],[15.1313,52.759],[15.1344,52.757],[15.139,52.7542],[15.1405,52.7532],[15.1452,52.7504],[15.1492,52.7485],[15.1495,52.7544],[15.1495,52.7572],[15.147,52.7568],[15.1466,52.7578],[15.1463,52.7593],[15.1464,52.7623],[15.1453,52.7624],[15.144,52.7629],[15.1428,52.7636],[15.1415,52.7637],[15.1402,52.7635],[15.1382,52.7636],[15.1388,52.7646],[15.1402,52.7655],[15.133,52.7678],[15.1297,52.7688],[15.1292,52.7693],[15.1291,52.7703],[15.1298,52.7709],[15.1305,52.7722],[15.1304,52.7741],[15.1318,52.776],[15.1341,52.7754],[15.1353,52.7769],[15.137,52.7766],[15.1394,52.7759],[15.1469,52.7729],[15.1508,52.7718],[15.1582,52.7698],[15.1609,52.7699],[15.162,52.7701],[15.1646,52.7701],[15.1654,52.7698],[15.1685,52.7697],[15.173,52.7682],[15.1753,52.7675],[15.1789,52.7667],[15.1804,52.7662],[15.1839,52.7642],[15.1874,52.7633],[15.1907,52.759],[15.1967,52.7605],[15.1983,52.761],[15.2082,52.7634],[15.2089,52.7633],[15.2098,52.7622],[15.2152,52.7635],[15.2132,52.7665],[15.2158,52.7673],[15.2152,52.7684],[15.2175,52.769],[15.2175,52.7698],[15.2219,52.7712],[15.225,52.7721],[15.227,52.773],[15.2298,52.7737],[15.2372,52.774],[15.2398,52.7738],[15.2428,52.7737],[15.2493,52.7732],[15.2538,52.7724],[15.261,52.7713],[15.2652,52.771],[15.2676,52.7706],[15.2695,52.7706],[15.2744,52.7698],[15.2788,52.7694],[15.2822,52.7694],[15.2821,52.7672],[15.2821,52.7599],[15.2819,52.7578],[15.2819,52.7556],[15.2817,52.7525],[15.2818,52.7493],[15.2827,52.7487],[15.2868,52.7492],[15.2869,52.747],[15.2856,52.7459],[15.2845,52.7452],[15.2849,52.7441],[15.2848,52.7432],[15.2842,52.7423],[15.2821,52.7409],[15.281,52.74],[15.2814,52.7393],[15.2843,52.7395],[15.2843,52.7388],[15.2855,52.7389],[15.2862,52.7381],[15.2878,52.7371],[15.2877,52.7363],[15.2896,52.7369],[15.2947,52.7369],[15.2969,52.7358],[15.2974,52.7353],[15.2969,52.7323],[15.2961,52.7304],[15.2947,52.7305],[15.2893,52.7311],[15.2892,52.7308],[15.2866,52.7311],[15.2844,52.7312],[15.2832,52.7314]]]}},{"type":"Feature","properties":{"slug":"slupsk","name":"Słupsk","bdlUnitId":"042214163000","voivodeship":"pomorskie","lat":54.46503,"lon":17.03181},"geometry":{"type":"Polygon","coordinates":[[[17.031,54.4246],[17.0309,54.4249],[17.0292,54.4263],[17.0282,54.4274],[17.026,54.4281],[17.0228,54.4298],[17.0226,54.4303],[17.0202,54.4316],[17.0197,54.4327],[17.0191,54.433],[17.0175,54.433],[17.0177,54.4341],[17.019,54.4352],[17.0212,54.4346],[17.0229,54.4355],[17.0233,54.4361],[17.0223,54.4381],[17.0225,54.4387],[17.0236,54.4392],[17.0235,54.4398],[17.0228,54.44],[17.0212,54.44],[17.0207,54.4405],[17.0224,54.4415],[17.0235,54.4426],[17.0232,54.4433],[17.0232,54.4444],[17.0244,54.4448],[17.0261,54.446],[17.0243,54.4457],[17.0219,54.4461],[17.0214,54.4458],[17.0201,54.4463],[17.0185,54.4463],[17.0166,54.4461],[17.0145,54.4468],[17.0122,54.4469],[17.0111,54.4471],[17.0092,54.4484],[17.0103,54.4506],[17.0079,54.4507],[17.0042,54.4511],[17.0005,54.4516],[16.9962,54.452],[16.9906,54.4528],[16.9893,54.4529],[16.9859,54.4535],[16.9841,54.4537],[16.9779,54.4547],[16.9754,54.4549],[16.9724,54.4553],[16.9722,54.4549],[16.9691,54.4553],[16.9689,54.4559],[16.9665,54.4561],[16.9661,54.4558],[16.9645,54.4571],[16.9598,54.4576],[16.9562,54.4581],[16.9517,54.4585],[16.9512,54.4595],[16.9528,54.4628],[16.9533,54.463],[16.9564,54.4635],[16.9589,54.4645],[16.9597,54.4652],[16.9618,54.4675],[16.9633,54.47],[16.9644,54.4721],[16.9652,54.4732],[16.9665,54.4745],[16.9697,54.4767],[16.9719,54.4784],[16.9744,54.4805],[16.9755,54.4824],[16.9766,54.484],[16.9782,54.4851],[16.9785,54.486],[16.9777,54.4866],[16.9782,54.4881],[16.9775,54.4894],[16.976,54.491],[16.9777,54.493],[16.9786,54.4934],[16.9795,54.4932],[16.9868,54.49],[16.9935,54.4872],[16.9975,54.4856],[17.001,54.4841],[17.0013,54.4843],[17.0027,54.4878],[17.0061,54.496],[17.0075,54.4966],[17.0086,54.4961],[17.0113,54.497],[17.0159,54.4984],[17.0164,54.4981],[17.0165,54.4973],[17.0173,54.4959],[17.0167,54.4949],[17.0163,54.4936],[17.0158,54.4931],[17.0161,54.4926],[17.0174,54.4927],[17.019,54.4936],[17.0206,54.4939],[17.0215,54.4929],[17.023,54.4922],[17.0254,54.4921],[17.0274,54.494],[17.0326,54.4952],[17.0343,54.4954],[17.0398,54.4955],[17.0436,54.4957],[17.0441,54.4945],[17.0477,54.4934],[17.0513,54.4927],[17.0513,54.4922],[17.0611,54.4911],[17.0627,54.491],[17.0672,54.4904],[17.0684,54.4875],[17.0706,54.4873],[17.072,54.487],[17.0761,54.4867],[17.0814,54.4865],[17.0817,54.483],[17.0798,54.4825],[17.0788,54.4816],[17.0793,54.4785],[17.0796,54.4773],[17.0808,54.4706],[17.0858,54.4704],[17.0925,54.4696],[17.0952,54.4694],[17.0984,54.4696],[17.1016,54.4699],[17.1041,54.4673],[17.103,54.4658],[17.1015,54.4649],[17.1003,54.4645],[17.0999,54.4637],[17.1007,54.4633],[17.1027,54.4627],[17.104,54.4619],[17.1036,54.4608],[17.1039,54.4602],[17.1035,54.4582],[17.1051,54.4572],[17.105,54.4541],[17.1044,54.4528],[17.1037,54.4522],[17.1024,54.4527],[17.1018,54.4517],[17.0918,54.4517],[17.0888,54.4477],[17.0883,54.4475],[17.0839,54.4497],[17.0823,54.4504],[17.0814,54.4482],[17.0799,54.4485],[17.0743,54.4491],[17.0728,54.4491],[17.0717,54.4489],[17.0664,54.4475],[17.0647,54.4472],[17.0596,54.4461],[17.0542,54.4439],[17.0529,54.4433],[17.0509,54.4427],[17.0485,54.4424],[17.0449,54.4409],[17.0429,54.4399],[17.0479,54.4385],[17.0525,54.4373],[17.0555,54.4366],[17.0585,54.4357],[17.0635,54.4345],[17.0641,54.4321],[17.064,54.4315],[17.0618,54.4291],[17.06,54.4279],[17.0581,54.427],[17.0543,54.427],[17.0532,54.4263],[17.0518,54.426],[17.0492,54.4251],[17.0481,54.4244],[17.045,54.4228],[17.0422,54.4238],[17.0415,54.4247],[17.0395,54.4252],[17.0382,54.4262],[17.0349,54.4268],[17.0366,54.4245],[17.0319,54.4239],[17.031,54.4246]]]}},{"type":"Feature","properties":{"slug":"jastrzebie-zdroj","name":"Jastrzębie-Zdrój","bdlUnitId":"012414967000","voivodeship":"śląskie","lat":49.95506,"lon":18.61384},"geometry":{"type":"Polygon","coordinates":[[[18.611,50.0184],[18.6178,50.0194],[18.6209,50.0189],[18.6211,50.0199],[18.626,50.019],[18.6271,50.0189],[18.6283,50.0214],[18.6296,50.0223],[18.6321,50.0221],[18.6332,50.0216],[18.6326,50.0207],[18.6319,50.018],[18.6332,50.0185],[18.6351,50.0177],[18.6363,50.0176],[18.6361,50.0163],[18.6376,50.0162],[18.6391,50.0165],[18.6413,50.0217],[18.6396,50.0219],[18.6406,50.0241],[18.6423,50.0243],[18.643,50.0239],[18.6436,50.0228],[18.6447,50.0223],[18.6469,50.0216],[18.6515,50.0208],[18.6538,50.0202],[18.6553,50.0196],[18.6576,50.0183],[18.6583,50.0174],[18.6589,50.0162],[18.6605,50.0154],[18.6617,50.0146],[18.6637,50.0129],[18.6635,50.0118],[18.6639,50.0116],[18.665,50.0119],[18.6658,50.0125],[18.6669,50.0153],[18.6677,50.0162],[18.669,50.0184],[18.6696,50.0179],[18.671,50.0157],[18.6716,50.0152],[18.671,50.0147],[18.6724,50.014],[18.6775,50.0123],[18.6799,50.0113],[18.6798,50.0105],[18.6811,50.01],[18.6805,50.0091],[18.681,50.0089],[18.6807,50.008],[18.6799,50.0077],[18.6784,50.0083],[18.6743,50.0096],[18.6738,50.0091],[18.6737,50.0084],[18.6756,50.0078],[18.677,50.0075],[18.6797,50.0059],[18.681,50.0059],[18.6797,50.0048],[18.678,50.0051],[18.6768,50.0062],[18.6762,50.0063],[18.6736,50.0075],[18.6714,50.0082],[18.6709,50.0085],[18.6678,50.0095],[18.6669,50.008],[18.667,50.0073],[18.6666,50.006],[18.6656,50.0037],[18.6649,50.0013],[18.6648,50.0004],[18.665,49.9989],[18.6648,49.9963],[18.6639,49.994],[18.6627,49.9905],[18.6619,49.9894],[18.6598,49.9836],[18.6593,49.9831],[18.657,49.9815],[18.6569,49.9801],[18.658,49.9772],[18.6582,49.9758],[18.6585,49.9752],[18.6585,49.9736],[18.6569,49.9706],[18.6576,49.97],[18.6566,49.9687],[18.6553,49.9674],[18.6541,49.9668],[18.6538,49.9655],[18.6538,49.9645],[18.651,49.9638],[18.6474,49.9636],[18.6443,49.9631],[18.6412,49.9624],[18.6395,49.9622],[18.6397,49.9616],[18.6411,49.9611],[18.6466,49.9595],[18.6478,49.9591],[18.6499,49.9587],[18.6519,49.9585],[18.6565,49.9585],[18.6578,49.9586],[18.6629,49.9586],[18.6655,49.959],[18.6682,49.959],[18.67,49.9588],[18.6729,49.9587],[18.6775,49.9583],[18.6789,49.9583],[18.6821,49.958],[18.6835,49.9558],[18.6845,49.9557],[18.6848,49.9552],[18.6856,49.955],[18.6866,49.9542],[18.6867,49.9537],[18.6863,49.9521],[18.6864,49.9517],[18.6858,49.95],[18.6845,49.9487],[18.6848,49.948],[18.6834,49.9456],[18.683,49.9446],[18.683,49.9427],[18.6826,49.9412],[18.6829,49.9407],[18.6821,49.9377],[18.6806,49.9362],[18.6791,49.9339],[18.679,49.9328],[18.6784,49.9314],[18.6775,49.9302],[18.6759,49.9287],[18.6756,49.928],[18.6756,49.9229],[18.6753,49.9212],[18.6741,49.9201],[18.6725,49.919],[18.6712,49.9176],[18.6707,49.9167],[18.6711,49.9148],[18.6693,49.9142],[18.6678,49.9157],[18.666,49.9149],[18.665,49.9158],[18.6627,49.917],[18.6618,49.9165],[18.6603,49.9171],[18.6575,49.9178],[18.6577,49.9191],[18.6585,49.9196],[18.6575,49.9213],[18.6542,49.9203],[18.6541,49.9207],[18.6529,49.9213],[18.6494,49.921],[18.646,49.9204],[18.6464,49.9184],[18.6457,49.9184],[18.6417,49.9191],[18.6394,49.9196],[18.6385,49.9196],[18.6364,49.9201],[18.6346,49.9207],[18.6316,49.921],[18.6306,49.9198],[18.6296,49.9195],[18.6283,49.9186],[18.6274,49.9172],[18.6275,49.9167],[18.6269,49.9157],[18.6261,49.9151],[18.6247,49.9137],[18.6231,49.9113],[18.6223,49.9099],[18.6217,49.9094],[18.6193,49.9086],[18.6187,49.908],[18.618,49.9068],[18.6188,49.9058],[18.6204,49.9045],[18.6228,49.9041],[18.6238,49.9038],[18.6259,49.9026],[18.6296,49.8999],[18.6287,49.8995],[18.627,49.8984],[18.6255,49.8966],[18.6237,49.8968],[18.6216,49.8973],[18.6196,49.8981],[18.6152,49.8994],[18.6146,49.8995],[18.6114,49.8995],[18.6087,49.8997],[18.6079,49.8999],[18.6059,49.9],[18.6041,49.9003],[18.6029,49.9009],[18.599,49.9021],[18.5955,49.9021],[18.5931,49.903],[18.5921,49.9041],[18.5884,49.9064],[18.5861,49.9049],[18.5842,49.9061],[18.5828,49.9068],[18.582,49.907],[18.5795,49.9084],[18.5793,49.9091],[18.5774,49.9102],[18.5757,49.9104],[18.5744,49.9108],[18.5738,49.9112],[18.5735,49.9119],[18.5737,49.9125],[18.5749,49.9127],[18.5762,49.9133],[18.5752,49.9139],[18.5745,49.915],[18.5749,49.9162],[18.5748,49.9179],[18.5752,49.9186],[18.5743,49.9199],[18.5737,49.9212],[18.5721,49.9217],[18.5713,49.9213],[18.5692,49.9209],[18.5673,49.92],[18.5649,49.9191],[18.5627,49.9184],[18.5607,49.918],[18.559,49.918],[18.5573,49.919],[18.5555,49.9197],[18.5535,49.9202],[18.5522,49.9208],[18.5504,49.9229],[18.5482,49.9242],[18.5448,49.9259],[18.5433,49.9263],[18.5413,49.9263],[18.5396,49.9257],[18.5388,49.9262],[18.5385,49.9269],[18.5369,49.9279],[18.5375,49.9284],[18.5376,49.9291],[18.5366,49.9302],[18.536,49.9303],[18.5345,49.9297],[18.5323,49.9297],[18.5302,49.9293],[18.5289,49.9293],[18.5268,49.929],[18.5259,49.9308],[18.5253,49.9314],[18.5241,49.9313],[18.524,49.9309],[18.5226,49.9306],[18.5213,49.9308],[18.5208,49.9311],[18.5205,49.9321],[18.5219,49.9324],[18.5217,49.9338],[18.5189,49.9329],[18.518,49.9322],[18.5147,49.934],[18.5151,49.9343],[18.515,49.9352],[18.5154,49.9356],[18.5144,49.9366],[18.5153,49.9382],[18.5153,49.9387],[18.5178,49.9398],[18.5185,49.9404],[18.5197,49.9404],[18.5213,49.9416],[18.5226,49.942],[18.5234,49.9426],[18.5227,49.9438],[18.5226,49.9447],[18.522,49.9456],[18.5213,49.9457],[18.5211,49.9482],[18.5208,49.949],[18.5217,49.9498],[18.5225,49.9478],[18.5245,49.9477],[18.5261,49.9473],[18.5293,49.9471],[18.5307,49.9473],[18.5326,49.9473],[18.5337,49.9466],[18.5376,49.9466],[18.5386,49.947],[18.5409,49.9467],[18.5429,49.9475],[18.5433,49.9471],[18.5442,49.9479],[18.5437,49.9485],[18.5441,49.9496],[18.5441,49.9505],[18.5447,49.9516],[18.5457,49.9527],[18.5468,49.9534],[18.5473,49.9544],[18.5474,49.9555],[18.5481,49.9554],[18.5484,49.9535],[18.5488,49.9533],[18.5478,49.9519],[18.5501,49.9519],[18.5507,49.9511],[18.5518,49.9514],[18.5539,49.9515],[18.5543,49.9522],[18.5566,49.9532],[18.5573,49.9539],[18.5562,49.9553],[18.5563,49.9567],[18.5569,49.9579],[18.5567,49.9597],[18.5563,49.9617],[18.5564,49.9647],[18.5577,49.9647],[18.5594,49.9652],[18.5613,49.9656],[18.5628,49.9663],[18.5627,49.967],[18.5629,49.9688],[18.5623,49.9696],[18.5625,49.9721],[18.5662,49.9731],[18.5676,49.9736],[18.5688,49.9744],[18.5705,49.9748],[18.5732,49.976],[18.5739,49.9762],[18.5744,49.977],[18.5782,49.9766],[18.5854,49.9766],[18.589,49.9763],[18.5909,49.9773],[18.5927,49.9774],[18.5939,49.9777],[18.5951,49.9777],[18.597,49.9773],[18.5988,49.9772],[18.6027,49.9765],[18.6075,49.9762],[18.6089,49.9762],[18.6115,49.9779],[18.6117,49.9787],[18.608,49.9846],[18.6075,49.9858],[18.6069,49.9862],[18.6055,49.988],[18.604,49.989],[18.6042,49.9892],[18.6032,49.9901],[18.603,49.9911],[18.6021,49.9917],[18.6006,49.9931],[18.5989,49.9941],[18.5989,49.9943],[18.5966,49.9954],[18.5953,49.9965],[18.5929,49.9975],[18.5905,49.9983],[18.59,49.9989],[18.5929,49.9997],[18.5967,50.0004],[18.5993,50.0011],[18.6004,50.0011],[18.6026,50.0014],[18.6042,50.0019],[18.6065,50.0028],[18.6076,50.0034],[18.6088,50.0036],[18.6098,50.0044],[18.6114,50.0052],[18.6132,50.0064],[18.6141,50.0073],[18.6139,50.0082],[18.6132,50.0092],[18.6133,50.0121],[18.614,50.0123],[18.6156,50.0145],[18.615,50.0148],[18.6121,50.0156],[18.6114,50.017],[18.611,50.0184]]]}},{"type":"Feature","properties":{"slug":"warszawa","name":"Warszawa","bdlUnitId":"071412865000","voivodeship":"mazowieckie","lat":52.22933,"lon":21.04775},"geometry":{"type":"Polygon","coordinates":[[[20.9151,52.354],[20.9201,52.356],[20.9228,52.357],[20.9241,52.3596],[20.927,52.3596],[20.9293,52.3589],[20.9309,52.3579],[20.9314,52.3583],[20.934,52.3598],[20.9349,52.3593],[20.9385,52.3581],[20.9392,52.3584],[20.9351,52.3632],[20.9385,52.362],[20.9393,52.3618],[20.941,52.3637],[20.9436,52.3663],[20.944,52.366],[20.9452,52.3662],[20.9456,52.3666],[20.9487,52.3664],[20.9527,52.3665],[20.9529,52.3672],[20.9535,52.3678],[20.9542,52.3679],[20.9572,52.3679],[20.9661,52.3682],[20.9693,52.3626],[20.9713,52.359],[20.9781,52.359],[20.9893,52.362],[20.9919,52.3628],[20.9947,52.3618],[20.9964,52.3621],[20.9986,52.3627],[20.9994,52.3632],[21.0057,52.3641],[21.0082,52.3602],[21.0081,52.3582],[21.0088,52.357],[21.0095,52.3568],[21.0133,52.3569],[21.0134,52.3561],[21.0181,52.3566],[21.0207,52.357],[21.021,52.3565],[21.0233,52.3574],[21.0242,52.3599],[21.0249,52.3609],[21.0252,52.3619],[21.0252,52.3631],[21.0255,52.3636],[21.0276,52.3651],[21.0307,52.3616],[21.0334,52.3619],[21.0378,52.3625],[21.0408,52.3628],[21.0445,52.364],[21.0483,52.3637],[21.0487,52.3633],[21.0492,52.3617],[21.054,52.3631],[21.0566,52.3628],[21.0603,52.3626],[21.0607,52.3627],[21.0613,52.3658],[21.0637,52.3656],[21.066,52.3662],[21.0667,52.3661],[21.0688,52.3665],[21.0723,52.367],[21.0738,52.3673],[21.0771,52.3594],[21.0763,52.3591],[21.0779,52.3555],[21.0786,52.3537],[21.0817,52.3541],[21.0824,52.3525],[21.083,52.3507],[21.0859,52.3435],[21.0809,52.3431],[21.0825,52.3373],[21.0852,52.3374],[21.0857,52.3346],[21.0867,52.3327],[21.0875,52.3329],[21.0878,52.3323],[21.086,52.332],[21.0868,52.3303],[21.0883,52.3269],[21.0895,52.3238],[21.0862,52.3232],[21.0855,52.3232],[21.0816,52.3225],[21.0778,52.322],[21.0791,52.3189],[21.0795,52.3176],[21.0821,52.3116],[21.0821,52.3112],[21.0839,52.3067],[21.0855,52.3032],[21.0836,52.3029],[21.0843,52.3015],[21.0874,52.2959],[21.0899,52.2935],[21.0933,52.29],[21.0952,52.2882],[21.095,52.2878],[21.0958,52.2863],[21.0981,52.2862],[21.0988,52.2864],[21.1003,52.2847],[21.1013,52.2823],[21.1031,52.2784],[21.105,52.274],[21.1079,52.2743],[21.1169,52.2754],[21.1205,52.2759],[21.1221,52.276],[21.1306,52.2771],[21.1317,52.2773],[21.1371,52.2779],[21.1423,52.2786],[21.1491,52.2793],[21.1507,52.2805],[21.152,52.2817],[21.1543,52.2828],[21.1556,52.2837],[21.1587,52.2845],[21.1606,52.2851],[21.1621,52.2864],[21.1629,52.2879],[21.1643,52.2897],[21.1655,52.2904],[21.1692,52.2911],[21.1724,52.2888],[21.1724,52.2868],[21.1718,52.2815],[21.1712,52.2773],[21.1707,52.277],[21.1712,52.2764],[21.1725,52.2754],[21.1755,52.2728],[21.1769,52.2718],[21.1791,52.2705],[21.1825,52.2688],[21.184,52.2678],[21.1846,52.2671],[21.1851,52.2658],[21.1846,52.2613],[21.1843,52.2599],[21.1836,52.2588],[21.1828,52.2581],[21.1804,52.2566],[21.1844,52.2565],[21.1904,52.2562],[21.2013,52.2574],[21.2085,52.2581],[21.2087,52.2582],[21.2137,52.2587],[21.2303,52.2605],[21.2308,52.2606],[21.2379,52.2613],[21.2505,52.2627],[21.2524,52.2533],[21.2546,52.2532],[21.2537,52.2458],[21.2462,52.2454],[21.2387,52.2451],[21.238,52.2449],[21.2386,52.2417],[21.2387,52.2407],[21.2395,52.2363],[21.2424,52.2362],[21.2448,52.236],[21.2488,52.2366],[21.2525,52.2383],[21.2548,52.2387],[21.2544,52.2353],[21.2504,52.2319],[21.2502,52.2293],[21.2498,52.2264],[21.2495,52.2226],[21.2505,52.2226],[21.2507,52.2221],[21.2522,52.2203],[21.2548,52.2175],[21.2565,52.2158],[21.2569,52.2152],[21.2585,52.2136],[21.2617,52.2101],[21.2575,52.2096],[21.2541,52.2094],[21.2519,52.2083],[21.2506,52.2078],[21.2491,52.207],[21.2482,52.206],[21.2486,52.2043],[21.2509,52.2025],[21.2457,52.2009],[21.2451,52.2003],[21.243,52.1993],[21.243,52.1984],[21.2411,52.1966],[21.2402,52.1959],[21.2447,52.1941],[21.2457,52.1938],[21.2542,52.1904],[21.2564,52.1896],[21.2595,52.1883],[21.2612,52.1877],[21.2654,52.186],[21.2634,52.184],[21.2598,52.1826],[21.2625,52.1802],[21.2654,52.1779],[21.2699,52.1741],[21.271,52.174],[21.2712,52.1722],[21.27,52.172],[21.2696,52.1734],[21.2673,52.1733],[21.2675,52.1701],[21.2703,52.1696],[21.2708,52.1685],[21.2676,52.1684],[21.2677,52.1674],[21.2632,52.1674],[21.2614,52.1657],[21.2604,52.162],[21.2593,52.1613],[21.2566,52.1607],[21.2556,52.1587],[21.254,52.1574],[21.261,52.1539],[21.2625,52.1531],[21.2621,52.1525],[21.2605,52.1511],[21.2558,52.1472],[21.2552,52.1474],[21.2525,52.1489],[21.2472,52.1516],[21.2488,52.153],[21.2451,52.1546],[21.2389,52.1571],[21.2365,52.1582],[21.2347,52.1589],[21.2281,52.1568],[21.2224,52.1549],[21.2197,52.1539],[21.2189,52.1533],[21.2152,52.1519],[21.2147,52.1522],[21.2136,52.152],[21.2085,52.1514],[21.2019,52.1508],[21.2012,52.1506],[21.1991,52.1505],[21.1957,52.1501],[21.1947,52.1501],[21.1904,52.1496],[21.1886,52.1495],[21.1884,52.1505],[21.1833,52.1497],[21.178,52.1488],[21.1759,52.1485],[21.1759,52.1467],[21.1756,52.1467],[21.1714,52.1454],[21.1707,52.1454],[21.165,52.1447],[21.1549,52.1436],[21.1531,52.1425],[21.1541,52.1404],[21.1538,52.1401],[21.1516,52.1398],[21.1505,52.1399],[21.1482,52.1387],[21.145,52.1355],[21.145,52.1354],[21.1412,52.1332],[21.1401,52.1329],[21.1405,52.1324],[21.1401,52.1316],[21.1389,52.1315],[21.1388,52.131],[21.1357,52.1274],[21.1353,52.1262],[21.1347,52.1234],[21.1332,52.123],[21.1325,52.1232],[21.1316,52.1249],[21.1308,52.1254],[21.13,52.1269],[21.1296,52.1272],[21.1272,52.126],[21.1266,52.1249],[21.1265,52.1242],[21.126,52.124],[21.1249,52.1221],[21.1233,52.1207],[21.1219,52.1197],[21.1202,52.1191],[21.118,52.1185],[21.1162,52.1189],[21.1121,52.1162],[21.1088,52.1146],[21.1101,52.1132],[21.1071,52.1118],[21.1046,52.1105],[21.1028,52.1097],[21.1003,52.1084],[21.1012,52.1081],[21.1024,52.1071],[21.1035,52.1058],[21.1016,52.1057],[21.1004,52.1053],[21.096,52.1045],[21.0918,52.1046],[21.0893,52.1039],[21.087,52.1031],[21.085,52.1015],[21.0833,52.0992],[21.0824,52.0985],[21.0801,52.0979],[21.0788,52.0981],[21.0776,52.0986],[21.0768,52.0992],[21.0759,52.0995],[21.0742,52.1004],[21.0722,52.1011],[21.0683,52.1027],[21.0657,52.1039],[21.064,52.1045],[21.0603,52.1063],[21.0565,52.1077],[21.0528,52.1083],[21.0503,52.1092],[21.0463,52.1119],[21.0437,52.113],[21.042,52.1119],[21.0417,52.1111],[21.0382,52.1088],[21.0379,52.1083],[21.0368,52.1078],[21.0352,52.1068],[21.0355,52.1062],[21.0267,52.1062],[21.0265,52.1061],[21.019,52.1061],[21.0186,52.106],[21.0187,52.1037],[21.0103,52.1037],[21.01,52.1036],[20.999,52.1036],[20.9989,52.1035],[20.9919,52.1035],[20.9916,52.1031],[20.9869,52.1039],[20.9874,52.1051],[20.9845,52.1056],[20.9845,52.1058],[20.9865,52.1099],[20.9867,52.1106],[20.9847,52.1109],[20.9838,52.1119],[20.9865,52.1149],[20.9872,52.1158],[20.9864,52.1176],[20.9851,52.1202],[20.9852,52.1206],[20.989,52.1236],[20.983,52.1238],[20.9817,52.1256],[20.9802,52.1273],[20.9799,52.128],[20.9801,52.1327],[20.985,52.1391],[20.9841,52.1397],[20.9833,52.1406],[20.9777,52.1436],[20.9756,52.1443],[20.9699,52.1454],[20.9684,52.1459],[20.9661,52.1469],[20.9623,52.1482],[20.9583,52.1501],[20.9569,52.1513],[20.9547,52.1527],[20.9538,52.153],[20.9537,52.1548],[20.9538,52.1561],[20.9477,52.157],[20.9461,52.1575],[20.9453,52.158],[20.9404,52.1593],[20.9374,52.1602],[20.9308,52.1629],[20.93,52.1635],[20.9305,52.1641],[20.9283,52.1649],[20.9239,52.1663],[20.9254,52.1674],[20.9246,52.168],[20.9248,52.1684],[20.9232,52.1689],[20.9234,52.1693],[20.9222,52.1698],[20.9209,52.171],[20.9192,52.1711],[20.9192,52.1746],[20.9191,52.1768],[20.9187,52.1774],[20.9168,52.1778],[20.917,52.1785],[20.9133,52.1792],[20.9113,52.1795],[20.9132,52.1831],[20.9136,52.1836],[20.9148,52.1858],[20.9105,52.1858],[20.9092,52.1859],[20.909,52.1845],[20.9081,52.1845],[20.9033,52.184],[20.9015,52.1844],[20.8992,52.1841],[20.8977,52.1825],[20.8903,52.1825],[20.8894,52.1826],[20.8848,52.1826],[20.8847,52.1825],[20.8771,52.1825],[20.8742,52.1823],[20.8719,52.1825],[20.8693,52.1826],[20.8672,52.1825],[20.8671,52.184],[20.8671,52.1908],[20.8654,52.1904],[20.8635,52.1896],[20.8616,52.1893],[20.8586,52.1883],[20.856,52.1878],[20.8566,52.1886],[20.857,52.19],[20.8565,52.1917],[20.8545,52.1943],[20.8531,52.1972],[20.852,52.1994],[20.8517,52.201],[20.8521,52.2029],[20.8532,52.2045],[20.8556,52.2062],[20.8577,52.207],[20.8592,52.2074],[20.8627,52.2079],[20.8637,52.2079],[20.8657,52.2083],[20.8709,52.2089],[20.8702,52.2099],[20.871,52.2104],[20.8714,52.2132],[20.8719,52.2153],[20.8727,52.2152],[20.8731,52.2167],[20.8746,52.2167],[20.8749,52.2196],[20.8749,52.2206],[20.8753,52.2248],[20.8741,52.2249],[20.8727,52.2255],[20.8727,52.2287],[20.8731,52.2291],[20.8747,52.2296],[20.8781,52.2309],[20.8795,52.2319],[20.8811,52.232],[20.8857,52.232],[20.8868,52.2321],[20.8896,52.232],[20.8925,52.2382],[20.8931,52.2397],[20.894,52.2437],[20.8915,52.245],[20.891,52.247],[20.888,52.2472],[20.885,52.2472],[20.8851,52.2479],[20.8835,52.2474],[20.8823,52.2478],[20.8804,52.2481],[20.8755,52.2487],[20.8722,52.2494],[20.8675,52.2494],[20.8638,52.25],[20.8667,52.253],[20.8681,52.2543],[20.873,52.2594],[20.8749,52.2612],[20.8754,52.2619],[20.8787,52.2651],[20.8795,52.2704],[20.8799,52.272],[20.8812,52.2796],[20.8758,52.2805],[20.876,52.283],[20.8769,52.2917],[20.8771,52.2947],[20.8766,52.2965],[20.8766,52.2979],[20.8758,52.2987],[20.877,52.3018],[20.878,52.3041],[20.8796,52.3083],[20.8805,52.3092],[20.8796,52.3103],[20.8793,52.3111],[20.8783,52.3121],[20.8755,52.3141],[20.8757,52.3148],[20.8788,52.3139],[20.8816,52.3136],[20.8845,52.3135],[20.8865,52.3132],[20.8884,52.3132],[20.8897,52.3136],[20.8906,52.3161],[20.8915,52.3176],[20.895,52.3213],[20.896,52.3217],[20.8995,52.3222],[20.9027,52.3224],[20.9064,52.3233],[20.9071,52.3221],[20.909,52.3227],[20.9105,52.3241],[20.9128,52.322],[20.9136,52.3219],[20.9179,52.3229],[20.9221,52.3237],[20.9226,52.3268],[20.9251,52.3294],[20.9252,52.3299],[20.9258,52.3361],[20.9258,52.3384],[20.9255,52.3399],[20.9249,52.3416],[20.9237,52.3437],[20.9226,52.3448],[20.9204,52.3467],[20.9183,52.3481],[20.9153,52.3506],[20.9144,52.3512],[20.9124,52.353],[20.9151,52.354]]]}},{"type":"Feature","properties":{"slug":"dabrowa-gornicza","name":"Dąbrowa Górnicza","bdlUnitId":"012415065000","voivodeship":"śląskie","lat":50.35431,"lon":19.29961},"geometry":{"type":"Polygon","coordinates":[[[19.2851,50.2917],[19.2848,50.2932],[19.2809,50.2933],[19.2802,50.2936],[19.2794,50.2944],[19.2771,50.2958],[19.2751,50.2963],[19.2719,50.2969],[19.2679,50.297],[19.2668,50.2972],[19.2646,50.2973],[19.2637,50.2971],[19.2631,50.2981],[19.2619,50.2978],[19.26,50.2966],[19.2595,50.2958],[19.2582,50.2947],[19.2569,50.2939],[19.2568,50.2933],[19.2557,50.2933],[19.2554,50.2925],[19.2524,50.2918],[19.253,50.2929],[19.2538,50.2949],[19.2543,50.2949],[19.2542,50.2971],[19.2542,50.3025],[19.2541,50.3032],[19.2531,50.3041],[19.252,50.304],[19.2489,50.304],[19.2456,50.3037],[19.2452,50.3027],[19.2431,50.3032],[19.241,50.3032],[19.2406,50.302],[19.2385,50.3021],[19.2364,50.302],[19.234,50.3001],[19.23,50.3018],[19.2301,50.3032],[19.2295,50.3045],[19.2298,50.3069],[19.2271,50.308],[19.2282,50.3091],[19.2291,50.3105],[19.2257,50.3109],[19.2209,50.312],[19.2175,50.3127],[19.2174,50.3124],[19.2157,50.3129],[19.214,50.3132],[19.2118,50.3138],[19.2063,50.3146],[19.203,50.3153],[19.2017,50.3159],[19.1985,50.3169],[19.1961,50.3169],[19.1947,50.3163],[19.1921,50.3156],[19.1897,50.3143],[19.1882,50.3138],[19.186,50.3136],[19.1844,50.3138],[19.1808,50.3138],[19.1799,50.3147],[19.1775,50.3143],[19.1759,50.3143],[19.1676,50.3137],[19.1656,50.3133],[19.1654,50.3138],[19.1632,50.3158],[19.1618,50.3162],[19.1612,50.3168],[19.1648,50.3184],[19.1639,50.3197],[19.1631,50.3215],[19.1628,50.3226],[19.1615,50.3241],[19.1615,50.3246],[19.1621,50.3261],[19.1627,50.3269],[19.1618,50.3288],[19.1616,50.3301],[19.1605,50.3303],[19.1602,50.3309],[19.155,50.3321],[19.1594,50.3355],[19.1605,50.3357],[19.1609,50.3365],[19.1632,50.337],[19.167,50.3389],[19.1687,50.3383],[19.1695,50.3384],[19.1705,50.339],[19.1701,50.3405],[19.169,50.3411],[19.1704,50.3423],[19.1712,50.3422],[19.1736,50.343],[19.1743,50.3429],[19.175,50.3437],[19.1758,50.344],[19.1762,50.3448],[19.1783,50.3456],[19.1786,50.3462],[19.1794,50.3458],[19.1808,50.3456],[19.1817,50.346],[19.1807,50.3475],[19.1817,50.3479],[19.183,50.349],[19.1843,50.3511],[19.1853,50.3518],[19.1866,50.3524],[19.1875,50.3522],[19.1887,50.3535],[19.1894,50.3539],[19.1896,50.3546],[19.1889,50.3557],[19.1896,50.3571],[19.1896,50.3577],[19.1888,50.3587],[19.1884,50.36],[19.189,50.3611],[19.1897,50.3617],[19.1894,50.3626],[19.1886,50.3631],[19.1856,50.3638],[19.1843,50.3646],[19.1842,50.3655],[19.1848,50.3678],[19.1863,50.3675],[19.1865,50.369],[19.1853,50.3695],[19.1849,50.3703],[19.1849,50.3714],[19.1859,50.3716],[19.1867,50.3721],[19.187,50.3728],[19.1847,50.3726],[19.1849,50.3741],[19.1839,50.3755],[19.1829,50.378],[19.1829,50.3794],[19.1827,50.3807],[19.1831,50.3815],[19.1827,50.3844],[19.1828,50.3849],[19.1817,50.3857],[19.1828,50.3864],[19.1801,50.3881],[19.1793,50.3894],[19.1839,50.3916],[19.1855,50.391],[19.1899,50.3975],[19.191,50.3982],[19.1917,50.3983],[19.1931,50.3938],[19.1952,50.3941],[19.1976,50.3943],[19.1981,50.3934],[19.1983,50.3915],[19.1985,50.387],[19.197,50.3852],[19.1986,50.3845],[19.2002,50.3843],[19.1993,50.3855],[19.1996,50.3859],[19.199,50.3867],[19.2002,50.3875],[19.1993,50.3893],[19.2011,50.3887],[19.2014,50.3899],[19.1998,50.3905],[19.2005,50.3911],[19.2011,50.3908],[19.2024,50.391],[19.2031,50.3918],[19.2092,50.3955],[19.2134,50.3982],[19.2172,50.4005],[19.219,50.4017],[19.2245,50.4022],[19.2278,50.4026],[19.2309,50.4028],[19.234,50.4032],[19.235,50.4032],[19.2396,50.4038],[19.2398,50.4052],[19.2385,50.4065],[19.2399,50.4093],[19.2393,50.4119],[19.2406,50.4126],[19.2439,50.4141],[19.2433,50.4149],[19.2415,50.4154],[19.239,50.4156],[19.2386,50.4159],[19.2366,50.4163],[19.2342,50.4163],[19.2342,50.417],[19.2326,50.4174],[19.229,50.4187],[19.2265,50.4194],[19.2264,50.4198],[19.2269,50.4242],[19.2277,50.4262],[19.2302,50.4287],[19.2321,50.4308],[19.2312,50.4321],[19.2299,50.4331],[19.2276,50.4364],[19.2275,50.4373],[19.2285,50.4397],[19.2286,50.4413],[19.2303,50.4413],[19.2344,50.4409],[19.2359,50.4409],[19.2385,50.4407],[19.2385,50.4438],[19.2386,50.4478],[19.2406,50.4456],[19.2418,50.4447],[19.243,50.4442],[19.2442,50.443],[19.2444,50.4403],[19.2457,50.439],[19.2498,50.4369],[19.252,50.436],[19.2536,50.4356],[19.2558,50.4346],[19.2577,50.4339],[19.2593,50.4331],[19.2627,50.4321],[19.2631,50.4321],[19.265,50.4312],[19.266,50.431],[19.2682,50.4309],[19.2684,50.4307],[19.2708,50.43],[19.2735,50.4287],[19.2756,50.4278],[19.278,50.4269],[19.2799,50.4265],[19.281,50.4261],[19.2834,50.4256],[19.2887,50.4247],[19.2897,50.4243],[19.2919,50.4237],[19.2926,50.4232],[19.2924,50.4216],[19.2916,50.4199],[19.2915,50.4168],[19.2904,50.4156],[19.2906,50.4144],[19.29,50.4128],[19.2903,50.4113],[19.2908,50.4108],[19.2914,50.4096],[19.2922,50.4083],[19.2939,50.4073],[19.2958,50.4065],[19.2968,50.4058],[19.2965,50.4036],[19.2972,50.4036],[19.2968,50.4023],[19.2967,50.4004],[19.2967,50.3973],[19.2961,50.3952],[19.296,50.3942],[19.2992,50.3934],[19.3,50.3925],[19.3015,50.3917],[19.304,50.3908],[19.3048,50.3925],[19.3051,50.3947],[19.306,50.3981],[19.3085,50.3956],[19.3103,50.3942],[19.3106,50.3963],[19.3101,50.3973],[19.3099,50.3984],[19.3123,50.3983],[19.3117,50.3963],[19.3112,50.3951],[19.3111,50.3938],[19.3126,50.3926],[19.313,50.3926],[19.3131,50.3941],[19.3142,50.3942],[19.3141,50.3929],[19.3149,50.3924],[19.3146,50.3904],[19.3176,50.3914],[19.3207,50.3914],[19.3223,50.3917],[19.3225,50.3929],[19.3229,50.3937],[19.3256,50.393],[19.3253,50.3936],[19.3255,50.3946],[19.3267,50.396],[19.3276,50.3958],[19.3288,50.3961],[19.3292,50.3971],[19.3313,50.3963],[19.3329,50.3954],[19.3372,50.3933],[19.346,50.3963],[19.3478,50.3925],[19.3498,50.3879],[19.3521,50.3829],[19.3546,50.3832],[19.3571,50.3839],[19.3577,50.3844],[19.3595,50.385],[19.3608,50.3857],[19.3614,50.3856],[19.3645,50.3829],[19.3656,50.3823],[19.3678,50.3817],[19.3687,50.3819],[19.3703,50.3819],[19.3718,50.3816],[19.3743,50.3806],[19.3773,50.3772],[19.3778,50.376],[19.3789,50.375],[19.3806,50.3744],[19.3817,50.3736],[19.385,50.3726],[19.3864,50.3718],[19.3893,50.3718],[19.3914,50.3717],[19.392,50.3701],[19.3933,50.3692],[19.3946,50.3688],[19.3961,50.3677],[19.3987,50.3664],[19.4002,50.3659],[19.4021,50.3644],[19.4029,50.3653],[19.4034,50.3654],[19.405,50.3669],[19.4055,50.3665],[19.4065,50.3663],[19.4055,50.3653],[19.4051,50.3646],[19.405,50.3637],[19.4053,50.3625],[19.4058,50.362],[19.407,50.3614],[19.4072,50.3607],[19.4064,50.3607],[19.4054,50.3603],[19.405,50.3606],[19.4029,50.3607],[19.4025,50.3602],[19.4037,50.3593],[19.4065,50.3594],[19.412,50.3594],[19.4144,50.3595],[19.4228,50.3595],[19.4231,50.3596],[19.4323,50.3596],[19.4329,50.3597],[19.4423,50.3597],[19.4424,50.3598],[19.4525,50.3598],[19.4527,50.3599],[19.4544,50.3626],[19.4547,50.3633],[19.4574,50.3634],[19.4594,50.3633],[19.4678,50.3603],[19.4692,50.3597],[19.4768,50.357],[19.4774,50.357],[19.4802,50.3575],[19.4822,50.3569],[19.4831,50.3556],[19.4843,50.3535],[19.4848,50.3529],[19.4858,50.3511],[19.4873,50.3481],[19.4876,50.3473],[19.4859,50.344],[19.4853,50.3426],[19.4832,50.3388],[19.4806,50.3336],[19.4814,50.3313],[19.4831,50.3259],[19.4839,50.3236],[19.4827,50.3238],[19.4822,50.3242],[19.4796,50.3242],[19.4773,50.324],[19.4764,50.3244],[19.4753,50.3241],[19.4744,50.3248],[19.4729,50.3245],[19.4725,50.3237],[19.4691,50.3229],[19.4681,50.3231],[19.4673,50.3226],[19.4653,50.3226],[19.4639,50.3228],[19.4637,50.3234],[19.4626,50.3231],[19.4595,50.3228],[19.4591,50.3225],[19.4575,50.3221],[19.4568,50.3215],[19.4552,50.321],[19.4546,50.3199],[19.455,50.3193],[19.4526,50.3189],[19.451,50.3189],[19.4501,50.3198],[19.4498,50.3205],[19.4489,50.3205],[19.4478,50.321],[19.4473,50.3208],[19.4454,50.3211],[19.4439,50.3222],[19.4431,50.322],[19.441,50.3226],[19.4408,50.3234],[19.4393,50.3228],[19.4394,50.3234],[19.4383,50.3235],[19.4368,50.3243],[19.4354,50.3244],[19.4344,50.3247],[19.4344,50.3255],[19.4337,50.3259],[19.4321,50.3261],[19.4315,50.3267],[19.4321,50.3277],[19.4298,50.328],[19.4273,50.3288],[19.4261,50.3283],[19.4244,50.3286],[19.4238,50.3285],[19.4226,50.3293],[19.4219,50.3302],[19.4187,50.3309],[19.4179,50.3309],[19.417,50.3319],[19.4153,50.3317],[19.4147,50.3308],[19.4136,50.3284],[19.4134,50.3273],[19.4139,50.3271],[19.4144,50.3261],[19.414,50.3251],[19.4147,50.3228],[19.4138,50.322],[19.4126,50.3214],[19.4116,50.3204],[19.4104,50.3199],[19.4076,50.3183],[19.4066,50.3174],[19.4059,50.3176],[19.403,50.3174],[19.4029,50.317],[19.4014,50.317],[19.4011,50.3162],[19.3991,50.3159],[19.3983,50.3167],[19.3977,50.3184],[19.3972,50.3191],[19.3968,50.3204],[19.3962,50.3211],[19.3958,50.3224],[19.3951,50.3229],[19.3932,50.3222],[19.3911,50.3218],[19.3869,50.3208],[19.3849,50.3205],[19.3843,50.3216],[19.3791,50.3231],[19.3779,50.3233],[19.3753,50.3241],[19.3723,50.3248],[19.3665,50.3248],[19.3619,50.3252],[19.3606,50.3254],[19.3547,50.3259],[19.3541,50.3259],[19.3538,50.3243],[19.3544,50.3237],[19.3545,50.3222],[19.3521,50.3222],[19.3515,50.3214],[19.3524,50.3211],[19.3518,50.3203],[19.3519,50.3195],[19.3515,50.3181],[19.3502,50.3181],[19.349,50.3174],[19.348,50.3172],[19.3478,50.3167],[19.3496,50.3162],[19.3488,50.3148],[19.3478,50.3147],[19.3451,50.3152],[19.3447,50.3136],[19.343,50.3138],[19.3428,50.313],[19.342,50.3121],[19.3404,50.312],[19.3398,50.3111],[19.3402,50.31],[19.342,50.3085],[19.3431,50.3082],[19.3461,50.3078],[19.3458,50.307],[19.3446,50.3065],[19.3412,50.3064],[19.3394,50.3062],[19.3369,50.3053],[19.3352,50.3044],[19.3327,50.3041],[19.3298,50.3036],[19.3277,50.3031],[19.3236,50.3033],[19.3234,50.3046],[19.3205,50.3049],[19.3199,50.3039],[19.3212,50.3038],[19.3217,50.3017],[19.3183,50.301],[19.3171,50.301],[19.3164,50.3003],[19.3181,50.2991],[19.3172,50.2984],[19.3165,50.2982],[19.3155,50.2988],[19.313,50.2981],[19.3102,50.2978],[19.3085,50.2971],[19.3048,50.2975],[19.3029,50.298],[19.3016,50.2991],[19.3006,50.2991],[19.2995,50.2983],[19.2955,50.2974],[19.2953,50.2964],[19.2948,50.2956],[19.2942,50.2952],[19.2936,50.2943],[19.2933,50.2932],[19.2922,50.2938],[19.2908,50.2937],[19.2891,50.2942],[19.2881,50.2943],[19.2867,50.2941],[19.2863,50.2929],[19.2856,50.2916],[19.2851,50.2917]]]}},{"type":"Feature","properties":{"slug":"myslowice","name":"Mysłowice","bdlUnitId":"012414870000","voivodeship":"śląskie","lat":50.19804,"lon":19.14623},"geometry":{"type":"Polygon","coordinates":[[[19.11,50.1609],[19.1101,50.162],[19.1096,50.1638],[19.108,50.1675],[19.1069,50.1685],[19.1061,50.1708],[19.1048,50.1722],[19.1041,50.1725],[19.1044,50.1736],[19.1043,50.1757],[19.1032,50.176],[19.1034,50.1766],[19.1029,50.1774],[19.1031,50.1785],[19.1022,50.1795],[19.1009,50.1813],[19.1001,50.1827],[19.1002,50.1834],[19.0997,50.1849],[19.0982,50.1856],[19.098,50.1865],[19.0982,50.1871],[19.0966,50.1886],[19.0965,50.1894],[19.0954,50.1897],[19.0953,50.1902],[19.0937,50.1908],[19.0928,50.1906],[19.0919,50.1916],[19.0903,50.192],[19.0911,50.1932],[19.0906,50.1933],[19.0903,50.1942],[19.091,50.1944],[19.0961,50.1954],[19.096,50.1961],[19.0949,50.1969],[19.0942,50.1979],[19.0924,50.199],[19.0936,50.1991],[19.0932,50.2],[19.0937,50.2008],[19.0948,50.2017],[19.0943,50.202],[19.0958,50.2032],[19.0942,50.2036],[19.0942,50.204],[19.0927,50.2038],[19.0882,50.2045],[19.0859,50.2047],[19.0853,50.2044],[19.0836,50.2043],[19.0822,50.2045],[19.0799,50.2037],[19.0768,50.2037],[19.0732,50.2034],[19.0725,50.2037],[19.0677,50.204],[19.0686,50.2047],[19.0683,50.2056],[19.0689,50.2061],[19.0699,50.206],[19.0728,50.2064],[19.0742,50.2063],[19.0769,50.2064],[19.0784,50.2068],[19.0803,50.2071],[19.0822,50.2079],[19.0855,50.2084],[19.0886,50.2093],[19.0916,50.2098],[19.092,50.2111],[19.0937,50.2154],[19.0944,50.2175],[19.0994,50.2305],[19.1005,50.2337],[19.1018,50.2369],[19.1026,50.2391],[19.1021,50.2398],[19.1021,50.2406],[19.1017,50.2418],[19.101,50.2426],[19.1015,50.243],[19.101,50.244],[19.1012,50.2447],[19.1003,50.2449],[19.1005,50.2454],[19.1015,50.2459],[19.1011,50.2463],[19.1014,50.247],[19.1031,50.2476],[19.1049,50.248],[19.1086,50.2498],[19.1106,50.25],[19.1112,50.2531],[19.1132,50.2531],[19.115,50.257],[19.1155,50.2576],[19.1164,50.2572],[19.1174,50.2594],[19.118,50.2604],[19.1183,50.2623],[19.1188,50.2635],[19.1221,50.2669],[19.1224,50.2668],[19.123,50.2663],[19.1244,50.266],[19.1271,50.2649],[19.1299,50.2636],[19.1327,50.2625],[19.134,50.2617],[19.1371,50.2587],[19.1384,50.2549],[19.1393,50.2525],[19.1396,50.2496],[19.1401,50.2482],[19.1429,50.2436],[19.1438,50.2421],[19.1474,50.2359],[19.1484,50.2348],[19.1509,50.2331],[19.1545,50.231],[19.1578,50.229],[19.1598,50.2273],[19.1607,50.2263],[19.1613,50.2253],[19.1622,50.2231],[19.1625,50.2219],[19.1629,50.2164],[19.1639,50.2151],[19.1653,50.2144],[19.1681,50.2141],[19.1704,50.2135],[19.172,50.2127],[19.1736,50.2111],[19.1741,50.21],[19.1755,50.2077],[19.1766,50.2056],[19.1775,50.2051],[19.1788,50.2047],[19.1802,50.2047],[19.1827,50.2053],[19.1849,50.2056],[19.1862,50.2055],[19.1883,50.205],[19.1894,50.2044],[19.1905,50.2035],[19.1913,50.202],[19.1908,50.1979],[19.1917,50.1963],[19.1936,50.1952],[19.1952,50.1948],[19.1999,50.1942],[19.2025,50.1935],[19.2043,50.1928],[19.207,50.191],[19.2088,50.1891],[19.2121,50.1859],[19.2135,50.185],[19.2158,50.1843],[19.2171,50.1837],[19.2184,50.1826],[19.2193,50.1812],[19.2213,50.1773],[19.2223,50.1763],[19.223,50.1759],[19.2253,50.1752],[19.2271,50.1749],[19.2304,50.1741],[19.2329,50.1727],[19.234,50.1713],[19.238,50.1634],[19.2394,50.1622],[19.2418,50.1613],[19.2392,50.1599],[19.2379,50.159],[19.2368,50.1586],[19.2341,50.1586],[19.2307,50.1591],[19.2294,50.1594],[19.226,50.1598],[19.2258,50.1589],[19.2244,50.1592],[19.2229,50.1592],[19.2204,50.1598],[19.2182,50.1607],[19.2178,50.1613],[19.2166,50.1618],[19.2148,50.1621],[19.2129,50.1621],[19.2105,50.1633],[19.2083,50.1639],[19.2045,50.1646],[19.202,50.1657],[19.2007,50.1657],[19.2017,50.1675],[19.2002,50.1678],[19.1996,50.1677],[19.1963,50.1684],[19.196,50.1679],[19.1947,50.168],[19.1938,50.1675],[19.1897,50.1685],[19.1855,50.1694],[19.1866,50.1668],[19.1872,50.1651],[19.1851,50.165],[19.1853,50.1645],[19.1852,50.1628],[19.1848,50.1599],[19.1801,50.1603],[19.1779,50.1591],[19.1751,50.1577],[19.172,50.156],[19.1699,50.155],[19.169,50.1544],[19.1676,50.1549],[19.1609,50.1605],[19.1598,50.1598],[19.1564,50.1598],[19.1513,50.1587],[19.1498,50.1589],[19.1495,50.1603],[19.1485,50.16],[19.1468,50.1598],[19.1446,50.159],[19.1423,50.1583],[19.141,50.1577],[19.1393,50.1572],[19.1371,50.1569],[19.1359,50.1564],[19.135,50.1547],[19.1327,50.1546],[19.1319,50.1538],[19.1329,50.1524],[19.13,50.1524],[19.13,50.153],[19.1285,50.1538],[19.1272,50.1543],[19.1267,50.1554],[19.1263,50.1553],[19.1218,50.1563],[19.121,50.1573],[19.12,50.1571],[19.1185,50.1583],[19.1171,50.1577],[19.1164,50.1569],[19.1142,50.1581],[19.1139,50.159],[19.1124,50.1603],[19.11,50.1609]]]}},{"type":"Feature","properties":{"slug":"krosno","name":"Krosno","bdlUnitId":"061813361000","voivodeship":"podkarpackie","lat":49.69214,"lon":21.75411},"geometry":{"type":"Polygon","coordinates":[[[21.7791,49.647],[21.7783,49.6478],[21.7763,49.6506],[21.7726,49.6523],[21.7702,49.6538],[21.767,49.6564],[21.7638,49.6582],[21.7606,49.6596],[21.7603,49.6606],[21.7558,49.6629],[21.754,49.6641],[21.7519,49.666],[21.7498,49.6687],[21.7485,49.6695],[21.7467,49.6704],[21.7442,49.6713],[21.7421,49.6723],[21.739,49.6735],[21.7362,49.6744],[21.7342,49.6752],[21.7329,49.6741],[21.7305,49.6751],[21.7304,49.6765],[21.7283,49.6769],[21.7275,49.6762],[21.7228,49.6785],[21.7237,49.6796],[21.7233,49.6799],[21.7226,49.6813],[21.7175,49.6798],[21.7109,49.6776],[21.7092,49.6775],[21.7074,49.6788],[21.7057,49.6814],[21.706,49.6827],[21.706,49.6836],[21.705,49.6839],[21.7023,49.6841],[21.7024,49.6852],[21.7029,49.6875],[21.7027,49.6881],[21.7032,49.6899],[21.7026,49.69],[21.701,49.691],[21.7022,49.6917],[21.7006,49.6931],[21.7009,49.6937],[21.7006,49.6948],[21.7012,49.6949],[21.7012,49.6961],[21.7007,49.6967],[21.7021,49.6985],[21.7051,49.6997],[21.7072,49.7009],[21.7052,49.7015],[21.7039,49.7016],[21.7031,49.7021],[21.7026,49.7039],[21.7022,49.7043],[21.701,49.7045],[21.6986,49.7053],[21.6986,49.7058],[21.6975,49.7064],[21.6959,49.7078],[21.6947,49.7085],[21.6957,49.7095],[21.6962,49.7104],[21.6971,49.713],[21.6998,49.7155],[21.6968,49.7168],[21.6987,49.7182],[21.6993,49.7185],[21.7012,49.7211],[21.7015,49.7219],[21.7028,49.7235],[21.7057,49.7263],[21.7074,49.7276],[21.7087,49.729],[21.7102,49.7311],[21.7103,49.7316],[21.7112,49.7319],[21.7125,49.7315],[21.7124,49.7305],[21.7135,49.7293],[21.7149,49.7282],[21.7169,49.7276],[21.7188,49.7276],[21.7194,49.727],[21.7217,49.726],[21.7229,49.7242],[21.7239,49.7233],[21.7253,49.7228],[21.7277,49.7207],[21.7293,49.7206],[21.7318,49.7207],[21.7317,49.7216],[21.7328,49.7216],[21.7343,49.7213],[21.7347,49.7207],[21.734,49.7203],[21.7341,49.7197],[21.7352,49.7198],[21.736,49.7204],[21.7402,49.7206],[21.7414,49.72],[21.7426,49.72],[21.745,49.7203],[21.7464,49.7208],[21.747,49.7214],[21.7487,49.721],[21.7486,49.7205],[21.7509,49.7206],[21.7517,49.7212],[21.753,49.7214],[21.7539,49.7223],[21.7554,49.7221],[21.7562,49.7224],[21.7585,49.7221],[21.76,49.7214],[21.7627,49.7209],[21.7645,49.7199],[21.7663,49.7192],[21.7678,49.7191],[21.7682,49.7187],[21.7712,49.7164],[21.7764,49.7147],[21.7784,49.7143],[21.7792,49.714],[21.786,49.7122],[21.7873,49.7117],[21.7892,49.7099],[21.7908,49.7093],[21.7924,49.7085],[21.7943,49.7072],[21.7958,49.7058],[21.8001,49.7034],[21.8017,49.7027],[21.8028,49.7019],[21.8029,49.7015],[21.8043,49.7006],[21.8062,49.7001],[21.8089,49.7001],[21.8094,49.7],[21.8113,49.7002],[21.8111,49.6995],[21.8101,49.6975],[21.8066,49.6927],[21.8052,49.6912],[21.804,49.6893],[21.804,49.6887],[21.8035,49.6875],[21.8027,49.6862],[21.8024,49.6848],[21.8005,49.6806],[21.8005,49.6794],[21.7999,49.6786],[21.7997,49.6777],[21.7997,49.6757],[21.7999,49.6749],[21.8009,49.6724],[21.8014,49.6699],[21.8026,49.6671],[21.8034,49.6617],[21.803,49.6605],[21.8025,49.6597],[21.8002,49.66],[21.7975,49.6587],[21.7958,49.6582],[21.791,49.6563],[21.7903,49.6559],[21.7885,49.6553],[21.7877,49.6548],[21.7864,49.6535],[21.7833,49.6517],[21.7829,49.6511],[21.7835,49.6489],[21.7845,49.647],[21.7839,49.6466],[21.7826,49.6466],[21.7801,49.647],[21.7791,49.647]]]}},{"type":"Feature","properties":{"slug":"rzeszow","name":"Rzeszów","bdlUnitId":"061813563000","voivodeship":"podkarpackie","lat":50.02213,"lon":21.99466},"geometry":{"type":"Polygon","coordinates":[[[21.9733,49.9351],[21.9741,49.9356],[21.974,49.9364],[21.9723,49.9371],[21.9719,49.9375],[21.9721,49.9386],[21.9709,49.9399],[21.9701,49.9411],[21.9702,49.9417],[21.969,49.9435],[21.9692,49.9461],[21.9689,49.9472],[21.9679,49.9488],[21.9654,49.9512],[21.9652,49.9517],[21.9638,49.9529],[21.9622,49.9539],[21.9595,49.9559],[21.9583,49.9574],[21.9587,49.9599],[21.9594,49.9614],[21.9594,49.9625],[21.9586,49.9655],[21.9586,49.9662],[21.9591,49.9681],[21.958,49.9686],[21.9573,49.9698],[21.957,49.9708],[21.9564,49.9713],[21.9564,49.9719],[21.9553,49.9737],[21.9566,49.9741],[21.9579,49.9755],[21.9588,49.9756],[21.9589,49.9766],[21.9586,49.9778],[21.9576,49.979],[21.9557,49.9805],[21.9552,49.9818],[21.9551,49.9829],[21.9555,49.9843],[21.9577,49.986],[21.9602,49.9864],[21.9624,49.987],[21.9635,49.9882],[21.9634,49.9894],[21.9641,49.9908],[21.9655,49.9914],[21.9653,49.992],[21.9638,49.9925],[21.9621,49.9937],[21.9614,49.9938],[21.9602,49.993],[21.9588,49.9934],[21.9575,49.9934],[21.9568,49.9937],[21.9561,49.9944],[21.9553,49.9948],[21.9537,49.995],[21.9527,49.9948],[21.9504,49.9949],[21.9493,49.9953],[21.9488,49.9958],[21.949,49.9964],[21.9486,49.9975],[21.9476,49.9985],[21.9464,49.9986],[21.9461,49.9982],[21.944,49.9983],[21.9413,49.9981],[21.94,49.9972],[21.9383,49.9973],[21.9363,49.9977],[21.9364,49.9986],[21.9362,50.0002],[21.9358,50.0014],[21.9353,50.0019],[21.9353,50.003],[21.9347,50.0045],[21.9351,50.0055],[21.9365,50.0076],[21.9377,50.009],[21.9387,50.0098],[21.9379,50.0101],[21.9382,50.0116],[21.9382,50.0175],[21.9387,50.019],[21.9405,50.0212],[21.9411,50.0216],[21.9423,50.0229],[21.943,50.0234],[21.9443,50.0255],[21.9445,50.027],[21.9483,50.0283],[21.9476,50.0293],[21.9467,50.0301],[21.9455,50.0302],[21.9446,50.0307],[21.9432,50.0309],[21.9417,50.0309],[21.9386,50.032],[21.9383,50.0322],[21.9352,50.0323],[21.9334,50.0321],[21.9312,50.0314],[21.9308,50.0314],[21.9247,50.0295],[21.9223,50.0283],[21.9206,50.0283],[21.9186,50.0287],[21.9174,50.0287],[21.9155,50.0292],[21.9139,50.03],[21.9122,50.0302],[21.9101,50.0309],[21.9092,50.0317],[21.9088,50.0324],[21.9068,50.0336],[21.9054,50.0342],[21.9036,50.036],[21.902,50.0369],[21.9006,50.0369],[21.9,50.0364],[21.8972,50.036],[21.8951,50.036],[21.894,50.0357],[21.8922,50.0357],[21.8868,50.0351],[21.8828,50.0351],[21.8812,50.0345],[21.8764,50.0345],[21.8737,50.035],[21.8705,50.0351],[21.8681,50.0354],[21.8669,50.036],[21.8659,50.0368],[21.8663,50.0376],[21.8646,50.039],[21.8621,50.0408],[21.8601,50.042],[21.8587,50.0427],[21.8596,50.0438],[21.8607,50.0447],[21.8619,50.045],[21.8633,50.0457],[21.8649,50.0463],[21.8661,50.0465],[21.8669,50.0469],[21.8681,50.0481],[21.8696,50.0485],[21.8711,50.0487],[21.8743,50.0485],[21.8754,50.0487],[21.8758,50.0492],[21.8775,50.0498],[21.8791,50.0499],[21.8801,50.0502],[21.8819,50.0492],[21.8858,50.0506],[21.8857,50.0511],[21.8833,50.0517],[21.886,50.0537],[21.888,50.0545],[21.889,50.0556],[21.8904,50.0552],[21.894,50.0547],[21.8946,50.0553],[21.8968,50.0547],[21.8975,50.0547],[21.899,50.0557],[21.9012,50.0555],[21.9044,50.0555],[21.9059,50.0556],[21.9075,50.0561],[21.9104,50.0563],[21.9127,50.0569],[21.9156,50.0566],[21.917,50.0566],[21.9186,50.0564],[21.9208,50.0563],[21.9214,50.0565],[21.9231,50.0566],[21.9236,50.057],[21.9254,50.0579],[21.9266,50.0579],[21.927,50.0582],[21.9294,50.0592],[21.9301,50.0598],[21.9324,50.061],[21.933,50.0616],[21.9329,50.0627],[21.9325,50.0641],[21.9324,50.0655],[21.932,50.0661],[21.9321,50.0672],[21.9328,50.0684],[21.9333,50.0701],[21.9342,50.071],[21.9345,50.0721],[21.9364,50.0727],[21.9366,50.072],[21.9381,50.0723],[21.9395,50.0732],[21.9416,50.0741],[21.9436,50.0751],[21.9456,50.0758],[21.9474,50.0759],[21.9489,50.0764],[21.9517,50.077],[21.9537,50.077],[21.956,50.0764],[21.9578,50.0763],[21.9614,50.0763],[21.9664,50.0751],[21.9684,50.0747],[21.9706,50.0738],[21.9719,50.0736],[21.9743,50.0729],[21.9759,50.073],[21.9766,50.0756],[21.9774,50.0773],[21.9791,50.0792],[21.9813,50.0809],[21.9849,50.0816],[21.985,50.0806],[21.9866,50.0797],[21.9889,50.0793],[21.9888,50.0787],[21.9901,50.0778],[21.9917,50.0781],[21.9936,50.078],[21.9972,50.078],[21.9995,50.0783],[22.0015,50.0783],[22.0013,50.0756],[22.0054,50.0749],[22.0064,50.0752],[22.0111,50.0752],[22.013,50.0757],[22.0161,50.0757],[22.0185,50.0754],[22.0202,50.075],[22.0221,50.0742],[22.0244,50.0736],[22.0258,50.073],[22.0273,50.072],[22.0295,50.071],[22.032,50.0703],[22.035,50.0692],[22.0365,50.0683],[22.0372,50.0687],[22.0379,50.0684],[22.0399,50.068],[22.0412,50.0676],[22.0415,50.068],[22.0403,50.0686],[22.0394,50.0686],[22.0376,50.069],[22.0374,50.0693],[22.0384,50.0698],[22.0397,50.0699],[22.0418,50.0703],[22.0425,50.0699],[22.0426,50.0692],[22.0431,50.0689],[22.0452,50.0699],[22.0442,50.0708],[22.0445,50.0712],[22.0484,50.0712],[22.0489,50.0707],[22.0475,50.0699],[22.0485,50.0692],[22.0493,50.0697],[22.0499,50.0709],[22.0511,50.0715],[22.0515,50.0711],[22.051,50.0699],[22.0512,50.0691],[22.0522,50.0689],[22.0524,50.07],[22.0522,50.0707],[22.0526,50.0711],[22.0535,50.071],[22.0542,50.0701],[22.0551,50.0701],[22.0541,50.0713],[22.0545,50.0734],[22.0575,50.074],[22.058,50.073],[22.0591,50.0725],[22.0599,50.0732],[22.0606,50.0733],[22.0618,50.0727],[22.0631,50.0732],[22.0645,50.0735],[22.0655,50.0735],[22.0667,50.0739],[22.0683,50.0747],[22.069,50.0745],[22.0704,50.0749],[22.0705,50.0737],[22.0703,50.0729],[22.0707,50.0717],[22.0702,50.0716],[22.0697,50.0726],[22.068,50.0723],[22.0681,50.0718],[22.0672,50.0717],[22.0663,50.0712],[22.0659,50.0704],[22.0673,50.0692],[22.0664,50.0683],[22.0663,50.0677],[22.0672,50.0669],[22.0681,50.067],[22.0691,50.0663],[22.0697,50.0667],[22.0712,50.0668],[22.0717,50.0676],[22.0716,50.0683],[22.0736,50.0683],[22.0757,50.0693],[22.0768,50.0691],[22.0767,50.0684],[22.077,50.0674],[22.0765,50.0667],[22.0755,50.0665],[22.0741,50.0653],[22.0732,50.0649],[22.0726,50.0641],[22.0733,50.0634],[22.0718,50.062],[22.0711,50.0616],[22.0698,50.0602],[22.0697,50.0597],[22.0705,50.0589],[22.0709,50.0579],[22.0697,50.057],[22.0663,50.0564],[22.064,50.0553],[22.0625,50.055],[22.0614,50.0546],[22.0614,50.0541],[22.0577,50.0525],[22.0563,50.0521],[22.0541,50.0503],[22.0541,50.0497],[22.0535,50.0486],[22.0551,50.0469],[22.056,50.0454],[22.0569,50.0456],[22.0578,50.0447],[22.0581,50.0437],[22.0589,50.0422],[22.0589,50.0413],[22.0616,50.041],[22.0634,50.0406],[22.0634,50.0398],[22.0641,50.0384],[22.0656,50.0376],[22.0669,50.0371],[22.068,50.0373],[22.07,50.0337],[22.0706,50.0332],[22.0723,50.0336],[22.0731,50.0343],[22.075,50.0347],[22.0768,50.0323],[22.0786,50.0309],[22.08,50.0295],[22.0825,50.0277],[22.0843,50.0262],[22.0861,50.0245],[22.0881,50.0219],[22.0894,50.021],[22.0897,50.0204],[22.0911,50.0191],[22.0923,50.0182],[22.0927,50.017],[22.0926,50.0166],[22.0934,50.016],[22.094,50.0148],[22.094,50.0126],[22.0934,50.012],[22.0928,50.0104],[22.0918,50.0099],[22.0909,50.0099],[22.0892,50.0103],[22.0885,50.0101],[22.0889,50.0086],[22.0879,50.0086],[22.0867,50.0089],[22.0851,50.0085],[22.083,50.0083],[22.0825,50.0079],[22.0848,50.0064],[22.0843,50.0036],[22.0844,50.0011],[22.083,49.9989],[22.0833,49.9985],[22.0833,49.9969],[22.083,49.9964],[22.0835,49.9959],[22.081,49.9936],[22.081,49.9932],[22.0799,49.9928],[22.0782,49.9929],[22.0764,49.9926],[22.0754,49.9919],[22.0746,49.991],[22.0729,49.9902],[22.071,49.989],[22.0701,49.9882],[22.0683,49.9871],[22.0681,49.9862],[22.0663,49.9852],[22.0659,49.9848],[22.0648,49.9848],[22.0636,49.9853],[22.0627,49.9853],[22.0606,49.9858],[22.0574,49.9858],[22.0566,49.9862],[22.0551,49.9865],[22.0539,49.9873],[22.0519,49.9877],[22.0495,49.9886],[22.0479,49.989],[22.0465,49.9891],[22.0434,49.99],[22.0419,49.9883],[22.0412,49.9871],[22.0405,49.9854],[22.0409,49.9854],[22.0407,49.9841],[22.0397,49.983],[22.0389,49.9806],[22.0391,49.9791],[22.0387,49.978],[22.0369,49.9762],[22.036,49.9744],[22.0356,49.9733],[22.0347,49.9722],[22.0336,49.9704],[22.0316,49.9716],[22.0293,49.9717],[22.0293,49.9724],[22.0288,49.9732],[22.0274,49.9735],[22.0261,49.9732],[22.0243,49.9723],[22.0232,49.9723],[22.0208,49.9732],[22.0203,49.9736],[22.0188,49.9738],[22.0163,49.9748],[22.0163,49.9742],[22.0153,49.9744],[22.0143,49.9731],[22.0174,49.9731],[22.0181,49.9717],[22.0182,49.9709],[22.0206,49.9701],[22.0215,49.9701],[22.0224,49.9696],[22.0223,49.9678],[22.0224,49.9658],[22.022,49.9651],[22.0207,49.9643],[22.0196,49.9634],[22.0182,49.9635],[22.0136,49.9635],[22.0103,49.9631],[22.0079,49.9631],[22.0062,49.9633],[22.0046,49.9632],[22.0013,49.9632],[22.0003,49.963],[21.9988,49.963],[21.998,49.9632],[21.9952,49.963],[21.9953,49.9615],[21.9945,49.9589],[21.9945,49.9575],[21.9947,49.9561],[21.9945,49.9548],[21.9938,49.9539],[21.9932,49.9526],[21.9931,49.9494],[21.9928,49.9467],[21.9925,49.9456],[21.9914,49.944],[21.9905,49.9434],[21.9903,49.9426],[21.9903,49.9411],[21.9899,49.9398],[21.989,49.94],[21.9887,49.9395],[21.9878,49.94],[21.9874,49.9395],[21.9863,49.9392],[21.9861,49.9385],[21.985,49.9379],[21.9834,49.9375],[21.9825,49.9368],[21.9818,49.9366],[21.9806,49.9367],[21.9799,49.9365],[21.9808,49.9348],[21.9817,49.934],[21.9833,49.9335],[21.9819,49.9326],[21.9807,49.9336],[21.9788,49.9335],[21.9764,49.9343],[21.9744,49.9345],[21.9733,49.9351]]]}},{"type":"Feature","properties":{"slug":"piotrkow-trybunalski","name":"Piotrków Trybunalski","bdlUnitId":"051011762000","voivodeship":"łódzkie","lat":51.41488,"lon":19.70572},"geometry":{"type":"Polygon","coordinates":[[[19.7007,51.3757],[19.6976,51.375],[19.6966,51.375],[19.695,51.3746],[19.693,51.3743],[19.6892,51.3735],[19.6859,51.3733],[19.6837,51.373],[19.682,51.373],[19.6791,51.3735],[19.6783,51.3732],[19.6753,51.3747],[19.6748,51.3751],[19.6736,51.3751],[19.6717,51.3757],[19.6697,51.3767],[19.6688,51.3774],[19.6667,51.3787],[19.6638,51.3796],[19.663,51.3801],[19.6596,51.3816],[19.6579,51.3835],[19.6562,51.3846],[19.6541,51.3853],[19.6531,51.3859],[19.6489,51.3868],[19.6468,51.3863],[19.6417,51.3862],[19.6388,51.386],[19.6344,51.3859],[19.6344,51.3854],[19.6338,51.3848],[19.6314,51.3831],[19.6283,51.3799],[19.6229,51.3799],[19.6248,51.3832],[19.6253,51.3847],[19.6259,51.3855],[19.6275,51.389],[19.6294,51.3943],[19.63,51.3964],[19.6311,51.3997],[19.6305,51.4015],[19.6303,51.4032],[19.6296,51.4052],[19.6286,51.4065],[19.6282,51.4075],[19.6276,51.4079],[19.6268,51.4094],[19.6265,51.4104],[19.6268,51.4124],[19.6272,51.414],[19.6309,51.4137],[19.6336,51.413],[19.635,51.4166],[19.6356,51.4184],[19.6362,51.4197],[19.6375,51.4234],[19.6389,51.427],[19.6398,51.4271],[19.6405,51.4295],[19.642,51.4337],[19.6429,51.4352],[19.645,51.4373],[19.6468,51.4387],[19.6483,51.4395],[19.6519,51.441],[19.6542,51.4416],[19.6547,51.4422],[19.6558,51.442],[19.659,51.4424],[19.6678,51.4424],[19.669,51.4432],[19.6695,51.443],[19.6694,51.4423],[19.6722,51.4422],[19.6773,51.4422],[19.6784,51.4423],[19.6814,51.4423],[19.6844,51.4424],[19.6847,51.4426],[19.6873,51.4427],[19.6898,51.4431],[19.6913,51.4429],[19.6966,51.4433],[19.6981,51.4433],[19.7011,51.4436],[19.7057,51.4437],[19.7079,51.4439],[19.7108,51.444],[19.716,51.444],[19.7164,51.4439],[19.7221,51.4439],[19.723,51.4448],[19.7238,51.4448],[19.7235,51.4438],[19.7257,51.4437],[19.7303,51.4437],[19.733,51.4438],[19.7356,51.444],[19.7376,51.444],[19.7407,51.4443],[19.7413,51.4482],[19.7395,51.4486],[19.7393,51.4508],[19.7411,51.4514],[19.7471,51.451],[19.7476,51.4515],[19.7501,51.4512],[19.7532,51.451],[19.7552,51.451],[19.7574,51.4502],[19.7586,51.4494],[19.759,51.4473],[19.7596,51.4469],[19.7632,51.4484],[19.7654,51.4499],[19.7681,51.4516],[19.7683,51.4516],[19.7755,51.4476],[19.7777,51.449],[19.7813,51.4516],[19.7833,51.4529],[19.7856,51.4517],[19.7903,51.449],[19.7931,51.451],[19.7968,51.4483],[19.7982,51.4472],[19.8033,51.4434],[19.8047,51.4423],[19.8076,51.4403],[19.8103,51.4387],[19.8096,51.4364],[19.8094,51.4347],[19.8089,51.4321],[19.8079,51.4255],[19.8074,51.4225],[19.807,51.4207],[19.8065,51.4203],[19.7961,51.4263],[19.7937,51.4276],[19.7917,51.4288],[19.7849,51.4326],[19.7814,51.4347],[19.7771,51.4316],[19.7731,51.4288],[19.772,51.4279],[19.7677,51.425],[19.7658,51.4235],[19.7588,51.4187],[19.7548,51.4158],[19.7513,51.4135],[19.7496,51.4123],[19.7499,51.4116],[19.7461,51.4111],[19.7457,51.4092],[19.7456,51.4069],[19.7453,51.4049],[19.7414,51.4045],[19.7406,51.4045],[19.7368,51.4033],[19.7366,51.4026],[19.7372,51.4018],[19.7415,51.3992],[19.7434,51.3996],[19.7447,51.397],[19.7466,51.3935],[19.7488,51.391],[19.7481,51.3879],[19.748,51.3864],[19.7476,51.3843],[19.7456,51.3843],[19.7451,51.3816],[19.7444,51.3785],[19.7421,51.3786],[19.7382,51.379],[19.737,51.379],[19.7333,51.3793],[19.7322,51.3809],[19.7315,51.381],[19.7312,51.379],[19.728,51.3796],[19.7245,51.3801],[19.7222,51.3806],[19.7205,51.3808],[19.7182,51.3813],[19.7123,51.3804],[19.7102,51.3802],[19.7078,51.3797],[19.7073,51.3794],[19.7073,51.3775],[19.7063,51.3766],[19.705,51.3762],[19.7012,51.3759],[19.7007,51.3757]]]}},{"type":"Feature","properties":{"slug":"bialystok","name":"Białystok","bdlUnitId":"062013761000","voivodeship":"podlaskie","lat":53.13222,"lon":23.15882},"geometry":{"type":"Polygon","coordinates":[[[23.0802,53.1785],[23.0816,53.1788],[23.0832,53.1795],[23.0842,53.1796],[23.0849,53.1802],[23.0865,53.181],[23.0881,53.1812],[23.0888,53.1817],[23.0896,53.1817],[23.0906,53.1813],[23.0928,53.1826],[23.0946,53.1823],[23.0958,53.1831],[23.0966,53.1839],[23.1009,53.1838],[23.1003,53.1847],[23.1013,53.185],[23.1022,53.1856],[23.1034,53.1855],[23.1046,53.1858],[23.1038,53.1868],[23.1045,53.1872],[23.1058,53.1875],[23.1083,53.1885],[23.1098,53.1884],[23.1099,53.1878],[23.1096,53.1822],[23.1088,53.1815],[23.1076,53.1816],[23.1072,53.181],[23.1015,53.1805],[23.0979,53.1791],[23.0978,53.1789],[23.1005,53.1769],[23.1039,53.1766],[23.1092,53.1763],[23.1091,53.1718],[23.1113,53.1719],[23.1148,53.1719],[23.1152,53.172],[23.1183,53.172],[23.121,53.1721],[23.1268,53.1744],[23.1283,53.1749],[23.1312,53.1761],[23.1324,53.1763],[23.1334,53.1769],[23.1373,53.1767],[23.1374,53.1776],[23.1397,53.1773],[23.1432,53.177],[23.1437,53.1759],[23.1456,53.1743],[23.1473,53.1737],[23.1483,53.173],[23.1505,53.1708],[23.151,53.1727],[23.152,53.1746],[23.1532,53.1741],[23.1588,53.1747],[23.1669,53.1754],[23.1688,53.1772],[23.1708,53.1789],[23.1723,53.1789],[23.1741,53.1787],[23.1757,53.1787],[23.1789,53.1785],[23.1817,53.1785],[23.1871,53.1782],[23.1872,53.1804],[23.1903,53.1803],[23.1932,53.1803],[23.2001,53.1801],[23.1993,53.1756],[23.1984,53.1715],[23.1982,53.1701],[23.2003,53.17],[23.2029,53.1697],[23.204,53.1697],[23.2065,53.1694],[23.2075,53.1694],[23.2123,53.1689],[23.2177,53.1685],[23.2228,53.168],[23.2265,53.1678],[23.2302,53.1674],[23.2374,53.1668],[23.2405,53.1666],[23.2397,53.1625],[23.2385,53.1576],[23.2379,53.1546],[23.2356,53.1441],[23.2344,53.139],[23.2343,53.1381],[23.2334,53.134],[23.2326,53.1308],[23.2293,53.131],[23.2289,53.1301],[23.2277,53.1253],[23.2295,53.1248],[23.2266,53.1237],[23.2247,53.1234],[23.2238,53.1173],[23.2258,53.1171],[23.2254,53.1154],[23.2289,53.1151],[23.2284,53.1146],[23.2231,53.1132],[23.2209,53.1136],[23.2202,53.1125],[23.2231,53.111],[23.2274,53.1101],[23.2329,53.1087],[23.2329,53.1068],[23.232,53.1038],[23.2341,53.1037],[23.2386,53.1025],[23.2425,53.1012],[23.2444,53.1007],[23.2472,53.0998],[23.2457,53.0933],[23.2442,53.0863],[23.2434,53.0829],[23.242,53.0831],[23.2374,53.0834],[23.2345,53.0837],[23.234,53.0813],[23.2324,53.0813],[23.2316,53.0776],[23.2309,53.0776],[23.2266,53.0786],[23.2258,53.0751],[23.2247,53.0755],[23.2242,53.0735],[23.2234,53.0695],[23.2223,53.0695],[23.2211,53.069],[23.2188,53.0684],[23.2171,53.0678],[23.2131,53.0666],[23.2116,53.0717],[23.2109,53.0737],[23.2091,53.0799],[23.2085,53.0817],[23.2034,53.0817],[23.2016,53.0857],[23.1982,53.085],[23.1963,53.0847],[23.1955,53.0861],[23.1937,53.0857],[23.1905,53.0852],[23.1879,53.0854],[23.1833,53.0859],[23.1811,53.0911],[23.18,53.091],[23.1724,53.0897],[23.1708,53.0908],[23.1683,53.0921],[23.1653,53.0926],[23.1635,53.093],[23.1602,53.0927],[23.1589,53.0911],[23.159,53.0908],[23.1546,53.0901],[23.1559,53.0874],[23.1562,53.0872],[23.1571,53.085],[23.1566,53.0845],[23.1561,53.0834],[23.1544,53.0834],[23.1528,53.0832],[23.151,53.0832],[23.1406,53.0849],[23.1363,53.0857],[23.1347,53.0857],[23.1335,53.0859],[23.1334,53.0849],[23.1311,53.0847],[23.1296,53.0857],[23.1283,53.0853],[23.1285,53.0849],[23.1267,53.085],[23.127,53.086],[23.1277,53.0872],[23.1257,53.0884],[23.1247,53.0901],[23.124,53.0907],[23.1229,53.0908],[23.1207,53.0907],[23.1164,53.0903],[23.115,53.0903],[23.1157,53.0912],[23.1196,53.0936],[23.1247,53.0965],[23.1271,53.0976],[23.1285,53.0981],[23.1274,53.0988],[23.1212,53.1037],[23.119,53.105],[23.1179,53.1047],[23.1164,53.1047],[23.1142,53.1051],[23.1093,53.1067],[23.1075,53.1069],[23.1001,53.1079],[23.0975,53.1089],[23.0953,53.1102],[23.0939,53.1094],[23.0903,53.1078],[23.0876,53.1061],[23.0834,53.1092],[23.0804,53.1113],[23.0782,53.1154],[23.078,53.1154],[23.0762,53.1188],[23.0758,53.1187],[23.0741,53.1213],[23.0733,53.1231],[23.0716,53.1253],[23.0737,53.1257],[23.0726,53.1273],[23.0668,53.126],[23.0658,53.1276],[23.0663,53.1278],[23.0707,53.1287],[23.0685,53.1297],[23.0679,53.1313],[23.0662,53.1316],[23.0687,53.1322],[23.0672,53.1349],[23.0678,53.1376],[23.0687,53.1409],[23.0693,53.1436],[23.0709,53.1495],[23.0712,53.1509],[23.0707,53.1516],[23.0714,53.1518],[23.0727,53.1561],[23.0755,53.1555],[23.0729,53.1589],[23.0722,53.1597],[23.0706,53.16],[23.0712,53.161],[23.0728,53.1631],[23.0738,53.1629],[23.0762,53.1667],[23.0753,53.1669],[23.0797,53.1734],[23.0802,53.1734],[23.0813,53.1741],[23.0828,53.1744],[23.0852,53.1756],[23.0842,53.1766],[23.0823,53.1768],[23.0815,53.1763],[23.0798,53.176],[23.0797,53.1757],[23.0778,53.1756],[23.0767,53.1753],[23.0758,53.1756],[23.0753,53.1772],[23.0764,53.1779],[23.0775,53.178],[23.0788,53.1789],[23.0802,53.1785]]]}},{"type":"Feature","properties":{"slug":"swietochlowice","name":"Świętochłowice","bdlUnitId":"012414876000","voivodeship":"śląskie","lat":50.29852,"lon":18.91083},"geometry":{"type":"Polygon","coordinates":[[[18.9298,50.2709],[18.9272,50.2711],[18.9242,50.2718],[18.921,50.2724],[18.9173,50.2732],[18.9144,50.2739],[18.9111,50.2746],[18.9105,50.275],[18.9108,50.2756],[18.9095,50.2756],[18.9094,50.2749],[18.906,50.2756],[18.9045,50.276],[18.9041,50.2765],[18.9046,50.2781],[18.9035,50.2781],[18.9021,50.2776],[18.8996,50.2776],[18.8995,50.2783],[18.8988,50.2797],[18.8992,50.2804],[18.8995,50.2818],[18.8997,50.284],[18.9032,50.2838],[18.9032,50.285],[18.9013,50.2869],[18.9004,50.2882],[18.8994,50.2891],[18.8974,50.2902],[18.8933,50.2917],[18.891,50.2927],[18.8891,50.2926],[18.8876,50.2935],[18.8859,50.2943],[18.8835,50.2949],[18.8842,50.2961],[18.8851,50.2968],[18.8855,50.2977],[18.8871,50.298],[18.8885,50.2987],[18.8896,50.3],[18.8902,50.3004],[18.8911,50.3005],[18.8921,50.3011],[18.892,50.3015],[18.8906,50.303],[18.8905,50.3035],[18.8869,50.3074],[18.8868,50.3092],[18.8878,50.3114],[18.8885,50.3124],[18.8893,50.313],[18.8904,50.3134],[18.8924,50.3154],[18.894,50.3172],[18.8948,50.3187],[18.8953,50.32],[18.8955,50.3214],[18.8953,50.3229],[18.8959,50.324],[18.896,50.3249],[18.896,50.325],[18.896,50.3249],[18.8984,50.3244],[18.8986,50.3245],[18.9015,50.3235],[18.9029,50.3229],[18.9043,50.3226],[18.9068,50.3226],[18.9103,50.3221],[18.9137,50.3217],[18.9157,50.3212],[18.9169,50.3211],[18.9187,50.3206],[18.9241,50.3203],[18.9257,50.3203],[18.9263,50.3191],[18.9269,50.3191],[18.927,50.3181],[18.9273,50.3172],[18.9298,50.3145],[18.9306,50.3134],[18.9287,50.3119],[18.9275,50.3101],[18.9261,50.3091],[18.925,50.308],[18.9229,50.3072],[18.9219,50.3066],[18.9226,50.3057],[18.9217,50.3045],[18.9195,50.3049],[18.919,50.3025],[18.9245,50.3016],[18.9243,50.3012],[18.9277,50.3003],[18.9261,50.2976],[18.9254,50.2967],[18.9247,50.2951],[18.928,50.294],[18.9332,50.2921],[18.9319,50.2907],[18.9358,50.2891],[18.9326,50.2871],[18.9325,50.2859],[18.9332,50.2859],[18.935,50.2851],[18.9355,50.2833],[18.9364,50.2823],[18.9359,50.2821],[18.9347,50.2825],[18.9337,50.2813],[18.9334,50.2804],[18.9333,50.2787],[18.9327,50.2775],[18.9309,50.2783],[18.9301,50.2785],[18.9298,50.2776],[18.9283,50.2779],[18.9272,50.2769],[18.9263,50.2756],[18.9274,50.2726],[18.929,50.2717],[18.9312,50.271],[18.9298,50.2709]]]}},{"type":"Feature","properties":{"slug":"zabrze","name":"Zabrze","bdlUnitId":"012414778000","voivodeship":"śląskie","lat":50.31566,"lon":18.78684},"geometry":{"type":"Polygon","coordinates":[[[18.7505,50.264],[18.7493,50.2641],[18.7482,50.2653],[18.7474,50.2653],[18.7458,50.2663],[18.7439,50.2663],[18.7432,50.2669],[18.7416,50.2668],[18.7399,50.2677],[18.7387,50.2677],[18.7396,50.2686],[18.7385,50.2693],[18.7372,50.2694],[18.737,50.2705],[18.736,50.2704],[18.7358,50.2708],[18.7372,50.2717],[18.7378,50.2718],[18.7398,50.2734],[18.7406,50.2737],[18.7411,50.274],[18.7421,50.274],[18.7429,50.2743],[18.7442,50.2754],[18.7473,50.2752],[18.7485,50.275],[18.7497,50.2753],[18.7503,50.2752],[18.7543,50.2753],[18.756,50.2756],[18.7563,50.2761],[18.7555,50.2767],[18.7541,50.2768],[18.7528,50.2773],[18.751,50.2791],[18.7489,50.2799],[18.7489,50.2803],[18.7479,50.2808],[18.7463,50.2805],[18.7454,50.281],[18.7449,50.282],[18.7445,50.2852],[18.7445,50.2863],[18.7466,50.2861],[18.7461,50.289],[18.7479,50.2894],[18.7504,50.2893],[18.7513,50.2888],[18.7525,50.2888],[18.7514,50.2896],[18.7505,50.2898],[18.7501,50.2908],[18.7493,50.2918],[18.7498,50.292],[18.7499,50.2927],[18.7508,50.2932],[18.7507,50.2945],[18.7491,50.2947],[18.7483,50.2953],[18.7474,50.2956],[18.7449,50.2955],[18.7417,50.2957],[18.7395,50.2957],[18.7363,50.2959],[18.7338,50.2959],[18.734,50.2969],[18.734,50.299],[18.7325,50.2984],[18.7328,50.3002],[18.7334,50.3025],[18.732,50.3052],[18.7327,50.3053],[18.7364,50.3053],[18.7363,50.3055],[18.7338,50.3055],[18.7326,50.3068],[18.7317,50.308],[18.7312,50.3091],[18.7313,50.3118],[18.7317,50.3141],[18.7315,50.3151],[18.7348,50.3158],[18.7362,50.3169],[18.7367,50.318],[18.7386,50.3203],[18.7385,50.3214],[18.7381,50.3217],[18.7378,50.3228],[18.7386,50.3239],[18.7386,50.3245],[18.7391,50.3259],[18.7383,50.3292],[18.7365,50.3303],[18.7349,50.3308],[18.7319,50.3315],[18.7307,50.3342],[18.7336,50.3373],[18.7339,50.3407],[18.7356,50.3413],[18.7356,50.3418],[18.7389,50.343],[18.7423,50.3427],[18.7481,50.3423],[18.7483,50.3418],[18.7509,50.3418],[18.7515,50.3415],[18.7541,50.3416],[18.7544,50.3424],[18.755,50.3425],[18.7559,50.3436],[18.7569,50.3441],[18.7584,50.3454],[18.7591,50.3463],[18.7538,50.3477],[18.7539,50.3479],[18.7521,50.3489],[18.7508,50.3505],[18.7504,50.3524],[18.7498,50.3545],[18.7494,50.3568],[18.7484,50.3605],[18.748,50.3626],[18.7476,50.364],[18.7472,50.3662],[18.7466,50.3679],[18.745,50.3683],[18.7457,50.3686],[18.7494,50.3687],[18.7522,50.3685],[18.7544,50.3688],[18.7571,50.3686],[18.7613,50.3681],[18.7634,50.3672],[18.7644,50.3676],[18.765,50.3693],[18.766,50.3699],[18.7676,50.3714],[18.7688,50.3729],[18.7714,50.3756],[18.7732,50.3756],[18.7737,50.3753],[18.7761,50.3744],[18.7803,50.3719],[18.7813,50.3731],[18.7816,50.3731],[18.7829,50.3718],[18.7843,50.3708],[18.7865,50.373],[18.7889,50.3722],[18.7894,50.3718],[18.7947,50.3711],[18.7963,50.3705],[18.7986,50.3704],[18.7985,50.3725],[18.7991,50.3727],[18.8002,50.3739],[18.8026,50.3737],[18.8039,50.3752],[18.804,50.3758],[18.8034,50.3765],[18.8014,50.3775],[18.8022,50.3788],[18.8018,50.3794],[18.8017,50.3807],[18.8022,50.3816],[18.8022,50.3824],[18.8033,50.3822],[18.8045,50.3823],[18.8049,50.3827],[18.8085,50.3826],[18.8103,50.3822],[18.8116,50.3817],[18.8136,50.3818],[18.8146,50.3814],[18.814,50.3769],[18.8144,50.3757],[18.8154,50.3736],[18.8163,50.373],[18.8201,50.3699],[18.8211,50.3692],[18.8191,50.3688],[18.8162,50.3687],[18.8153,50.3689],[18.8151,50.3698],[18.8134,50.3694],[18.813,50.3684],[18.8141,50.3685],[18.8159,50.3683],[18.8163,50.3677],[18.8165,50.3667],[18.8186,50.3648],[18.8182,50.3647],[18.8177,50.3627],[18.8182,50.3621],[18.8168,50.3611],[18.8171,50.3603],[18.8168,50.3592],[18.8187,50.3592],[18.8202,50.3589],[18.8207,50.3579],[18.8184,50.3558],[18.8159,50.3534],[18.8165,50.3512],[18.8168,50.3507],[18.8219,50.3515],[18.8234,50.3514],[18.8256,50.351],[18.8272,50.3505],[18.8284,50.3499],[18.8298,50.3495],[18.8321,50.3492],[18.8311,50.3479],[18.8338,50.3472],[18.8349,50.3472],[18.8348,50.344],[18.8449,50.344],[18.8455,50.3444],[18.8465,50.3435],[18.847,50.3424],[18.8468,50.3419],[18.8476,50.3412],[18.8515,50.3394],[18.8528,50.3389],[18.8539,50.3382],[18.8547,50.3369],[18.8554,50.3367],[18.8557,50.3354],[18.8577,50.3346],[18.8577,50.3323],[18.859,50.3324],[18.8602,50.3291],[18.8623,50.3281],[18.8613,50.3276],[18.8596,50.3288],[18.8594,50.3292],[18.8575,50.3295],[18.8567,50.33],[18.8554,50.3301],[18.851,50.3316],[18.8496,50.3315],[18.8453,50.3294],[18.8458,50.3278],[18.8469,50.3273],[18.8484,50.3248],[18.8488,50.3249],[18.8494,50.3236],[18.8428,50.3229],[18.8385,50.3224],[18.8364,50.3218],[18.8326,50.3209],[18.8319,50.321],[18.831,50.3202],[18.8315,50.3194],[18.8314,50.3189],[18.8318,50.3179],[18.8317,50.3161],[18.8313,50.3122],[18.8326,50.3126],[18.8326,50.3112],[18.8322,50.3102],[18.831,50.3052],[18.8316,50.3048],[18.833,50.3045],[18.8366,50.3033],[18.8398,50.3028],[18.8429,50.3027],[18.8428,50.3001],[18.8433,50.2996],[18.8455,50.2998],[18.8449,50.2991],[18.845,50.2986],[18.8443,50.2966],[18.8417,50.2959],[18.8417,50.2954],[18.8404,50.2955],[18.8382,50.2952],[18.8373,50.2947],[18.8353,50.2942],[18.8341,50.2935],[18.8338,50.293],[18.8339,50.2919],[18.8333,50.2914],[18.8314,50.2907],[18.8298,50.2903],[18.8289,50.2904],[18.8284,50.2895],[18.8261,50.2882],[18.8235,50.2866],[18.8232,50.2859],[18.8239,50.2856],[18.8274,50.2849],[18.8283,50.2843],[18.8274,50.2819],[18.8273,50.2801],[18.8257,50.2802],[18.8226,50.2802],[18.8225,50.279],[18.8217,50.2792],[18.8221,50.2761],[18.8215,50.2754],[18.8218,50.2739],[18.818,50.2747],[18.8142,50.2749],[18.8139,50.2742],[18.8141,50.2734],[18.8127,50.2735],[18.8054,50.2737],[18.8013,50.2739],[18.7994,50.2739],[18.7993,50.2709],[18.799,50.2674],[18.7963,50.2675],[18.7966,50.2662],[18.7972,50.2646],[18.7977,50.2611],[18.795,50.2538],[18.7933,50.2507],[18.7927,50.2475],[18.7923,50.2468],[18.7912,50.2468],[18.7911,50.2468],[18.7912,50.2468],[18.7911,50.2468],[18.7881,50.2463],[18.7855,50.2461],[18.7841,50.2461],[18.7818,50.2458],[18.7808,50.2463],[18.7789,50.2478],[18.7784,50.248],[18.7762,50.2483],[18.7751,50.2486],[18.772,50.2505],[18.7707,50.2511],[18.768,50.2518],[18.7651,50.2519],[18.7643,50.2524],[18.7635,50.252],[18.7619,50.2526],[18.7607,50.2527],[18.7596,50.2531],[18.7591,50.2537],[18.7599,50.2542],[18.7597,50.2553],[18.7592,50.2558],[18.7588,50.2569],[18.7579,50.2575],[18.7571,50.2575],[18.7565,50.2571],[18.7557,50.2576],[18.7545,50.257],[18.754,50.2577],[18.7538,50.2586],[18.7511,50.2592],[18.7518,50.2597],[18.7521,50.2605],[18.7503,50.2615],[18.751,50.2618],[18.751,50.2623],[18.7501,50.2625],[18.7492,50.2621],[18.7495,50.2634],[18.7505,50.264]]]}},{"type":"Feature","properties":{"slug":"olsztyn","name":"Olsztyn","bdlUnitId":"042815662000","voivodeship":"warmińsko-mazurskie","lat":53.78172,"lon":20.47416},"geometry":{"type":"Polygon","coordinates":[[[20.3881,53.8091],[20.389,53.8093],[20.3902,53.8091],[20.3983,53.8091],[20.3999,53.8092],[20.4028,53.8091],[20.4024,53.8104],[20.4014,53.811],[20.4006,53.8123],[20.4007,53.8131],[20.4012,53.8142],[20.402,53.815],[20.4022,53.8158],[20.4046,53.8181],[20.4052,53.8188],[20.4065,53.8187],[20.406,53.8179],[20.4071,53.818],[20.4079,53.8185],[20.41,53.8179],[20.4132,53.821],[20.4143,53.8208],[20.4167,53.8215],[20.4181,53.8209],[20.4169,53.8195],[20.4187,53.8189],[20.4199,53.8191],[20.4205,53.8199],[20.4215,53.8195],[20.4226,53.8194],[20.4231,53.8199],[20.4255,53.823],[20.4251,53.8247],[20.4265,53.8252],[20.4272,53.8261],[20.4278,53.8287],[20.4289,53.8284],[20.4303,53.8276],[20.4311,53.8275],[20.4321,53.8281],[20.4339,53.8282],[20.4349,53.828],[20.4358,53.8282],[20.4375,53.8278],[20.4382,53.8269],[20.4395,53.8272],[20.4409,53.8271],[20.443,53.8257],[20.4449,53.8257],[20.4458,53.8247],[20.4475,53.8239],[20.4473,53.8229],[20.4476,53.8222],[20.4474,53.8212],[20.4482,53.8208],[20.4488,53.8201],[20.4498,53.8197],[20.4509,53.8189],[20.4516,53.8179],[20.4533,53.8177],[20.4544,53.816],[20.4549,53.8159],[20.4565,53.8147],[20.457,53.8133],[20.4583,53.8132],[20.4585,53.8139],[20.4593,53.8143],[20.4603,53.8142],[20.4621,53.8147],[20.4622,53.8157],[20.4633,53.8163],[20.4644,53.816],[20.4655,53.8161],[20.4663,53.8171],[20.468,53.8177],[20.4694,53.8184],[20.4705,53.8192],[20.4708,53.8198],[20.4716,53.8204],[20.4775,53.8212],[20.4768,53.8226],[20.4761,53.8249],[20.4801,53.8253],[20.4793,53.8271],[20.4815,53.8275],[20.481,53.8285],[20.4849,53.829],[20.4862,53.8267],[20.4885,53.8267],[20.4888,53.8253],[20.4899,53.8256],[20.4902,53.8249],[20.4921,53.8244],[20.492,53.8224],[20.4954,53.8223],[20.499,53.8226],[20.5025,53.8217],[20.5014,53.8207],[20.5026,53.8202],[20.5028,53.8194],[20.5037,53.8189],[20.504,53.8177],[20.5051,53.8176],[20.5055,53.8185],[20.5079,53.8199],[20.5093,53.8199],[20.5106,53.819],[20.5114,53.817],[20.5121,53.8168],[20.5138,53.8177],[20.5154,53.8178],[20.5167,53.8169],[20.5172,53.816],[20.5186,53.8156],[20.5212,53.8161],[20.5223,53.8166],[20.5239,53.8165],[20.5247,53.816],[20.5248,53.8152],[20.5265,53.8146],[20.5278,53.8146],[20.5339,53.8155],[20.5374,53.8161],[20.5377,53.8149],[20.5395,53.8136],[20.5387,53.8132],[20.5378,53.8132],[20.5367,53.8136],[20.5359,53.8136],[20.5346,53.8127],[20.5345,53.8116],[20.5335,53.8115],[20.5322,53.8096],[20.5341,53.8096],[20.537,53.8098],[20.5395,53.8102],[20.5419,53.8097],[20.5425,53.8094],[20.5456,53.8085],[20.5492,53.8076],[20.553,53.8065],[20.5544,53.8052],[20.5551,53.8042],[20.5571,53.804],[20.5613,53.8034],[20.5613,53.8032],[20.5587,53.8025],[20.5586,53.8021],[20.5593,53.8014],[20.5589,53.8009],[20.5611,53.7989],[20.5612,53.7983],[20.5597,53.7965],[20.5624,53.7923],[20.5635,53.7901],[20.5644,53.7891],[20.5666,53.7854],[20.5645,53.7853],[20.5622,53.7854],[20.561,53.7853],[20.5592,53.7856],[20.5567,53.7857],[20.5569,53.785],[20.5563,53.7839],[20.5569,53.7835],[20.5591,53.7828],[20.5591,53.782],[20.5587,53.7807],[20.5583,53.7786],[20.5559,53.7745],[20.5533,53.7747],[20.5526,53.7751],[20.551,53.775],[20.551,53.7738],[20.5493,53.7738],[20.5487,53.7733],[20.5517,53.7727],[20.5511,53.7718],[20.5537,53.7709],[20.554,53.7701],[20.5531,53.7695],[20.5533,53.7685],[20.553,53.7672],[20.5515,53.7669],[20.5503,53.766],[20.5426,53.7675],[20.5408,53.7687],[20.54,53.7688],[20.5384,53.7699],[20.5374,53.7694],[20.5368,53.7688],[20.5358,53.7688],[20.5346,53.7692],[20.5334,53.7692],[20.5326,53.7685],[20.5311,53.7665],[20.5304,53.7665],[20.5288,53.7639],[20.5291,53.7622],[20.5307,53.7621],[20.5319,53.7618],[20.5319,53.7613],[20.5332,53.7608],[20.5346,53.7588],[20.5359,53.7589],[20.5365,53.7585],[20.537,53.7575],[20.5386,53.7533],[20.5394,53.751],[20.5413,53.7495],[20.5438,53.7482],[20.547,53.7476],[20.547,53.7474],[20.5423,53.7464],[20.54,53.7458],[20.5335,53.7444],[20.5334,53.7442],[20.5236,53.7421],[20.5249,53.7382],[20.5253,53.7374],[20.5261,53.7344],[20.52,53.7337],[20.5089,53.7328],[20.5039,53.7323],[20.5028,53.7323],[20.4995,53.7319],[20.4969,53.7314],[20.4945,53.7308],[20.4901,53.7295],[20.4884,53.7288],[20.4813,53.7263],[20.4797,53.7258],[20.4753,53.7242],[20.4753,53.7266],[20.4764,53.7278],[20.4773,53.7283],[20.4784,53.7295],[20.4792,53.7321],[20.4801,53.7338],[20.4768,53.7336],[20.4741,53.7337],[20.4718,53.7339],[20.4718,53.7357],[20.4691,53.7356],[20.469,53.7389],[20.4676,53.739],[20.4621,53.739],[20.4625,53.7405],[20.462,53.7415],[20.4599,53.7427],[20.4574,53.7425],[20.4554,53.7425],[20.452,53.7433],[20.4506,53.7413],[20.4498,53.7418],[20.4438,53.7446],[20.4425,53.7451],[20.442,53.7474],[20.4406,53.749],[20.4397,53.7503],[20.4375,53.7525],[20.4349,53.7553],[20.4316,53.7547],[20.4282,53.7545],[20.4274,53.7527],[20.4262,53.7521],[20.4238,53.7526],[20.42,53.7539],[20.4189,53.7548],[20.4177,53.7555],[20.414,53.7571],[20.4133,53.7577],[20.4115,53.7587],[20.4101,53.7592],[20.4079,53.7606],[20.4072,53.7618],[20.4052,53.7642],[20.4022,53.7671],[20.401,53.7685],[20.4,53.7707],[20.399,53.7714],[20.3983,53.7759],[20.3984,53.7777],[20.3972,53.7784],[20.3927,53.7783],[20.391,53.7791],[20.3893,53.7797],[20.3862,53.7796],[20.3848,53.7802],[20.383,53.7807],[20.3811,53.781],[20.3794,53.781],[20.3784,53.7813],[20.3773,53.7813],[20.3776,53.7802],[20.3793,53.7782],[20.3752,53.7796],[20.374,53.7797],[20.372,53.7796],[20.3714,53.7791],[20.3703,53.779],[20.3686,53.7792],[20.3673,53.7796],[20.3665,53.781],[20.3697,53.7817],[20.3711,53.7826],[20.3709,53.7836],[20.3727,53.7847],[20.3734,53.7841],[20.3753,53.7851],[20.3772,53.7859],[20.3786,53.7868],[20.3823,53.7888],[20.3901,53.7927],[20.3935,53.7945],[20.3939,53.7949],[20.3947,53.7965],[20.3924,53.7971],[20.3888,53.7982],[20.3902,53.7998],[20.3834,53.8018],[20.3846,53.8031],[20.3835,53.8034],[20.3869,53.8072],[20.3868,53.8075],[20.388,53.8087],[20.3881,53.8091]]]}},{"type":"Feature","properties":{"slug":"czestochowa","name":"Częstochowa","bdlUnitId":"012414664000","voivodeship":"śląskie","lat":50.80525,"lon":19.11828},"geometry":{"type":"Polygon","coordinates":[[[19.0667,50.7427],[19.0663,50.744],[19.0653,50.7441],[19.0646,50.7454],[19.0656,50.7462],[19.066,50.7468],[19.0657,50.7476],[19.0657,50.7486],[19.0661,50.7496],[19.062,50.7509],[19.0613,50.7492],[19.0611,50.7482],[19.0601,50.745],[19.0597,50.7451],[19.0503,50.7451],[19.05,50.7452],[19.043,50.7452],[19.0424,50.7448],[19.0404,50.7456],[19.0353,50.7478],[19.0337,50.7484],[19.0332,50.7488],[19.0302,50.7518],[19.023,50.7587],[19.023,50.7592],[19.0208,50.7614],[19.019,50.7627],[19.018,50.765],[19.0172,50.7677],[19.0164,50.7687],[19.0158,50.7705],[19.0148,50.7707],[19.0113,50.7719],[19.0118,50.7727],[19.0122,50.7747],[19.0132,50.7758],[19.0137,50.777],[19.0137,50.778],[19.013,50.7788],[19.0125,50.7803],[19.0117,50.7818],[19.0117,50.7831],[19.0113,50.7857],[19.0113,50.7876],[19.0117,50.7886],[19.0129,50.7907],[19.014,50.7924],[19.0168,50.7939],[19.0183,50.7946],[19.0198,50.7955],[19.0199,50.7971],[19.0194,50.803],[19.0192,50.8066],[19.0232,50.8051],[19.0248,50.8046],[19.0266,50.8038],[19.0287,50.8031],[19.0303,50.8024],[19.0327,50.8016],[19.0344,50.8009],[19.0347,50.8041],[19.0303,50.8057],[19.0281,50.8066],[19.0265,50.8071],[19.0259,50.8076],[19.0255,50.809],[19.0247,50.8109],[19.0242,50.8125],[19.0233,50.8147],[19.0236,50.8149],[19.0273,50.8155],[19.0313,50.816],[19.0317,50.8162],[19.0311,50.8179],[19.0296,50.8227],[19.0293,50.8233],[19.0292,50.8241],[19.0312,50.8245],[19.0325,50.8246],[19.0382,50.8256],[19.039,50.8306],[19.0394,50.8359],[19.0397,50.8388],[19.0402,50.8414],[19.0415,50.843],[19.045,50.8469],[19.0472,50.8491],[19.0504,50.8503],[19.0549,50.8516],[19.0561,50.8521],[19.0577,50.8525],[19.06,50.8534],[19.0606,50.8543],[19.0618,50.8578],[19.0625,50.8592],[19.0634,50.8601],[19.0648,50.861],[19.0711,50.8587],[19.0727,50.8582],[19.0784,50.8561],[19.0818,50.855],[19.0828,50.8564],[19.0838,50.8569],[19.0859,50.8585],[19.0869,50.8598],[19.0879,50.8602],[19.0871,50.8608],[19.089,50.8618],[19.0897,50.8633],[19.0897,50.8641],[19.0889,50.8655],[19.0913,50.8657],[19.0933,50.866],[19.1049,50.8644],[19.1051,50.8659],[19.109,50.8661],[19.11,50.866],[19.1097,50.8637],[19.1091,50.8607],[19.1122,50.8602],[19.1174,50.8592],[19.116,50.8626],[19.1194,50.8631],[19.1206,50.8595],[19.1221,50.8546],[19.1253,50.8539],[19.1253,50.855],[19.1295,50.8546],[19.1278,50.8585],[19.127,50.8596],[19.1264,50.8613],[19.128,50.8613],[19.1318,50.8611],[19.134,50.8611],[19.1349,50.8615],[19.138,50.8635],[19.14,50.865],[19.1398,50.8651],[19.1435,50.8688],[19.1454,50.8708],[19.1467,50.8725],[19.1482,50.8748],[19.1487,50.8762],[19.1492,50.877],[19.15,50.879],[19.1522,50.8793],[19.1548,50.8793],[19.1611,50.8795],[19.1643,50.8797],[19.1658,50.8799],[19.1686,50.8845],[19.1718,50.8845],[19.1737,50.8831],[19.1762,50.8814],[19.1761,50.8799],[19.1783,50.8804],[19.1785,50.8784],[19.1808,50.8774],[19.1821,50.877],[19.1831,50.8771],[19.1823,50.8749],[19.1825,50.8733],[19.182,50.8703],[19.1811,50.8691],[19.1803,50.8669],[19.1804,50.8646],[19.1814,50.8613],[19.1827,50.8599],[19.1835,50.8584],[19.1838,50.8569],[19.1846,50.8551],[19.1847,50.854],[19.1852,50.8539],[19.185,50.8524],[19.1852,50.8513],[19.1868,50.8468],[19.1934,50.8452],[19.1956,50.8446],[19.199,50.8439],[19.1988,50.8426],[19.1976,50.8414],[19.1969,50.8397],[19.1976,50.8393],[19.196,50.8368],[19.1954,50.8365],[19.1931,50.8335],[19.1941,50.8313],[19.1985,50.8306],[19.2031,50.83],[19.2063,50.8294],[19.2081,50.8248],[19.2094,50.825],[19.2124,50.825],[19.2135,50.8251],[19.217,50.8251],[19.218,50.8254],[19.2194,50.825],[19.222,50.8247],[19.2229,50.8248],[19.226,50.8243],[19.2278,50.8243],[19.2295,50.8245],[19.2301,50.8249],[19.2312,50.8248],[19.2314,50.8259],[19.2311,50.8262],[19.2323,50.8267],[19.2332,50.8257],[19.2319,50.8225],[19.2302,50.8199],[19.2239,50.8098],[19.2218,50.8065],[19.2194,50.8025],[19.2185,50.8012],[19.2173,50.7925],[19.2212,50.7904],[19.2253,50.7883],[19.2241,50.7873],[19.2173,50.7822],[19.21,50.7765],[19.2079,50.7749],[19.2071,50.7733],[19.2043,50.771],[19.1985,50.7641],[19.1971,50.7603],[19.1965,50.759],[19.1948,50.7543],[19.1939,50.7522],[19.1905,50.7523],[19.1898,50.7526],[19.1863,50.7535],[19.183,50.7545],[19.1818,50.755],[19.1809,50.7548],[19.1806,50.7543],[19.1762,50.7541],[19.1762,50.7545],[19.175,50.7559],[19.173,50.7558],[19.172,50.7556],[19.1723,50.7542],[19.1697,50.7536],[19.1697,50.754],[19.1666,50.754],[19.1666,50.7544],[19.1647,50.7545],[19.1647,50.7559],[19.157,50.7568],[19.1566,50.7564],[19.1538,50.7575],[19.1517,50.7579],[19.1501,50.7578],[19.1479,50.7579],[19.1457,50.7584],[19.1449,50.7582],[19.1432,50.7572],[19.1437,50.757],[19.143,50.7559],[19.1399,50.7565],[19.1397,50.7562],[19.1372,50.7565],[19.1353,50.7566],[19.1323,50.7573],[19.1297,50.7578],[19.1278,50.7549],[19.1267,50.7535],[19.1247,50.7536],[19.1214,50.7539],[19.1211,50.7527],[19.1207,50.752],[19.1202,50.7502],[19.1161,50.7507],[19.1134,50.7511],[19.1104,50.7514],[19.1082,50.7518],[19.1027,50.7524],[19.1023,50.7519],[19.0974,50.7525],[19.0979,50.7518],[19.095,50.7521],[19.0948,50.7492],[19.0939,50.7489],[19.0934,50.7493],[19.0931,50.7503],[19.0912,50.7505],[19.09,50.7501],[19.0859,50.7505],[19.0849,50.75],[19.0844,50.7494],[19.0846,50.7468],[19.0849,50.7456],[19.0846,50.7449],[19.0835,50.7441],[19.0835,50.7431],[19.0839,50.7426],[19.084,50.7414],[19.0834,50.7394],[19.0832,50.7376],[19.0812,50.7374],[19.0787,50.7366],[19.0776,50.7361],[19.0764,50.7352],[19.075,50.7347],[19.0745,50.7358],[19.0725,50.7377],[19.0711,50.7415],[19.0692,50.7434],[19.0686,50.7435],[19.0667,50.7427]]]}},{"type":"Feature","properties":{"slug":"bydgoszcz","name":"Bydgoszcz","bdlUnitId":"040410661000","voivodeship":"kujawsko-pomorskie","lat":53.13129,"lon":18.05259},"geometry":{"type":"Polygon","coordinates":[[[17.8812,53.1511],[17.8803,53.1518],[17.8811,53.152],[17.8815,53.1526],[17.8852,53.1523],[17.8895,53.1517],[17.8936,53.1513],[17.8942,53.152],[17.8977,53.1521],[17.8988,53.1537],[17.903,53.1565],[17.9039,53.1573],[17.9057,53.1585],[17.9075,53.1599],[17.9054,53.1605],[17.9077,53.1639],[17.9105,53.164],[17.9128,53.1642],[17.9193,53.1636],[17.9212,53.1646],[17.9242,53.1639],[17.9247,53.1615],[17.9256,53.16],[17.9258,53.1593],[17.9253,53.1589],[17.9218,53.1575],[17.9193,53.1566],[17.9167,53.1555],[17.9176,53.1554],[17.9189,53.1539],[17.9181,53.1537],[17.9181,53.1529],[17.9193,53.153],[17.9198,53.1523],[17.9204,53.1523],[17.9207,53.151],[17.9191,53.1506],[17.92,53.1499],[17.9207,53.1486],[17.9206,53.1476],[17.9289,53.1452],[17.9373,53.1429],[17.9441,53.1409],[17.9468,53.1402],[17.943,53.1468],[17.9505,53.1485],[17.951,53.1487],[17.9545,53.1494],[17.9584,53.1503],[17.9585,53.1505],[17.9553,53.1556],[17.954,53.158],[17.953,53.1614],[17.9515,53.1662],[17.9506,53.1661],[17.9503,53.1668],[17.9513,53.1669],[17.9511,53.1678],[17.9503,53.1689],[17.9492,53.1699],[17.9473,53.1719],[17.9484,53.1763],[17.9491,53.1786],[17.949,53.1792],[17.9457,53.1844],[17.9447,53.1877],[17.9441,53.1892],[17.9423,53.1913],[17.941,53.1924],[17.94,53.1949],[17.9398,53.1958],[17.9413,53.1961],[17.9412,53.1978],[17.9405,53.1993],[17.9404,53.2005],[17.9388,53.2007],[17.9345,53.2018],[17.9343,53.2023],[17.9377,53.2042],[17.9393,53.2047],[17.9416,53.2043],[17.942,53.2038],[17.9415,53.2027],[17.9417,53.2024],[17.9431,53.2021],[17.9446,53.2015],[17.9456,53.2016],[17.946,53.2027],[17.9474,53.2031],[17.9477,53.2035],[17.9472,53.2045],[17.9483,53.205],[17.9508,53.2051],[17.9522,53.2057],[17.9535,53.2057],[17.9565,53.2065],[17.9583,53.2067],[17.9587,53.2079],[17.9606,53.209],[17.9618,53.209],[17.963,53.2086],[17.9652,53.2083],[17.9671,53.2077],[17.9694,53.208],[17.9714,53.2076],[17.9724,53.2078],[17.9732,53.2093],[17.9743,53.2092],[17.9748,53.2081],[17.9788,53.2085],[17.9795,53.2069],[17.9806,53.2064],[17.9819,53.2062],[17.9834,53.2056],[17.9841,53.2051],[17.9846,53.2034],[17.9841,53.2014],[17.9841,53.2006],[17.981,53.1978],[17.9787,53.1956],[17.9779,53.1952],[17.9775,53.1945],[17.9762,53.1937],[17.9751,53.1895],[17.9737,53.1845],[17.9731,53.1819],[17.9787,53.1814],[17.9779,53.1787],[17.9772,53.1758],[17.9759,53.1712],[17.975,53.1677],[17.9807,53.1672],[17.9808,53.1671],[17.9881,53.1664],[17.9919,53.1661],[17.9923,53.1679],[17.9946,53.1768],[17.9954,53.1797],[18.0043,53.1788],[18.0079,53.1784],[18.0145,53.1778],[18.0136,53.1764],[18.0232,53.1764],[18.0304,53.176],[18.0319,53.1758],[18.0357,53.1758],[18.0368,53.1757],[18.0382,53.1759],[18.041,53.1766],[18.0429,53.1767],[18.0431,53.1769],[18.0464,53.1754],[18.0498,53.1737],[18.0522,53.1726],[18.055,53.1747],[18.0555,53.1745],[18.0615,53.1732],[18.0637,53.1731],[18.0637,53.1728],[18.0672,53.1724],[18.0667,53.1718],[18.0681,53.1714],[18.0687,53.1708],[18.0689,53.1696],[18.0687,53.169],[18.0709,53.1689],[18.072,53.1693],[18.0741,53.1683],[18.0735,53.1663],[18.0728,53.1633],[18.0728,53.1622],[18.0765,53.1623],[18.0774,53.1628],[18.0784,53.1627],[18.0787,53.1636],[18.0817,53.1635],[18.0874,53.164],[18.0898,53.1641],[18.0902,53.1652],[18.0914,53.1652],[18.0923,53.1656],[18.0918,53.1674],[18.0922,53.1682],[18.0925,53.1697],[18.0934,53.1693],[18.0973,53.1693],[18.0982,53.1694],[18.1015,53.1691],[18.1026,53.1689],[18.1074,53.1684],[18.1092,53.1681],[18.113,53.1677],[18.115,53.1674],[18.118,53.1671],[18.1188,53.1673],[18.1197,53.1679],[18.122,53.1691],[18.1228,53.1708],[18.1244,53.1721],[18.1251,53.173],[18.1262,53.174],[18.1276,53.175],[18.1288,53.1762],[18.1304,53.177],[18.1314,53.1771],[18.1345,53.178],[18.136,53.1779],[18.1417,53.1779],[18.1426,53.1778],[18.1456,53.1778],[18.1491,53.1776],[18.1527,53.1775],[18.1556,53.1775],[18.1634,53.1772],[18.1631,53.1764],[18.1647,53.1762],[18.1657,53.1784],[18.1661,53.1789],[18.163,53.1795],[18.164,53.1815],[18.1626,53.182],[18.1634,53.1844],[18.1645,53.1847],[18.1676,53.1844],[18.1687,53.1848],[18.1697,53.1845],[18.17,53.185],[18.1757,53.1841],[18.1784,53.1836],[18.1788,53.1845],[18.1794,53.185],[18.1798,53.1864],[18.1787,53.1876],[18.1785,53.1905],[18.1794,53.1919],[18.1797,53.194],[18.1798,53.1972],[18.18,53.1975],[18.1797,53.2008],[18.1816,53.2005],[18.1883,53.1998],[18.1886,53.2],[18.1922,53.1994],[18.192,53.1984],[18.1921,53.195],[18.1949,53.195],[18.195,53.1939],[18.1959,53.1904],[18.1966,53.1889],[18.1938,53.1885],[18.1955,53.1852],[18.1963,53.184],[18.1977,53.1811],[18.1991,53.1788],[18.1994,53.178],[18.2014,53.1765],[18.2023,53.1754],[18.2026,53.1739],[18.2025,53.1732],[18.2016,53.1718],[18.2016,53.1695],[18.2013,53.1668],[18.2003,53.164],[18.1988,53.1612],[18.1973,53.159],[18.1959,53.1573],[18.1928,53.1541],[18.19,53.1517],[18.1865,53.1498],[18.1833,53.1485],[18.181,53.1477],[18.1791,53.1469],[18.1769,53.1462],[18.1651,53.1418],[18.1676,53.139],[18.162,53.1375],[18.1607,53.1373],[18.1595,53.1366],[18.1583,53.1356],[18.1548,53.1383],[18.1526,53.1374],[18.1503,53.1363],[18.1458,53.1335],[18.144,53.1323],[18.1424,53.1306],[18.1384,53.125],[18.1356,53.1198],[18.1353,53.1187],[18.1352,53.1169],[18.1354,53.1155],[18.1353,53.1145],[18.1364,53.1118],[18.1371,53.1106],[18.1388,53.1084],[18.1406,53.1066],[18.1426,53.105],[18.1449,53.1036],[18.154,53.0988],[18.1512,53.0964],[18.1468,53.0983],[18.1464,53.0981],[18.1482,53.097],[18.1505,53.0958],[18.1475,53.0928],[18.147,53.0924],[18.1412,53.0866],[18.1402,53.0855],[18.14,53.0837],[18.1393,53.0795],[18.1385,53.0777],[18.1383,53.0762],[18.1378,53.0757],[18.1371,53.0738],[18.1369,53.0724],[18.1364,53.0704],[18.1364,53.0678],[18.1375,53.0644],[18.1376,53.0632],[18.1373,53.0627],[18.1373,53.061],[18.1369,53.0596],[18.1362,53.0583],[18.136,53.0563],[18.1363,53.055],[18.1364,53.052],[18.1311,53.0525],[18.123,53.0534],[18.1144,53.0543],[18.1116,53.0545],[18.1087,53.0549],[18.1091,53.0553],[18.1108,53.058],[18.1108,53.059],[18.1112,53.0651],[18.1057,53.0642],[18.1039,53.0641],[18.101,53.0636],[18.0983,53.0633],[18.0973,53.0629],[18.096,53.0619],[18.0923,53.0613],[18.0865,53.0606],[18.0857,53.0604],[18.0796,53.0595],[18.0776,53.0591],[18.0757,53.0589],[18.072,53.0582],[18.0673,53.0566],[18.0628,53.0545],[18.0613,53.054],[18.059,53.0537],[18.0506,53.0537],[18.0477,53.0532],[18.0398,53.0501],[18.0404,53.0529],[18.0409,53.0561],[18.0422,53.0615],[18.0433,53.0652],[18.0441,53.0687],[18.0451,53.0724],[18.0457,53.075],[18.0464,53.0773],[18.0458,53.0787],[18.0441,53.0801],[18.0421,53.0821],[18.0401,53.0851],[18.0384,53.087],[18.0358,53.0884],[18.0341,53.09],[18.0267,53.0907],[18.0279,53.0951],[18.0235,53.0949],[18.02,53.0949],[18.0192,53.0948],[18.016,53.0948],[18.0138,53.0947],[18.0138,53.0942],[18.0085,53.0945],[18.0088,53.0961],[18.0052,53.0964],[17.9997,53.0967],[17.9921,53.0967],[17.9884,53.0968],[17.9793,53.0977],[17.9712,53.0986],[17.9706,53.0963],[17.9633,53.097],[17.9623,53.0965],[17.9608,53.095],[17.9585,53.0958],[17.955,53.0968],[17.951,53.0982],[17.9489,53.0995],[17.9487,53.1009],[17.9476,53.1018],[17.948,53.1025],[17.9487,53.1058],[17.9498,53.1105],[17.9499,53.1115],[17.9504,53.1135],[17.9514,53.1188],[17.9501,53.1188],[17.9493,53.1191],[17.9439,53.1189],[17.9424,53.1224],[17.9425,53.1234],[17.943,53.1252],[17.9426,53.1259],[17.9403,53.1273],[17.9393,53.1271],[17.9364,53.1272],[17.9359,53.1262],[17.9334,53.1253],[17.932,53.1253],[17.9301,53.1261],[17.9284,53.1266],[17.9269,53.1266],[17.9226,53.1274],[17.9228,53.1285],[17.9219,53.1286],[17.9198,53.1293],[17.9158,53.1299],[17.916,53.1314],[17.9149,53.1314],[17.9149,53.1325],[17.9137,53.1321],[17.9123,53.1312],[17.9121,53.1317],[17.9112,53.1324],[17.9105,53.1312],[17.9086,53.1305],[17.9064,53.1299],[17.904,53.1286],[17.9022,53.1271],[17.9005,53.1268],[17.9002,53.1284],[17.8994,53.1302],[17.8988,53.1307],[17.8939,53.1292],[17.8924,53.1302],[17.8895,53.1312],[17.8882,53.1338],[17.8874,53.1344],[17.8869,53.137],[17.887,53.1386],[17.8879,53.1386],[17.8878,53.1429],[17.8805,53.1422],[17.8742,53.142],[17.8762,53.1483],[17.8772,53.1511],[17.8812,53.1511]]]}},{"type":"Feature","properties":{"slug":"grudziadz","name":"Grudziądz","bdlUnitId":"040410762000","voivodeship":"kujawsko-pomorskie","lat":53.47218,"lon":18.77346},"geometry":{"type":"Polygon","coordinates":[[[18.704,53.4517],[18.7061,53.4538],[18.7111,53.4569],[18.7141,53.4585],[18.7156,53.4592],[18.7209,53.4664],[18.7222,53.468],[18.7297,53.4721],[18.7337,53.4747],[18.7366,53.4775],[18.7403,53.4838],[18.7412,53.4861],[18.7426,53.4915],[18.7434,53.4941],[18.7483,53.5045],[18.7501,53.5084],[18.7508,53.5096],[18.7532,53.5144],[18.7539,53.5162],[18.7543,53.5186],[18.7547,53.5191],[18.756,53.5221],[18.7564,53.5234],[18.7563,53.5239],[18.7611,53.5229],[18.7698,53.5206],[18.7693,53.5197],[18.7681,53.5167],[18.7695,53.5151],[18.7694,53.5133],[18.769,53.5105],[18.766,53.5087],[18.7658,53.5076],[18.7671,53.5075],[18.7672,53.5064],[18.7679,53.5062],[18.7688,53.5054],[18.7704,53.5062],[18.77,53.507],[18.7704,53.5072],[18.7728,53.5063],[18.7749,53.5058],[18.7767,53.5052],[18.7797,53.5044],[18.7849,53.5047],[18.7886,53.5051],[18.7895,53.5053],[18.7916,53.5061],[18.7925,53.5066],[18.7938,53.5079],[18.7954,53.5099],[18.7967,53.512],[18.8047,53.5099],[18.8078,53.5084],[18.8099,53.5075],[18.8114,53.5085],[18.8117,53.5101],[18.8123,53.5106],[18.8123,53.5117],[18.812,53.5123],[18.8131,53.5144],[18.8146,53.5154],[18.8175,53.5182],[18.8218,53.5221],[18.8241,53.5231],[18.8253,53.5229],[18.8265,53.5235],[18.8293,53.524],[18.8302,53.5234],[18.8318,53.5233],[18.8332,53.5222],[18.8342,53.5219],[18.836,53.5206],[18.837,53.5212],[18.8387,53.5192],[18.8413,53.5178],[18.8434,53.5171],[18.8468,53.5162],[18.8488,53.5155],[18.8506,53.5146],[18.8526,53.5139],[18.8552,53.5128],[18.8552,53.5117],[18.8545,53.5103],[18.855,53.5094],[18.8554,53.5074],[18.8552,53.5058],[18.8556,53.5052],[18.855,53.5042],[18.8557,53.5032],[18.8565,53.5038],[18.8579,53.5034],[18.8601,53.5031],[18.8606,53.5025],[18.8623,53.5025],[18.8627,53.5017],[18.8652,53.5017],[18.8662,53.5015],[18.8678,53.5015],[18.8684,53.5019],[18.87,53.5016],[18.8709,53.5009],[18.8697,53.5004],[18.8677,53.5],[18.8681,53.4997],[18.8681,53.4989],[18.8668,53.4981],[18.8629,53.4971],[18.8613,53.4968],[18.854,53.4949],[18.8521,53.4945],[18.8504,53.4936],[18.8478,53.4925],[18.8462,53.4935],[18.8437,53.4936],[18.844,53.492],[18.8401,53.4909],[18.8385,53.4908],[18.8386,53.4902],[18.8382,53.4894],[18.8387,53.4878],[18.8335,53.487],[18.8331,53.4871],[18.831,53.4885],[18.8292,53.4894],[18.8256,53.49],[18.8239,53.4895],[18.8245,53.489],[18.8238,53.4887],[18.8215,53.4887],[18.8201,53.4882],[18.8172,53.4874],[18.8133,53.4866],[18.8131,53.4854],[18.813,53.4824],[18.8137,53.481],[18.8135,53.4791],[18.8129,53.4788],[18.8132,53.4781],[18.8108,53.4778],[18.808,53.4772],[18.8018,53.4766],[18.8018,53.4759],[18.7984,53.4755],[18.7955,53.4747],[18.795,53.4744],[18.7938,53.4727],[18.7919,53.4714],[18.791,53.471],[18.7904,53.4704],[18.7899,53.469],[18.7892,53.4679],[18.7841,53.4648],[18.7824,53.4632],[18.7805,53.4605],[18.7793,53.4582],[18.7815,53.4577],[18.784,53.4573],[18.7859,53.4568],[18.7869,53.4563],[18.7914,53.4545],[18.7962,53.4532],[18.7979,53.4524],[18.8004,53.452],[18.8036,53.4511],[18.8052,53.4504],[18.8115,53.4471],[18.8135,53.4461],[18.8127,53.4432],[18.8104,53.4406],[18.8061,53.4359],[18.806,53.4353],[18.8064,53.4321],[18.8067,53.4316],[18.805,53.4317],[18.8017,53.4317],[18.799,53.4322],[18.7975,53.4327],[18.7951,53.4327],[18.791,53.4333],[18.7898,53.4333],[18.788,53.4328],[18.7875,53.433],[18.7858,53.4347],[18.7852,53.4349],[18.7823,53.4373],[18.7803,53.4373],[18.7789,53.4366],[18.779,53.4331],[18.7755,53.4335],[18.7743,53.4333],[18.7728,53.4333],[18.7715,53.4336],[18.7699,53.4335],[18.7687,53.434],[18.7659,53.4344],[18.7624,53.436],[18.7603,53.4355],[18.7621,53.4348],[18.7629,53.4332],[18.764,53.4316],[18.7644,53.4297],[18.7635,53.4279],[18.762,53.4266],[18.7599,53.4258],[18.7588,53.4263],[18.7571,53.4247],[18.7558,53.4247],[18.7529,53.4255],[18.7497,53.425],[18.7488,53.425],[18.7456,53.4258],[18.7426,53.4257],[18.743,53.4241],[18.7419,53.4225],[18.7403,53.4221],[18.7402,53.4215],[18.739,53.4208],[18.737,53.421],[18.7359,53.4217],[18.7337,53.4227],[18.7325,53.4234],[18.7343,53.4233],[18.7359,53.4234],[18.7358,53.4243],[18.7346,53.4252],[18.7331,53.4247],[18.7315,53.4237],[18.7289,53.4229],[18.7266,53.4229],[18.7257,53.4235],[18.7235,53.4258],[18.7207,53.4259],[18.7185,53.4264],[18.7166,53.4266],[18.7136,53.4287],[18.7125,53.4296],[18.7099,53.4298],[18.7083,53.4298],[18.7061,53.43],[18.705,53.4297],[18.7031,53.4303],[18.6989,53.4313],[18.6978,53.4309],[18.6965,53.4312],[18.6959,53.4316],[18.6965,53.4338],[18.6956,53.4345],[18.6951,53.4343],[18.6926,53.4326],[18.6922,53.4329],[18.689,53.4322],[18.6866,53.432],[18.6893,53.4329],[18.6917,53.4332],[18.6931,53.4339],[18.6948,53.4354],[18.6957,53.4364],[18.6973,53.4372],[18.6989,53.4382],[18.7005,53.4388],[18.7006,53.4383],[18.7018,53.4385],[18.7037,53.4391],[18.7053,53.4398],[18.7059,53.4409],[18.7061,53.442],[18.7056,53.4461],[18.7064,53.4476],[18.7085,53.4497],[18.704,53.4517]]]}},{"type":"Feature","properties":{"slug":"zory","name":"Żory","bdlUnitId":"012414979000","voivodeship":"śląskie","lat":50.03711,"lon":18.69252},"geometry":{"type":"MultiPolygon","coordinates":[[[[18.6568,50.0813],[18.6585,50.0808],[18.6589,50.0802],[18.6599,50.0794],[18.6596,50.0788],[18.6605,50.0785],[18.662,50.0785],[18.6625,50.0779],[18.6631,50.0781],[18.6642,50.0775],[18.665,50.0778],[18.6661,50.0778],[18.6673,50.0774],[18.6674,50.0768],[18.6688,50.0768],[18.6695,50.0766],[18.6706,50.0775],[18.6714,50.0774],[18.6727,50.0756],[18.6753,50.0748],[18.6767,50.0741],[18.6785,50.0734],[18.6803,50.073],[18.6825,50.0722],[18.6836,50.0726],[18.6857,50.0728],[18.6884,50.0722],[18.6892,50.0722],[18.6898,50.0718],[18.6909,50.0715],[18.6919,50.0718],[18.6935,50.0724],[18.6945,50.0722],[18.6949,50.0726],[18.6967,50.0726],[18.6971,50.0715],[18.7021,50.0722],[18.7044,50.0722],[18.7055,50.0724],[18.707,50.0724],[18.7081,50.0726],[18.709,50.0717],[18.7089,50.0711],[18.7093,50.0706],[18.7108,50.0712],[18.7124,50.0705],[18.7153,50.0703],[18.7167,50.0703],[18.7181,50.07],[18.7189,50.0696],[18.7209,50.0692],[18.7227,50.0681],[18.7246,50.0673],[18.7254,50.0667],[18.7261,50.0658],[18.7268,50.0656],[18.7282,50.0641],[18.727,50.0626],[18.7261,50.0618],[18.7283,50.0614],[18.7307,50.0611],[18.732,50.0608],[18.7337,50.06],[18.7349,50.0587],[18.737,50.0584],[18.7395,50.0579],[18.7434,50.0564],[18.7455,50.0559],[18.7474,50.0551],[18.7492,50.0548],[18.7506,50.0548],[18.7536,50.0544],[18.7541,50.054],[18.7534,50.0531],[18.752,50.0519],[18.7513,50.0498],[18.7524,50.0457],[18.752,50.0431],[18.7517,50.039],[18.7511,50.0373],[18.7504,50.036],[18.7499,50.0343],[18.7504,50.0315],[18.7513,50.03],[18.7513,50.0295],[18.7507,50.0278],[18.7492,50.0258],[18.7523,50.0252],[18.755,50.0241],[18.7572,50.0236],[18.7598,50.0233],[18.7631,50.0223],[18.7646,50.0222],[18.7661,50.0217],[18.7706,50.0213],[18.7736,50.0203],[18.7748,50.0187],[18.7761,50.0178],[18.7742,50.0162],[18.7741,50.0157],[18.7741,50.0126],[18.7744,50.0115],[18.7744,50.0101],[18.774,50.0084],[18.7737,50.0078],[18.7731,50.0052],[18.7731,50.0035],[18.7734,50.0014],[18.7736,50.0009],[18.7703,49.9994],[18.7695,49.9987],[18.7664,49.999],[18.7646,49.9993],[18.761,49.9992],[18.7598,49.9987],[18.7593,49.9982],[18.758,49.998],[18.7565,49.9981],[18.7543,49.9978],[18.7532,49.9973],[18.7516,49.9977],[18.7514,49.9984],[18.7499,49.9983],[18.7487,49.9986],[18.7463,49.9987],[18.7428,49.9993],[18.74,49.9995],[18.7384,49.9995],[18.7365,49.9991],[18.734,49.9981],[18.7318,49.998],[18.7292,49.9985],[18.7286,49.9976],[18.7278,49.9971],[18.7256,49.9966],[18.7253,49.9964],[18.7232,49.9963],[18.7244,49.9982],[18.726,50.0018],[18.7274,50.0046],[18.728,50.0056],[18.7292,50.0089],[18.7294,50.0102],[18.7289,50.0105],[18.7259,50.0114],[18.7234,50.0127],[18.7217,50.0129],[18.7211,50.0127],[18.7199,50.013],[18.7185,50.0136],[18.7163,50.0134],[18.7141,50.0136],[18.7137,50.0142],[18.7115,50.0145],[18.7103,50.0145],[18.7087,50.0139],[18.7062,50.0137],[18.7028,50.0143],[18.7017,50.0127],[18.7006,50.012],[18.699,50.0106],[18.698,50.0093],[18.6968,50.0073],[18.6958,50.0043],[18.6957,50.0033],[18.6935,50.001],[18.6906,50.0021],[18.6899,50.002],[18.6892,50.001],[18.6866,50.002],[18.6851,50.0028],[18.6834,50.0039],[18.681,50.0044],[18.6805,50.0039],[18.6797,50.0048],[18.681,50.0059],[18.6797,50.0059],[18.677,50.0075],[18.6756,50.0078],[18.6737,50.0084],[18.6738,50.0091],[18.6743,50.0096],[18.6784,50.0083],[18.6799,50.0077],[18.6807,50.008],[18.681,50.0089],[18.6805,50.0091],[18.6811,50.01],[18.6798,50.0105],[18.6799,50.0113],[18.6775,50.0123],[18.6724,50.014],[18.671,50.0147],[18.6716,50.0152],[18.671,50.0157],[18.6696,50.0179],[18.669,50.0184],[18.6677,50.0162],[18.6669,50.0153],[18.6658,50.0125],[18.665,50.0119],[18.6639,50.0116],[18.6635,50.0118],[18.6637,50.0129],[18.6617,50.0146],[18.6605,50.0154],[18.6589,50.0162],[18.6583,50.0174],[18.6576,50.0183],[18.6553,50.0196],[18.6538,50.0202],[18.6515,50.0208],[18.6469,50.0216],[18.6447,50.0223],[18.6436,50.0228],[18.643,50.0239],[18.6423,50.0243],[18.6406,50.0241],[18.6396,50.0219],[18.6413,50.0217],[18.6391,50.0165],[18.6376,50.0162],[18.6361,50.0163],[18.6363,50.0176],[18.6351,50.0177],[18.6332,50.0185],[18.6319,50.018],[18.6326,50.0207],[18.6332,50.0216],[18.6321,50.0221],[18.6296,50.0223],[18.6283,50.0214],[18.6271,50.0189],[18.626,50.019],[18.6211,50.0199],[18.6209,50.0189],[18.6178,50.0194],[18.611,50.0184],[18.6096,50.0183],[18.6092,50.0186],[18.6084,50.0203],[18.6078,50.0206],[18.6074,50.0219],[18.6068,50.023],[18.6072,50.0245],[18.6071,50.0259],[18.6061,50.0266],[18.6072,50.0276],[18.6082,50.0279],[18.6075,50.0286],[18.608,50.0291],[18.6061,50.0302],[18.6055,50.0298],[18.6023,50.0312],[18.6047,50.0332],[18.6083,50.0375],[18.6098,50.0391],[18.6107,50.0404],[18.6099,50.0413],[18.61,50.0417],[18.6113,50.0417],[18.6123,50.043],[18.6138,50.0436],[18.6146,50.0441],[18.6155,50.0442],[18.6173,50.0453],[18.6184,50.0465],[18.6171,50.0472],[18.6184,50.0475],[18.6198,50.0474],[18.6208,50.0465],[18.6215,50.0463],[18.6224,50.0467],[18.6229,50.0473],[18.6238,50.0471],[18.6253,50.0476],[18.627,50.0478],[18.628,50.0483],[18.6288,50.0482],[18.6298,50.0487],[18.6319,50.049],[18.6331,50.0489],[18.6342,50.0494],[18.636,50.0494],[18.6366,50.0497],[18.6387,50.0497],[18.6399,50.0503],[18.6412,50.0507],[18.642,50.0507],[18.6442,50.051],[18.6465,50.0515],[18.6474,50.0519],[18.6503,50.0541],[18.6517,50.0547],[18.6513,50.0553],[18.6505,50.0552],[18.6509,50.0562],[18.6504,50.0565],[18.6502,50.0572],[18.6487,50.0579],[18.648,50.0578],[18.6465,50.059],[18.6462,50.0595],[18.6453,50.0595],[18.6448,50.0591],[18.6441,50.0595],[18.6448,50.0609],[18.645,50.062],[18.6454,50.0626],[18.6457,50.0639],[18.6456,50.0651],[18.6459,50.0665],[18.6439,50.067],[18.6423,50.0672],[18.6421,50.0667],[18.6394,50.0663],[18.6389,50.0661],[18.6362,50.0656],[18.6369,50.0664],[18.6376,50.0665],[18.6391,50.0672],[18.639,50.0676],[18.6405,50.0686],[18.6421,50.0702],[18.6419,50.0705],[18.6434,50.0712],[18.643,50.0718],[18.6437,50.0732],[18.6441,50.0746],[18.6441,50.0761],[18.6438,50.077],[18.6445,50.077],[18.6444,50.0786],[18.6441,50.0792],[18.6448,50.0809],[18.6471,50.0816],[18.6477,50.0812],[18.6509,50.0805],[18.6536,50.08],[18.6551,50.0804],[18.6558,50.08],[18.6568,50.0813]]],[[[18.6005,50.0411],[18.6014,50.0415],[18.6013,50.0419],[18.6033,50.043],[18.6022,50.0432],[18.6032,50.0443],[18.6052,50.0434],[18.608,50.0435],[18.609,50.0432],[18.6093,50.0417],[18.6085,50.041],[18.6072,50.0417],[18.6053,50.0414],[18.6041,50.0414],[18.6022,50.0408],[18.6005,50.0411]]]]}}]}