{"type":"FeatureCollection","features":[{"type":"Feature","properties":{"slug":"bemowo","name":"Bemowo","bdlUnitId":"071412865028","lat":52.24596,"lon":20.90405},"geometry":{"type":"Polygon","coordinates":[[[20.8638,52.25],[20.864,52.25],[20.864,52.25],[20.8648,52.2499],[20.8654,52.2498],[20.8666,52.2496],[20.8666,52.2496],[20.8675,52.2494],[20.8675,52.2494],[20.8675,52.2494],[20.8681,52.2494],[20.8691,52.2494],[20.8701,52.2494],[20.8713,52.2494],[20.8722,52.2494],[20.8728,52.2493],[20.8746,52.2489],[20.8755,52.2487],[20.8765,52.2486],[20.8796,52.2482],[20.8798,52.2482],[20.8799,52.2481],[20.8804,52.2481],[20.8815,52.2479],[20.8817,52.2479],[20.8822,52.2478],[20.8823,52.2478],[20.8832,52.2475],[20.8833,52.2475],[20.8835,52.2474],[20.884,52.2473],[20.8841,52.2474],[20.8841,52.2475],[20.8846,52.2479],[20.8847,52.248],[20.8849,52.2482],[20.885,52.2482],[20.8851,52.2482],[20.8852,52.2481],[20.8851,52.2479],[20.885,52.2472],[20.885,52.2472],[20.8852,52.2472],[20.8856,52.2472],[20.8858,52.2472],[20.8858,52.2472],[20.886,52.2472],[20.886,52.2472],[20.8862,52.2472],[20.8862,52.2472],[20.8865,52.2473],[20.8865,52.2473],[20.8867,52.2473],[20.887,52.2472],[20.8871,52.2472],[20.8878,52.2472],[20.888,52.2472],[20.888,52.2472],[20.8886,52.2471],[20.8888,52.2471],[20.8889,52.2471],[20.8893,52.2471],[20.8893,52.2471],[20.8896,52.2471],[20.8901,52.247],[20.8908,52.247],[20.8908,52.247],[20.891,52.247],[20.891,52.2469],[20.891,52.2468],[20.891,52.2467],[20.8911,52.2466],[20.8912,52.2465],[20.8912,52.2464],[20.8913,52.2457],[20.8913,52.2455],[20.8914,52.2453],[20.8915,52.245],[20.8918,52.2448],[20.8919,52.2447],[20.8925,52.2445],[20.893,52.2442],[20.8932,52.2441],[20.8935,52.244],[20.8936,52.2439],[20.8939,52.2438],[20.894,52.2437],[20.8939,52.243],[20.8937,52.2422],[20.8937,52.2422],[20.8937,52.2422],[20.8937,52.2422],[20.8933,52.2406],[20.8932,52.2401],[20.8932,52.24],[20.8931,52.2399],[20.8931,52.2399],[20.8931,52.2398],[20.8931,52.2398],[20.8931,52.2397],[20.8895,52.232],[20.8873,52.2322],[20.8819,52.2321],[20.8807,52.2321],[20.8804,52.232],[20.8797,52.232],[20.8795,52.2319],[20.878,52.2309],[20.8731,52.2291],[20.8729,52.2289],[20.8728,52.2288],[20.8727,52.2287],[20.8727,52.2285],[20.8727,52.2258],[20.8727,52.2257],[20.8726,52.2257],[20.8725,52.2257],[20.8727,52.2255],[20.8729,52.2254],[20.8731,52.2253],[20.8732,52.2252],[20.8734,52.2251],[20.8737,52.225],[20.8741,52.2249],[20.8753,52.2248],[20.8746,52.2167],[20.8731,52.2167],[20.8731,52.2165],[20.8731,52.2165],[20.8731,52.2164],[20.8731,52.2164],[20.8728,52.2152],[20.8719,52.2153],[20.8714,52.2132],[20.8711,52.2112],[20.871,52.2104],[20.8702,52.2104],[20.8702,52.2099],[20.8709,52.2089],[20.871,52.2089],[20.871,52.2089],[20.8716,52.209],[20.8728,52.209],[20.8728,52.2091],[20.8745,52.2093],[20.8768,52.2096],[20.8786,52.2096],[20.8782,52.2093],[20.8783,52.2092],[20.8803,52.2091],[20.8806,52.2092],[20.8808,52.2094],[20.881,52.2095],[20.8811,52.2096],[20.8813,52.2097],[20.8815,52.2098],[20.8817,52.2098],[20.8819,52.2099],[20.8828,52.2101],[20.8832,52.2102],[20.8845,52.2104],[20.886,52.2107],[20.8871,52.2109],[20.8991,52.2124],[20.9011,52.2126],[20.9055,52.2132],[20.9059,52.2132],[20.9059,52.2132],[20.9059,52.2132],[20.9073,52.2134],[20.9073,52.2134],[20.9074,52.2134],[20.9074,52.2134],[20.9074,52.2134],[20.9087,52.2135],[20.9086,52.2136],[20.9087,52.2136],[20.9098,52.2136],[20.9107,52.2137],[20.9113,52.2138],[20.9125,52.214],[20.9126,52.214],[20.9126,52.214],[20.9128,52.214],[20.9136,52.2141],[20.9141,52.2142],[20.9142,52.2142],[20.9143,52.2143],[20.9144,52.2146],[20.9144,52.2146],[20.9145,52.2147],[20.9145,52.2146],[20.9146,52.2146],[20.9147,52.2146],[20.9149,52.2154],[20.9154,52.2168],[20.9154,52.2171],[20.9155,52.2171],[20.9155,52.2171],[20.9157,52.2172],[20.9158,52.2173],[20.9163,52.2174],[20.917,52.2174],[20.9172,52.2175],[20.9178,52.2176],[20.9179,52.2176],[20.9185,52.2177],[20.9186,52.2177],[20.9193,52.2178],[20.9199,52.2179],[20.92,52.2179],[20.9204,52.218],[20.9206,52.2181],[20.9206,52.2181],[20.9211,52.2183],[20.9212,52.2183],[20.9216,52.2185],[20.9223,52.2188],[20.9226,52.219],[20.923,52.2192],[20.923,52.2192],[20.9234,52.2195],[20.9238,52.2198],[20.9237,52.2198],[20.9238,52.2198],[20.9238,52.2198],[20.9241,52.2202],[20.9244,52.2206],[20.9244,52.2206],[20.9245,52.2212],[20.9245,52.2212],[20.9246,52.2213],[20.9246,52.2215],[20.9246,52.2217],[20.9246,52.2217],[20.9246,52.2219],[20.9245,52.222],[20.9245,52.222],[20.9245,52.222],[20.9245,52.2221],[20.9245,52.2222],[20.9244,52.2222],[20.9243,52.2224],[20.9242,52.2226],[20.9239,52.2232],[20.9238,52.2235],[20.9237,52.2238],[20.9236,52.2238],[20.9234,52.2244],[20.9233,52.2245],[20.9233,52.2246],[20.9228,52.2254],[20.9227,52.2256],[20.9227,52.2258],[20.9224,52.2263],[20.9221,52.2267],[20.9221,52.2268],[20.922,52.2271],[20.9219,52.2272],[20.9218,52.2274],[20.9218,52.2274],[20.9217,52.2276],[20.9216,52.2278],[20.9215,52.2281],[20.9215,52.2281],[20.9215,52.2281],[20.9215,52.2282],[20.9215,52.2284],[20.9214,52.2285],[20.9214,52.2285],[20.9214,52.2289],[20.9214,52.229],[20.9214,52.2291],[20.9215,52.2294],[20.9213,52.2294],[20.9213,52.2295],[20.9214,52.2297],[20.9214,52.2298],[20.9214,52.2298],[20.9215,52.2299],[20.9215,52.2302],[20.9216,52.2305],[20.9217,52.2308],[20.9217,52.2308],[20.9217,52.2309],[20.9218,52.231],[20.9218,52.2311],[20.9218,52.2312],[20.9219,52.2313],[20.9219,52.2315],[20.922,52.2316],[20.9221,52.232],[20.9221,52.232],[20.9221,52.2321],[20.9222,52.2324],[20.9222,52.2325],[20.9223,52.2327],[20.9224,52.233],[20.9225,52.2332],[20.9225,52.2333],[20.9225,52.2334],[20.9226,52.2336],[20.9226,52.2337],[20.9226,52.2339],[20.9227,52.2342],[20.9227,52.2342],[20.9227,52.2342],[20.9228,52.2342],[20.9228,52.2345],[20.9229,52.2346],[20.923,52.235],[20.923,52.235],[20.923,52.235],[20.923,52.235],[20.9232,52.2355],[20.9234,52.2361],[20.9234,52.2362],[20.9236,52.2368],[20.9238,52.2372],[20.9238,52.2375],[20.924,52.2379],[20.9241,52.2382],[20.9242,52.2386],[20.9243,52.2389],[20.9243,52.2391],[20.9247,52.24],[20.9247,52.24],[20.9247,52.2401],[20.9247,52.2402],[20.9248,52.2403],[20.9249,52.2403],[20.925,52.2404],[20.925,52.2406],[20.925,52.2407],[20.9249,52.2411],[20.9249,52.2412],[20.9249,52.2412],[20.925,52.2413],[20.925,52.2413],[20.9251,52.2413],[20.9252,52.2413],[20.9254,52.2418],[20.9255,52.2422],[20.9256,52.2424],[20.9257,52.2426],[20.9259,52.2428],[20.926,52.243],[20.926,52.2431],[20.9264,52.2434],[20.9269,52.2439],[20.9269,52.2439],[20.9271,52.244],[20.9272,52.2441],[20.9274,52.2442],[20.9276,52.2443],[20.9276,52.2443],[20.9278,52.2444],[20.9279,52.2445],[20.9281,52.2446],[20.9281,52.2446],[20.9283,52.2447],[20.9284,52.2447],[20.9289,52.245],[20.9305,52.2458],[20.9305,52.2458],[20.932,52.2466],[20.9321,52.2467],[20.9327,52.2469],[20.9327,52.2469],[20.9331,52.2472],[20.9337,52.2475],[20.934,52.2476],[20.9343,52.2478],[20.9345,52.2479],[20.9349,52.248],[20.9363,52.2487],[20.9364,52.2488],[20.9364,52.2488],[20.9368,52.249],[20.937,52.2491],[20.938,52.2496],[20.9383,52.2498],[20.9385,52.2499],[20.9385,52.25],[20.939,52.2502],[20.9392,52.2502],[20.9392,52.2503],[20.9392,52.2503],[20.9404,52.2505],[20.9441,52.2524],[20.9462,52.254],[20.9479,52.2559],[20.9472,52.2568],[20.947,52.257],[20.9499,52.2594],[20.9501,52.2596],[20.9504,52.2599],[20.9509,52.2605],[20.9518,52.2614],[20.9519,52.2623],[20.9516,52.2625],[20.9514,52.2626],[20.9509,52.2629],[20.9504,52.2631],[20.9503,52.2631],[20.9499,52.2632],[20.9499,52.2632],[20.9497,52.2633],[20.9495,52.2633],[20.9489,52.2635],[20.9488,52.2635],[20.9485,52.2636],[20.948,52.2638],[20.9479,52.2638],[20.9476,52.2639],[20.9476,52.2638],[20.9475,52.2638],[20.9467,52.2641],[20.946,52.2642],[20.9456,52.2644],[20.9454,52.2644],[20.9452,52.2645],[20.944,52.2648],[20.9439,52.2648],[20.9439,52.2648],[20.9438,52.2647],[20.9437,52.2646],[20.9429,52.2648],[20.943,52.2649],[20.9426,52.2652],[20.9426,52.2653],[20.9424,52.2656],[20.9422,52.2659],[20.9422,52.2659],[20.9422,52.2659],[20.942,52.2661],[20.9418,52.2662],[20.9415,52.2663],[20.941,52.2665],[20.9404,52.2667],[20.9401,52.2668],[20.9397,52.2669],[20.9394,52.267],[20.9392,52.267],[20.9389,52.2671],[20.9385,52.2672],[20.9379,52.2673],[20.9375,52.2674],[20.9372,52.2675],[20.9366,52.2676],[20.9363,52.2676],[20.9355,52.2678],[20.9353,52.2678],[20.9336,52.2681],[20.9331,52.2682],[20.9326,52.2683],[20.9325,52.2683],[20.9325,52.2683],[20.9324,52.2683],[20.9323,52.2684],[20.9318,52.2685],[20.9317,52.2685],[20.9314,52.2685],[20.9305,52.2687],[20.9296,52.269],[20.9277,52.2694],[20.9277,52.2694],[20.9274,52.2695],[20.9269,52.2696],[20.9259,52.2698],[20.924,52.2701],[20.9239,52.2702],[20.9232,52.2703],[20.9228,52.2704],[20.9222,52.2705],[20.9218,52.2705],[20.921,52.2707],[20.9203,52.2708],[20.9202,52.2708],[20.9201,52.2708],[20.9193,52.271],[20.9175,52.2714],[20.9169,52.2716],[20.9168,52.2716],[20.9167,52.2716],[20.9164,52.2719],[20.9159,52.272],[20.9155,52.2721],[20.9154,52.2721],[20.9152,52.2722],[20.9152,52.2722],[20.9149,52.2723],[20.9142,52.2724],[20.9137,52.2725],[20.9133,52.2726],[20.9131,52.2727],[20.9128,52.2727],[20.9122,52.2729],[20.9105,52.2733],[20.9102,52.2734],[20.9092,52.2736],[20.9092,52.2736],[20.9077,52.2739],[20.9062,52.2743],[20.9062,52.2743],[20.9042,52.2747],[20.9041,52.2748],[20.904,52.2748],[20.904,52.2748],[20.9033,52.2749],[20.9032,52.275],[20.9029,52.275],[20.9027,52.2751],[20.9025,52.2751],[20.9018,52.2753],[20.9017,52.2753],[20.9013,52.2754],[20.9003,52.2757],[20.8998,52.2758],[20.8995,52.2758],[20.8993,52.2759],[20.8984,52.2761],[20.8979,52.2762],[20.8979,52.2762],[20.8972,52.2763],[20.8962,52.2766],[20.8957,52.2767],[20.8954,52.2767],[20.8944,52.277],[20.8934,52.2772],[20.8935,52.2772],[20.893,52.2774],[20.8928,52.2775],[20.8924,52.2778],[20.8917,52.2782],[20.8917,52.2782],[20.8906,52.2789],[20.8899,52.2795],[20.8892,52.2804],[20.8892,52.2805],[20.8891,52.2805],[20.8882,52.2801],[20.888,52.28],[20.8879,52.28],[20.8879,52.28],[20.8872,52.2802],[20.8871,52.2802],[20.8862,52.2804],[20.886,52.2804],[20.8859,52.2804],[20.8858,52.2804],[20.8858,52.2804],[20.8858,52.2803],[20.8858,52.2803],[20.8858,52.2802],[20.8858,52.2802],[20.8857,52.2802],[20.8857,52.2801],[20.8857,52.2801],[20.8856,52.28],[20.8856,52.28],[20.8856,52.28],[20.885,52.2794],[20.885,52.2793],[20.8849,52.2793],[20.8849,52.2793],[20.8848,52.2792],[20.8847,52.2792],[20.8847,52.2792],[20.8846,52.2791],[20.8846,52.2791],[20.8845,52.2791],[20.8844,52.2791],[20.8843,52.2791],[20.8843,52.2791],[20.8842,52.2791],[20.8841,52.2791],[20.884,52.2791],[20.884,52.2791],[20.8839,52.2791],[20.8838,52.2791],[20.8812,52.2795],[20.8808,52.2774],[20.8805,52.2756],[20.8805,52.2756],[20.8804,52.2747],[20.8803,52.2746],[20.8803,52.2742],[20.8801,52.2733],[20.8799,52.272],[20.8797,52.2714],[20.8795,52.2704],[20.8792,52.2683],[20.879,52.267],[20.879,52.2669],[20.879,52.2669],[20.8787,52.2651],[20.8778,52.2641],[20.8777,52.2641],[20.8776,52.264],[20.8775,52.2639],[20.8774,52.2639],[20.8762,52.2627],[20.876,52.2624],[20.8757,52.2621],[20.8755,52.262],[20.8754,52.2619],[20.8749,52.2617],[20.875,52.2616],[20.8751,52.2615],[20.8751,52.2614],[20.8751,52.2614],[20.875,52.2614],[20.8749,52.2612],[20.8749,52.2612],[20.8732,52.2595],[20.873,52.2594],[20.8705,52.2568],[20.8681,52.2543],[20.8677,52.2539],[20.8676,52.2538],[20.8675,52.2538],[20.8662,52.2525],[20.8661,52.2524],[20.8659,52.2521],[20.8645,52.2507],[20.864,52.2504],[20.8639,52.2502],[20.8639,52.2502],[20.8638,52.25]]]}},{"type":"Feature","properties":{"slug":"bialoleka","name":"Białołęka","bdlUnitId":"071412865038","lat":52.33194,"lon":21.00401},"geometry":{"type":"Polygon","coordinates":[[[20.9124,52.353],[20.9127,52.3527],[20.913,52.3524],[20.9132,52.3522],[20.9135,52.352],[20.9138,52.3517],[20.9141,52.3515],[20.9144,52.3512],[20.9147,52.351],[20.915,52.3508],[20.9153,52.3506],[20.9183,52.3481],[20.9187,52.3478],[20.9191,52.3476],[20.9194,52.3473],[20.9198,52.3471],[20.9204,52.3467],[20.9208,52.3463],[20.9211,52.3461],[20.9214,52.3458],[20.9217,52.3456],[20.922,52.3453],[20.9223,52.345],[20.9226,52.3448],[20.9229,52.3445],[20.9232,52.3442],[20.9235,52.3439],[20.9237,52.3437],[20.924,52.3433],[20.9241,52.343],[20.9243,52.3427],[20.9244,52.3424],[20.9246,52.3422],[20.9247,52.3419],[20.9249,52.3416],[20.925,52.3413],[20.9251,52.341],[20.9252,52.3407],[20.9253,52.3405],[20.9254,52.3402],[20.9255,52.3399],[20.9255,52.3397],[20.9256,52.3393],[20.9257,52.339],[20.9257,52.3387],[20.9257,52.3384],[20.9258,52.3381],[20.9258,52.3378],[20.9258,52.3376],[20.9258,52.3373],[20.9258,52.337],[20.9258,52.3367],[20.9258,52.3364],[20.9258,52.3361],[20.9256,52.3346],[20.9253,52.3307],[20.9252,52.3299],[20.9251,52.3294],[20.925,52.328],[20.9252,52.3266],[20.9257,52.3248],[20.9266,52.3231],[20.9278,52.3214],[20.9294,52.3196],[20.931,52.3182],[20.9326,52.3172],[20.9347,52.316],[20.935,52.3159],[20.9373,52.3147],[20.9397,52.3139],[20.9421,52.3132],[20.9441,52.3124],[20.9445,52.3122],[20.9457,52.3116],[20.9475,52.3107],[20.9497,52.3092],[20.9506,52.3085],[20.9516,52.3078],[20.9521,52.3073],[20.9523,52.3071],[20.9526,52.3068],[20.953,52.3063],[20.9533,52.306],[20.9536,52.3057],[20.9539,52.3052],[20.9542,52.3048],[20.9545,52.3043],[20.9547,52.3039],[20.9549,52.3038],[20.9551,52.3034],[20.9554,52.3031],[20.9557,52.3028],[20.956,52.3025],[20.9564,52.3022],[20.9567,52.3019],[20.9569,52.3017],[20.9571,52.3016],[20.9575,52.3013],[20.9577,52.3012],[20.9582,52.3009],[20.9588,52.3005],[20.959,52.3004],[20.9593,52.3002],[20.9598,52.2999],[20.9606,52.2995],[20.9609,52.2994],[20.9615,52.2991],[20.9621,52.2988],[20.9624,52.2986],[20.9632,52.2983],[20.9639,52.298],[20.9643,52.2978],[20.9651,52.2975],[20.9655,52.2974],[20.9663,52.2971],[20.9671,52.2968],[20.9675,52.2967],[20.9684,52.2964],[20.9692,52.2962],[20.97,52.296],[20.9705,52.2959],[20.9713,52.2956],[20.9722,52.2954],[20.9731,52.2953],[20.974,52.2951],[20.9744,52.295],[20.9753,52.2949],[20.9762,52.2947],[20.9772,52.2946],[20.9777,52.2945],[20.9783,52.2944],[20.9789,52.2943],[20.9794,52.2942],[20.98,52.2941],[20.9806,52.294],[20.9811,52.2939],[20.9817,52.2938],[20.9822,52.2936],[20.9832,52.2934],[20.9841,52.2932],[20.9845,52.293],[20.985,52.2929],[20.9853,52.2928],[20.9857,52.2926],[20.9866,52.2924],[20.987,52.2922],[20.9878,52.2919],[20.9886,52.2916],[20.9894,52.2913],[20.9897,52.2911],[20.9905,52.2908],[20.9912,52.2904],[20.992,52.29],[20.9927,52.2897],[20.9934,52.2893],[20.9937,52.2891],[20.9941,52.2889],[20.9947,52.2885],[20.9953,52.2881],[20.9958,52.2878],[20.9973,52.2885],[20.997,52.2887],[20.997,52.2888],[20.9971,52.2889],[20.9971,52.289],[20.9971,52.2891],[20.9971,52.2891],[20.9971,52.2892],[20.9971,52.2893],[20.9971,52.2894],[20.9988,52.2903],[20.9988,52.2917],[20.9983,52.2921],[20.9985,52.2923],[20.9987,52.2924],[20.9987,52.2925],[20.9989,52.2926],[20.9989,52.2927],[20.9991,52.2928],[20.9989,52.293],[20.9992,52.2932],[21.0006,52.2933],[21.0014,52.2925],[21.0015,52.2925],[21.0015,52.2924],[21.0016,52.2924],[21.0016,52.2923],[21.0017,52.2922],[21.0022,52.292],[21.0028,52.2914],[21.0029,52.2914],[21.003,52.2914],[21.0044,52.292],[21.0047,52.2916],[21.0049,52.2916],[21.0051,52.2916],[21.0052,52.2917],[21.0054,52.2917],[21.0055,52.2917],[21.0057,52.2917],[21.0059,52.2918],[21.006,52.2918],[21.0062,52.2919],[21.0097,52.293],[21.0097,52.293],[21.0102,52.2931],[21.0107,52.2933],[21.0115,52.2936],[21.0116,52.2936],[21.0118,52.2936],[21.0119,52.2937],[21.012,52.2937],[21.0121,52.2938],[21.0122,52.2939],[21.0123,52.294],[21.0124,52.294],[21.0125,52.2941],[21.0126,52.2942],[21.0128,52.2944],[21.0129,52.2946],[21.013,52.2947],[21.0131,52.2949],[21.0126,52.2957],[21.0131,52.2959],[21.0133,52.2966],[21.013,52.2975],[21.0146,52.2979],[21.015,52.2974],[21.016,52.2966],[21.0171,52.2969],[21.018,52.2959],[21.0197,52.2964],[21.0231,52.2977],[21.0232,52.2978],[21.0227,52.2986],[21.0234,52.2988],[21.0236,52.2988],[21.0237,52.2987],[21.0241,52.2982],[21.0243,52.2982],[21.027,52.2988],[21.0274,52.2989],[21.0281,52.2991],[21.0282,52.2991],[21.0301,52.2996],[21.0311,52.2999],[21.0311,52.3003],[21.0309,52.3006],[21.0323,52.301],[21.0327,52.3004],[21.0329,52.3003],[21.0333,52.3004],[21.0341,52.3007],[21.0356,52.3011],[21.0356,52.3011],[21.0395,52.302],[21.0412,52.3024],[21.0412,52.3024],[21.0516,52.305],[21.0518,52.3051],[21.0517,52.3049],[21.0546,52.3056],[21.0573,52.3063],[21.058,52.3065],[21.0588,52.3066],[21.0596,52.3068],[21.0604,52.3069],[21.0606,52.3071],[21.0612,52.3081],[21.0609,52.308],[21.0608,52.3081],[21.0613,52.3082],[21.0615,52.3083],[21.0616,52.3083],[21.0616,52.3083],[21.062,52.3084],[21.0621,52.3082],[21.062,52.3082],[21.0623,52.3073],[21.0624,52.3073],[21.0636,52.3075],[21.0643,52.3076],[21.0658,52.3077],[21.067,52.3077],[21.0685,52.3078],[21.0705,52.3078],[21.0834,52.3078],[21.0828,52.3091],[21.0827,52.3098],[21.082,52.3113],[21.082,52.3114],[21.082,52.3114],[21.0821,52.3114],[21.081,52.314],[21.08,52.3166],[21.079,52.319],[21.0787,52.3199],[21.0778,52.322],[21.0791,52.3222],[21.0796,52.3223],[21.0811,52.3225],[21.0814,52.3225],[21.0816,52.3226],[21.0825,52.3227],[21.0829,52.3228],[21.0832,52.3228],[21.0838,52.3229],[21.0842,52.3229],[21.0847,52.323],[21.0853,52.3231],[21.0859,52.3232],[21.0873,52.3234],[21.0874,52.3234],[21.0874,52.3234],[21.0878,52.3235],[21.0878,52.3235],[21.0882,52.3236],[21.0885,52.3236],[21.0886,52.3236],[21.0888,52.3237],[21.0891,52.3237],[21.0895,52.3238],[21.0895,52.3238],[21.0889,52.3253],[21.0889,52.3254],[21.0889,52.3254],[21.0884,52.3265],[21.0883,52.3267],[21.0883,52.3268],[21.0883,52.3268],[21.0883,52.3268],[21.0878,52.328],[21.0877,52.3282],[21.0875,52.3286],[21.0874,52.3288],[21.0874,52.3289],[21.0871,52.3296],[21.087,52.3299],[21.0869,52.3302],[21.0868,52.3303],[21.0867,52.3303],[21.0868,52.3304],[21.0865,52.3309],[21.0863,52.3313],[21.0863,52.3314],[21.0862,52.3318],[21.0861,52.3319],[21.086,52.332],[21.0878,52.3323],[21.0875,52.3329],[21.0867,52.3327],[21.086,52.334],[21.0857,52.3346],[21.0852,52.3374],[21.084,52.3374],[21.0833,52.3374],[21.0825,52.3373],[21.0815,52.3409],[21.0809,52.3431],[21.0821,52.3432],[21.0847,52.3434],[21.0859,52.3435],[21.0817,52.3541],[21.0787,52.3537],[21.0786,52.3537],[21.0762,52.3593],[21.0771,52.3594],[21.0738,52.3673],[21.0704,52.3668],[21.066,52.366],[21.066,52.3662],[21.0637,52.3656],[21.0613,52.3658],[21.0611,52.3647],[21.0606,52.3626],[21.0575,52.3628],[21.054,52.3631],[21.0492,52.3617],[21.0491,52.3622],[21.0486,52.3636],[21.0465,52.3638],[21.0463,52.3638],[21.0446,52.364],[21.0445,52.364],[21.0408,52.3628],[21.038,52.3625],[21.0378,52.3625],[21.0339,52.362],[21.0332,52.3619],[21.0328,52.3619],[21.0322,52.3618],[21.0307,52.3616],[21.0295,52.3629],[21.0294,52.363],[21.0282,52.3644],[21.0282,52.3645],[21.0276,52.3651],[21.0267,52.3645],[21.026,52.3639],[21.0255,52.3636],[21.0254,52.3635],[21.0253,52.3632],[21.0252,52.3631],[21.0252,52.3623],[21.0252,52.3621],[21.0252,52.3619],[21.0252,52.3619],[21.0251,52.3616],[21.0249,52.3609],[21.0246,52.3605],[21.0244,52.3601],[21.0242,52.3599],[21.0242,52.3598],[21.024,52.3591],[21.0239,52.3589],[21.0239,52.3588],[21.0236,52.3585],[21.0234,52.3579],[21.0233,52.3576],[21.0233,52.3574],[21.0225,52.3571],[21.021,52.3565],[21.0208,52.3568],[21.0207,52.357],[21.0171,52.3565],[21.0145,52.3562],[21.0134,52.3561],[21.0135,52.3565],[21.0133,52.3569],[21.0133,52.3569],[21.0121,52.3568],[21.0117,52.3568],[21.0109,52.3568],[21.0095,52.3568],[21.0088,52.357],[21.0081,52.3583],[21.0082,52.3602],[21.0079,52.3607],[21.0057,52.3641],[21.0044,52.3639],[21.0032,52.3637],[21.0021,52.3636],[21,52.3633],[20.9994,52.3632],[20.9992,52.363],[20.999,52.3629],[20.9986,52.3627],[20.997,52.3623],[20.9964,52.3621],[20.9947,52.3618],[20.993,52.3624],[20.9919,52.3628],[20.9833,52.3604],[20.9818,52.36],[20.9781,52.359],[20.9713,52.359],[20.9708,52.3599],[20.9661,52.3682],[20.9542,52.3679],[20.9543,52.3677],[20.9535,52.3678],[20.9534,52.3677],[20.9532,52.3676],[20.953,52.3673],[20.9529,52.3671],[20.9529,52.3669],[20.9528,52.3668],[20.9528,52.3667],[20.9527,52.3665],[20.9525,52.3664],[20.9517,52.3665],[20.9509,52.3665],[20.9504,52.3664],[20.9498,52.3664],[20.9488,52.3664],[20.9482,52.3665],[20.9449,52.3667],[20.9452,52.3662],[20.944,52.366],[20.9436,52.3664],[20.941,52.3638],[20.9408,52.3635],[20.9399,52.3625],[20.9393,52.3618],[20.9357,52.363],[20.9355,52.363],[20.9351,52.3632],[20.9359,52.3623],[20.9392,52.3584],[20.939,52.3583],[20.9389,52.3583],[20.9385,52.3581],[20.9359,52.3589],[20.9355,52.3591],[20.9351,52.3593],[20.935,52.3593],[20.934,52.3598],[20.9334,52.3594],[20.9331,52.3592],[20.933,52.3592],[20.9329,52.3592],[20.9317,52.3584],[20.9314,52.3582],[20.9309,52.3579],[20.9301,52.3584],[20.9293,52.3589],[20.9284,52.3592],[20.9275,52.3595],[20.9269,52.3596],[20.9263,52.3596],[20.9241,52.3596],[20.923,52.357],[20.9151,52.354],[20.9124,52.353]]]}},{"type":"Feature","properties":{"slug":"bielany","name":"Bielany","bdlUnitId":"071412865048","lat":52.29333,"lon":20.92612},"geometry":{"type":"Polygon","coordinates":[[[20.8754,52.3141],[20.8755,52.3141],[20.8762,52.3136],[20.8778,52.3124],[20.8781,52.3122],[20.8783,52.3121],[20.8787,52.3116],[20.8793,52.3111],[20.8796,52.3103],[20.8801,52.3096],[20.8805,52.3092],[20.8796,52.3083],[20.8795,52.3079],[20.8795,52.3079],[20.8795,52.3078],[20.8792,52.3072],[20.879,52.3067],[20.8788,52.3061],[20.8787,52.306],[20.8785,52.3053],[20.8782,52.3046],[20.878,52.3041],[20.8777,52.3034],[20.8771,52.302],[20.877,52.3018],[20.877,52.3018],[20.8769,52.3015],[20.8766,52.3006],[20.8764,52.3002],[20.8762,52.2996],[20.876,52.299],[20.8759,52.2989],[20.8758,52.2987],[20.8758,52.2987],[20.8758,52.2987],[20.876,52.2984],[20.8766,52.2979],[20.8766,52.2978],[20.8767,52.2975],[20.8766,52.2965],[20.8771,52.2947],[20.8771,52.2946],[20.8771,52.2946],[20.8771,52.2943],[20.8771,52.2941],[20.8771,52.294],[20.877,52.2931],[20.877,52.2931],[20.877,52.2931],[20.877,52.2927],[20.877,52.2927],[20.8769,52.2925],[20.8769,52.2924],[20.8769,52.2922],[20.8769,52.292],[20.8769,52.2917],[20.8768,52.2915],[20.8768,52.2912],[20.8768,52.291],[20.8768,52.2907],[20.8767,52.2904],[20.8767,52.2902],[20.8767,52.29],[20.8767,52.2899],[20.8767,52.2897],[20.8766,52.2894],[20.8766,52.289],[20.8766,52.2887],[20.8765,52.2884],[20.8765,52.2881],[20.8765,52.2878],[20.8765,52.2877],[20.8764,52.2874],[20.8764,52.2873],[20.8763,52.2873],[20.8763,52.2873],[20.8763,52.2872],[20.8764,52.2872],[20.8764,52.2868],[20.8764,52.2868],[20.8764,52.2866],[20.8763,52.2863],[20.8763,52.286],[20.8763,52.2857],[20.8763,52.2857],[20.8763,52.2857],[20.8762,52.2847],[20.876,52.2833],[20.876,52.283],[20.8758,52.2805],[20.876,52.2805],[20.876,52.2805],[20.8761,52.2804],[20.8784,52.2801],[20.8784,52.2801],[20.8787,52.28],[20.8788,52.28],[20.8812,52.2796],[20.8812,52.2795],[20.8838,52.2791],[20.8839,52.2791],[20.884,52.2791],[20.884,52.2791],[20.8841,52.2791],[20.8842,52.2791],[20.8843,52.2791],[20.8843,52.2791],[20.8844,52.2791],[20.8845,52.2791],[20.8846,52.2791],[20.8846,52.2791],[20.8847,52.2792],[20.8847,52.2792],[20.8848,52.2792],[20.8849,52.2793],[20.8849,52.2793],[20.885,52.2793],[20.885,52.2794],[20.8856,52.28],[20.8856,52.28],[20.8856,52.28],[20.8857,52.2801],[20.8857,52.2801],[20.8857,52.2802],[20.8858,52.2802],[20.8858,52.2802],[20.8858,52.2803],[20.8858,52.2803],[20.8858,52.2804],[20.8858,52.2804],[20.8859,52.2804],[20.886,52.2804],[20.8862,52.2804],[20.8871,52.2802],[20.8872,52.2802],[20.8879,52.28],[20.8879,52.28],[20.888,52.28],[20.8882,52.2801],[20.8891,52.2805],[20.8892,52.2805],[20.8892,52.2804],[20.8899,52.2795],[20.8906,52.2789],[20.8917,52.2782],[20.8917,52.2782],[20.8924,52.2778],[20.8928,52.2775],[20.893,52.2774],[20.8935,52.2772],[20.8934,52.2772],[20.8944,52.277],[20.8954,52.2767],[20.8957,52.2767],[20.8962,52.2766],[20.8972,52.2763],[20.8979,52.2762],[20.8979,52.2762],[20.8984,52.2761],[20.8993,52.2759],[20.8995,52.2758],[20.8998,52.2758],[20.9003,52.2757],[20.9013,52.2754],[20.9017,52.2753],[20.9018,52.2753],[20.9025,52.2751],[20.9027,52.2751],[20.9029,52.275],[20.9032,52.275],[20.9033,52.2749],[20.904,52.2748],[20.904,52.2748],[20.9041,52.2748],[20.9042,52.2747],[20.9062,52.2743],[20.9062,52.2743],[20.9077,52.2739],[20.9092,52.2736],[20.9092,52.2736],[20.9102,52.2734],[20.9105,52.2733],[20.9122,52.2729],[20.9128,52.2727],[20.9131,52.2727],[20.9133,52.2726],[20.9137,52.2725],[20.9142,52.2724],[20.9149,52.2723],[20.9152,52.2722],[20.9152,52.2722],[20.9154,52.2721],[20.9155,52.2721],[20.9159,52.272],[20.9164,52.2719],[20.9167,52.2716],[20.9168,52.2716],[20.9169,52.2716],[20.9175,52.2714],[20.9193,52.271],[20.9201,52.2708],[20.9202,52.2708],[20.9203,52.2708],[20.921,52.2707],[20.9218,52.2705],[20.9222,52.2705],[20.9228,52.2704],[20.9232,52.2703],[20.9239,52.2702],[20.924,52.2701],[20.9259,52.2698],[20.9269,52.2696],[20.9274,52.2695],[20.9277,52.2694],[20.9277,52.2694],[20.9296,52.269],[20.9305,52.2687],[20.9314,52.2685],[20.9317,52.2685],[20.9318,52.2685],[20.9323,52.2684],[20.9324,52.2683],[20.9325,52.2683],[20.9325,52.2683],[20.9326,52.2683],[20.9331,52.2682],[20.9336,52.2681],[20.9353,52.2678],[20.9355,52.2678],[20.9363,52.2676],[20.9366,52.2676],[20.9372,52.2675],[20.9375,52.2674],[20.9379,52.2673],[20.9385,52.2672],[20.9389,52.2671],[20.9392,52.267],[20.9394,52.267],[20.9397,52.2669],[20.9401,52.2668],[20.9404,52.2667],[20.941,52.2665],[20.9415,52.2663],[20.9418,52.2662],[20.942,52.2661],[20.9422,52.2659],[20.9422,52.2659],[20.9422,52.2659],[20.9424,52.2656],[20.9426,52.2653],[20.9426,52.2652],[20.943,52.2649],[20.9429,52.2648],[20.9437,52.2646],[20.9438,52.2647],[20.9439,52.2648],[20.9439,52.2648],[20.944,52.2648],[20.9452,52.2645],[20.9454,52.2644],[20.9456,52.2644],[20.946,52.2642],[20.9467,52.2641],[20.9475,52.2638],[20.9476,52.2638],[20.9476,52.2639],[20.9479,52.2638],[20.948,52.2638],[20.9485,52.2636],[20.9488,52.2635],[20.9489,52.2635],[20.9495,52.2633],[20.9497,52.2633],[20.9499,52.2632],[20.9499,52.2632],[20.9503,52.2631],[20.9504,52.2631],[20.9509,52.2629],[20.9514,52.2626],[20.9516,52.2625],[20.9519,52.2623],[20.9524,52.2627],[20.9532,52.2634],[20.9535,52.2637],[20.9536,52.2638],[20.9543,52.2642],[20.9545,52.2644],[20.9548,52.2646],[20.9551,52.2648],[20.9552,52.2648],[20.9555,52.265],[20.9561,52.2656],[20.9564,52.2659],[20.9564,52.2659],[20.9576,52.2669],[20.9576,52.2671],[20.9576,52.2672],[20.9575,52.2673],[20.9578,52.2675],[20.9578,52.2675],[20.9579,52.2676],[20.9579,52.2676],[20.9579,52.2676],[20.9579,52.2676],[20.9579,52.2677],[20.9579,52.2677],[20.9579,52.2677],[20.9583,52.268],[20.9583,52.268],[20.9585,52.2682],[20.9587,52.2684],[20.9589,52.2685],[20.9589,52.2685],[20.9592,52.2685],[20.9613,52.2702],[20.9617,52.2705],[20.9618,52.2706],[20.9619,52.2706],[20.9619,52.2706],[20.962,52.2706],[20.9621,52.2707],[20.9621,52.2707],[20.9621,52.2707],[20.9621,52.2707],[20.9621,52.2707],[20.9621,52.2707],[20.9622,52.2707],[20.9622,52.2708],[20.9625,52.2711],[20.9627,52.2713],[20.9627,52.2713],[20.9627,52.2713],[20.9627,52.2714],[20.9628,52.2714],[20.9629,52.2713],[20.963,52.2713],[20.9637,52.2724],[20.9638,52.2725],[20.9641,52.2729],[20.9641,52.273],[20.9642,52.2732],[20.9642,52.2732],[20.9643,52.2735],[20.9644,52.2737],[20.9646,52.2739],[20.9649,52.2741],[20.9652,52.274],[20.9654,52.2739],[20.9656,52.274],[20.9659,52.2743],[20.9662,52.2744],[20.9666,52.2744],[20.9668,52.2742],[20.9672,52.2742],[20.968,52.2745],[20.9687,52.2749],[20.9693,52.2751],[20.97,52.2754],[20.9702,52.2755],[20.9704,52.2756],[20.9704,52.2757],[20.9706,52.2758],[20.9707,52.2758],[20.9711,52.2761],[20.9713,52.2762],[20.9717,52.2765],[20.9719,52.2766],[20.9746,52.2781],[20.9766,52.2791],[20.9768,52.2795],[20.9852,52.2834],[20.9854,52.2835],[20.9855,52.2837],[20.9856,52.2838],[20.9858,52.2849],[20.9857,52.2852],[20.9855,52.2857],[20.9866,52.2864],[20.9875,52.2861],[20.9885,52.2858],[20.9896,52.2855],[20.99,52.2851],[20.9958,52.2878],[20.9953,52.2881],[20.9947,52.2885],[20.9941,52.2889],[20.9937,52.2891],[20.9934,52.2893],[20.9927,52.2897],[20.992,52.29],[20.9912,52.2904],[20.9905,52.2908],[20.9897,52.2911],[20.9894,52.2913],[20.9886,52.2916],[20.9878,52.2919],[20.987,52.2922],[20.9866,52.2924],[20.9857,52.2926],[20.9853,52.2928],[20.985,52.2929],[20.9845,52.293],[20.9841,52.2932],[20.9832,52.2934],[20.9822,52.2936],[20.9817,52.2938],[20.9811,52.2939],[20.9806,52.294],[20.98,52.2941],[20.9794,52.2942],[20.9789,52.2943],[20.9783,52.2944],[20.9777,52.2945],[20.9772,52.2946],[20.9762,52.2947],[20.9753,52.2949],[20.9744,52.295],[20.974,52.2951],[20.9731,52.2953],[20.9722,52.2954],[20.9713,52.2956],[20.9705,52.2959],[20.97,52.296],[20.9692,52.2962],[20.9684,52.2964],[20.9675,52.2967],[20.9671,52.2968],[20.9663,52.2971],[20.9655,52.2974],[20.9651,52.2975],[20.9643,52.2978],[20.9639,52.298],[20.9632,52.2983],[20.9624,52.2986],[20.9621,52.2988],[20.9615,52.2991],[20.9609,52.2994],[20.9606,52.2995],[20.9598,52.2999],[20.9593,52.3002],[20.959,52.3004],[20.9588,52.3005],[20.9582,52.3009],[20.9577,52.3012],[20.9575,52.3013],[20.9571,52.3016],[20.9569,52.3017],[20.9567,52.3019],[20.9564,52.3022],[20.956,52.3025],[20.9557,52.3028],[20.9554,52.3031],[20.9551,52.3034],[20.9549,52.3038],[20.9547,52.3039],[20.9545,52.3043],[20.9542,52.3048],[20.9539,52.3052],[20.9536,52.3057],[20.9533,52.306],[20.953,52.3063],[20.9526,52.3068],[20.9523,52.3071],[20.9521,52.3073],[20.9516,52.3078],[20.9506,52.3085],[20.9497,52.3092],[20.9475,52.3107],[20.9457,52.3116],[20.9445,52.3122],[20.9441,52.3124],[20.9421,52.3132],[20.9397,52.3139],[20.9373,52.3147],[20.935,52.3159],[20.9347,52.316],[20.9326,52.3172],[20.931,52.3182],[20.9294,52.3196],[20.9278,52.3214],[20.9266,52.3231],[20.9257,52.3248],[20.9252,52.3266],[20.925,52.328],[20.9251,52.3294],[20.9226,52.3268],[20.9224,52.3251],[20.9222,52.3244],[20.9222,52.3243],[20.9221,52.3237],[20.9138,52.322],[20.9138,52.322],[20.9131,52.3218],[20.9105,52.3241],[20.9102,52.324],[20.909,52.3227],[20.9078,52.3222],[20.9078,52.3222],[20.9071,52.3221],[20.9069,52.3227],[20.9066,52.3234],[20.9064,52.3233],[20.903,52.3225],[20.8996,52.3222],[20.8977,52.3219],[20.896,52.3217],[20.8952,52.3214],[20.895,52.3213],[20.8949,52.3212],[20.893,52.3192],[20.8915,52.3176],[20.8908,52.3164],[20.8904,52.3156],[20.8901,52.315],[20.8899,52.3144],[20.8897,52.3142],[20.8897,52.3141],[20.8897,52.314],[20.8898,52.3137],[20.8898,52.3137],[20.8898,52.3136],[20.8886,52.3133],[20.8884,52.3132],[20.8869,52.3132],[20.8869,52.3132],[20.8867,52.3132],[20.8865,52.3132],[20.8862,52.3133],[20.886,52.3133],[20.8859,52.3133],[20.8856,52.3133],[20.8854,52.3134],[20.8853,52.3134],[20.8845,52.3135],[20.8844,52.3135],[20.8835,52.3135],[20.8834,52.3135],[20.8834,52.3135],[20.883,52.3136],[20.8827,52.3136],[20.8827,52.3136],[20.8827,52.3136],[20.8827,52.3136],[20.8825,52.3136],[20.8825,52.3136],[20.8823,52.3136],[20.882,52.3136],[20.8818,52.3136],[20.8816,52.3136],[20.8814,52.3137],[20.8812,52.3137],[20.881,52.3137],[20.8808,52.3137],[20.8806,52.3137],[20.8796,52.3138],[20.8794,52.3138],[20.8788,52.3139],[20.8782,52.3141],[20.878,52.3141],[20.8779,52.3142],[20.8778,52.3142],[20.8775,52.3143],[20.8772,52.3144],[20.877,52.3144],[20.877,52.3144],[20.8767,52.3145],[20.8766,52.3146],[20.8758,52.3148],[20.8757,52.3148],[20.8757,52.3149],[20.8756,52.3146],[20.8756,52.3146],[20.8756,52.3145],[20.8755,52.3144],[20.8755,52.3143],[20.8755,52.3143],[20.8755,52.3142],[20.8754,52.3141]]]}},{"type":"Feature","properties":{"slug":"mokotow","name":"Mokotów","bdlUnitId":"071412865058","lat":52.19278,"lon":21.04167},"geometry":{"type":"Polygon","coordinates":[[[20.9819,52.1928],[20.9823,52.1927],[20.9824,52.1927],[20.9828,52.1926],[20.9831,52.1925],[20.9831,52.1925],[20.9833,52.1924],[20.9835,52.1923],[20.9837,52.1922],[20.9843,52.1919],[20.9843,52.1919],[20.9844,52.1919],[20.9846,52.1917],[20.9853,52.1912],[20.9856,52.1909],[20.9858,52.1906],[20.9859,52.1905],[20.986,52.1903],[20.9861,52.1903],[20.9861,52.1903],[20.9862,52.1903],[20.9862,52.1902],[20.9863,52.1901],[20.9864,52.1899],[20.9864,52.1899],[20.9864,52.1898],[20.9865,52.1897],[20.9865,52.1896],[20.9865,52.1895],[20.9865,52.1894],[20.9866,52.1892],[20.9866,52.1891],[20.9866,52.1888],[20.9866,52.1887],[20.9866,52.1887],[20.9866,52.1883],[20.9866,52.1877],[20.9866,52.1877],[20.9867,52.1861],[20.9867,52.1859],[20.9867,52.1853],[20.9867,52.1848],[20.9867,52.1847],[20.9867,52.1845],[20.9868,52.1841],[20.9868,52.1841],[20.9868,52.1836],[20.9868,52.1831],[20.9868,52.1827],[20.9868,52.1823],[20.9868,52.1822],[20.9868,52.1821],[20.9868,52.182],[20.9868,52.1818],[20.9868,52.1817],[20.9868,52.1816],[20.9868,52.1816],[20.9868,52.1816],[20.9868,52.1813],[20.9868,52.1812],[20.9868,52.1811],[20.9868,52.1809],[20.9868,52.1806],[20.9868,52.1803],[20.9868,52.1797],[20.9869,52.1791],[20.9869,52.1787],[20.9869,52.1784],[20.9869,52.1779],[20.9869,52.1779],[20.9869,52.1779],[20.9869,52.1775],[20.9869,52.177],[20.9869,52.1761],[20.987,52.1754],[20.987,52.1747],[20.987,52.1746],[20.987,52.1743],[20.987,52.1739],[20.987,52.1738],[20.987,52.1737],[20.987,52.1734],[20.987,52.1723],[20.9869,52.1714],[20.9869,52.1713],[20.987,52.1712],[20.987,52.1711],[20.9873,52.1709],[20.9876,52.1708],[20.9878,52.1706],[20.9878,52.1704],[20.9882,52.1704],[20.9882,52.1706],[20.9882,52.1706],[20.9882,52.1706],[20.9882,52.1707],[20.9885,52.1713],[20.9886,52.1714],[20.9941,52.1701],[20.9943,52.17],[20.9944,52.17],[20.9956,52.1697],[20.9968,52.1693],[20.9969,52.1693],[20.9976,52.1694],[20.998,52.1694],[21.0035,52.1681],[21.0082,52.167],[21.0087,52.1678],[21.0091,52.1677],[21.0101,52.1673],[21.0106,52.1673],[21.011,52.1671],[21.0116,52.167],[21.0118,52.1667],[21.0123,52.1655],[21.0155,52.1656],[21.0159,52.1657],[21.0159,52.1648],[21.0166,52.1648],[21.0166,52.1649],[21.0168,52.1649],[21.0168,52.1649],[21.0169,52.1649],[21.0169,52.1648],[21.0185,52.1643],[21.02,52.1663],[21.0196,52.167],[21.0208,52.1667],[21.0217,52.1666],[21.0226,52.1666],[21.0244,52.1665],[21.0245,52.1669],[21.025,52.1673],[21.0259,52.1673],[21.0259,52.1677],[21.0262,52.1677],[21.0268,52.1677],[21.0275,52.1677],[21.0277,52.1676],[21.028,52.1676],[21.0282,52.1675],[21.0285,52.1674],[21.0288,52.1673],[21.0291,52.1672],[21.0292,52.1671],[21.0299,52.1668],[21.0308,52.1669],[21.0313,52.167],[21.0317,52.1671],[21.0331,52.1675],[21.0336,52.1676],[21.0351,52.168],[21.036,52.1682],[21.0363,52.1684],[21.0367,52.1685],[21.0374,52.1688],[21.0376,52.1688],[21.0388,52.1695],[21.0395,52.17],[21.0399,52.1703],[21.0405,52.1708],[21.0409,52.1712],[21.0416,52.1717],[21.0423,52.1723],[21.0426,52.1726],[21.043,52.1732],[21.0433,52.174],[21.0435,52.1749],[21.0433,52.175],[21.046,52.1744],[21.0461,52.1743],[21.046,52.1743],[21.0464,52.174],[21.0467,52.1738],[21.0471,52.1736],[21.0478,52.1732],[21.0495,52.1723],[21.0512,52.1714],[21.0518,52.171],[21.0524,52.1706],[21.0541,52.1695],[21.0545,52.1695],[21.0563,52.1697],[21.0573,52.1697],[21.0575,52.1697],[21.0578,52.1698],[21.0582,52.1698],[21.0585,52.1699],[21.059,52.17],[21.0598,52.1702],[21.0599,52.1702],[21.0599,52.1702],[21.0607,52.1702],[21.0618,52.1702],[21.0622,52.1702],[21.0636,52.1701],[21.0642,52.17],[21.0661,52.1698],[21.0672,52.1698],[21.0674,52.1698],[21.068,52.1696],[21.0681,52.1698],[21.0686,52.1702],[21.0683,52.1704],[21.0683,52.1704],[21.0682,52.1705],[21.068,52.1706],[21.0679,52.1707],[21.0678,52.1708],[21.0666,52.172],[21.0665,52.1721],[21.0665,52.1721],[21.0664,52.1722],[21.0631,52.1753],[21.0631,52.1753],[21.0651,52.1761],[21.0657,52.1755],[21.0658,52.1755],[21.0679,52.1763],[21.0683,52.1764],[21.0685,52.1765],[21.0686,52.1765],[21.0687,52.1766],[21.0689,52.1766],[21.0689,52.1766],[21.0691,52.1767],[21.0692,52.1768],[21.0694,52.177],[21.0694,52.177],[21.0695,52.177],[21.0695,52.177],[21.0696,52.1771],[21.0696,52.1771],[21.0697,52.1772],[21.07,52.1776],[21.0701,52.1776],[21.0702,52.1776],[21.0703,52.1777],[21.0704,52.1777],[21.0705,52.1777],[21.0706,52.1777],[21.0707,52.1778],[21.0708,52.1778],[21.0718,52.1784],[21.0718,52.1785],[21.072,52.1786],[21.0721,52.1785],[21.0724,52.1786],[21.0726,52.1791],[21.0727,52.1793],[21.0737,52.1799],[21.0741,52.1802],[21.0742,52.1803],[21.0774,52.1823],[21.0775,52.1823],[21.0774,52.1824],[21.0779,52.1827],[21.081,52.1846],[21.0811,52.1845],[21.0812,52.1846],[21.0815,52.1845],[21.0815,52.1845],[21.0853,52.1829],[21.0854,52.1829],[21.0855,52.1829],[21.0856,52.1828],[21.0856,52.1828],[21.0857,52.1828],[21.0859,52.1827],[21.0858,52.1827],[21.0892,52.1813],[21.0894,52.1811],[21.0893,52.1808],[21.0896,52.1807],[21.0897,52.1806],[21.0948,52.181],[21.0945,52.1815],[21.0943,52.1818],[21.0943,52.1819],[21.0942,52.1821],[21.0942,52.1824],[21.0942,52.1826],[21.0942,52.1828],[21.0943,52.1831],[21.0944,52.1835],[21.0946,52.1838],[21.0949,52.1846],[21.095,52.1849],[21.095,52.185],[21.0951,52.1852],[21.0952,52.1853],[21.0953,52.1855],[21.0954,52.1856],[21.0956,52.1858],[21.0957,52.1859],[21.0959,52.186],[21.0961,52.186],[21.0963,52.1861],[21.0965,52.1862],[21.0967,52.1862],[21.0969,52.1862],[21.0972,52.1862],[21.0974,52.1863],[21.0975,52.1863],[21.0978,52.1864],[21.098,52.1864],[21.0982,52.1865],[21.0984,52.1867],[21.0986,52.1868],[21.0987,52.187],[21.0989,52.1871],[21.0991,52.1873],[21.0992,52.1876],[21.0993,52.1878],[21.0995,52.1884],[21.0996,52.1889],[21.0996,52.1891],[21.0996,52.1894],[21.0996,52.1896],[21.0995,52.1897],[21.0992,52.1901],[21.0992,52.1903],[21.0991,52.1904],[21.0991,52.1905],[21.0992,52.1906],[21.0992,52.1908],[21.0993,52.191],[21.0994,52.1912],[21.0996,52.1914],[21.0999,52.1916],[21.1001,52.1918],[21.1006,52.192],[21.101,52.1922],[21.1012,52.1923],[21.1014,52.1924],[21.1017,52.1924],[21.1019,52.1925],[21.1023,52.1925],[21.1025,52.1926],[21.1027,52.1926],[21.1028,52.1927],[21.1029,52.1929],[21.1031,52.1932],[21.1034,52.1936],[21.1049,52.1945],[21.1048,52.1966],[21.1047,52.1977],[21.1047,52.2016],[21.1041,52.2041],[21.1035,52.2056],[21.1025,52.2074],[21.1008,52.2097],[21.0992,52.2112],[21.0952,52.2138],[21.0931,52.2149],[21.0924,52.2152],[21.0918,52.2155],[21.0911,52.2157],[21.0905,52.216],[21.0902,52.2161],[21.0898,52.2162],[21.0891,52.2165],[21.0884,52.2167],[21.0877,52.2169],[21.087,52.2171],[21.0866,52.2172],[21.0859,52.2174],[21.0851,52.2176],[21.0843,52.2177],[21.0836,52.2179],[21.083,52.218],[21.0828,52.218],[21.0822,52.2181],[21.0816,52.2182],[21.0808,52.2183],[21.08,52.2184],[21.0796,52.2184],[21.0788,52.2185],[21.078,52.2185],[21.0771,52.2186],[21.0767,52.2186],[21.0763,52.2186],[21.0755,52.2186],[21.0751,52.2186],[21.0743,52.2186],[21.0735,52.2186],[21.0731,52.2186],[21.0727,52.2185],[21.0719,52.2185],[21.0712,52.2185],[21.0704,52.2184],[21.0701,52.2184],[21.0693,52.2184],[21.0686,52.2185],[21.0679,52.2185],[21.0675,52.2185],[21.0668,52.2186],[21.0661,52.2186],[21.0653,52.2187],[21.0646,52.2188],[21.0639,52.2189],[21.0636,52.2189],[21.0615,52.2168],[21.0614,52.2167],[21.0613,52.2167],[21.0612,52.2166],[21.054,52.2155],[21.0543,52.2148],[21.0494,52.2141],[21.0491,52.2148],[21.0464,52.2144],[21.0474,52.2114],[21.0451,52.2102],[21.0449,52.2099],[21.0448,52.2097],[21.0447,52.2097],[21.0397,52.2096],[21.0387,52.2096],[21.0384,52.2096],[21.0363,52.2096],[21.0362,52.2095],[21.035,52.207],[21.0349,52.2069],[21.0328,52.207],[21.0326,52.207],[21.0324,52.207],[21.0319,52.207],[21.0315,52.2069],[21.0309,52.2069],[21.0306,52.2068],[21.0302,52.2068],[21.0298,52.2068],[21.0294,52.2069],[21.0289,52.2071],[21.0286,52.2072],[21.0272,52.2083],[21.0259,52.2093],[21.0257,52.2095],[21.0255,52.2098],[21.0253,52.2101],[21.025,52.2107],[21.0249,52.211],[21.0247,52.2112],[21.0245,52.2114],[21.022,52.2131],[21.0214,52.2129],[21.0207,52.2133],[21.0182,52.2128],[21.0173,52.2125],[21.0166,52.2123],[21.0159,52.2122],[21.0096,52.2111],[21.0078,52.2108],[21.007,52.2107],[20.9983,52.2092],[20.9879,52.2103],[20.9878,52.2099],[20.9842,52.1995],[20.9839,52.1985],[20.9835,52.1973],[20.9819,52.1928]]]}},{"type":"Feature","properties":{"slug":"ochota","name":"Ochota","bdlUnitId":"071412865068","lat":52.2107,"lon":20.97383},"geometry":{"type":"Polygon","coordinates":[[[20.9359,52.2121],[20.9374,52.2121],[20.9373,52.212],[20.9372,52.2119],[20.9371,52.2117],[20.9369,52.2113],[20.9367,52.2109],[20.9365,52.2109],[20.9371,52.2093],[20.9372,52.2089],[20.9377,52.2086],[20.9381,52.2082],[20.9401,52.2063],[20.9412,52.2052],[20.9413,52.2051],[20.9416,52.2048],[20.9416,52.2048],[20.9421,52.2044],[20.9419,52.2043],[20.9425,52.2037],[20.9428,52.2037],[20.9429,52.2035],[20.9433,52.2032],[20.9436,52.2028],[20.9439,52.2029],[20.9444,52.2024],[20.9447,52.2021],[20.9452,52.2018],[20.9457,52.2015],[20.9463,52.2013],[20.9468,52.2011],[20.9472,52.2009],[20.949,52.2005],[20.9506,52.2001],[20.9546,52.1992],[20.9564,52.1988],[20.9566,52.1987],[20.9576,52.1985],[20.9609,52.1978],[20.9622,52.1974],[20.9623,52.1975],[20.9623,52.1975],[20.9638,52.197],[20.9639,52.197],[20.9639,52.1971],[20.964,52.197],[20.9642,52.197],[20.9643,52.197],[20.9673,52.1963],[20.969,52.1959],[20.971,52.1954],[20.9713,52.1954],[20.9751,52.1944],[20.9769,52.194],[20.9818,52.1928],[20.9819,52.1928],[20.9835,52.1973],[20.9839,52.1985],[20.9842,52.1995],[20.9878,52.2099],[20.9879,52.2103],[20.9983,52.2092],[21.007,52.2107],[21.0051,52.2168],[21.005,52.2172],[21.0047,52.2228],[21.0047,52.2231],[21.0047,52.2231],[21.0018,52.2277],[21.0016,52.228],[21.0013,52.2279],[21.0013,52.2279],[21.0013,52.2279],[21.0012,52.2279],[21.0006,52.2278],[21.0006,52.2277],[20.9974,52.227],[20.9974,52.227],[20.9971,52.227],[20.9971,52.227],[20.9965,52.2268],[20.9958,52.2267],[20.9955,52.2266],[20.9923,52.2259],[20.9923,52.2259],[20.9922,52.2259],[20.9922,52.2259],[20.9912,52.2257],[20.9911,52.2256],[20.991,52.2257],[20.9903,52.2255],[20.9903,52.2256],[20.99,52.2255],[20.99,52.2256],[20.9892,52.2254],[20.9888,52.2252],[20.9877,52.2249],[20.9821,52.2237],[20.9804,52.2233],[20.9804,52.2233],[20.9794,52.2231],[20.9794,52.223],[20.9779,52.2226],[20.9772,52.2223],[20.9771,52.2223],[20.9766,52.2223],[20.9764,52.222],[20.9759,52.2221],[20.9757,52.2221],[20.974,52.2216],[20.9739,52.2216],[20.9731,52.2214],[20.9724,52.2211],[20.9719,52.221],[20.9714,52.2209],[20.9706,52.2207],[20.9705,52.2207],[20.9708,52.2204],[20.9696,52.2199],[20.9686,52.2196],[20.9682,52.2199],[20.9681,52.2201],[20.9669,52.2198],[20.9647,52.2193],[20.9644,52.2192],[20.9639,52.219],[20.9632,52.2188],[20.9621,52.2186],[20.962,52.2186],[20.9609,52.2185],[20.9605,52.2184],[20.9601,52.2184],[20.9601,52.2183],[20.9601,52.2183],[20.96,52.2183],[20.9598,52.2183],[20.9597,52.2183],[20.9589,52.2182],[20.9591,52.2178],[20.9589,52.2178],[20.958,52.2171],[20.9574,52.2167],[20.9569,52.2161],[20.9565,52.2157],[20.956,52.2153],[20.9554,52.215],[20.9548,52.2148],[20.954,52.2145],[20.9535,52.2144],[20.9528,52.2144],[20.9523,52.2144],[20.9508,52.2143],[20.9493,52.2143],[20.9485,52.2144],[20.948,52.2144],[20.9464,52.2145],[20.9457,52.2145],[20.9449,52.2146],[20.9445,52.2146],[20.9432,52.2143],[20.9423,52.214],[20.9409,52.2133],[20.9382,52.2123],[20.9376,52.2126],[20.9368,52.2124],[20.9362,52.2122],[20.9359,52.2121]]]}},{"type":"Feature","properties":{"slug":"praga-poludnie","name":"Praga-Południe","bdlUnitId":"071412865078","lat":52.23944,"lon":21.08461},"geometry":{"type":"Polygon","coordinates":[[[21.0369,52.2386],[21.0385,52.2372],[21.0401,52.2357],[21.0423,52.2335],[21.0436,52.232],[21.0444,52.2311],[21.0462,52.2289],[21.0465,52.2285],[21.0477,52.2272],[21.0489,52.2258],[21.0494,52.2254],[21.05,52.2249],[21.0502,52.2246],[21.0506,52.2244],[21.0509,52.2241],[21.0511,52.2239],[21.0514,52.2237],[21.0518,52.2234],[21.0521,52.2232],[21.0525,52.223],[21.0528,52.2228],[21.0531,52.2226],[21.0535,52.2223],[21.0539,52.2222],[21.0542,52.2219],[21.0546,52.2217],[21.055,52.2215],[21.0555,52.2214],[21.0559,52.2212],[21.0563,52.221],[21.0567,52.2208],[21.0571,52.2207],[21.0575,52.2205],[21.0579,52.2204],[21.0585,52.2202],[21.0589,52.2201],[21.0593,52.2199],[21.0597,52.2198],[21.0602,52.2197],[21.0607,52.2195],[21.0611,52.2194],[21.0616,52.2193],[21.0623,52.2192],[21.0628,52.2191],[21.0631,52.219],[21.0636,52.2189],[21.0639,52.2189],[21.0646,52.2188],[21.0653,52.2187],[21.0661,52.2186],[21.0668,52.2186],[21.0675,52.2185],[21.0679,52.2185],[21.0686,52.2185],[21.0693,52.2184],[21.0701,52.2184],[21.0704,52.2184],[21.0712,52.2185],[21.0719,52.2185],[21.0727,52.2185],[21.0731,52.2186],[21.0735,52.2186],[21.0743,52.2186],[21.0751,52.2186],[21.0755,52.2186],[21.0763,52.2186],[21.0767,52.2186],[21.0771,52.2186],[21.078,52.2185],[21.0788,52.2185],[21.0796,52.2184],[21.08,52.2184],[21.0808,52.2183],[21.0816,52.2182],[21.0822,52.2181],[21.0828,52.218],[21.083,52.218],[21.0836,52.2179],[21.0843,52.2177],[21.0851,52.2176],[21.0859,52.2174],[21.0866,52.2172],[21.087,52.2171],[21.0877,52.2169],[21.0884,52.2167],[21.0891,52.2165],[21.0898,52.2162],[21.0902,52.2161],[21.0905,52.216],[21.0911,52.2157],[21.0918,52.2155],[21.0924,52.2152],[21.0938,52.216],[21.0955,52.217],[21.0959,52.2172],[21.096,52.2173],[21.0962,52.2174],[21.0963,52.2175],[21.0964,52.2177],[21.0965,52.2181],[21.097,52.2184],[21.0974,52.2183],[21.1006,52.2204],[21.1033,52.2221],[21.1035,52.2222],[21.1085,52.2254],[21.1085,52.2254],[21.1086,52.2255],[21.1104,52.2266],[21.1118,52.2276],[21.1134,52.2286],[21.1161,52.2303],[21.1163,52.2305],[21.1178,52.2314],[21.1182,52.2316],[21.1189,52.2321],[21.1191,52.2322],[21.1191,52.2322],[21.1193,52.2323],[21.1194,52.2324],[21.1194,52.2324],[21.1195,52.2324],[21.1242,52.2324],[21.1244,52.2325],[21.1246,52.2325],[21.1248,52.2325],[21.1249,52.2325],[21.1262,52.2328],[21.1267,52.233],[21.1274,52.2333],[21.1277,52.2336],[21.1278,52.2338],[21.1278,52.234],[21.1279,52.2343],[21.1279,52.2344],[21.1284,52.2349],[21.1284,52.2349],[21.1284,52.235],[21.1296,52.2362],[21.1296,52.2362],[21.1297,52.2362],[21.1297,52.2362],[21.1298,52.2363],[21.1298,52.2363],[21.1299,52.2365],[21.13,52.2365],[21.13,52.2365],[21.13,52.2366],[21.1301,52.2366],[21.1301,52.2366],[21.1302,52.2367],[21.1302,52.2368],[21.1304,52.2369],[21.1304,52.2369],[21.1305,52.237],[21.1305,52.237],[21.131,52.2375],[21.1312,52.2377],[21.1312,52.2377],[21.1314,52.2379],[21.1314,52.2379],[21.1318,52.2383],[21.1318,52.2383],[21.132,52.2384],[21.132,52.2384],[21.1323,52.2387],[21.1323,52.2387],[21.1324,52.2388],[21.1326,52.2391],[21.1324,52.2392],[21.1309,52.2399],[21.131,52.2402],[21.1311,52.2403],[21.1303,52.2407],[21.1317,52.2417],[21.132,52.2424],[21.1321,52.2426],[21.1323,52.2431],[21.1323,52.2432],[21.1323,52.2433],[21.1272,52.2473],[21.1247,52.2493],[21.1243,52.2496],[21.1218,52.2516],[21.1217,52.2517],[21.1213,52.252],[21.121,52.2521],[21.1205,52.2526],[21.1204,52.2526],[21.1185,52.2541],[21.1185,52.2541],[21.1148,52.2567],[21.1148,52.2568],[21.1147,52.2568],[21.1148,52.2568],[21.1148,52.2568],[21.1149,52.2568],[21.1151,52.2573],[21.1152,52.2594],[21.1146,52.2595],[21.1146,52.2595],[21.1136,52.2595],[21.1124,52.2596],[21.1108,52.2596],[21.1066,52.2598],[21.1061,52.2599],[21.1037,52.2599],[21.1015,52.26],[21.1013,52.26],[21.0997,52.2601],[21.0991,52.2601],[21.0975,52.2602],[21.0953,52.2603],[21.0932,52.2604],[21.0911,52.2605],[21.0902,52.2605],[21.0901,52.2605],[21.0898,52.2605],[21.0896,52.2605],[21.0889,52.2605],[21.0888,52.2606],[21.0887,52.2606],[21.0885,52.2605],[21.0872,52.2605],[21.083,52.2601],[21.083,52.2602],[21.0826,52.2601],[21.0826,52.2602],[21.0824,52.2602],[21.0824,52.2601],[21.0823,52.2601],[21.0794,52.2598],[21.0784,52.2596],[21.0766,52.2594],[21.0758,52.2593],[21.0759,52.2591],[21.0756,52.2591],[21.0752,52.2591],[21.0742,52.259],[21.074,52.2589],[21.0733,52.2586],[21.073,52.2585],[21.0725,52.2585],[21.0725,52.2585],[21.0721,52.2585],[21.0712,52.2584],[21.0704,52.2583],[21.0702,52.2583],[21.07,52.2583],[21.0698,52.2583],[21.0695,52.2582],[21.069,52.2581],[21.0681,52.258],[21.0678,52.258],[21.0672,52.2579],[21.0668,52.2579],[21.0666,52.2579],[21.066,52.2577],[21.0656,52.2576],[21.0652,52.2575],[21.0648,52.2572],[21.0645,52.257],[21.0644,52.2569],[21.0642,52.2568],[21.064,52.2566],[21.0638,52.2565],[21.0635,52.2562],[21.0632,52.2561],[21.0632,52.256],[21.0631,52.256],[21.0626,52.2558],[21.0622,52.2556],[21.0617,52.2554],[21.0612,52.2552],[21.0603,52.2549],[21.0591,52.2544],[21.0588,52.2543],[21.0582,52.2542],[21.0578,52.254],[21.0572,52.2538],[21.056,52.2532],[21.0551,52.2529],[21.0551,52.253],[21.055,52.2529],[21.055,52.2529],[21.0549,52.2529],[21.0531,52.2525],[21.0529,52.2524],[21.0529,52.2524],[21.0528,52.2524],[21.0528,52.2523],[21.0507,52.2517],[21.0487,52.2509],[21.0486,52.2508],[21.0485,52.2508],[21.0485,52.2508],[21.0485,52.2508],[21.048,52.2506],[21.0477,52.2505],[21.0465,52.25],[21.0457,52.2497],[21.0454,52.2495],[21.0452,52.2493],[21.0451,52.2492],[21.0449,52.2491],[21.0449,52.249],[21.0449,52.249],[21.0447,52.2489],[21.0445,52.2487],[21.0445,52.2487],[21.0444,52.2486],[21.0442,52.2486],[21.044,52.2483],[21.0437,52.248],[21.0439,52.2479],[21.0438,52.2477],[21.0438,52.2476],[21.0436,52.2476],[21.0435,52.247],[21.0434,52.2464],[21.0435,52.2462],[21.0434,52.2462],[21.0435,52.2461],[21.0434,52.2456],[21.0434,52.2456],[21.0434,52.2445],[21.0434,52.2432],[21.0437,52.2432],[21.0436,52.243],[21.0433,52.243],[21.0429,52.2424],[21.0423,52.2418],[21.0417,52.2413],[21.0408,52.2409],[21.0409,52.2406],[21.0405,52.2405],[21.0405,52.2405],[21.0369,52.2386]]]}},{"type":"Feature","properties":{"slug":"praga-polnoc","name":"Praga-Północ","bdlUnitId":"071412865088","lat":52.26459,"lon":21.02751},"geometry":{"type":"Polygon","coordinates":[[[20.9958,52.2878],[20.9965,52.2872],[20.9971,52.2868],[20.9976,52.2863],[20.9984,52.2856],[20.9991,52.285],[20.9996,52.2844],[21.0002,52.2839],[21.0006,52.2833],[21.001,52.2829],[21.0013,52.2824],[21.0016,52.282],[21.0019,52.2815],[21.0023,52.281],[21.0029,52.2798],[21.0032,52.2792],[21.0034,52.2786],[21.0037,52.278],[21.0038,52.2776],[21.0039,52.2773],[21.004,52.2769],[21.0041,52.2765],[21.0042,52.2759],[21.0043,52.2755],[21.0044,52.2745],[21.0044,52.2729],[21.0046,52.2717],[21.0047,52.2708],[21.0049,52.2699],[21.0051,52.2691],[21.0054,52.2683],[21.0057,52.2674],[21.0063,52.2662],[21.0069,52.2649],[21.007,52.2647],[21.0078,52.2634],[21.0086,52.2624],[21.0096,52.2613],[21.0099,52.261],[21.0108,52.26],[21.014,52.2561],[21.0157,52.2542],[21.0164,52.2535],[21.0175,52.2524],[21.0186,52.2512],[21.0197,52.2501],[21.02,52.2498],[21.021,52.2489],[21.0219,52.2482],[21.0231,52.2473],[21.0238,52.2469],[21.0252,52.2461],[21.0272,52.2451],[21.0293,52.2438],[21.0312,52.2426],[21.0329,52.2416],[21.0344,52.2405],[21.0356,52.2396],[21.0369,52.2386],[21.0405,52.2405],[21.0405,52.2405],[21.0409,52.2406],[21.0408,52.2409],[21.0417,52.2413],[21.0423,52.2418],[21.0429,52.2424],[21.0433,52.243],[21.0436,52.243],[21.0437,52.2432],[21.0434,52.2432],[21.0434,52.2445],[21.0434,52.2456],[21.0434,52.2456],[21.0435,52.2461],[21.0434,52.2462],[21.0435,52.2462],[21.0434,52.2464],[21.0435,52.247],[21.0436,52.2476],[21.0438,52.2476],[21.0438,52.2477],[21.0439,52.2479],[21.0437,52.248],[21.044,52.2483],[21.0442,52.2486],[21.0444,52.2486],[21.0445,52.2487],[21.0445,52.2487],[21.0447,52.2489],[21.0449,52.249],[21.0449,52.249],[21.0449,52.2491],[21.0451,52.2492],[21.0452,52.2493],[21.0454,52.2495],[21.0457,52.2497],[21.0465,52.25],[21.0477,52.2505],[21.048,52.2506],[21.0485,52.2508],[21.0485,52.2508],[21.0485,52.2508],[21.0486,52.2508],[21.0487,52.2509],[21.0507,52.2517],[21.0528,52.2523],[21.0528,52.2524],[21.0529,52.2524],[21.0529,52.2524],[21.0531,52.2525],[21.0549,52.2529],[21.055,52.2529],[21.055,52.2529],[21.0551,52.253],[21.0551,52.2529],[21.056,52.2532],[21.0572,52.2538],[21.0578,52.254],[21.0582,52.2542],[21.0588,52.2543],[21.0591,52.2544],[21.0603,52.2549],[21.0612,52.2552],[21.0617,52.2554],[21.0622,52.2556],[21.0626,52.2558],[21.0631,52.256],[21.0632,52.256],[21.0632,52.2561],[21.0635,52.2562],[21.0638,52.2565],[21.064,52.2566],[21.0642,52.2568],[21.0644,52.2569],[21.0645,52.257],[21.0648,52.2572],[21.0652,52.2575],[21.0656,52.2576],[21.066,52.2577],[21.0666,52.2579],[21.0668,52.2579],[21.0672,52.2579],[21.0678,52.258],[21.0681,52.258],[21.069,52.2581],[21.0695,52.2582],[21.0698,52.2583],[21.07,52.2583],[21.0702,52.2583],[21.0704,52.2583],[21.0712,52.2584],[21.0721,52.2585],[21.0725,52.2585],[21.0725,52.2585],[21.073,52.2585],[21.0733,52.2586],[21.074,52.2589],[21.0742,52.259],[21.074,52.259],[21.0734,52.2591],[21.073,52.2592],[21.0707,52.2597],[21.0675,52.2604],[21.0643,52.2613],[21.0602,52.2624],[21.0601,52.2624],[21.0567,52.2634],[21.0564,52.2634],[21.056,52.2635],[21.0556,52.2633],[21.0552,52.2634],[21.0547,52.2636],[21.0548,52.2636],[21.0535,52.264],[21.0495,52.265],[21.0456,52.2661],[21.0439,52.2667],[21.0425,52.267],[21.0412,52.2674],[21.0388,52.2679],[21.0387,52.268],[21.0386,52.268],[21.0385,52.268],[21.0385,52.2679],[21.0383,52.268],[21.0383,52.268],[21.0383,52.2681],[21.0382,52.2681],[21.038,52.2683],[21.0379,52.2682],[21.0369,52.2686],[21.0366,52.2686],[21.0356,52.2691],[21.0347,52.2695],[21.0327,52.2705],[21.0319,52.2708],[21.0314,52.2709],[21.0309,52.271],[21.0303,52.2711],[21.0285,52.2713],[21.0282,52.2714],[21.0275,52.2716],[21.0271,52.2718],[21.0266,52.2721],[21.0258,52.2726],[21.0247,52.2738],[21.0231,52.2766],[21.0211,52.2798],[21.0208,52.2806],[21.0205,52.2811],[21.02,52.2819],[21.0194,52.283],[21.0186,52.2844],[21.018,52.2855],[21.0171,52.2869],[21.017,52.2872],[21.0164,52.2881],[21.0159,52.2889],[21.0156,52.2895],[21.0153,52.2901],[21.0146,52.2917],[21.0138,52.2932],[21.014,52.2932],[21.0139,52.2935],[21.0138,52.2938],[21.0131,52.2949],[21.013,52.2947],[21.0129,52.2946],[21.0128,52.2944],[21.0126,52.2942],[21.0125,52.2941],[21.0124,52.294],[21.0123,52.294],[21.0122,52.2939],[21.0121,52.2938],[21.012,52.2937],[21.0119,52.2937],[21.0118,52.2936],[21.0116,52.2936],[21.0115,52.2936],[21.0107,52.2933],[21.0102,52.2931],[21.0097,52.293],[21.0097,52.293],[21.0062,52.2919],[21.006,52.2918],[21.0059,52.2918],[21.0057,52.2917],[21.0055,52.2917],[21.0054,52.2917],[21.0052,52.2917],[21.0051,52.2916],[21.0049,52.2916],[21.0047,52.2916],[21.0044,52.292],[21.003,52.2914],[21.0029,52.2914],[21.0028,52.2914],[21.0022,52.292],[21.0017,52.2922],[21.0016,52.2923],[21.0016,52.2924],[21.0015,52.2924],[21.0015,52.2925],[21.0014,52.2925],[21.0006,52.2933],[20.9992,52.2932],[20.9989,52.293],[20.9991,52.2928],[20.9989,52.2927],[20.9989,52.2926],[20.9987,52.2925],[20.9987,52.2924],[20.9985,52.2923],[20.9983,52.2921],[20.9988,52.2917],[20.9988,52.2903],[20.9971,52.2894],[20.9971,52.2893],[20.9971,52.2892],[20.9971,52.2891],[20.9971,52.2891],[20.9971,52.289],[20.9971,52.2889],[20.997,52.2888],[20.997,52.2887],[20.9973,52.2885],[20.9958,52.2878]]]}},{"type":"Feature","properties":{"slug":"rembertow","name":"Rembertów","bdlUnitId":"071412865098","lat":52.26199,"lon":21.15016},"geometry":{"type":"Polygon","coordinates":[[[21.1078,52.2683],[21.108,52.2678],[21.1081,52.2678],[21.1096,52.2633],[21.1108,52.2596],[21.1124,52.2596],[21.1136,52.2595],[21.1146,52.2595],[21.1146,52.2595],[21.1152,52.2594],[21.1151,52.2573],[21.1149,52.2568],[21.1148,52.2568],[21.1148,52.2568],[21.1147,52.2568],[21.1148,52.2568],[21.1148,52.2567],[21.1185,52.2541],[21.1185,52.2541],[21.1204,52.2526],[21.1205,52.2526],[21.121,52.2521],[21.1213,52.252],[21.1217,52.2517],[21.1218,52.2516],[21.1243,52.2496],[21.1247,52.2493],[21.1272,52.2473],[21.1323,52.2433],[21.1323,52.2432],[21.1323,52.2431],[21.1321,52.2426],[21.132,52.2424],[21.1317,52.2417],[21.1303,52.2407],[21.1311,52.2403],[21.131,52.2402],[21.1309,52.2399],[21.1324,52.2392],[21.1326,52.2391],[21.1331,52.2395],[21.1335,52.2396],[21.1341,52.2402],[21.1357,52.2415],[21.1374,52.2428],[21.1382,52.2432],[21.1389,52.2432],[21.1394,52.2432],[21.1418,52.2391],[21.1476,52.2402],[21.1527,52.2412],[21.1533,52.2414],[21.1556,52.242],[21.1564,52.242],[21.1617,52.243],[21.1622,52.2422],[21.1632,52.2424],[21.1636,52.2416],[21.1734,52.2435],[21.1764,52.2451],[21.1766,52.2451],[21.1767,52.245],[21.1768,52.2452],[21.177,52.2452],[21.1811,52.2457],[21.1841,52.2463],[21.1842,52.2464],[21.1844,52.2466],[21.1842,52.2468],[21.1844,52.2469],[21.1843,52.2472],[21.1841,52.2476],[21.1829,52.2495],[21.187,52.2504],[21.187,52.2518],[21.1889,52.2523],[21.1904,52.2497],[21.1913,52.2499],[21.191,52.2528],[21.1908,52.2542],[21.1907,52.2553],[21.1906,52.2557],[21.1905,52.2562],[21.1793,52.2567],[21.1805,52.257],[21.1812,52.2572],[21.1817,52.2575],[21.1823,52.2578],[21.1828,52.2581],[21.1832,52.2584],[21.1834,52.2587],[21.1836,52.2588],[21.1839,52.2592],[21.1841,52.2595],[21.1843,52.2599],[21.1844,52.2604],[21.1846,52.2612],[21.1851,52.2652],[21.1851,52.2654],[21.1851,52.2658],[21.185,52.2663],[21.1848,52.2667],[21.1847,52.2668],[21.1846,52.2671],[21.1844,52.2673],[21.1842,52.2676],[21.184,52.2678],[21.1835,52.2681],[21.183,52.2685],[21.1817,52.2692],[21.1804,52.2699],[21.1789,52.2706],[21.1778,52.2713],[21.1775,52.2715],[21.1769,52.2718],[21.176,52.2725],[21.1753,52.2729],[21.173,52.275],[21.1723,52.2756],[21.1717,52.2761],[21.1712,52.2764],[21.1712,52.2765],[21.1707,52.277],[21.171,52.2772],[21.1712,52.2773],[21.1712,52.2775],[21.1717,52.2815],[21.1724,52.2868],[21.1722,52.2868],[21.1715,52.2893],[21.1692,52.2911],[21.1686,52.291],[21.1676,52.2908],[21.1665,52.2906],[21.1661,52.2905],[21.1655,52.2904],[21.1652,52.2902],[21.1645,52.2898],[21.1643,52.2897],[21.164,52.2894],[21.1638,52.2891],[21.1632,52.2884],[21.1631,52.2882],[21.1628,52.2876],[21.1622,52.2866],[21.162,52.2864],[21.1614,52.2857],[21.1615,52.2857],[21.1612,52.2855],[21.1609,52.2853],[21.1606,52.2851],[21.1597,52.2848],[21.1591,52.2846],[21.1582,52.2844],[21.1571,52.2841],[21.1561,52.2838],[21.1556,52.2837],[21.1543,52.2828],[21.1529,52.2821],[21.1516,52.2815],[21.1507,52.2806],[21.1491,52.2794],[21.1419,52.2785],[21.1415,52.2785],[21.1404,52.2783],[21.1371,52.2779],[21.1278,52.2768],[21.1239,52.2763],[21.123,52.2762],[21.122,52.276],[21.1216,52.276],[21.1205,52.2759],[21.1198,52.2758],[21.1167,52.2754],[21.1128,52.2749],[21.1079,52.2743],[21.1097,52.2707],[21.1094,52.2706],[21.1094,52.2706],[21.109,52.2705],[21.1087,52.2704],[21.109,52.2684],[21.1078,52.2683]]]}},{"type":"Feature","properties":{"slug":"srodmiescie","name":"Śródmieście","bdlUnitId":"071412865108","lat":52.23284,"lon":21.01904},"geometry":{"type":"Polygon","coordinates":[[[20.981,52.2594],[20.9814,52.2579],[20.9817,52.257],[20.9825,52.2548],[20.9826,52.2546],[20.9837,52.2534],[20.9843,52.2527],[20.9857,52.251],[20.9893,52.2469],[20.9911,52.2448],[20.9925,52.2432],[20.9936,52.2419],[20.9952,52.24],[20.9954,52.2397],[20.9956,52.2394],[20.997,52.2361],[20.997,52.236],[20.9971,52.2357],[20.9982,52.2332],[21,52.2305],[21.0005,52.2297],[21.0006,52.2296],[21.0016,52.228],[21.0018,52.2277],[21.0047,52.2231],[21.0047,52.2231],[21.0047,52.2228],[21.005,52.2172],[21.0051,52.2168],[21.007,52.2107],[21.0078,52.2108],[21.0096,52.2111],[21.0159,52.2122],[21.0166,52.2123],[21.0173,52.2125],[21.0182,52.2128],[21.0207,52.2133],[21.0214,52.2129],[21.022,52.2131],[21.0245,52.2114],[21.0247,52.2112],[21.0249,52.211],[21.025,52.2107],[21.0253,52.2101],[21.0255,52.2098],[21.0257,52.2095],[21.0259,52.2093],[21.0272,52.2083],[21.0286,52.2072],[21.0289,52.2071],[21.0294,52.2069],[21.0298,52.2068],[21.0302,52.2068],[21.0306,52.2068],[21.0309,52.2069],[21.0315,52.2069],[21.0319,52.207],[21.0324,52.207],[21.0326,52.207],[21.0328,52.207],[21.0349,52.2069],[21.035,52.207],[21.0362,52.2095],[21.0363,52.2096],[21.0384,52.2096],[21.0387,52.2096],[21.0397,52.2096],[21.0447,52.2097],[21.0448,52.2097],[21.0449,52.2099],[21.0451,52.2102],[21.0474,52.2114],[21.0464,52.2144],[21.0491,52.2148],[21.0494,52.2141],[21.0543,52.2148],[21.054,52.2155],[21.0612,52.2166],[21.0613,52.2167],[21.0614,52.2167],[21.0615,52.2168],[21.0636,52.2189],[21.0631,52.219],[21.0628,52.2191],[21.0623,52.2192],[21.0616,52.2193],[21.0611,52.2194],[21.0607,52.2195],[21.0602,52.2197],[21.0597,52.2198],[21.0593,52.2199],[21.0589,52.2201],[21.0585,52.2202],[21.0579,52.2204],[21.0575,52.2205],[21.0571,52.2207],[21.0567,52.2208],[21.0563,52.221],[21.0559,52.2212],[21.0555,52.2214],[21.055,52.2215],[21.0546,52.2217],[21.0542,52.2219],[21.0539,52.2222],[21.0535,52.2223],[21.0531,52.2226],[21.0528,52.2228],[21.0525,52.223],[21.0521,52.2232],[21.0518,52.2234],[21.0514,52.2237],[21.0511,52.2239],[21.0509,52.2241],[21.0506,52.2244],[21.0502,52.2246],[21.05,52.2249],[21.0494,52.2254],[21.0489,52.2258],[21.0477,52.2272],[21.0465,52.2285],[21.0462,52.2289],[21.0444,52.2311],[21.0436,52.232],[21.0423,52.2335],[21.0401,52.2357],[21.0385,52.2372],[21.0369,52.2386],[21.0356,52.2396],[21.0344,52.2405],[21.0329,52.2416],[21.0312,52.2426],[21.0293,52.2438],[21.0272,52.2451],[21.0252,52.2461],[21.0238,52.2469],[21.0231,52.2473],[21.0219,52.2482],[21.021,52.2489],[21.02,52.2498],[21.0197,52.2501],[21.0186,52.2512],[21.0175,52.2524],[21.0164,52.2535],[21.0157,52.2542],[21.014,52.2561],[21.0108,52.26],[21.0099,52.261],[21.0096,52.2613],[21.0066,52.2603],[21.0065,52.2604],[21.0059,52.2602],[21.0058,52.2603],[21.0057,52.2603],[21.0056,52.2602],[21.0054,52.2599],[21.0054,52.2599],[21.0047,52.2597],[21.0047,52.2597],[21.004,52.2595],[21.0039,52.2594],[21.0035,52.2594],[21.0034,52.2594],[21.0026,52.2592],[21.0005,52.2591],[21.0001,52.2591],[21.0001,52.2591],[20.9996,52.2591],[20.9996,52.2591],[20.9992,52.2594],[20.9975,52.2594],[20.9975,52.2593],[20.9958,52.2594],[20.995,52.2594],[20.9948,52.2594],[20.9946,52.2594],[20.9942,52.2594],[20.9902,52.2595],[20.9902,52.2595],[20.9898,52.2596],[20.9893,52.2595],[20.9891,52.2596],[20.989,52.2596],[20.9888,52.2595],[20.9888,52.2596],[20.9876,52.2596],[20.9872,52.2596],[20.9866,52.2596],[20.9866,52.2598],[20.9855,52.2598],[20.9849,52.2597],[20.9843,52.2597],[20.9835,52.2597],[20.9828,52.2596],[20.9816,52.2596],[20.981,52.2594]]]}},{"type":"Feature","properties":{"slug":"targowek","name":"Targówek","bdlUnitId":"071412865118","lat":52.28268,"lon":21.06325},"geometry":{"type":"Polygon","coordinates":[[[21.0126,52.2957],[21.0131,52.2949],[21.0138,52.2938],[21.0139,52.2935],[21.014,52.2932],[21.0138,52.2932],[21.0146,52.2917],[21.0153,52.2901],[21.0156,52.2895],[21.0159,52.2889],[21.0164,52.2881],[21.017,52.2872],[21.0171,52.2869],[21.018,52.2855],[21.0186,52.2844],[21.0194,52.283],[21.02,52.2819],[21.0205,52.2811],[21.0208,52.2806],[21.0211,52.2798],[21.0231,52.2766],[21.0247,52.2738],[21.0258,52.2726],[21.0266,52.2721],[21.0271,52.2718],[21.0275,52.2716],[21.0282,52.2714],[21.0285,52.2713],[21.0303,52.2711],[21.0309,52.271],[21.0314,52.2709],[21.0319,52.2708],[21.0327,52.2705],[21.0347,52.2695],[21.0356,52.2691],[21.0366,52.2686],[21.0369,52.2686],[21.0379,52.2682],[21.038,52.2683],[21.0382,52.2681],[21.0383,52.2681],[21.0383,52.268],[21.0383,52.268],[21.0385,52.2679],[21.0385,52.268],[21.0386,52.268],[21.0387,52.268],[21.0388,52.2679],[21.0412,52.2674],[21.0425,52.267],[21.0439,52.2667],[21.0456,52.2661],[21.0495,52.265],[21.0535,52.264],[21.0548,52.2636],[21.0547,52.2636],[21.0552,52.2634],[21.0556,52.2633],[21.056,52.2635],[21.0564,52.2634],[21.0567,52.2634],[21.0601,52.2624],[21.0602,52.2624],[21.0643,52.2613],[21.0675,52.2604],[21.0707,52.2597],[21.073,52.2592],[21.0734,52.2591],[21.074,52.259],[21.0742,52.259],[21.0752,52.2591],[21.0756,52.2591],[21.0759,52.2591],[21.0758,52.2593],[21.0766,52.2594],[21.0784,52.2596],[21.0794,52.2598],[21.0823,52.2601],[21.0824,52.2601],[21.0824,52.2602],[21.0826,52.2602],[21.0826,52.2601],[21.083,52.2602],[21.083,52.2601],[21.0872,52.2605],[21.0885,52.2605],[21.0887,52.2606],[21.0888,52.2606],[21.0889,52.2605],[21.0896,52.2605],[21.0898,52.2605],[21.0901,52.2605],[21.0902,52.2605],[21.0911,52.2605],[21.0932,52.2604],[21.0953,52.2603],[21.0975,52.2602],[21.0991,52.2601],[21.0997,52.2601],[21.1013,52.26],[21.1015,52.26],[21.1037,52.2599],[21.1061,52.2599],[21.1066,52.2598],[21.1108,52.2596],[21.1096,52.2633],[21.1081,52.2678],[21.108,52.2678],[21.1078,52.2683],[21.109,52.2684],[21.1087,52.2704],[21.109,52.2705],[21.1094,52.2706],[21.1094,52.2706],[21.1097,52.2707],[21.1079,52.2743],[21.105,52.274],[21.1042,52.2759],[21.1041,52.2759],[21.1038,52.2768],[21.1028,52.2789],[21.1026,52.2795],[21.1017,52.2814],[21.1008,52.2836],[21.1005,52.2841],[21.1003,52.2848],[21.0991,52.2862],[21.0989,52.2865],[21.0983,52.2862],[21.0981,52.2861],[21.0981,52.2862],[21.0958,52.2863],[21.0957,52.2865],[21.095,52.2878],[21.0949,52.2881],[21.0949,52.2881],[21.0952,52.2882],[21.0935,52.2899],[21.0913,52.292],[21.0896,52.2938],[21.0883,52.2951],[21.0878,52.2956],[21.0876,52.2955],[21.0857,52.299],[21.0856,52.2992],[21.0855,52.2993],[21.0854,52.2995],[21.0843,52.3016],[21.0836,52.3029],[21.0855,52.3032],[21.0855,52.3033],[21.0849,52.3046],[21.0846,52.3052],[21.0842,52.306],[21.0836,52.3074],[21.0834,52.3078],[21.0705,52.3078],[21.0685,52.3078],[21.067,52.3077],[21.0658,52.3077],[21.0643,52.3076],[21.0636,52.3075],[21.0624,52.3073],[21.0623,52.3073],[21.062,52.3082],[21.0621,52.3082],[21.062,52.3084],[21.0616,52.3083],[21.0616,52.3083],[21.0615,52.3083],[21.0613,52.3082],[21.0608,52.3081],[21.0609,52.308],[21.0612,52.3081],[21.0606,52.3071],[21.0604,52.3069],[21.0596,52.3068],[21.0588,52.3066],[21.058,52.3065],[21.0573,52.3063],[21.0546,52.3056],[21.0517,52.3049],[21.0518,52.3051],[21.0516,52.305],[21.0412,52.3024],[21.0412,52.3024],[21.0395,52.302],[21.0356,52.3011],[21.0356,52.3011],[21.0341,52.3007],[21.0333,52.3004],[21.0329,52.3003],[21.0327,52.3004],[21.0323,52.301],[21.0309,52.3006],[21.0311,52.3003],[21.0311,52.2999],[21.0301,52.2996],[21.0282,52.2991],[21.0281,52.2991],[21.0274,52.2989],[21.027,52.2988],[21.0243,52.2982],[21.0241,52.2982],[21.0237,52.2987],[21.0236,52.2988],[21.0234,52.2988],[21.0227,52.2986],[21.0232,52.2978],[21.0231,52.2977],[21.0197,52.2964],[21.018,52.2959],[21.0171,52.2969],[21.016,52.2966],[21.015,52.2974],[21.0146,52.2979],[21.013,52.2975],[21.0133,52.2966],[21.0131,52.2959],[21.0126,52.2957]]]}},{"type":"Feature","properties":{"slug":"ursus","name":"Ursus","bdlUnitId":"071412865128","lat":52.19501,"lon":20.88209},"geometry":{"type":"Polygon","coordinates":[[[20.8517,52.201],[20.8517,52.2008],[20.8517,52.2007],[20.8517,52.2007],[20.8518,52.2003],[20.8519,52.1998],[20.8522,52.1998],[20.8522,52.1997],[20.8519,52.1997],[20.852,52.1994],[20.8521,52.1993],[20.8527,52.1979],[20.853,52.1973],[20.8533,52.1973],[20.8533,52.1972],[20.8531,52.1972],[20.8535,52.1961],[20.854,52.1952],[20.8541,52.1949],[20.8543,52.1946],[20.8548,52.194],[20.8562,52.1921],[20.8565,52.1921],[20.8568,52.1918],[20.8565,52.1917],[20.8567,52.1912],[20.8568,52.1909],[20.857,52.1904],[20.857,52.19],[20.8569,52.1895],[20.8568,52.1891],[20.8566,52.1887],[20.8563,52.1882],[20.8562,52.188],[20.856,52.1878],[20.8561,52.1876],[20.8568,52.1878],[20.8595,52.1886],[20.8616,52.1893],[20.8617,52.1892],[20.8627,52.1894],[20.8641,52.1898],[20.8647,52.19],[20.8647,52.1902],[20.8654,52.1904],[20.8653,52.1902],[20.8666,52.1906],[20.8671,52.1908],[20.8671,52.1906],[20.8671,52.1887],[20.8671,52.1887],[20.8671,52.1866],[20.8671,52.1847],[20.8672,52.1825],[20.8676,52.1825],[20.868,52.1825],[20.8686,52.1826],[20.8691,52.1826],[20.8693,52.1826],[20.87,52.1825],[20.87,52.1825],[20.8707,52.1825],[20.8707,52.1825],[20.8712,52.1825],[20.8717,52.1825],[20.8717,52.1825],[20.8719,52.1825],[20.8723,52.1824],[20.8723,52.1824],[20.8726,52.1824],[20.8727,52.1824],[20.8728,52.1824],[20.873,52.1824],[20.8737,52.1824],[20.8742,52.1823],[20.8745,52.1823],[20.8748,52.1823],[20.8748,52.1823],[20.8751,52.1823],[20.8752,52.1824],[20.8753,52.1824],[20.8756,52.1824],[20.8757,52.1824],[20.876,52.1824],[20.8762,52.1824],[20.8764,52.1824],[20.8764,52.1824],[20.877,52.1824],[20.8771,52.1825],[20.8776,52.1825],[20.8776,52.1825],[20.8781,52.1825],[20.8782,52.1825],[20.8783,52.1825],[20.8788,52.1825],[20.8788,52.1825],[20.8792,52.1825],[20.8794,52.1826],[20.8798,52.1825],[20.8798,52.1825],[20.8802,52.1825],[20.8803,52.1825],[20.8806,52.1825],[20.8811,52.1825],[20.8813,52.1825],[20.8817,52.1825],[20.882,52.1825],[20.8823,52.1825],[20.8825,52.1825],[20.8826,52.1825],[20.8829,52.1825],[20.8832,52.1825],[20.8834,52.1825],[20.8835,52.1825],[20.8838,52.1825],[20.8842,52.1825],[20.8847,52.1825],[20.8852,52.1826],[20.8856,52.1826],[20.8858,52.1826],[20.886,52.1826],[20.8864,52.1826],[20.8874,52.1826],[20.888,52.1826],[20.8882,52.1826],[20.8888,52.1826],[20.8905,52.1825],[20.8916,52.1825],[20.892,52.1825],[20.8923,52.1825],[20.893,52.1825],[20.8932,52.1825],[20.8933,52.1825],[20.8934,52.1825],[20.8936,52.1825],[20.8936,52.1825],[20.8937,52.1825],[20.8944,52.1826],[20.8945,52.1826],[20.8946,52.1826],[20.8947,52.1826],[20.8951,52.1826],[20.8957,52.1826],[20.8956,52.1826],[20.8956,52.1826],[20.8956,52.1825],[20.8959,52.1825],[20.8973,52.1825],[20.8977,52.1825],[20.8979,52.1827],[20.8979,52.1827],[20.8982,52.183],[20.8987,52.1835],[20.8988,52.1836],[20.8991,52.1839],[20.8993,52.1841],[20.8995,52.1842],[20.8998,52.1842],[20.8998,52.1842],[20.9,52.1842],[20.9,52.1842],[20.9005,52.1843],[20.9015,52.1844],[20.9016,52.1844],[20.9017,52.1844],[20.9019,52.1843],[20.9021,52.1843],[20.9022,52.1842],[20.9022,52.1842],[20.9022,52.1842],[20.9024,52.1841],[20.9024,52.1841],[20.9024,52.1841],[20.9027,52.184],[20.9027,52.1841],[20.9033,52.184],[20.9039,52.184],[20.904,52.1841],[20.9041,52.1841],[20.9041,52.1841],[20.9046,52.1842],[20.9048,52.1842],[20.9051,52.1842],[20.9062,52.1843],[20.9065,52.1843],[20.9068,52.1844],[20.9072,52.1844],[20.9077,52.1844],[20.9078,52.1844],[20.9079,52.1844],[20.908,52.1845],[20.9081,52.1845],[20.9084,52.1845],[20.9086,52.1845],[20.909,52.1845],[20.9091,52.1847],[20.9091,52.1849],[20.9091,52.1851],[20.9092,52.1853],[20.9092,52.1856],[20.9092,52.1858],[20.9092,52.1859],[20.9095,52.1858],[20.91,52.1858],[20.9105,52.1858],[20.9106,52.1858],[20.9106,52.1858],[20.9109,52.1858],[20.9112,52.1858],[20.9113,52.1858],[20.9117,52.1858],[20.912,52.1858],[20.9123,52.1858],[20.9132,52.1858],[20.9139,52.1858],[20.9148,52.1858],[20.915,52.1862],[20.9154,52.1868],[20.9156,52.1871],[20.9161,52.1879],[20.9166,52.1888],[20.9167,52.1891],[20.9168,52.1895],[20.9175,52.1906],[20.9192,52.1938],[20.9158,52.1928],[20.9154,52.1927],[20.9132,52.1937],[20.9121,52.1943],[20.9105,52.1957],[20.9105,52.196],[20.9093,52.1964],[20.9082,52.1968],[20.9063,52.1976],[20.9048,52.198],[20.9045,52.198],[20.9032,52.1983],[20.9023,52.1987],[20.9016,52.199],[20.9007,52.1995],[20.9,52.2],[20.9001,52.2017],[20.8989,52.202],[20.8979,52.2023],[20.8967,52.2027],[20.8935,52.2041],[20.8881,52.2062],[20.8881,52.2062],[20.888,52.2063],[20.8811,52.209],[20.8803,52.2091],[20.8783,52.2092],[20.8782,52.2093],[20.8786,52.2096],[20.8768,52.2096],[20.8745,52.2093],[20.8728,52.2091],[20.8728,52.209],[20.8716,52.209],[20.871,52.2089],[20.871,52.2089],[20.8709,52.2089],[20.8706,52.2088],[20.8706,52.2088],[20.8699,52.2088],[20.8686,52.2086],[20.8683,52.2086],[20.8658,52.2083],[20.8646,52.2082],[20.8647,52.2081],[20.8627,52.2078],[20.8627,52.2079],[20.8627,52.2079],[20.8611,52.2077],[20.8596,52.2075],[20.8587,52.2073],[20.8586,52.2072],[20.8581,52.2071],[20.8574,52.2069],[20.8568,52.2067],[20.8562,52.2064],[20.8556,52.2061],[20.8551,52.2059],[20.8546,52.2055],[20.8541,52.2052],[20.8536,52.2048],[20.8532,52.2045],[20.8529,52.2041],[20.8529,52.2041],[20.8533,52.2041],[20.8533,52.204],[20.8528,52.2039],[20.8526,52.2037],[20.8523,52.2033],[20.8521,52.2029],[20.852,52.2024],[20.8519,52.202],[20.8519,52.2018],[20.8519,52.2018],[20.8517,52.201]]]}},{"type":"Feature","properties":{"slug":"ursynow","name":"Ursynów","bdlUnitId":"071412865138","lat":52.13332,"lon":21.03231},"geometry":{"type":"Polygon","coordinates":[[[20.9799,52.1281],[20.9799,52.128],[20.9802,52.1276],[20.9802,52.1273],[20.9803,52.1272],[20.9813,52.1261],[20.9817,52.1255],[20.9823,52.1246],[20.983,52.1238],[20.989,52.1236],[20.9871,52.1221],[20.9852,52.1206],[20.9851,52.1204],[20.9851,52.1202],[20.9853,52.12],[20.9854,52.1198],[20.9864,52.1176],[20.9872,52.1158],[20.9873,52.1157],[20.9871,52.1156],[20.9845,52.1127],[20.9838,52.1119],[20.9837,52.1118],[20.9837,52.1117],[20.9844,52.1111],[20.9846,52.111],[20.9849,52.1109],[20.9867,52.1106],[20.9865,52.1101],[20.9865,52.1099],[20.9845,52.1056],[20.9874,52.1051],[20.9869,52.1039],[20.9916,52.1031],[20.9919,52.1032],[20.9919,52.1034],[20.9919,52.1035],[20.992,52.1035],[20.992,52.1035],[20.9934,52.1035],[20.9978,52.1035],[20.9994,52.1036],[21.0015,52.1036],[21.005,52.1036],[21.0077,52.1036],[21.0088,52.1036],[21.0099,52.1036],[21.0117,52.1037],[21.0133,52.1037],[21.0152,52.1037],[21.0187,52.1037],[21.0186,52.106],[21.0217,52.1061],[21.0229,52.1061],[21.0242,52.1061],[21.0263,52.1062],[21.0285,52.1062],[21.0294,52.1062],[21.0301,52.1062],[21.0306,52.1062],[21.0314,52.1062],[21.0328,52.1062],[21.034,52.1062],[21.034,52.1062],[21.0355,52.1062],[21.0358,52.1064],[21.0352,52.1068],[21.0371,52.1081],[21.0371,52.1081],[21.0374,52.1081],[21.0375,52.1082],[21.0379,52.1083],[21.038,52.1084],[21.0381,52.1084],[21.0381,52.1084],[21.0381,52.1084],[21.038,52.1085],[21.0381,52.1086],[21.0382,52.1088],[21.0384,52.109],[21.042,52.1113],[21.0418,52.1114],[21.0419,52.1117],[21.042,52.1118],[21.042,52.1119],[21.0422,52.112],[21.0423,52.1121],[21.0436,52.1129],[21.0437,52.113],[21.0446,52.1127],[21.0461,52.112],[21.0467,52.1116],[21.0474,52.1112],[21.048,52.1109],[21.0483,52.1107],[21.0487,52.1103],[21.049,52.1101],[21.0505,52.1092],[21.0508,52.109],[21.0516,52.1087],[21.052,52.1086],[21.0525,52.1084],[21.0543,52.108],[21.055,52.1079],[21.0562,52.1076],[21.0565,52.1077],[21.058,52.1072],[21.0584,52.1071],[21.0603,52.1063],[21.0623,52.1054],[21.063,52.105],[21.064,52.1045],[21.0645,52.1043],[21.0657,52.1039],[21.0671,52.1033],[21.0683,52.1027],[21.0692,52.1023],[21.0695,52.1022],[21.07,52.102],[21.071,52.1016],[21.0722,52.1011],[21.0725,52.101],[21.0742,52.1004],[21.0759,52.0995],[21.0768,52.0992],[21.0776,52.0986],[21.0783,52.0983],[21.0788,52.0981],[21.0796,52.0979],[21.0797,52.0979],[21.0799,52.0979],[21.08,52.0979],[21.08,52.0979],[21.08,52.0978],[21.0824,52.0985],[21.0826,52.0987],[21.083,52.0989],[21.0833,52.0992],[21.0836,52.0996],[21.085,52.1015],[21.0854,52.1019],[21.0856,52.102],[21.0866,52.1028],[21.087,52.1031],[21.0875,52.1033],[21.0893,52.1039],[21.0913,52.1045],[21.0918,52.1046],[21.0919,52.1046],[21.0924,52.1046],[21.0942,52.1045],[21.0948,52.1045],[21.0954,52.1045],[21.096,52.1045],[21.0967,52.1047],[21.0978,52.1048],[21.0999,52.1052],[21.1001,52.1052],[21.1007,52.1054],[21.1013,52.1056],[21.1016,52.1057],[21.1018,52.1057],[21.1024,52.1057],[21.1035,52.1058],[21.1035,52.1059],[21.1032,52.1062],[21.1029,52.1064],[21.1025,52.1069],[21.1022,52.1073],[21.102,52.1074],[21.1019,52.1075],[21.1016,52.1077],[21.1018,52.1078],[21.1016,52.1079],[21.1014,52.108],[21.1012,52.1081],[21.1009,52.1081],[21.1004,52.1081],[21.1003,52.1081],[21.0998,52.1082],[21.0994,52.1084],[21.0992,52.1085],[21.099,52.1087],[21.0989,52.1088],[21.0989,52.1088],[21.0989,52.1088],[21.0983,52.1087],[21.0982,52.1089],[21.0985,52.1091],[21.0981,52.1093],[21.098,52.1095],[21.0979,52.1096],[21.0977,52.1099],[21.0975,52.1102],[21.0975,52.1102],[21.0972,52.1106],[21.0966,52.1106],[21.0965,52.1107],[21.0969,52.111],[21.0967,52.1112],[21.0965,52.1114],[21.0961,52.1114],[21.096,52.1118],[21.0963,52.1119],[21.0962,52.1122],[21.0957,52.1131],[21.0954,52.1135],[21.0951,52.1138],[21.0947,52.1139],[21.0942,52.114],[21.0936,52.114],[21.0931,52.1141],[21.0925,52.1141],[21.092,52.1142],[21.0914,52.1142],[21.0908,52.1142],[21.0901,52.1142],[21.0896,52.1143],[21.0891,52.1144],[21.0884,52.1145],[21.0875,52.1145],[21.0865,52.1145],[21.0866,52.1148],[21.0872,52.1149],[21.0881,52.1149],[21.0888,52.1149],[21.0891,52.1149],[21.09,52.1148],[21.0907,52.1148],[21.0916,52.1147],[21.0922,52.1149],[21.0931,52.1146],[21.0934,52.1146],[21.0935,52.1145],[21.0936,52.1145],[21.0936,52.1145],[21.0937,52.1146],[21.0942,52.1146],[21.0942,52.1147],[21.094,52.115],[21.0935,52.1156],[21.0935,52.1157],[21.0933,52.1159],[21.0929,52.1163],[21.0928,52.1164],[21.0926,52.1165],[21.0925,52.1166],[21.0925,52.1167],[21.0925,52.1167],[21.0923,52.1167],[21.0921,52.1167],[21.0919,52.1167],[21.0921,52.1169],[21.0921,52.1171],[21.0919,52.1171],[21.0918,52.1176],[21.0917,52.1177],[21.0908,52.1176],[21.0908,52.1174],[21.0908,52.1174],[21.0899,52.1175],[21.0896,52.1175],[21.0893,52.1178],[21.089,52.1179],[21.0888,52.1178],[21.0877,52.1177],[21.0876,52.1177],[21.087,52.1175],[21.087,52.1176],[21.087,52.1177],[21.0877,52.1179],[21.0882,52.118],[21.0887,52.1181],[21.0884,52.1183],[21.0882,52.1184],[21.0881,52.1185],[21.088,52.1186],[21.088,52.1188],[21.0876,52.1189],[21.0872,52.119],[21.0869,52.1194],[21.0866,52.1195],[21.0864,52.1197],[21.0866,52.1198],[21.087,52.1196],[21.0874,52.1194],[21.0877,52.1193],[21.0879,52.119],[21.0883,52.1189],[21.0884,52.1187],[21.0886,52.1185],[21.0889,52.1184],[21.0891,52.1182],[21.0897,52.1182],[21.0901,52.1182],[21.0898,52.1184],[21.0897,52.1186],[21.0897,52.1189],[21.0896,52.1192],[21.0892,52.1196],[21.0894,52.1198],[21.0901,52.1192],[21.0902,52.1188],[21.0904,52.1186],[21.0908,52.1184],[21.0912,52.1184],[21.0917,52.1184],[21.0916,52.1188],[21.0913,52.1194],[21.091,52.1197],[21.0909,52.1199],[21.0902,52.12],[21.0896,52.1201],[21.0894,52.1201],[21.0891,52.1202],[21.0888,52.1202],[21.0887,52.1204],[21.0887,52.1206],[21.0902,52.1204],[21.0904,52.1205],[21.0902,52.1211],[21.0897,52.1217],[21.0893,52.122],[21.0888,52.1226],[21.0886,52.1227],[21.0886,52.1229],[21.0884,52.1231],[21.0878,52.1231],[21.0874,52.1231],[21.0872,52.1231],[21.0872,52.1233],[21.0874,52.1236],[21.0877,52.1236],[21.0874,52.1241],[21.087,52.1241],[21.0867,52.1244],[21.0864,52.1245],[21.086,52.1245],[21.0856,52.1245],[21.0853,52.1246],[21.0852,52.1246],[21.0851,52.1247],[21.085,52.1247],[21.0849,52.1247],[21.0848,52.1247],[21.0847,52.1248],[21.0847,52.1248],[21.0846,52.1248],[21.0846,52.1248],[21.0846,52.1248],[21.0846,52.1248],[21.0845,52.1248],[21.0842,52.1249],[21.0843,52.1249],[21.0845,52.1249],[21.0846,52.1249],[21.0847,52.1249],[21.0848,52.1249],[21.085,52.1249],[21.0852,52.1248],[21.0853,52.1248],[21.0856,52.1247],[21.0857,52.1247],[21.086,52.1248],[21.0862,52.1248],[21.0864,52.1249],[21.0866,52.1249],[21.0867,52.125],[21.0867,52.125],[21.0867,52.125],[21.0866,52.1251],[21.0864,52.1251],[21.0864,52.1252],[21.0866,52.1253],[21.0866,52.1253],[21.0862,52.1259],[21.0861,52.126],[21.086,52.1261],[21.0859,52.1261],[21.0858,52.1261],[21.0858,52.1261],[21.0858,52.1261],[21.0857,52.1261],[21.0857,52.1261],[21.0856,52.1261],[21.0855,52.1261],[21.0854,52.126],[21.0854,52.1259],[21.0855,52.1259],[21.0855,52.1258],[21.0855,52.1257],[21.0855,52.1256],[21.0855,52.1256],[21.0855,52.1256],[21.0854,52.1256],[21.0854,52.1255],[21.0854,52.1255],[21.0853,52.1254],[21.0853,52.1254],[21.0853,52.1254],[21.0853,52.1254],[21.0852,52.1254],[21.0851,52.1253],[21.0851,52.1253],[21.0849,52.1253],[21.0848,52.1252],[21.0847,52.1252],[21.0846,52.1252],[21.0845,52.1252],[21.0842,52.1251],[21.0838,52.1251],[21.0835,52.125],[21.0833,52.125],[21.0832,52.125],[21.0832,52.125],[21.0832,52.1251],[21.0832,52.1251],[21.0833,52.1251],[21.0835,52.1251],[21.0842,52.1252],[21.0843,52.1253],[21.0843,52.1253],[21.0847,52.1254],[21.0848,52.1255],[21.0848,52.1256],[21.0847,52.1256],[21.0848,52.1257],[21.0848,52.1257],[21.0846,52.1257],[21.0846,52.1257],[21.0845,52.1258],[21.0844,52.1258],[21.0843,52.1258],[21.0843,52.1259],[21.0841,52.1258],[21.0839,52.1259],[21.0837,52.1259],[21.0837,52.1259],[21.0834,52.1258],[21.0833,52.1258],[21.0832,52.1258],[21.0832,52.1258],[21.0831,52.1258],[21.083,52.1258],[21.0826,52.1257],[21.0825,52.1258],[21.0826,52.1259],[21.0827,52.1259],[21.0828,52.1259],[21.083,52.1259],[21.0835,52.126],[21.0838,52.126],[21.084,52.126],[21.0842,52.1261],[21.0843,52.126],[21.0845,52.1261],[21.0847,52.1261],[21.0846,52.1262],[21.0846,52.1263],[21.0846,52.1263],[21.0847,52.1263],[21.0847,52.1263],[21.0846,52.1264],[21.0847,52.1265],[21.0855,52.1267],[21.0856,52.1267],[21.0853,52.1269],[21.0851,52.1271],[21.0847,52.1275],[21.0846,52.1274],[21.0846,52.1275],[21.0846,52.1275],[21.0845,52.1275],[21.0844,52.1275],[21.0844,52.1275],[21.0841,52.1277],[21.084,52.1278],[21.084,52.1278],[21.0839,52.1279],[21.0838,52.128],[21.0836,52.1282],[21.0836,52.1282],[21.0835,52.1283],[21.0834,52.1284],[21.0834,52.1284],[21.0831,52.1284],[21.0832,52.1285],[21.0831,52.1286],[21.0831,52.1286],[21.083,52.1286],[21.0827,52.1286],[21.0826,52.1285],[21.0824,52.1284],[21.0823,52.1282],[21.0824,52.128],[21.0821,52.1279],[21.0821,52.1278],[21.082,52.1277],[21.082,52.1277],[21.0819,52.1278],[21.0819,52.1279],[21.0818,52.128],[21.0819,52.128],[21.0819,52.1281],[21.0819,52.1281],[21.0819,52.1281],[21.0819,52.1282],[21.0819,52.1282],[21.0819,52.1282],[21.0818,52.1282],[21.0816,52.1282],[21.0815,52.1283],[21.0815,52.1283],[21.0814,52.1285],[21.0815,52.1286],[21.0815,52.1285],[21.0817,52.1285],[21.0819,52.1286],[21.082,52.1287],[21.0822,52.1288],[21.0823,52.1289],[21.0825,52.1291],[21.0822,52.1295],[21.0822,52.1295],[21.0823,52.1295],[21.0822,52.1297],[21.0821,52.1297],[21.0821,52.1297],[21.082,52.1297],[21.0821,52.1298],[21.0815,52.1297],[21.0814,52.13],[21.0814,52.13],[21.0813,52.13],[21.0813,52.13],[21.0814,52.1301],[21.0813,52.1301],[21.0812,52.1302],[21.0813,52.1306],[21.0814,52.1308],[21.0814,52.1308],[21.0815,52.1309],[21.0819,52.1309],[21.0817,52.1314],[21.0816,52.1314],[21.0816,52.1314],[21.0816,52.1315],[21.0811,52.1315],[21.081,52.1315],[21.0809,52.1315],[21.0807,52.1315],[21.0807,52.1315],[21.0809,52.1315],[21.081,52.1316],[21.0812,52.1316],[21.0813,52.1317],[21.0814,52.1317],[21.0814,52.1317],[21.0815,52.1318],[21.0815,52.1318],[21.0815,52.1319],[21.0814,52.132],[21.0814,52.132],[21.0813,52.1321],[21.0813,52.1322],[21.0811,52.1325],[21.0811,52.1326],[21.081,52.1328],[21.0809,52.1329],[21.0809,52.1329],[21.0807,52.1329],[21.0801,52.1327],[21.0799,52.1327],[21.0799,52.1327],[21.0799,52.1326],[21.0799,52.1326],[21.0799,52.1325],[21.0798,52.1324],[21.0798,52.1324],[21.0798,52.1324],[21.0797,52.1325],[21.0796,52.1325],[21.0794,52.1327],[21.0793,52.1328],[21.0792,52.1328],[21.079,52.1328],[21.0788,52.1328],[21.0782,52.1327],[21.0779,52.1327],[21.0767,52.1325],[21.0766,52.1325],[21.0766,52.1326],[21.0774,52.1329],[21.0775,52.133],[21.0781,52.133],[21.0781,52.133],[21.0782,52.133],[21.0782,52.133],[21.0782,52.133],[21.0782,52.133],[21.0785,52.1331],[21.0785,52.1331],[21.0785,52.1331],[21.0789,52.1331],[21.0792,52.1332],[21.0793,52.1332],[21.0796,52.1332],[21.0795,52.1334],[21.0795,52.1335],[21.0796,52.1334],[21.0796,52.1334],[21.08,52.1331],[21.0804,52.1332],[21.0802,52.1336],[21.0802,52.1335],[21.08,52.1338],[21.08,52.134],[21.0799,52.1341],[21.0798,52.1343],[21.0799,52.1343],[21.08,52.1344],[21.08,52.1345],[21.08,52.1345],[21.0799,52.1346],[21.0798,52.1346],[21.0797,52.1348],[21.0796,52.1349],[21.0794,52.1351],[21.0793,52.1351],[21.0792,52.1353],[21.0792,52.1354],[21.0791,52.1354],[21.0786,52.1353],[21.0786,52.1353],[21.0786,52.1353],[21.0786,52.1353],[21.0786,52.1353],[21.0786,52.1352],[21.0786,52.1352],[21.0786,52.1349],[21.0785,52.1348],[21.0783,52.1346],[21.0783,52.1345],[21.0783,52.1345],[21.0782,52.1344],[21.0782,52.1344],[21.0782,52.1344],[21.0781,52.1344],[21.078,52.1344],[21.078,52.1344],[21.0781,52.1344],[21.0782,52.1345],[21.0782,52.1346],[21.0782,52.1346],[21.0783,52.1347],[21.0784,52.1349],[21.0784,52.135],[21.0783,52.135],[21.0783,52.1351],[21.0781,52.1352],[21.0781,52.1354],[21.0781,52.1354],[21.0779,52.1354],[21.0779,52.1354],[21.0778,52.1354],[21.0776,52.1354],[21.0773,52.1352],[21.0773,52.1352],[21.0771,52.1353],[21.077,52.1352],[21.0769,52.1353],[21.0768,52.1353],[21.0766,52.1354],[21.0766,52.1354],[21.0765,52.1355],[21.0765,52.1356],[21.0756,52.1354],[21.0756,52.1355],[21.0756,52.1355],[21.0745,52.1367],[21.074,52.1373],[21.074,52.1374],[21.0732,52.1373],[21.0723,52.1372],[21.0721,52.1375],[21.072,52.1389],[21.072,52.1393],[21.0721,52.1393],[21.072,52.1393],[21.072,52.1394],[21.0715,52.14],[21.0713,52.1402],[21.0708,52.1408],[21.0704,52.1413],[21.0703,52.1415],[21.0697,52.1421],[21.0692,52.1427],[21.0687,52.1432],[21.0686,52.1434],[21.0686,52.1435],[21.0683,52.1437],[21.0683,52.1438],[21.0679,52.1442],[21.068,52.1443],[21.0681,52.1444],[21.0682,52.1445],[21.0687,52.1446],[21.0699,52.1451],[21.068,52.1471],[21.0678,52.1473],[21.0676,52.147],[21.0672,52.1471],[21.067,52.1476],[21.0665,52.1477],[21.0669,52.148],[21.0665,52.1483],[21.0664,52.1484],[21.0663,52.1485],[21.0658,52.1489],[21.0657,52.1491],[21.0655,52.1493],[21.0651,52.1496],[21.065,52.1496],[21.0647,52.1498],[21.0647,52.1499],[21.0637,52.1508],[21.063,52.1505],[21.0629,52.1508],[21.0631,52.1511],[21.0631,52.1513],[21.0632,52.1514],[21.0629,52.1516],[21.063,52.1517],[21.0628,52.1519],[21.0623,52.1519],[21.0622,52.1519],[21.0621,52.1518],[21.0614,52.1522],[21.0611,52.1525],[21.0611,52.1527],[21.0611,52.1531],[21.061,52.1535],[21.061,52.1538],[21.0608,52.1541],[21.0607,52.1543],[21.0605,52.1545],[21.0603,52.155],[21.0603,52.155],[21.0601,52.1552],[21.0598,52.1555],[21.0597,52.1555],[21.0597,52.1557],[21.0597,52.1558],[21.0597,52.1559],[21.0593,52.1565],[21.0592,52.1567],[21.0592,52.1569],[21.0589,52.157],[21.0589,52.1571],[21.0586,52.1576],[21.0583,52.1579],[21.0581,52.1582],[21.0578,52.1584],[21.0578,52.1585],[21.0576,52.1589],[21.0574,52.1589],[21.0574,52.1591],[21.0563,52.1603],[21.0561,52.1603],[21.0557,52.1602],[21.0558,52.1605],[21.0559,52.1608],[21.0558,52.1609],[21.0548,52.1618],[21.0539,52.1614],[21.0538,52.1614],[21.0538,52.1615],[21.0538,52.1615],[21.0539,52.1615],[21.0545,52.1619],[21.0542,52.1622],[21.0537,52.1626],[21.0531,52.1632],[21.0531,52.1632],[21.0529,52.1633],[21.0529,52.1633],[21.0526,52.1636],[21.0526,52.1635],[21.0522,52.1638],[21.0516,52.1636],[21.0515,52.1637],[21.0515,52.1637],[21.052,52.164],[21.051,52.1647],[21.0506,52.165],[21.0504,52.1652],[21.0499,52.1657],[21.0493,52.1657],[21.0495,52.1653],[21.0496,52.1649],[21.0494,52.1649],[21.0493,52.1649],[21.049,52.1652],[21.0486,52.1655],[21.0485,52.1657],[21.0486,52.1659],[21.0489,52.1661],[21.0494,52.1662],[21.0492,52.1664],[21.049,52.1664],[21.0489,52.1664],[21.0477,52.1675],[21.0472,52.168],[21.0473,52.1681],[21.0474,52.1681],[21.0475,52.1682],[21.0476,52.1682],[21.0477,52.1682],[21.0477,52.1683],[21.0477,52.1683],[21.0497,52.1687],[21.0515,52.169],[21.052,52.1691],[21.0541,52.1695],[21.0541,52.1695],[21.0524,52.1706],[21.0518,52.171],[21.0512,52.1714],[21.0495,52.1723],[21.0478,52.1732],[21.0471,52.1736],[21.0467,52.1738],[21.0464,52.174],[21.046,52.1743],[21.0461,52.1743],[21.046,52.1744],[21.0433,52.175],[21.0435,52.1749],[21.0433,52.174],[21.043,52.1732],[21.0426,52.1726],[21.0423,52.1723],[21.0416,52.1717],[21.0409,52.1712],[21.0405,52.1708],[21.0399,52.1703],[21.0395,52.17],[21.0388,52.1695],[21.0376,52.1688],[21.0374,52.1688],[21.0367,52.1685],[21.0363,52.1684],[21.036,52.1682],[21.0351,52.168],[21.0336,52.1676],[21.0331,52.1675],[21.0317,52.1671],[21.0313,52.167],[21.0308,52.1669],[21.0299,52.1668],[21.0292,52.1671],[21.0291,52.1672],[21.0288,52.1673],[21.0285,52.1674],[21.0282,52.1675],[21.028,52.1676],[21.0277,52.1676],[21.0275,52.1677],[21.0268,52.1677],[21.0262,52.1677],[21.0259,52.1677],[21.0259,52.1673],[21.025,52.1673],[21.0245,52.1669],[21.0244,52.1665],[21.0226,52.1666],[21.0217,52.1666],[21.0208,52.1667],[21.0196,52.167],[21.02,52.1663],[21.0185,52.1643],[21.0169,52.1648],[21.0169,52.1649],[21.0168,52.1649],[21.0168,52.1649],[21.0166,52.1649],[21.0166,52.1648],[21.0159,52.1648],[21.0159,52.1657],[21.0155,52.1656],[21.0123,52.1655],[21.0118,52.1667],[21.0116,52.167],[21.011,52.1671],[21.0106,52.1673],[21.0101,52.1673],[21.0091,52.1677],[21.0087,52.1678],[21.0082,52.167],[21.0035,52.1681],[20.998,52.1694],[20.9976,52.1694],[20.9969,52.1693],[20.9968,52.1693],[20.9956,52.1697],[20.9944,52.17],[20.9943,52.17],[20.9941,52.1701],[20.9886,52.1714],[20.9885,52.1713],[20.9882,52.1707],[20.9882,52.1706],[20.9882,52.1706],[20.9882,52.1706],[20.9882,52.1704],[20.9878,52.1704],[20.9878,52.1706],[20.9876,52.1708],[20.9873,52.1709],[20.987,52.1711],[20.987,52.171],[20.9871,52.1709],[20.9871,52.1708],[20.9871,52.1707],[20.9871,52.1706],[20.9871,52.1699],[20.9871,52.1691],[20.9871,52.1691],[20.9871,52.169],[20.9871,52.169],[20.987,52.1681],[20.9868,52.1681],[20.9868,52.1681],[20.9868,52.1679],[20.9868,52.1677],[20.9868,52.1672],[20.9868,52.167],[20.9868,52.1664],[20.9868,52.1663],[20.9868,52.165],[20.9869,52.165],[20.9869,52.165],[20.9869,52.1642],[20.987,52.1637],[20.987,52.1633],[20.987,52.1631],[20.987,52.1625],[20.9865,52.1623],[20.9865,52.1623],[20.9865,52.1622],[20.9865,52.1621],[20.987,52.1621],[20.987,52.1619],[20.987,52.1614],[20.987,52.1607],[20.9872,52.1605],[20.9872,52.1605],[20.9873,52.1605],[20.9873,52.1605],[20.9874,52.1604],[20.9875,52.1596],[20.9875,52.1596],[20.9875,52.1595],[20.9875,52.1594],[20.9876,52.1585],[20.9878,52.1546],[20.9889,52.1467],[20.9888,52.1466],[20.9887,52.1466],[20.9889,52.1465],[20.989,52.1456],[20.9894,52.1419],[20.9868,52.142],[20.9845,52.1422],[20.9835,52.1405],[20.9834,52.1405],[20.9836,52.1402],[20.9838,52.14],[20.985,52.1391],[20.981,52.1339],[20.9811,52.1339],[20.9811,52.1339],[20.9807,52.1333],[20.9804,52.133],[20.9803,52.1329],[20.9803,52.1329],[20.9802,52.1328],[20.9801,52.1327],[20.9801,52.1319],[20.9801,52.1313],[20.98,52.131],[20.98,52.1303],[20.98,52.1301],[20.98,52.13],[20.98,52.1294],[20.9799,52.1289],[20.9799,52.1281]]]}},{"type":"Feature","properties":{"slug":"wawer","name":"Wawer","bdlUnitId":"071412865148","lat":52.193,"lon":21.17797},"geometry":{"type":"Polygon","coordinates":[[[21.0924,52.2152],[21.0931,52.2149],[21.0952,52.2138],[21.0992,52.2112],[21.1008,52.2097],[21.1025,52.2074],[21.1035,52.2056],[21.1041,52.2041],[21.1047,52.2016],[21.1047,52.1977],[21.1048,52.1966],[21.1049,52.1945],[21.1059,52.1929],[21.1067,52.1917],[21.1071,52.1911],[21.1084,52.1891],[21.1102,52.1868],[21.1122,52.1847],[21.1147,52.1825],[21.1169,52.181],[21.119,52.1797],[21.1207,52.1788],[21.1212,52.1786],[21.1229,52.1778],[21.1266,52.1764],[21.1293,52.1754],[21.13,52.1751],[21.1315,52.1745],[21.134,52.1731],[21.1366,52.1714],[21.1374,52.1708],[21.1379,52.1703],[21.1389,52.1693],[21.1401,52.1679],[21.141,52.1667],[21.1417,52.1654],[21.1424,52.1641],[21.1429,52.1624],[21.143,52.1612],[21.1433,52.1602],[21.1436,52.1593],[21.144,52.1584],[21.1447,52.1574],[21.1455,52.1564],[21.1471,52.155],[21.1486,52.1539],[21.1502,52.1531],[21.152,52.1524],[21.1545,52.1515],[21.1568,52.1508],[21.1585,52.15],[21.1597,52.1494],[21.1609,52.1484],[21.1619,52.1474],[21.1625,52.1467],[21.1631,52.1458],[21.165,52.1447],[21.1682,52.1451],[21.1714,52.1454],[21.1737,52.1461],[21.1759,52.1467],[21.1759,52.1485],[21.1783,52.1489],[21.1834,52.1497],[21.1859,52.1501],[21.1884,52.1505],[21.1886,52.1495],[21.1889,52.1495],[21.191,52.1497],[21.1925,52.1499],[21.1944,52.15],[21.196,52.1502],[21.1973,52.1503],[21.2011,52.1506],[21.2018,52.1507],[21.2027,52.1509],[21.2043,52.151],[21.2086,52.1514],[21.2121,52.1519],[21.2131,52.152],[21.2147,52.1522],[21.2151,52.1518],[21.219,52.1533],[21.2195,52.1538],[21.2239,52.1554],[21.2286,52.1569],[21.2309,52.1577],[21.2322,52.1581],[21.2347,52.1589],[21.235,52.1588],[21.2357,52.1585],[21.2365,52.1582],[21.2378,52.1576],[21.2392,52.157],[21.2395,52.1569],[21.2414,52.1561],[21.2418,52.156],[21.2425,52.1557],[21.2451,52.1546],[21.247,52.1538],[21.2488,52.153],[21.2471,52.1516],[21.2514,52.1495],[21.2549,52.1476],[21.2554,52.1474],[21.2557,52.1472],[21.2564,52.1477],[21.2621,52.1525],[21.2621,52.1525],[21.2624,52.1528],[21.2626,52.1531],[21.2541,52.1574],[21.2551,52.1582],[21.2556,52.1587],[21.2559,52.1592],[21.2561,52.1597],[21.2565,52.1606],[21.259,52.1615],[21.2604,52.162],[21.2607,52.163],[21.261,52.1644],[21.2611,52.1645],[21.2612,52.165],[21.2612,52.1654],[21.2615,52.1657],[21.2624,52.1666],[21.2631,52.1674],[21.2677,52.1674],[21.2676,52.1684],[21.2708,52.1685],[21.2703,52.1696],[21.2675,52.1701],[21.2673,52.1733],[21.2696,52.1734],[21.27,52.172],[21.2712,52.1722],[21.271,52.174],[21.27,52.1739],[21.2641,52.1789],[21.2606,52.1818],[21.2598,52.1826],[21.2634,52.184],[21.2642,52.1848],[21.2654,52.186],[21.2402,52.1959],[21.2388,52.1967],[21.2388,52.197],[21.2304,52.1972],[21.2255,52.1973],[21.2163,52.1974],[21.2162,52.2],[21.2157,52.2007],[21.2164,52.2011],[21.2161,52.2014],[21.2158,52.202],[21.2155,52.2021],[21.2161,52.2029],[21.2165,52.2035],[21.2166,52.2047],[21.2184,52.2053],[21.2158,52.2083],[21.2146,52.2093],[21.2153,52.2122],[21.2132,52.2144],[21.2121,52.2143],[21.2065,52.2205],[21.2073,52.2206],[21.207,52.2227],[21.2071,52.224],[21.2073,52.2276],[21.2119,52.23],[21.2071,52.2332],[21.2052,52.2338],[21.2009,52.2347],[21.198,52.2344],[21.197,52.2346],[21.1923,52.2364],[21.1884,52.238],[21.184,52.2398],[21.1811,52.2417],[21.1778,52.2442],[21.1776,52.2444],[21.1767,52.245],[21.1766,52.2451],[21.1764,52.2451],[21.1734,52.2435],[21.1636,52.2416],[21.1632,52.2424],[21.1622,52.2422],[21.1617,52.243],[21.1564,52.242],[21.1556,52.242],[21.1533,52.2414],[21.1527,52.2412],[21.1476,52.2402],[21.1418,52.2391],[21.1394,52.2432],[21.1389,52.2432],[21.1382,52.2432],[21.1374,52.2428],[21.1357,52.2415],[21.1341,52.2402],[21.1335,52.2396],[21.1331,52.2395],[21.1326,52.2391],[21.1324,52.2388],[21.1323,52.2387],[21.1323,52.2387],[21.132,52.2384],[21.132,52.2384],[21.1318,52.2383],[21.1318,52.2383],[21.1314,52.2379],[21.1314,52.2379],[21.1312,52.2377],[21.1312,52.2377],[21.131,52.2375],[21.1305,52.237],[21.1305,52.237],[21.1304,52.2369],[21.1304,52.2369],[21.1302,52.2368],[21.1302,52.2367],[21.1301,52.2366],[21.1301,52.2366],[21.13,52.2366],[21.13,52.2365],[21.13,52.2365],[21.1299,52.2365],[21.1298,52.2363],[21.1298,52.2363],[21.1297,52.2362],[21.1297,52.2362],[21.1296,52.2362],[21.1296,52.2362],[21.1284,52.235],[21.1284,52.2349],[21.1284,52.2349],[21.1279,52.2344],[21.1279,52.2343],[21.1278,52.234],[21.1278,52.2338],[21.1277,52.2336],[21.1274,52.2333],[21.1267,52.233],[21.1262,52.2328],[21.1249,52.2325],[21.1248,52.2325],[21.1246,52.2325],[21.1244,52.2325],[21.1242,52.2324],[21.1195,52.2324],[21.1194,52.2324],[21.1194,52.2324],[21.1193,52.2323],[21.1191,52.2322],[21.1191,52.2322],[21.1189,52.2321],[21.1182,52.2316],[21.1178,52.2314],[21.1163,52.2305],[21.1161,52.2303],[21.1134,52.2286],[21.1118,52.2276],[21.1104,52.2266],[21.1086,52.2255],[21.1085,52.2254],[21.1085,52.2254],[21.1035,52.2222],[21.1033,52.2221],[21.1006,52.2204],[21.0974,52.2183],[21.097,52.2184],[21.0965,52.2181],[21.0964,52.2177],[21.0963,52.2175],[21.0962,52.2174],[21.096,52.2173],[21.0959,52.2172],[21.0955,52.217],[21.0938,52.216],[21.0924,52.2152]]]}},{"type":"Feature","properties":{"slug":"wesola","name":"Wesoła","bdlUnitId":"071412865158","lat":52.23246,"lon":21.22526},"geometry":{"type":"Polygon","coordinates":[[[21.1767,52.245],[21.1776,52.2444],[21.1778,52.2442],[21.1811,52.2417],[21.184,52.2398],[21.1884,52.238],[21.1923,52.2364],[21.197,52.2346],[21.198,52.2344],[21.2009,52.2347],[21.2052,52.2338],[21.2071,52.2332],[21.2119,52.23],[21.2073,52.2276],[21.2071,52.224],[21.207,52.2227],[21.2073,52.2206],[21.2065,52.2205],[21.2121,52.2143],[21.2132,52.2144],[21.2153,52.2122],[21.2146,52.2093],[21.2158,52.2083],[21.2184,52.2053],[21.2166,52.2047],[21.2165,52.2035],[21.2161,52.2029],[21.2155,52.2021],[21.2158,52.202],[21.2161,52.2014],[21.2164,52.2011],[21.2157,52.2007],[21.2162,52.2],[21.2163,52.1974],[21.2255,52.1973],[21.2304,52.1972],[21.2388,52.197],[21.2388,52.1967],[21.2402,52.1959],[21.243,52.1984],[21.243,52.1993],[21.2452,52.2003],[21.2457,52.2009],[21.2509,52.2025],[21.2503,52.203],[21.2486,52.2042],[21.2482,52.206],[21.2491,52.207],[21.2506,52.2078],[21.2522,52.2085],[21.2541,52.2094],[21.2568,52.2096],[21.2598,52.2099],[21.2612,52.2099],[21.2614,52.21],[21.2615,52.21],[21.2617,52.2101],[21.261,52.2108],[21.2606,52.2113],[21.2562,52.216],[21.2543,52.2181],[21.2542,52.2182],[21.2539,52.2185],[21.2539,52.2185],[21.2514,52.2213],[21.251,52.2217],[21.2507,52.2221],[21.2505,52.2222],[21.2505,52.2222],[21.2503,52.2225],[21.2505,52.2226],[21.2495,52.2226],[21.2495,52.2228],[21.2495,52.223],[21.2496,52.2239],[21.2503,52.2303],[21.2504,52.2319],[21.2515,52.2328],[21.2528,52.2339],[21.2544,52.2353],[21.2548,52.2387],[21.2542,52.2387],[21.2537,52.2386],[21.2531,52.2384],[21.2526,52.2383],[21.2523,52.2382],[21.2521,52.2381],[21.2516,52.2379],[21.2513,52.2378],[21.2498,52.237],[21.2494,52.2368],[21.2488,52.2366],[21.2483,52.2365],[21.2476,52.2365],[21.2465,52.2362],[21.246,52.2362],[21.2453,52.2361],[21.2446,52.236],[21.244,52.236],[21.2437,52.236],[21.2421,52.2362],[21.2395,52.2363],[21.2385,52.2418],[21.2383,52.2434],[21.2382,52.2438],[21.2379,52.245],[21.2417,52.2452],[21.2434,52.2453],[21.2461,52.2454],[21.2481,52.2455],[21.2497,52.2456],[21.2525,52.2457],[21.2537,52.2458],[21.2541,52.249],[21.2546,52.2526],[21.2546,52.2527],[21.2546,52.2531],[21.2546,52.2532],[21.2524,52.2533],[21.2505,52.2627],[21.1924,52.2564],[21.1905,52.2562],[21.1906,52.2557],[21.1907,52.2553],[21.1908,52.2542],[21.191,52.2528],[21.1913,52.2499],[21.1904,52.2497],[21.1889,52.2523],[21.187,52.2518],[21.187,52.2504],[21.1829,52.2495],[21.1841,52.2476],[21.1843,52.2472],[21.1844,52.2469],[21.1842,52.2468],[21.1844,52.2466],[21.1842,52.2464],[21.1841,52.2463],[21.1811,52.2457],[21.177,52.2452],[21.1768,52.2452],[21.1767,52.245]]]}},{"type":"Feature","properties":{"slug":"wilanow","name":"Wilanów","bdlUnitId":"071412865168","lat":52.15193,"lon":21.10494},"geometry":{"type":"Polygon","coordinates":[[[21.0472,52.168],[21.0477,52.1675],[21.0489,52.1664],[21.049,52.1664],[21.0492,52.1664],[21.0494,52.1662],[21.0489,52.1661],[21.0486,52.1659],[21.0485,52.1657],[21.0486,52.1655],[21.049,52.1652],[21.0493,52.1649],[21.0494,52.1649],[21.0496,52.1649],[21.0495,52.1653],[21.0493,52.1657],[21.0499,52.1657],[21.0504,52.1652],[21.0506,52.165],[21.051,52.1647],[21.052,52.164],[21.0515,52.1637],[21.0515,52.1637],[21.0516,52.1636],[21.0522,52.1638],[21.0526,52.1635],[21.0526,52.1636],[21.0529,52.1633],[21.0529,52.1633],[21.0531,52.1632],[21.0531,52.1632],[21.0537,52.1626],[21.0542,52.1622],[21.0545,52.1619],[21.0539,52.1615],[21.0538,52.1615],[21.0538,52.1615],[21.0538,52.1614],[21.0539,52.1614],[21.0548,52.1618],[21.0558,52.1609],[21.0559,52.1608],[21.0558,52.1605],[21.0557,52.1602],[21.0561,52.1603],[21.0563,52.1603],[21.0574,52.1591],[21.0574,52.1589],[21.0576,52.1589],[21.0578,52.1585],[21.0578,52.1584],[21.0581,52.1582],[21.0583,52.1579],[21.0586,52.1576],[21.0589,52.1571],[21.0589,52.157],[21.0592,52.1569],[21.0592,52.1567],[21.0593,52.1565],[21.0597,52.1559],[21.0597,52.1558],[21.0597,52.1557],[21.0597,52.1555],[21.0598,52.1555],[21.0601,52.1552],[21.0603,52.155],[21.0603,52.155],[21.0605,52.1545],[21.0607,52.1543],[21.0608,52.1541],[21.061,52.1538],[21.061,52.1535],[21.0611,52.1531],[21.0611,52.1527],[21.0611,52.1525],[21.0614,52.1522],[21.0621,52.1518],[21.0622,52.1519],[21.0623,52.1519],[21.0628,52.1519],[21.063,52.1517],[21.0629,52.1516],[21.0632,52.1514],[21.0631,52.1513],[21.0631,52.1511],[21.0629,52.1508],[21.063,52.1505],[21.0637,52.1508],[21.0647,52.1499],[21.0647,52.1498],[21.065,52.1496],[21.0651,52.1496],[21.0655,52.1493],[21.0657,52.1491],[21.0658,52.1489],[21.0663,52.1485],[21.0664,52.1484],[21.0665,52.1483],[21.0669,52.148],[21.0665,52.1477],[21.067,52.1476],[21.0672,52.1471],[21.0676,52.147],[21.0678,52.1473],[21.068,52.1471],[21.0699,52.1451],[21.0687,52.1446],[21.0682,52.1445],[21.0681,52.1444],[21.068,52.1443],[21.0679,52.1442],[21.0683,52.1438],[21.0683,52.1437],[21.0686,52.1435],[21.0686,52.1434],[21.0687,52.1432],[21.0692,52.1427],[21.0697,52.1421],[21.0703,52.1415],[21.0704,52.1413],[21.0708,52.1408],[21.0713,52.1402],[21.0715,52.14],[21.072,52.1394],[21.072,52.1393],[21.0721,52.1393],[21.072,52.1393],[21.072,52.1389],[21.0721,52.1375],[21.0723,52.1372],[21.0732,52.1373],[21.074,52.1374],[21.074,52.1373],[21.0745,52.1367],[21.0756,52.1355],[21.0756,52.1355],[21.0756,52.1354],[21.0765,52.1356],[21.0765,52.1355],[21.0766,52.1354],[21.0766,52.1354],[21.0768,52.1353],[21.0769,52.1353],[21.077,52.1352],[21.0771,52.1353],[21.0773,52.1352],[21.0773,52.1352],[21.0776,52.1354],[21.0778,52.1354],[21.0779,52.1354],[21.0779,52.1354],[21.0781,52.1354],[21.0781,52.1354],[21.0781,52.1352],[21.0783,52.1351],[21.0783,52.135],[21.0784,52.135],[21.0784,52.1349],[21.0783,52.1347],[21.0782,52.1346],[21.0782,52.1346],[21.0782,52.1345],[21.0781,52.1344],[21.078,52.1344],[21.078,52.1344],[21.0781,52.1344],[21.0782,52.1344],[21.0782,52.1344],[21.0782,52.1344],[21.0783,52.1345],[21.0783,52.1345],[21.0783,52.1346],[21.0785,52.1348],[21.0786,52.1349],[21.0786,52.1352],[21.0786,52.1352],[21.0786,52.1353],[21.0786,52.1353],[21.0786,52.1353],[21.0786,52.1353],[21.0786,52.1353],[21.0791,52.1354],[21.0792,52.1354],[21.0792,52.1353],[21.0793,52.1351],[21.0794,52.1351],[21.0796,52.1349],[21.0797,52.1348],[21.0798,52.1346],[21.0799,52.1346],[21.08,52.1345],[21.08,52.1345],[21.08,52.1344],[21.0799,52.1343],[21.0798,52.1343],[21.0799,52.1341],[21.08,52.134],[21.08,52.1338],[21.0802,52.1335],[21.0802,52.1336],[21.0804,52.1332],[21.08,52.1331],[21.0796,52.1334],[21.0796,52.1334],[21.0795,52.1335],[21.0795,52.1334],[21.0796,52.1332],[21.0793,52.1332],[21.0792,52.1332],[21.0789,52.1331],[21.0785,52.1331],[21.0785,52.1331],[21.0785,52.1331],[21.0782,52.133],[21.0782,52.133],[21.0782,52.133],[21.0782,52.133],[21.0781,52.133],[21.0781,52.133],[21.0775,52.133],[21.0774,52.1329],[21.0766,52.1326],[21.0766,52.1325],[21.0767,52.1325],[21.0779,52.1327],[21.0782,52.1327],[21.0788,52.1328],[21.079,52.1328],[21.0792,52.1328],[21.0793,52.1328],[21.0794,52.1327],[21.0796,52.1325],[21.0797,52.1325],[21.0798,52.1324],[21.0798,52.1324],[21.0798,52.1324],[21.0799,52.1325],[21.0799,52.1326],[21.0799,52.1326],[21.0799,52.1327],[21.0799,52.1327],[21.0801,52.1327],[21.0807,52.1329],[21.0809,52.1329],[21.0809,52.1329],[21.081,52.1328],[21.0811,52.1326],[21.0811,52.1325],[21.0813,52.1322],[21.0813,52.1321],[21.0814,52.132],[21.0814,52.132],[21.0815,52.1319],[21.0815,52.1318],[21.0815,52.1318],[21.0814,52.1317],[21.0814,52.1317],[21.0813,52.1317],[21.0812,52.1316],[21.081,52.1316],[21.0809,52.1315],[21.0807,52.1315],[21.0807,52.1315],[21.0809,52.1315],[21.081,52.1315],[21.0811,52.1315],[21.0816,52.1315],[21.0816,52.1314],[21.0816,52.1314],[21.0817,52.1314],[21.0819,52.1309],[21.0815,52.1309],[21.0814,52.1308],[21.0814,52.1308],[21.0813,52.1306],[21.0812,52.1302],[21.0813,52.1301],[21.0814,52.1301],[21.0813,52.13],[21.0813,52.13],[21.0814,52.13],[21.0814,52.13],[21.0815,52.1297],[21.0821,52.1298],[21.082,52.1297],[21.0821,52.1297],[21.0821,52.1297],[21.0822,52.1297],[21.0823,52.1295],[21.0822,52.1295],[21.0822,52.1295],[21.0825,52.1291],[21.0823,52.1289],[21.0822,52.1288],[21.082,52.1287],[21.0819,52.1286],[21.0817,52.1285],[21.0815,52.1285],[21.0815,52.1286],[21.0814,52.1285],[21.0815,52.1283],[21.0815,52.1283],[21.0816,52.1282],[21.0818,52.1282],[21.0819,52.1282],[21.0819,52.1282],[21.0819,52.1282],[21.0819,52.1281],[21.0819,52.1281],[21.0819,52.1281],[21.0819,52.128],[21.0818,52.128],[21.0819,52.1279],[21.0819,52.1278],[21.082,52.1277],[21.082,52.1277],[21.0821,52.1278],[21.0821,52.1279],[21.0824,52.128],[21.0823,52.1282],[21.0824,52.1284],[21.0826,52.1285],[21.0827,52.1286],[21.083,52.1286],[21.0831,52.1286],[21.0831,52.1286],[21.0832,52.1285],[21.0831,52.1284],[21.0834,52.1284],[21.0834,52.1284],[21.0835,52.1283],[21.0836,52.1282],[21.0836,52.1282],[21.0838,52.128],[21.0839,52.1279],[21.084,52.1278],[21.084,52.1278],[21.0841,52.1277],[21.0844,52.1275],[21.0844,52.1275],[21.0845,52.1275],[21.0846,52.1275],[21.0846,52.1275],[21.0846,52.1274],[21.0847,52.1275],[21.0851,52.1271],[21.0853,52.1269],[21.0856,52.1267],[21.0855,52.1267],[21.0847,52.1265],[21.0846,52.1264],[21.0847,52.1263],[21.0847,52.1263],[21.0846,52.1263],[21.0846,52.1263],[21.0846,52.1262],[21.0847,52.1261],[21.0845,52.1261],[21.0843,52.126],[21.0842,52.1261],[21.084,52.126],[21.0838,52.126],[21.0835,52.126],[21.083,52.1259],[21.0828,52.1259],[21.0827,52.1259],[21.0826,52.1259],[21.0825,52.1258],[21.0826,52.1257],[21.083,52.1258],[21.0831,52.1258],[21.0832,52.1258],[21.0832,52.1258],[21.0833,52.1258],[21.0834,52.1258],[21.0837,52.1259],[21.0837,52.1259],[21.0839,52.1259],[21.0841,52.1258],[21.0843,52.1259],[21.0843,52.1258],[21.0844,52.1258],[21.0845,52.1258],[21.0846,52.1257],[21.0846,52.1257],[21.0848,52.1257],[21.0848,52.1257],[21.0847,52.1256],[21.0848,52.1256],[21.0848,52.1255],[21.0847,52.1254],[21.0843,52.1253],[21.0843,52.1253],[21.0842,52.1252],[21.0835,52.1251],[21.0833,52.1251],[21.0832,52.1251],[21.0832,52.1251],[21.0832,52.125],[21.0832,52.125],[21.0833,52.125],[21.0835,52.125],[21.0838,52.1251],[21.0842,52.1251],[21.0845,52.1252],[21.0846,52.1252],[21.0847,52.1252],[21.0848,52.1252],[21.0849,52.1253],[21.0851,52.1253],[21.0851,52.1253],[21.0852,52.1254],[21.0853,52.1254],[21.0853,52.1254],[21.0853,52.1254],[21.0853,52.1254],[21.0854,52.1255],[21.0854,52.1255],[21.0854,52.1256],[21.0855,52.1256],[21.0855,52.1256],[21.0855,52.1256],[21.0855,52.1257],[21.0855,52.1258],[21.0855,52.1259],[21.0854,52.1259],[21.0854,52.126],[21.0855,52.1261],[21.0856,52.1261],[21.0857,52.1261],[21.0857,52.1261],[21.0858,52.1261],[21.0858,52.1261],[21.0858,52.1261],[21.0859,52.1261],[21.086,52.1261],[21.0861,52.126],[21.0862,52.1259],[21.0866,52.1253],[21.0866,52.1253],[21.0864,52.1252],[21.0864,52.1251],[21.0866,52.1251],[21.0867,52.125],[21.0867,52.125],[21.0867,52.125],[21.0866,52.1249],[21.0864,52.1249],[21.0862,52.1248],[21.086,52.1248],[21.0857,52.1247],[21.0856,52.1247],[21.0853,52.1248],[21.0852,52.1248],[21.085,52.1249],[21.0848,52.1249],[21.0847,52.1249],[21.0846,52.1249],[21.0845,52.1249],[21.0843,52.1249],[21.0842,52.1249],[21.0845,52.1248],[21.0846,52.1248],[21.0846,52.1248],[21.0846,52.1248],[21.0846,52.1248],[21.0847,52.1248],[21.0847,52.1248],[21.0848,52.1247],[21.0849,52.1247],[21.085,52.1247],[21.0851,52.1247],[21.0852,52.1246],[21.0853,52.1246],[21.0856,52.1245],[21.086,52.1245],[21.0864,52.1245],[21.0867,52.1244],[21.087,52.1241],[21.0874,52.1241],[21.0877,52.1236],[21.0874,52.1236],[21.0872,52.1233],[21.0872,52.1231],[21.0874,52.1231],[21.0878,52.1231],[21.0884,52.1231],[21.0886,52.1229],[21.0886,52.1227],[21.0888,52.1226],[21.0893,52.122],[21.0897,52.1217],[21.0902,52.1211],[21.0904,52.1205],[21.0902,52.1204],[21.0887,52.1206],[21.0887,52.1204],[21.0888,52.1202],[21.0891,52.1202],[21.0894,52.1201],[21.0896,52.1201],[21.0902,52.12],[21.0909,52.1199],[21.091,52.1197],[21.0913,52.1194],[21.0916,52.1188],[21.0917,52.1184],[21.0912,52.1184],[21.0908,52.1184],[21.0904,52.1186],[21.0902,52.1188],[21.0901,52.1192],[21.0894,52.1198],[21.0892,52.1196],[21.0896,52.1192],[21.0897,52.1189],[21.0897,52.1186],[21.0898,52.1184],[21.0901,52.1182],[21.0897,52.1182],[21.0891,52.1182],[21.0889,52.1184],[21.0886,52.1185],[21.0884,52.1187],[21.0883,52.1189],[21.0879,52.119],[21.0877,52.1193],[21.0874,52.1194],[21.087,52.1196],[21.0866,52.1198],[21.0864,52.1197],[21.0866,52.1195],[21.0869,52.1194],[21.0872,52.119],[21.0876,52.1189],[21.088,52.1188],[21.088,52.1186],[21.0881,52.1185],[21.0882,52.1184],[21.0884,52.1183],[21.0887,52.1181],[21.0882,52.118],[21.0877,52.1179],[21.087,52.1177],[21.087,52.1176],[21.087,52.1175],[21.0876,52.1177],[21.0877,52.1177],[21.0888,52.1178],[21.089,52.1179],[21.0893,52.1178],[21.0896,52.1175],[21.0899,52.1175],[21.0908,52.1174],[21.0908,52.1174],[21.0908,52.1176],[21.0917,52.1177],[21.0918,52.1176],[21.0919,52.1171],[21.0921,52.1171],[21.0921,52.1169],[21.0919,52.1167],[21.0921,52.1167],[21.0923,52.1167],[21.0925,52.1167],[21.0925,52.1167],[21.0925,52.1166],[21.0926,52.1165],[21.0928,52.1164],[21.0929,52.1163],[21.0933,52.1159],[21.0935,52.1157],[21.0935,52.1156],[21.094,52.115],[21.0942,52.1147],[21.0942,52.1146],[21.0937,52.1146],[21.0936,52.1145],[21.0936,52.1145],[21.0935,52.1145],[21.0934,52.1146],[21.0931,52.1146],[21.0922,52.1149],[21.0916,52.1147],[21.0907,52.1148],[21.09,52.1148],[21.0891,52.1149],[21.0888,52.1149],[21.0881,52.1149],[21.0872,52.1149],[21.0866,52.1148],[21.0865,52.1145],[21.0875,52.1145],[21.0884,52.1145],[21.0891,52.1144],[21.0896,52.1143],[21.0901,52.1142],[21.0908,52.1142],[21.0914,52.1142],[21.092,52.1142],[21.0925,52.1141],[21.0931,52.1141],[21.0936,52.114],[21.0942,52.114],[21.0947,52.1139],[21.0951,52.1138],[21.0954,52.1135],[21.0957,52.1131],[21.0962,52.1122],[21.0963,52.1119],[21.096,52.1118],[21.0961,52.1114],[21.0965,52.1114],[21.0967,52.1112],[21.0969,52.111],[21.0965,52.1107],[21.0966,52.1106],[21.0972,52.1106],[21.0975,52.1102],[21.0975,52.1102],[21.0977,52.1099],[21.0979,52.1096],[21.098,52.1095],[21.0981,52.1093],[21.0985,52.1091],[21.0982,52.1089],[21.0983,52.1087],[21.0989,52.1088],[21.0989,52.1088],[21.0989,52.1088],[21.099,52.1087],[21.0992,52.1085],[21.0994,52.1084],[21.0998,52.1082],[21.1003,52.1081],[21.1004,52.1081],[21.1009,52.1081],[21.1007,52.1082],[21.1001,52.1084],[21.1019,52.1092],[21.1048,52.1106],[21.1056,52.111],[21.1067,52.1116],[21.1073,52.1119],[21.1086,52.1125],[21.1089,52.1126],[21.1096,52.113],[21.11,52.1131],[21.1101,52.1132],[21.1087,52.1146],[21.1099,52.1151],[21.1104,52.1154],[21.1109,52.1156],[21.1117,52.116],[21.1162,52.1189],[21.1166,52.1187],[21.1175,52.1186],[21.118,52.1185],[21.119,52.1188],[21.1198,52.119],[21.1203,52.1192],[21.1207,52.1193],[21.1219,52.1197],[21.1224,52.12],[21.1226,52.1203],[21.1229,52.1204],[21.1237,52.121],[21.1247,52.1219],[21.125,52.1223],[21.125,52.1224],[21.1251,52.1225],[21.1253,52.1227],[21.1255,52.123],[21.1258,52.1237],[21.126,52.124],[21.1261,52.1242],[21.1265,52.1242],[21.1266,52.1244],[21.1265,52.1245],[21.1266,52.1249],[21.1268,52.1252],[21.1269,52.1255],[21.1271,52.1258],[21.1272,52.126],[21.1277,52.1263],[21.1279,52.1263],[21.1283,52.1265],[21.1286,52.1266],[21.1289,52.1268],[21.1292,52.127],[21.1296,52.1272],[21.13,52.1269],[21.1307,52.1256],[21.1308,52.1254],[21.1312,52.1252],[21.1316,52.1249],[21.1323,52.1237],[21.1325,52.1233],[21.1332,52.123],[21.134,52.1232],[21.1347,52.1234],[21.135,52.1252],[21.1353,52.1262],[21.1355,52.1265],[21.1357,52.1274],[21.136,52.1279],[21.1365,52.1285],[21.1368,52.1288],[21.1371,52.129],[21.1379,52.1299],[21.1382,52.1302],[21.1389,52.1311],[21.1388,52.1311],[21.1387,52.1312],[21.1387,52.1313],[21.1389,52.1315],[21.1389,52.1315],[21.1392,52.1315],[21.1394,52.1316],[21.1401,52.1316],[21.1402,52.1318],[21.1405,52.132],[21.1405,52.1324],[21.1403,52.1326],[21.1401,52.1329],[21.1403,52.133],[21.1412,52.1332],[21.1442,52.1349],[21.145,52.1355],[21.1473,52.1379],[21.1479,52.1385],[21.1482,52.1387],[21.1488,52.139],[21.1495,52.1394],[21.1501,52.1397],[21.1502,52.1398],[21.1505,52.1399],[21.1516,52.1398],[21.1528,52.1399],[21.1533,52.14],[21.1539,52.1401],[21.1541,52.1404],[21.1541,52.1405],[21.1538,52.1409],[21.1531,52.1425],[21.1547,52.1436],[21.1594,52.1441],[21.165,52.1447],[21.1631,52.1458],[21.1625,52.1467],[21.1619,52.1474],[21.1609,52.1484],[21.1597,52.1494],[21.1585,52.15],[21.1568,52.1508],[21.1545,52.1515],[21.152,52.1524],[21.1502,52.1531],[21.1486,52.1539],[21.1471,52.155],[21.1455,52.1564],[21.1447,52.1574],[21.144,52.1584],[21.1436,52.1593],[21.1433,52.1602],[21.143,52.1612],[21.1429,52.1624],[21.1424,52.1641],[21.1417,52.1654],[21.141,52.1667],[21.1401,52.1679],[21.1389,52.1693],[21.1379,52.1703],[21.1374,52.1708],[21.1366,52.1714],[21.134,52.1731],[21.1315,52.1745],[21.13,52.1751],[21.1293,52.1754],[21.1266,52.1764],[21.1229,52.1778],[21.1212,52.1786],[21.1207,52.1788],[21.119,52.1797],[21.1169,52.181],[21.1147,52.1825],[21.1122,52.1847],[21.1102,52.1868],[21.1084,52.1891],[21.1071,52.1911],[21.1067,52.1917],[21.1059,52.1929],[21.1049,52.1945],[21.1034,52.1936],[21.1031,52.1932],[21.1029,52.1929],[21.1028,52.1927],[21.1027,52.1926],[21.1025,52.1926],[21.1023,52.1925],[21.1019,52.1925],[21.1017,52.1924],[21.1014,52.1924],[21.1012,52.1923],[21.101,52.1922],[21.1006,52.192],[21.1001,52.1918],[21.0999,52.1916],[21.0996,52.1914],[21.0994,52.1912],[21.0993,52.191],[21.0992,52.1908],[21.0992,52.1906],[21.0991,52.1905],[21.0991,52.1904],[21.0992,52.1903],[21.0992,52.1901],[21.0995,52.1897],[21.0996,52.1896],[21.0996,52.1894],[21.0996,52.1891],[21.0996,52.1889],[21.0995,52.1884],[21.0993,52.1878],[21.0992,52.1876],[21.0991,52.1873],[21.0989,52.1871],[21.0987,52.187],[21.0986,52.1868],[21.0984,52.1867],[21.0982,52.1865],[21.098,52.1864],[21.0978,52.1864],[21.0975,52.1863],[21.0974,52.1863],[21.0972,52.1862],[21.0969,52.1862],[21.0967,52.1862],[21.0965,52.1862],[21.0963,52.1861],[21.0961,52.186],[21.0959,52.186],[21.0957,52.1859],[21.0956,52.1858],[21.0954,52.1856],[21.0953,52.1855],[21.0952,52.1853],[21.0951,52.1852],[21.095,52.185],[21.095,52.1849],[21.0949,52.1846],[21.0946,52.1838],[21.0944,52.1835],[21.0943,52.1831],[21.0942,52.1828],[21.0942,52.1826],[21.0942,52.1824],[21.0942,52.1821],[21.0943,52.1819],[21.0943,52.1818],[21.0945,52.1815],[21.0948,52.181],[21.0897,52.1806],[21.0896,52.1807],[21.0893,52.1808],[21.0894,52.1811],[21.0892,52.1813],[21.0858,52.1827],[21.0859,52.1827],[21.0857,52.1828],[21.0856,52.1828],[21.0856,52.1828],[21.0855,52.1829],[21.0854,52.1829],[21.0853,52.1829],[21.0815,52.1845],[21.0815,52.1845],[21.0812,52.1846],[21.0811,52.1845],[21.081,52.1846],[21.0779,52.1827],[21.0774,52.1824],[21.0775,52.1823],[21.0774,52.1823],[21.0742,52.1803],[21.0741,52.1802],[21.0737,52.1799],[21.0727,52.1793],[21.0726,52.1791],[21.0724,52.1786],[21.0721,52.1785],[21.072,52.1786],[21.0718,52.1785],[21.0718,52.1784],[21.0708,52.1778],[21.0707,52.1778],[21.0706,52.1777],[21.0705,52.1777],[21.0704,52.1777],[21.0703,52.1777],[21.0702,52.1776],[21.0701,52.1776],[21.07,52.1776],[21.0697,52.1772],[21.0696,52.1771],[21.0696,52.1771],[21.0695,52.177],[21.0695,52.177],[21.0694,52.177],[21.0694,52.177],[21.0692,52.1768],[21.0691,52.1767],[21.0689,52.1766],[21.0689,52.1766],[21.0687,52.1766],[21.0686,52.1765],[21.0685,52.1765],[21.0683,52.1764],[21.0679,52.1763],[21.0658,52.1755],[21.0657,52.1755],[21.0651,52.1761],[21.0631,52.1753],[21.0631,52.1753],[21.0664,52.1722],[21.0665,52.1721],[21.0665,52.1721],[21.0666,52.172],[21.0678,52.1708],[21.0679,52.1707],[21.068,52.1706],[21.0682,52.1705],[21.0683,52.1704],[21.0683,52.1704],[21.0686,52.1702],[21.0681,52.1698],[21.068,52.1696],[21.0674,52.1698],[21.0672,52.1698],[21.0661,52.1698],[21.0642,52.17],[21.0636,52.1701],[21.0622,52.1702],[21.0618,52.1702],[21.0607,52.1702],[21.0599,52.1702],[21.0599,52.1702],[21.0598,52.1702],[21.059,52.17],[21.0585,52.1699],[21.0582,52.1698],[21.0578,52.1698],[21.0575,52.1697],[21.0573,52.1697],[21.0563,52.1697],[21.0545,52.1695],[21.0541,52.1695],[21.0541,52.1695],[21.052,52.1691],[21.0515,52.169],[21.0497,52.1687],[21.0477,52.1683],[21.0477,52.1683],[21.0477,52.1682],[21.0476,52.1682],[21.0475,52.1682],[21.0474,52.1681],[21.0473,52.1681],[21.0472,52.168]]]}},{"type":"Feature","properties":{"slug":"wlochy","name":"Włochy","bdlUnitId":"071412865178","lat":52.18074,"lon":20.94766},"geometry":{"type":"Polygon","coordinates":[[[20.8803,52.2091],[20.8811,52.209],[20.888,52.2063],[20.8881,52.2062],[20.8881,52.2062],[20.8935,52.2041],[20.8967,52.2027],[20.8979,52.2023],[20.8989,52.202],[20.9001,52.2017],[20.9,52.2],[20.9007,52.1995],[20.9016,52.199],[20.9023,52.1987],[20.9032,52.1983],[20.9045,52.198],[20.9048,52.198],[20.9063,52.1976],[20.9082,52.1968],[20.9093,52.1964],[20.9105,52.196],[20.9105,52.1957],[20.9121,52.1943],[20.9132,52.1937],[20.9154,52.1927],[20.9158,52.1928],[20.9192,52.1938],[20.9175,52.1906],[20.9168,52.1895],[20.9167,52.1891],[20.9166,52.1888],[20.9161,52.1879],[20.9156,52.1871],[20.9154,52.1868],[20.915,52.1862],[20.9148,52.1858],[20.9146,52.1854],[20.9142,52.1848],[20.9142,52.1847],[20.9138,52.1841],[20.9137,52.1839],[20.9137,52.1838],[20.9136,52.1836],[20.9136,52.1836],[20.9136,52.1836],[20.9135,52.1835],[20.9134,52.1833],[20.9132,52.1831],[20.913,52.1826],[20.913,52.1826],[20.9128,52.1823],[20.9126,52.1819],[20.9124,52.1816],[20.9124,52.1816],[20.912,52.1808],[20.9118,52.1806],[20.9116,52.1802],[20.9115,52.18],[20.9113,52.1797],[20.9113,52.1797],[20.9112,52.1796],[20.9112,52.1796],[20.9113,52.1795],[20.9118,52.1794],[20.912,52.1794],[20.9124,52.1793],[20.9127,52.1793],[20.9129,52.1792],[20.913,52.1792],[20.9131,52.1792],[20.9133,52.1792],[20.9136,52.1791],[20.9138,52.1791],[20.914,52.179],[20.9142,52.179],[20.9143,52.179],[20.9144,52.1789],[20.9146,52.1789],[20.9147,52.1789],[20.915,52.1788],[20.915,52.1788],[20.9154,52.1788],[20.9156,52.1787],[20.916,52.1787],[20.9161,52.1786],[20.9166,52.1785],[20.917,52.1785],[20.917,52.1785],[20.917,52.1785],[20.9169,52.1782],[20.9168,52.178],[20.9168,52.1778],[20.9169,52.1778],[20.917,52.1778],[20.9172,52.1777],[20.9177,52.1776],[20.9178,52.1776],[20.9182,52.1775],[20.9187,52.1774],[20.9187,52.1774],[20.9185,52.1771],[20.9184,52.1771],[20.9188,52.177],[20.9189,52.1769],[20.9189,52.1769],[20.919,52.1769],[20.9191,52.1768],[20.9191,52.1766],[20.9192,52.1765],[20.9192,52.1762],[20.9191,52.176],[20.9191,52.176],[20.9191,52.1758],[20.9191,52.1757],[20.9191,52.1755],[20.9191,52.1753],[20.9191,52.1753],[20.9191,52.1752],[20.9191,52.1749],[20.9192,52.1746],[20.9192,52.1743],[20.9192,52.1741],[20.9192,52.174],[20.9192,52.1737],[20.9192,52.1733],[20.9192,52.1728],[20.9192,52.1723],[20.9192,52.1716],[20.9192,52.1714],[20.9192,52.1711],[20.9195,52.171],[20.9203,52.171],[20.9209,52.171],[20.9211,52.1709],[20.9213,52.1707],[20.9216,52.1705],[20.9219,52.1701],[20.9223,52.1698],[20.9225,52.1697],[20.9228,52.1696],[20.9228,52.1695],[20.9234,52.1693],[20.9234,52.169],[20.9232,52.1689],[20.9236,52.1688],[20.9248,52.1684],[20.9248,52.1683],[20.9246,52.168],[20.9247,52.1677],[20.9249,52.1677],[20.9249,52.1675],[20.925,52.1675],[20.9254,52.1674],[20.9239,52.1663],[20.9251,52.1659],[20.926,52.1656],[20.9271,52.1652],[20.9287,52.1647],[20.9305,52.164],[20.9298,52.1634],[20.9302,52.1632],[20.9303,52.1632],[20.9303,52.1632],[20.9304,52.1631],[20.9305,52.1631],[20.9317,52.1625],[20.9318,52.1625],[20.9319,52.1625],[20.9328,52.1621],[20.9328,52.1621],[20.933,52.162],[20.933,52.162],[20.935,52.1612],[20.9363,52.1607],[20.9366,52.1605],[20.9369,52.1604],[20.9374,52.1602],[20.9376,52.1602],[20.9378,52.1601],[20.9394,52.1596],[20.9394,52.1596],[20.9404,52.1593],[20.9409,52.1591],[20.9415,52.1589],[20.9423,52.1587],[20.9429,52.1586],[20.943,52.1585],[20.9433,52.1585],[20.9437,52.1584],[20.9446,52.1582],[20.945,52.1581],[20.9453,52.158],[20.9458,52.1577],[20.9461,52.1575],[20.9466,52.1573],[20.947,52.1572],[20.9477,52.157],[20.9481,52.1569],[20.952,52.1564],[20.9534,52.1562],[20.9538,52.1561],[20.9538,52.1557],[20.9537,52.1553],[20.9537,52.155],[20.9537,52.1548],[20.9538,52.1537],[20.9538,52.1536],[20.9538,52.1534],[20.9538,52.153],[20.954,52.153],[20.9548,52.1527],[20.9551,52.1525],[20.9556,52.1521],[20.9558,52.152],[20.956,52.1519],[20.9565,52.1515],[20.9567,52.1513],[20.957,52.1512],[20.9575,52.1507],[20.9581,52.1503],[20.9583,52.1501],[20.9589,52.1498],[20.9593,52.1496],[20.9598,52.1493],[20.9603,52.1491],[20.9614,52.1486],[20.9616,52.1485],[20.9629,52.148],[20.9632,52.1479],[20.9634,52.1478],[20.965,52.1473],[20.9661,52.1469],[20.9665,52.1467],[20.9679,52.1461],[20.9696,52.1455],[20.9699,52.1454],[20.9706,52.1453],[20.971,52.1452],[20.9727,52.1449],[20.9733,52.1447],[20.9743,52.1446],[20.9748,52.1445],[20.9756,52.1443],[20.9772,52.1438],[20.9778,52.1435],[20.9781,52.1433],[20.9785,52.1432],[20.9786,52.1431],[20.9794,52.1427],[20.9801,52.1423],[20.9812,52.1417],[20.9816,52.1415],[20.982,52.1413],[20.9825,52.141],[20.9834,52.1405],[20.9835,52.1405],[20.9845,52.1422],[20.9868,52.142],[20.9894,52.1419],[20.989,52.1456],[20.9889,52.1465],[20.9887,52.1466],[20.9888,52.1466],[20.9889,52.1467],[20.9878,52.1546],[20.9876,52.1585],[20.9875,52.1594],[20.9875,52.1595],[20.9875,52.1596],[20.9875,52.1596],[20.9874,52.1604],[20.9873,52.1605],[20.9873,52.1605],[20.9872,52.1605],[20.9872,52.1605],[20.987,52.1607],[20.987,52.1614],[20.987,52.1619],[20.987,52.1621],[20.9865,52.1621],[20.9865,52.1622],[20.9865,52.1623],[20.9865,52.1623],[20.987,52.1625],[20.987,52.1631],[20.987,52.1633],[20.987,52.1637],[20.9869,52.1642],[20.9869,52.165],[20.9869,52.165],[20.9868,52.165],[20.9868,52.1663],[20.9868,52.1664],[20.9868,52.167],[20.9868,52.1672],[20.9868,52.1677],[20.9868,52.1679],[20.9868,52.1681],[20.9868,52.1681],[20.987,52.1681],[20.9871,52.169],[20.9871,52.169],[20.9871,52.1691],[20.9871,52.1691],[20.9871,52.1699],[20.9871,52.1706],[20.9871,52.1707],[20.9871,52.1708],[20.9871,52.1709],[20.987,52.171],[20.987,52.1711],[20.987,52.1712],[20.9869,52.1713],[20.9869,52.1714],[20.987,52.1723],[20.987,52.1734],[20.987,52.1737],[20.987,52.1738],[20.987,52.1739],[20.987,52.1743],[20.987,52.1746],[20.987,52.1747],[20.987,52.1754],[20.9869,52.1761],[20.9869,52.177],[20.9869,52.1775],[20.9869,52.1779],[20.9869,52.1779],[20.9869,52.1779],[20.9869,52.1784],[20.9869,52.1787],[20.9869,52.1791],[20.9868,52.1797],[20.9868,52.1803],[20.9868,52.1806],[20.9868,52.1809],[20.9868,52.1811],[20.9868,52.1812],[20.9868,52.1813],[20.9868,52.1816],[20.9868,52.1816],[20.9868,52.1816],[20.9868,52.1817],[20.9868,52.1818],[20.9868,52.182],[20.9868,52.1821],[20.9868,52.1822],[20.9868,52.1823],[20.9868,52.1827],[20.9868,52.1831],[20.9868,52.1836],[20.9868,52.1841],[20.9868,52.1841],[20.9867,52.1845],[20.9867,52.1847],[20.9867,52.1848],[20.9867,52.1853],[20.9867,52.1859],[20.9867,52.1861],[20.9866,52.1877],[20.9866,52.1877],[20.9866,52.1883],[20.9866,52.1887],[20.9866,52.1887],[20.9866,52.1888],[20.9866,52.1891],[20.9866,52.1892],[20.9865,52.1894],[20.9865,52.1895],[20.9865,52.1896],[20.9865,52.1897],[20.9864,52.1898],[20.9864,52.1899],[20.9864,52.1899],[20.9863,52.1901],[20.9862,52.1902],[20.9862,52.1903],[20.9861,52.1903],[20.9861,52.1903],[20.986,52.1903],[20.9859,52.1905],[20.9858,52.1906],[20.9856,52.1909],[20.9853,52.1912],[20.9846,52.1917],[20.9844,52.1919],[20.9843,52.1919],[20.9843,52.1919],[20.9837,52.1922],[20.9835,52.1923],[20.9833,52.1924],[20.9831,52.1925],[20.9831,52.1925],[20.9828,52.1926],[20.9824,52.1927],[20.9823,52.1927],[20.9819,52.1928],[20.9818,52.1928],[20.9769,52.194],[20.9751,52.1944],[20.9713,52.1954],[20.971,52.1954],[20.969,52.1959],[20.9673,52.1963],[20.9643,52.197],[20.9642,52.197],[20.964,52.197],[20.9639,52.1971],[20.9639,52.197],[20.9638,52.197],[20.9623,52.1975],[20.9623,52.1975],[20.9622,52.1974],[20.9609,52.1978],[20.9576,52.1985],[20.9566,52.1987],[20.9564,52.1988],[20.9546,52.1992],[20.9506,52.2001],[20.949,52.2005],[20.9472,52.2009],[20.9468,52.2011],[20.9463,52.2013],[20.9457,52.2015],[20.9452,52.2018],[20.9447,52.2021],[20.9444,52.2024],[20.9439,52.2029],[20.9436,52.2028],[20.9433,52.2032],[20.9429,52.2035],[20.9428,52.2037],[20.9425,52.2037],[20.9419,52.2043],[20.9421,52.2044],[20.9416,52.2048],[20.9416,52.2048],[20.9413,52.2051],[20.9412,52.2052],[20.9401,52.2063],[20.9381,52.2082],[20.9377,52.2086],[20.9372,52.2089],[20.9371,52.2093],[20.9365,52.2109],[20.9367,52.2109],[20.9369,52.2113],[20.9371,52.2117],[20.9372,52.2119],[20.9373,52.212],[20.9374,52.2121],[20.9359,52.2121],[20.9354,52.212],[20.9354,52.2121],[20.9344,52.2119],[20.9344,52.2119],[20.9341,52.2118],[20.9341,52.2118],[20.9336,52.2117],[20.9334,52.2117],[20.9332,52.2116],[20.9332,52.2116],[20.9325,52.2114],[20.9324,52.2114],[20.9321,52.2114],[20.9318,52.2113],[20.9315,52.2112],[20.9311,52.2111],[20.9308,52.2111],[20.9305,52.211],[20.9304,52.211],[20.93,52.2109],[20.9297,52.2108],[20.929,52.2105],[20.9284,52.2103],[20.9281,52.2102],[20.928,52.2101],[20.9278,52.2101],[20.9273,52.2099],[20.9271,52.2099],[20.9271,52.2099],[20.9271,52.2099],[20.9271,52.2099],[20.9268,52.2098],[20.9267,52.2098],[20.9264,52.2098],[20.9262,52.2098],[20.926,52.2098],[20.9258,52.2098],[20.9255,52.2098],[20.9254,52.2101],[20.9252,52.2101],[20.925,52.2101],[20.9245,52.2101],[20.9244,52.2102],[20.9243,52.2102],[20.9242,52.2102],[20.924,52.2102],[20.9237,52.2103],[20.9234,52.2105],[20.9233,52.2105],[20.9232,52.2106],[20.923,52.2107],[20.923,52.2108],[20.9229,52.2109],[20.9228,52.2109],[20.9227,52.211],[20.9227,52.2111],[20.9226,52.2112],[20.9226,52.2112],[20.9226,52.2113],[20.9225,52.2115],[20.9225,52.2116],[20.9224,52.2117],[20.9224,52.2118],[20.9224,52.212],[20.9225,52.2122],[20.9226,52.2123],[20.9226,52.2124],[20.9227,52.2125],[20.9227,52.2126],[20.9228,52.2126],[20.9229,52.2127],[20.923,52.2128],[20.9231,52.2129],[20.9232,52.213],[20.9235,52.2131],[20.9236,52.2132],[20.9239,52.2133],[20.924,52.2133],[20.9241,52.2133],[20.9244,52.2134],[20.9243,52.2138],[20.9242,52.2139],[20.9226,52.2137],[20.9219,52.2137],[20.9212,52.2138],[20.9207,52.2139],[20.9202,52.2141],[20.92,52.2142],[20.9184,52.2147],[20.9163,52.2145],[20.9148,52.2146],[20.9147,52.2146],[20.9146,52.2146],[20.9145,52.2146],[20.9145,52.2147],[20.9144,52.2146],[20.9144,52.2146],[20.9143,52.2143],[20.9142,52.2142],[20.9141,52.2142],[20.9136,52.2141],[20.9128,52.214],[20.9126,52.214],[20.9126,52.214],[20.9125,52.214],[20.9113,52.2138],[20.9107,52.2137],[20.9098,52.2136],[20.9087,52.2136],[20.9086,52.2136],[20.9087,52.2135],[20.9074,52.2134],[20.9074,52.2134],[20.9074,52.2134],[20.9073,52.2134],[20.9073,52.2134],[20.9059,52.2132],[20.9059,52.2132],[20.9059,52.2132],[20.9055,52.2132],[20.9011,52.2126],[20.8991,52.2124],[20.8871,52.2109],[20.886,52.2107],[20.8845,52.2104],[20.8832,52.2102],[20.8828,52.2101],[20.8819,52.2099],[20.8817,52.2098],[20.8815,52.2098],[20.8813,52.2097],[20.8811,52.2096],[20.881,52.2095],[20.8808,52.2094],[20.8806,52.2092],[20.8803,52.2091]]]}},{"type":"Feature","properties":{"slug":"wola","name":"Wola","bdlUnitId":"071412865188","lat":52.23451,"lon":20.95711},"geometry":{"type":"Polygon","coordinates":[[[20.9147,52.2146],[20.9148,52.2146],[20.9163,52.2145],[20.9184,52.2147],[20.92,52.2142],[20.9202,52.2141],[20.9207,52.2139],[20.9212,52.2138],[20.9219,52.2137],[20.9226,52.2137],[20.9242,52.2139],[20.9243,52.2138],[20.9244,52.2134],[20.9241,52.2133],[20.924,52.2133],[20.9239,52.2133],[20.9236,52.2132],[20.9235,52.2131],[20.9232,52.213],[20.9231,52.2129],[20.923,52.2128],[20.9229,52.2127],[20.9228,52.2126],[20.9227,52.2126],[20.9227,52.2125],[20.9226,52.2124],[20.9226,52.2123],[20.9225,52.2122],[20.9224,52.212],[20.9224,52.2118],[20.9224,52.2117],[20.9225,52.2116],[20.9225,52.2115],[20.9226,52.2113],[20.9226,52.2112],[20.9226,52.2112],[20.9227,52.2111],[20.9227,52.211],[20.9228,52.2109],[20.9229,52.2109],[20.923,52.2108],[20.923,52.2107],[20.9232,52.2106],[20.9233,52.2105],[20.9234,52.2105],[20.9237,52.2103],[20.924,52.2102],[20.9242,52.2102],[20.9243,52.2102],[20.9244,52.2102],[20.9245,52.2101],[20.925,52.2101],[20.9252,52.2101],[20.9254,52.2101],[20.9255,52.2098],[20.9258,52.2098],[20.926,52.2098],[20.9262,52.2098],[20.9264,52.2098],[20.9267,52.2098],[20.9268,52.2098],[20.9271,52.2099],[20.9271,52.2099],[20.9271,52.2099],[20.9271,52.2099],[20.9273,52.2099],[20.9278,52.2101],[20.928,52.2101],[20.9281,52.2102],[20.9284,52.2103],[20.929,52.2105],[20.9297,52.2108],[20.93,52.2109],[20.9304,52.211],[20.9305,52.211],[20.9308,52.2111],[20.9311,52.2111],[20.9315,52.2112],[20.9318,52.2113],[20.9321,52.2114],[20.9324,52.2114],[20.9325,52.2114],[20.9332,52.2116],[20.9332,52.2116],[20.9334,52.2117],[20.9336,52.2117],[20.9341,52.2118],[20.9341,52.2118],[20.9344,52.2119],[20.9344,52.2119],[20.9354,52.2121],[20.9354,52.212],[20.9359,52.2121],[20.9362,52.2122],[20.9368,52.2124],[20.9376,52.2126],[20.9382,52.2123],[20.9409,52.2133],[20.9423,52.214],[20.9432,52.2143],[20.9445,52.2146],[20.9449,52.2146],[20.9457,52.2145],[20.9464,52.2145],[20.948,52.2144],[20.9485,52.2144],[20.9493,52.2143],[20.9508,52.2143],[20.9523,52.2144],[20.9528,52.2144],[20.9535,52.2144],[20.954,52.2145],[20.9548,52.2148],[20.9554,52.215],[20.956,52.2153],[20.9565,52.2157],[20.9569,52.2161],[20.9574,52.2167],[20.958,52.2171],[20.9589,52.2178],[20.9591,52.2178],[20.9589,52.2182],[20.9597,52.2183],[20.9598,52.2183],[20.96,52.2183],[20.9601,52.2183],[20.9601,52.2183],[20.9601,52.2184],[20.9605,52.2184],[20.9609,52.2185],[20.962,52.2186],[20.9621,52.2186],[20.9632,52.2188],[20.9639,52.219],[20.9644,52.2192],[20.9647,52.2193],[20.9669,52.2198],[20.9681,52.2201],[20.9682,52.2199],[20.9686,52.2196],[20.9696,52.2199],[20.9708,52.2204],[20.9705,52.2207],[20.9706,52.2207],[20.9714,52.2209],[20.9719,52.221],[20.9724,52.2211],[20.9731,52.2214],[20.9739,52.2216],[20.974,52.2216],[20.9757,52.2221],[20.9759,52.2221],[20.9764,52.222],[20.9766,52.2223],[20.9771,52.2223],[20.9772,52.2223],[20.9779,52.2226],[20.9794,52.223],[20.9794,52.2231],[20.9804,52.2233],[20.9804,52.2233],[20.9821,52.2237],[20.9877,52.2249],[20.9888,52.2252],[20.9892,52.2254],[20.99,52.2256],[20.99,52.2255],[20.9903,52.2256],[20.9903,52.2255],[20.991,52.2257],[20.9911,52.2256],[20.9912,52.2257],[20.9922,52.2259],[20.9922,52.2259],[20.9923,52.2259],[20.9923,52.2259],[20.9955,52.2266],[20.9958,52.2267],[20.9965,52.2268],[20.9971,52.227],[20.9971,52.227],[20.9974,52.227],[20.9974,52.227],[21.0006,52.2277],[21.0006,52.2278],[21.0012,52.2279],[21.0013,52.2279],[21.0013,52.2279],[21.0013,52.2279],[21.0016,52.228],[21.0006,52.2296],[21.0005,52.2297],[21,52.2305],[20.9982,52.2332],[20.9971,52.2357],[20.997,52.236],[20.997,52.2361],[20.9956,52.2394],[20.9954,52.2397],[20.9952,52.24],[20.9936,52.2419],[20.9925,52.2432],[20.9911,52.2448],[20.9893,52.2469],[20.9857,52.251],[20.9843,52.2527],[20.9837,52.2534],[20.9826,52.2546],[20.9825,52.2548],[20.9817,52.257],[20.9814,52.2579],[20.981,52.2594],[20.9796,52.259],[20.9795,52.2591],[20.9794,52.2591],[20.9794,52.2591],[20.9761,52.258],[20.9736,52.2571],[20.9736,52.257],[20.9726,52.2566],[20.9717,52.2562],[20.9711,52.256],[20.9705,52.2558],[20.9705,52.2557],[20.9703,52.2557],[20.9701,52.2556],[20.97,52.2556],[20.9697,52.2557],[20.9664,52.2546],[20.9656,52.2543],[20.9655,52.2543],[20.9645,52.2544],[20.9633,52.255],[20.9632,52.255],[20.9632,52.255],[20.9631,52.255],[20.9624,52.2551],[20.962,52.2552],[20.96,52.2558],[20.9586,52.2558],[20.9563,52.2555],[20.9547,52.2553],[20.9542,52.2554],[20.9515,52.2555],[20.9509,52.2557],[20.9489,52.2564],[20.9484,52.2565],[20.9479,52.2559],[20.9462,52.254],[20.9441,52.2524],[20.9404,52.2505],[20.9392,52.2503],[20.9392,52.2503],[20.9392,52.2502],[20.939,52.2502],[20.9385,52.25],[20.9385,52.2499],[20.9383,52.2498],[20.938,52.2496],[20.937,52.2491],[20.9368,52.249],[20.9364,52.2488],[20.9364,52.2488],[20.9363,52.2487],[20.9349,52.248],[20.9345,52.2479],[20.9343,52.2478],[20.934,52.2476],[20.9337,52.2475],[20.9331,52.2472],[20.9327,52.2469],[20.9327,52.2469],[20.9321,52.2467],[20.932,52.2466],[20.9305,52.2458],[20.9305,52.2458],[20.9289,52.245],[20.9284,52.2447],[20.9283,52.2447],[20.9281,52.2446],[20.9281,52.2446],[20.9279,52.2445],[20.9278,52.2444],[20.9276,52.2443],[20.9276,52.2443],[20.9274,52.2442],[20.9272,52.2441],[20.9271,52.244],[20.9269,52.2439],[20.9269,52.2439],[20.9264,52.2434],[20.926,52.2431],[20.926,52.243],[20.9259,52.2428],[20.9257,52.2426],[20.9256,52.2424],[20.9255,52.2422],[20.9254,52.2418],[20.9252,52.2413],[20.9251,52.2413],[20.925,52.2413],[20.925,52.2413],[20.9249,52.2412],[20.9249,52.2412],[20.9249,52.2411],[20.925,52.2407],[20.925,52.2406],[20.925,52.2404],[20.9249,52.2403],[20.9248,52.2403],[20.9247,52.2402],[20.9247,52.2401],[20.9247,52.24],[20.9247,52.24],[20.9243,52.2391],[20.9243,52.2389],[20.9242,52.2386],[20.9241,52.2382],[20.924,52.2379],[20.9238,52.2375],[20.9238,52.2372],[20.9236,52.2368],[20.9234,52.2362],[20.9234,52.2361],[20.9232,52.2355],[20.923,52.235],[20.923,52.235],[20.923,52.235],[20.923,52.235],[20.9229,52.2346],[20.9228,52.2345],[20.9228,52.2342],[20.9227,52.2342],[20.9227,52.2342],[20.9227,52.2342],[20.9226,52.2339],[20.9226,52.2337],[20.9226,52.2336],[20.9225,52.2334],[20.9225,52.2333],[20.9225,52.2332],[20.9224,52.233],[20.9223,52.2327],[20.9222,52.2325],[20.9222,52.2324],[20.9221,52.2321],[20.9221,52.232],[20.9221,52.232],[20.922,52.2316],[20.9219,52.2315],[20.9219,52.2313],[20.9218,52.2312],[20.9218,52.2311],[20.9218,52.231],[20.9217,52.2309],[20.9217,52.2308],[20.9217,52.2308],[20.9216,52.2305],[20.9215,52.2302],[20.9215,52.2299],[20.9214,52.2298],[20.9214,52.2298],[20.9214,52.2297],[20.9213,52.2295],[20.9213,52.2294],[20.9215,52.2294],[20.9214,52.2291],[20.9214,52.229],[20.9214,52.2289],[20.9214,52.2285],[20.9214,52.2285],[20.9215,52.2284],[20.9215,52.2282],[20.9215,52.2281],[20.9215,52.2281],[20.9215,52.2281],[20.9216,52.2278],[20.9217,52.2276],[20.9218,52.2274],[20.9218,52.2274],[20.9219,52.2272],[20.922,52.2271],[20.9221,52.2268],[20.9221,52.2267],[20.9224,52.2263],[20.9227,52.2258],[20.9227,52.2256],[20.9228,52.2254],[20.9233,52.2246],[20.9233,52.2245],[20.9234,52.2244],[20.9236,52.2238],[20.9237,52.2238],[20.9238,52.2235],[20.9239,52.2232],[20.9242,52.2226],[20.9243,52.2224],[20.9244,52.2222],[20.9245,52.2222],[20.9245,52.2221],[20.9245,52.222],[20.9245,52.222],[20.9245,52.222],[20.9246,52.2219],[20.9246,52.2217],[20.9246,52.2217],[20.9246,52.2215],[20.9246,52.2213],[20.9245,52.2212],[20.9245,52.2212],[20.9244,52.2206],[20.9244,52.2206],[20.9241,52.2202],[20.9238,52.2198],[20.9238,52.2198],[20.9237,52.2198],[20.9238,52.2198],[20.9234,52.2195],[20.923,52.2192],[20.923,52.2192],[20.9226,52.219],[20.9223,52.2188],[20.9216,52.2185],[20.9212,52.2183],[20.9211,52.2183],[20.9206,52.2181],[20.9206,52.2181],[20.9204,52.218],[20.92,52.2179],[20.9199,52.2179],[20.9193,52.2178],[20.9186,52.2177],[20.9185,52.2177],[20.9179,52.2176],[20.9178,52.2176],[20.9172,52.2175],[20.917,52.2174],[20.9163,52.2174],[20.9158,52.2173],[20.9157,52.2172],[20.9155,52.2171],[20.9155,52.2171],[20.9154,52.2171],[20.9154,52.2168],[20.9149,52.2154],[20.9147,52.2146]]]}},{"type":"Feature","properties":{"slug":"zoliborz","name":"Żoliborz","bdlUnitId":"071412865198","lat":52.26877,"lon":20.98178},"geometry":{"type":"Polygon","coordinates":[[[20.947,52.257],[20.9472,52.2568],[20.9479,52.2559],[20.9484,52.2565],[20.9489,52.2564],[20.9509,52.2557],[20.9515,52.2555],[20.9542,52.2554],[20.9547,52.2553],[20.9563,52.2555],[20.9586,52.2558],[20.96,52.2558],[20.962,52.2552],[20.9624,52.2551],[20.9631,52.255],[20.9632,52.255],[20.9632,52.255],[20.9633,52.255],[20.9645,52.2544],[20.9655,52.2543],[20.9656,52.2543],[20.9664,52.2546],[20.9697,52.2557],[20.97,52.2556],[20.9701,52.2556],[20.9703,52.2557],[20.9705,52.2557],[20.9705,52.2558],[20.9711,52.256],[20.9717,52.2562],[20.9726,52.2566],[20.9736,52.257],[20.9736,52.2571],[20.9761,52.258],[20.9794,52.2591],[20.9794,52.2591],[20.9795,52.2591],[20.9796,52.259],[20.981,52.2594],[20.9816,52.2596],[20.9828,52.2596],[20.9835,52.2597],[20.9843,52.2597],[20.9849,52.2597],[20.9855,52.2598],[20.9866,52.2598],[20.9866,52.2596],[20.9872,52.2596],[20.9876,52.2596],[20.9888,52.2596],[20.9888,52.2595],[20.989,52.2596],[20.9891,52.2596],[20.9893,52.2595],[20.9898,52.2596],[20.9902,52.2595],[20.9902,52.2595],[20.9942,52.2594],[20.9946,52.2594],[20.9948,52.2594],[20.995,52.2594],[20.9958,52.2594],[20.9975,52.2593],[20.9975,52.2594],[20.9992,52.2594],[20.9996,52.2591],[20.9996,52.2591],[21.0001,52.2591],[21.0001,52.2591],[21.0005,52.2591],[21.0026,52.2592],[21.0034,52.2594],[21.0035,52.2594],[21.0039,52.2594],[21.004,52.2595],[21.0047,52.2597],[21.0047,52.2597],[21.0054,52.2599],[21.0054,52.2599],[21.0056,52.2602],[21.0057,52.2603],[21.0058,52.2603],[21.0059,52.2602],[21.0065,52.2604],[21.0066,52.2603],[21.0096,52.2613],[21.0086,52.2624],[21.0078,52.2634],[21.007,52.2647],[21.0069,52.2649],[21.0063,52.2662],[21.0057,52.2674],[21.0054,52.2683],[21.0051,52.2691],[21.0049,52.2699],[21.0047,52.2708],[21.0046,52.2717],[21.0044,52.2729],[21.0044,52.2745],[21.0043,52.2755],[21.0042,52.2759],[21.0041,52.2765],[21.004,52.2769],[21.0039,52.2773],[21.0038,52.2776],[21.0037,52.278],[21.0034,52.2786],[21.0032,52.2792],[21.0029,52.2798],[21.0023,52.281],[21.0019,52.2815],[21.0016,52.282],[21.0013,52.2824],[21.001,52.2829],[21.0006,52.2833],[21.0002,52.2839],[20.9996,52.2844],[20.9991,52.285],[20.9984,52.2856],[20.9976,52.2863],[20.9971,52.2868],[20.9965,52.2872],[20.9958,52.2878],[20.99,52.2851],[20.9896,52.2855],[20.9885,52.2858],[20.9875,52.2861],[20.9866,52.2864],[20.9855,52.2857],[20.9857,52.2852],[20.9858,52.2849],[20.9856,52.2838],[20.9855,52.2837],[20.9854,52.2835],[20.9852,52.2834],[20.9768,52.2795],[20.9766,52.2791],[20.9746,52.2781],[20.9719,52.2766],[20.9717,52.2765],[20.9713,52.2762],[20.9711,52.2761],[20.9707,52.2758],[20.9706,52.2758],[20.9704,52.2757],[20.9704,52.2756],[20.9702,52.2755],[20.97,52.2754],[20.9693,52.2751],[20.9687,52.2749],[20.968,52.2745],[20.9672,52.2742],[20.9668,52.2742],[20.9666,52.2744],[20.9662,52.2744],[20.9659,52.2743],[20.9656,52.274],[20.9654,52.2739],[20.9652,52.274],[20.9649,52.2741],[20.9646,52.2739],[20.9644,52.2737],[20.9643,52.2735],[20.9642,52.2732],[20.9642,52.2732],[20.9641,52.273],[20.9641,52.2729],[20.9638,52.2725],[20.9637,52.2724],[20.963,52.2713],[20.9629,52.2713],[20.9628,52.2714],[20.9627,52.2714],[20.9627,52.2713],[20.9627,52.2713],[20.9627,52.2713],[20.9625,52.2711],[20.9622,52.2708],[20.9622,52.2707],[20.9621,52.2707],[20.9621,52.2707],[20.9621,52.2707],[20.9621,52.2707],[20.9621,52.2707],[20.9621,52.2707],[20.962,52.2706],[20.9619,52.2706],[20.9619,52.2706],[20.9618,52.2706],[20.9617,52.2705],[20.9613,52.2702],[20.9592,52.2685],[20.9589,52.2685],[20.9589,52.2685],[20.9587,52.2684],[20.9585,52.2682],[20.9583,52.268],[20.9583,52.268],[20.9579,52.2677],[20.9579,52.2677],[20.9579,52.2677],[20.9579,52.2676],[20.9579,52.2676],[20.9579,52.2676],[20.9579,52.2676],[20.9578,52.2675],[20.9578,52.2675],[20.9575,52.2673],[20.9576,52.2672],[20.9576,52.2671],[20.9576,52.2669],[20.9564,52.2659],[20.9564,52.2659],[20.9561,52.2656],[20.9555,52.265],[20.9552,52.2648],[20.9551,52.2648],[20.9548,52.2646],[20.9545,52.2644],[20.9543,52.2642],[20.9536,52.2638],[20.9535,52.2637],[20.9532,52.2634],[20.9524,52.2627],[20.9519,52.2623],[20.9518,52.2614],[20.9509,52.2605],[20.9504,52.2599],[20.9501,52.2596],[20.9499,52.2594],[20.947,52.257]]]}}]}